seed,x,z,winner,second,margin,override
8675309,-32768,-32768,minecraft:deep_ocean,,1.0,true
8675309,-28672,-32768,minecraft:deep_ocean,,1.0,true
8675309,-24576,-32768,minecraft:deep_ocean,,1.0,true
8675309,-20480,-32768,minecraft:deep_ocean,,1.0,true
8675309,-16384,-32768,minecraft:deep_ocean,,1.0,true
8675309,-12288,-32768,minecraft:deep_ocean,,1.0,true
8675309,-8192,-32768,minecraft:deep_ocean,,1.0,true
8675309,-4096,-32768,minecraft:deep_ocean,,1.0,true
8675309,0,-32768,minecraft:deep_ocean,,1.0,true
8675309,4096,-32768,minecraft:deep_ocean,,1.0,true
8675309,8192,-32768,minecraft:deep_ocean,,1.0,true
8675309,12288,-32768,minecraft:deep_ocean,,1.0,true
8675309,16384,-32768,minecraft:deep_ocean,,1.0,true
8675309,20480,-32768,minecraft:deep_ocean,,1.0,true
8675309,24576,-32768,minecraft:deep_ocean,,1.0,true
8675309,28672,-32768,minecraft:deep_ocean,,1.0,true
8675309,32768,-32768,minecraft:deep_ocean,,1.0,true
8675309,-32768,-28672,minecraft:deep_ocean,,1.0,true
8675309,-28672,-28672,minecraft:plains,minecraft:forest,0.34783248836788483,false
8675309,-24576,-28672,minecraft:plains,minecraft:forest,0.10055478667786721,false
8675309,-20480,-28672,minecraft:forest,minecraft:birch_forest,0.0152432594020816,false
8675309,-16384,-28672,minecraft:deep_ocean,,1.0,true
8675309,-12288,-28672,minecraft:plains,minecraft:forest,0.41397545629534993,false
8675309,-8192,-28672,minecraft:plains,minecraft:forest,0.044202024523361416,false
8675309,-4096,-28672,minecraft:forest,minecraft:birch_forest,0.01646070718025905,false
8675309,0,-28672,minecraft:deep_ocean,,1.0,true
8675309,4096,-28672,minecraft:plains,minecraft:forest,0.3268410854987661,false
8675309,8192,-28672,minecraft:plains,minecraft:forest,0.1264328030660663,false
8675309,12288,-28672,minecraft:forest,minecraft:birch_forest,0.013900681411725735,false
8675309,16384,-28672,minecraft:deep_ocean,,1.0,true
8675309,20480,-28672,minecraft:plains,minecraft:forest,0.30719957498459705,false
8675309,24576,-28672,minecraft:forest,minecraft:plains,0.012177773559423288,false
8675309,28672,-28672,minecraft:birch_forest,minecraft:forest,0.00689821474458896,false
8675309,32768,-28672,minecraft:deep_ocean,,1.0,true
8675309,-32768,-24576,minecraft:deep_ocean,,1.0,true
8675309,-28672,-24576,minecraft:plains,minecraft:forest,0.25008719629690657,false
8675309,-24576,-24576,minecraft:plains,minecraft:forest,0.10268040615135654,false
8675309,-20480,-24576,minecraft:forest,minecraft:birch_forest,0.0806381768501161,false
8675309,-16384,-24576,minecraft:deep_ocean,,1.0,true
8675309,-12288,-24576,minecraft:plains,minecraft:forest,0.3657540335658618,false
8675309,-8192,-24576,minecraft:plains,minecraft:forest,0.19747050756916174,false
8675309,-4096,-24576,minecraft:forest,minecraft:birch_forest,0.10403406979966634,false
8675309,0,-24576,minecraft:deep_ocean,,1.0,true
8675309,4096,-24576,minecraft:plains,minecraft:forest,0.32873440228503514,false
8675309,8192,-24576,minecraft:plains,minecraft:forest,0.2420228689787276,false
8675309,12288,-24576,minecraft:forest,minecraft:plains,0.034973261499026465,false
8675309,16384,-24576,minecraft:deep_ocean,,1.0,true
8675309,20480,-24576,minecraft:plains,minecraft:forest,0.275356284802479,false
8675309,24576,-24576,minecraft:plains,minecraft:forest,0.1753185255405515,false
8675309,28672,-24576,minecraft:forest,minecraft:birch_forest,0.139783545904954,false
8675309,32768,-24576,minecraft:deep_ocean,,1.0,true
8675309,-32768,-20480,minecraft:deep_ocean,,1.0,true
8675309,-28672,-20480,minecraft:plains,minecraft:forest,0.12930357596352393,false
8675309,-24576,-20480,minecraft:plains,minecraft:forest,0.0921539458520374,false
8675309,-20480,-20480,minecraft:plains,minecraft:forest,0.0027892348906325415,false
8675309,-16384,-20480,minecraft:deep_ocean,,1.0,true
8675309,-12288,-20480,minecraft:plains,minecraft:forest,0.14789638169057295,false
8675309,-8192,-20480,minecraft:plains,minecraft:forest,0.19821863568164977,false
8675309,-4096,-20480,minecraft:plains,minecraft:forest,0.05645393683333333,false
8675309,0,-20480,minecraft:deep_ocean,,1.0,true
8675309,4096,-20480,minecraft:plains,minecraft:forest,0.2865356673785875,false
8675309,8192,-20480,minecraft:plains,minecraft:forest,0.17689236597956448,false
8675309,12288,-20480,minecraft:forest,minecraft:plains,0.02753393248775815,false
8675309,16384,-20480,minecraft:deep_ocean,,1.0,true
8675309,20480,-20480,minecraft:plains,minecraft:forest,0.1669138338631717,false
8675309,24576,-20480,minecraft:plains,minecraft:forest,0.26421873530670115,false
8675309,28672,-20480,minecraft:forest,minecraft:plains,0.1206272600714392,false
8675309,32768,-20480,minecraft:deep_ocean,,1.0,true
8675309,-32768,-16384,minecraft:deep_ocean,,1.0,true
8675309,-28672,-16384,minecraft:deep_ocean,,1.0,true
8675309,-24576,-16384,minecraft:deep_ocean,,1.0,true
8675309,-20480,-16384,minecraft:deep_ocean,,1.0,true
8675309,-16384,-16384,minecraft:deep_ocean,,1.0,true
8675309,-12288,-16384,minecraft:deep_ocean,,1.0,true
8675309,-8192,-16384,minecraft:deep_ocean,,1.0,true
8675309,-4096,-16384,minecraft:deep_ocean,,1.0,true
8675309,0,-16384,minecraft:deep_ocean,,1.0,true
8675309,4096,-16384,minecraft:deep_ocean,,1.0,true
8675309,8192,-16384,minecraft:deep_ocean,,1.0,true
8675309,12288,-16384,minecraft:deep_ocean,,1.0,true
8675309,16384,-16384,minecraft:deep_ocean,,1.0,true
8675309,20480,-16384,minecraft:deep_ocean,,1.0,true
8675309,24576,-16384,minecraft:deep_ocean,,1.0,true
8675309,28672,-16384,minecraft:deep_ocean,,1.0,true
8675309,32768,-16384,minecraft:deep_ocean,,1.0,true
8675309,-32768,-12288,minecraft:deep_lukewarm_ocean,,1.0,true
8675309,-28672,-12288,minecraft:plains,minecraft:savanna,0.2546896613493521,false
8675309,-24576,-12288,minecraft:plains,minecraft:forest,0.056958994225568826,false
8675309,-20480,-12288,minecraft:forest,minecraft:birch_forest,0.1391575953427291,false
8675309,-16384,-12288,minecraft:deep_ocean,,1.0,true
8675309,-12288,-12288,minecraft:plains,minecraft:savanna,0.23685142686775673,false
8675309,-8192,-12288,minecraft:plains,minecraft:forest,0.07270786501204685,false
8675309,-4096,-12288,minecraft:forest,minecraft:birch_forest,0.14013574320678912,false
8675309,0,-12288,minecraft:deep_ocean,,1.0,true
8675309,4096,-12288,minecraft:plains,minecraft:savanna,0.25620498700727323,false
8675309,8192,-12288,minecraft:plains,minecraft:forest,0.0032907548041795076,false
8675309,12288,-12288,minecraft:lukewarm_ocean,,1.0,true
8675309,16384,-12288,minecraft:deep_lukewarm_ocean,,1.0,true
8675309,20480,-12288,minecraft:plains,minecraft:savanna,0.24089807607122804,false
8675309,24576,-12288,minecraft:plains,minecraft:forest,0.011534504969272108,false
8675309,28672,-12288,minecraft:lukewarm_ocean,,1.0,true
8675309,32768,-12288,minecraft:deep_ocean,,1.0,true
8675309,-32768,-8192,minecraft:deep_lukewarm_ocean,,1.0,true
8675309,-28672,-8192,minecraft:plains,minecraft:savanna,0.2095796116864589,false
8675309,-24576,-8192,minecraft:plains,minecraft:savanna,0.003907759226622676,false
8675309,-20480,-8192,minecraft:forest,minecraft:plains,0.09510538386936684,false
8675309,-16384,-8192,minecraft:deep_lukewarm_ocean,,1.0,true
8675309,-12288,-8192,minecraft:plains,minecraft:savanna,0.19194662466207446,false
8675309,-8192,-8192,minecraft:plains,minecraft:forest,0.23662374551861498,false
8675309,-4096,-8192,minecraft:forest,minecraft:plains,0.09248647329369541,false
8675309,0,-8192,minecraft:deep_lukewarm_ocean,,1.0,true
8675309,4096,-8192,minecraft:plains,minecraft:savanna,0.20153339483575083,false
8675309,8192,-8192,minecraft:plains,minecraft:forest,0.19607329248963723,false
8675309,12288,-8192,minecraft:forest,minecraft:plains,0.07309355761855285,false
8675309,16384,-8192,minecraft:deep_lukewarm_ocean,,1.0,true
8675309,20480,-8192,minecraft:plains,minecraft:savanna,0.1769933077085818,false
8675309,24576,-8192,minecraft:plains,minecraft:forest,0.18742947172826774,false
8675309,28672,-8192,minecraft:forest,minecraft:plains,0.1481653247573672,false
8675309,32768,-8192,minecraft:deep_lukewarm_ocean,,1.0,true
8675309,-32768,-4096,minecraft:deep_lukewarm_ocean,,1.0,true
8675309,-28672,-4096,minecraft:plains,minecraft:savanna,0.10359898956562008,false
8675309,-24576,-4096,minecraft:plains,minecraft:savanna,0.12472707374047742,false
8675309,-20480,-4096,minecraft:forest,minecraft:plains,0.18354767666639504,false
8675309,-16384,-4096,minecraft:deep_lukewarm_ocean,,1.0,true
8675309,-12288,-4096,minecraft:plains,minecraft:savanna,0.10006851645149162,false
8675309,-8192,-4096,minecraft:plains,minecraft:savanna,0.10397775442586155,false
8675309,-4096,-4096,minecraft:forest,minecraft:plains,0.1722374092573491,false
8675309,0,-4096,minecraft:deep_lukewarm_ocean,,1.0,true
8675309,4096,-4096,minecraft:plains,minecraft:savanna,0.12011806119933643,false
8675309,8192,-4096,minecraft:plains,minecraft:savanna,0.12677814577348168,false
8675309,12288,-4096,minecraft:lukewarm_ocean,,1.0,true
8675309,16384,-4096,minecraft:deep_lukewarm_ocean,,1.0,true
8675309,20480,-4096,minecraft:plains,minecraft:forest,0.04716610973338964,false
8675309,24576,-4096,minecraft:plains,minecraft:savanna,0.13881350734604336,false
8675309,28672,-4096,minecraft:forest,minecraft:plains,0.1329729365203326,false
8675309,32768,-4096,minecraft:deep_lukewarm_ocean,,1.0,true
8675309,-32768,0,minecraft:deep_lukewarm_ocean,,1.0,true
8675309,-28672,0,minecraft:deep_lukewarm_ocean,,1.0,true
8675309,-24576,0,minecraft:deep_lukewarm_ocean,,1.0,true
8675309,-20480,0,minecraft:deep_lukewarm_ocean,,1.0,true
8675309,-16384,0,minecraft:deep_lukewarm_ocean,,1.0,true
8675309,-12288,0,minecraft:deep_lukewarm_ocean,,1.0,true
8675309,-8192,0,minecraft:deep_lukewarm_ocean,,1.0,true
8675309,-4096,0,minecraft:deep_lukewarm_ocean,,1.0,true
8675309,0,0,minecraft:deep_lukewarm_ocean,,1.0,true
8675309,4096,0,minecraft:deep_lukewarm_ocean,,1.0,true
8675309,8192,0,minecraft:deep_lukewarm_ocean,,1.0,true
8675309,12288,0,minecraft:deep_lukewarm_ocean,,1.0,true
8675309,16384,0,minecraft:deep_lukewarm_ocean,,1.0,true
8675309,20480,0,minecraft:deep_lukewarm_ocean,,1.0,true
8675309,24576,0,minecraft:deep_lukewarm_ocean,,1.0,true
8675309,28672,0,minecraft:deep_lukewarm_ocean,,1.0,true
8675309,32768,0,minecraft:deep_lukewarm_ocean,,1.0,true
8675309,-32768,4096,minecraft:deep_lukewarm_ocean,,1.0,true
8675309,-28672,4096,minecraft:plains,minecraft:forest,0.09443712276670646,false
8675309,-24576,4096,minecraft:plains,minecraft:savanna,0.10033335747773897,false
8675309,-20480,4096,minecraft:forest,minecraft:plains,0.12069424925487982,false
8675309,-16384,4096,minecraft:deep_lukewarm_ocean,,1.0,true
8675309,-12288,4096,minecraft:plains,minecraft:savanna,0.08763452938849503,false
8675309,-8192,4096,minecraft:plains,minecraft:savanna,0.10844494403356475,false
8675309,-4096,4096,minecraft:forest,minecraft:plains,0.0971159135825509,false
8675309,0,4096,minecraft:deep_lukewarm_ocean,,1.0,true
8675309,4096,4096,minecraft:plains,minecraft:savanna,0.09041505090580904,false
8675309,8192,4096,minecraft:plains,minecraft:savanna,0.10866800472834515,false
8675309,12288,4096,minecraft:forest,minecraft:plains,0.0034776099676175898,false
8675309,16384,4096,minecraft:deep_lukewarm_ocean,,1.0,true
8675309,20480,4096,minecraft:plains,minecraft:savanna,0.07101244268554519,false
8675309,24576,4096,minecraft:plains,minecraft:savanna,0.1005131010085647,false
8675309,28672,4096,minecraft:forest,minecraft:sparse_jungle,0.17417891918288064,false
8675309,32768,4096,minecraft:deep_lukewarm_ocean,,1.0,true
8675309,-32768,8192,minecraft:deep_lukewarm_ocean,,1.0,true
8675309,-28672,8192,minecraft:plains,minecraft:savanna,0.20241075306277867,false
8675309,-24576,8192,minecraft:plains,minecraft:forest,0.1864955803688686,false
8675309,-20480,8192,minecraft:forest,minecraft:plains,0.10296129540029875,false
8675309,-16384,8192,minecraft:deep_lukewarm_ocean,,1.0,true
8675309,-12288,8192,minecraft:plains,minecraft:savanna,0.1913538522790973,false
8675309,-8192,8192,minecraft:plains,minecraft:forest,0.2512286241201842,false
8675309,-4096,8192,minecraft:forest,minecraft:plains,0.083290523256765,false
8675309,0,8192,minecraft:deep_lukewarm_ocean,,1.0,true
8675309,4096,8192,minecraft:plains,minecraft:savanna,0.1957824016754851,false
8675309,8192,8192,minecraft:plains,minecraft:forest,0.22329569295977603,false
8675309,12288,8192,minecraft:forest,minecraft:plains,0.05680843584114492,false
8675309,16384,8192,minecraft:deep_lukewarm_ocean,,1.0,true
8675309,20480,8192,minecraft:plains,minecraft:savanna,0.21310441759322485,false
8675309,24576,8192,minecraft:plains,minecraft:savanna,0.28090013921865364,false
8675309,28672,8192,minecraft:forest,minecraft:plains,0.0774624204707347,false
8675309,32768,8192,minecraft:deep_lukewarm_ocean,,1.0,true
8675309,-32768,12288,minecraft:deep_lukewarm_ocean,,1.0,true
8675309,-28672,12288,minecraft:plains,minecraft:savanna,0.22768272540418288,false
8675309,-24576,12288,minecraft:plains,minecraft:forest,0.2821259839996446,false
8675309,-20480,12288,minecraft:forest,minecraft:plains,0.1802347936265385,false
8675309,-16384,12288,minecraft:deep_ocean,,1.0,true
8675309,-12288,12288,minecraft:plains,minecraft:savanna,0.23444231996056086,false
8675309,-8192,12288,minecraft:plains,minecraft:forest,0.01799741318079029,false
8675309,-4096,12288,minecraft:forest,minecraft:birch_forest,0.14841957178571497,false
8675309,0,12288,minecraft:deep_ocean,,1.0,true
8675309,4096,12288,minecraft:plains,minecraft:savanna,0.2294277118872292,false
8675309,8192,12288,minecraft:plains,minecraft:forest,0.15852980935325922,false
8675309,12288,12288,minecraft:forest,minecraft:plains,0.19423796160972506,false
8675309,16384,12288,minecraft:deep_lukewarm_ocean,,1.0,true
8675309,20480,12288,minecraft:plains,minecraft:savanna,0.2666252567010583,false
8675309,24576,12288,minecraft:plains,minecraft:forest,0.15426693662538615,false
8675309,28672,12288,minecraft:forest,minecraft:plains,0.19554064546760652,false
8675309,32768,12288,minecraft:deep_ocean,,1.0,true
8675309,-32768,16384,minecraft:deep_ocean,,1.0,true
8675309,-28672,16384,minecraft:deep_ocean,,1.0,true
8675309,-24576,16384,minecraft:deep_ocean,,1.0,true
8675309,-20480,16384,minecraft:deep_ocean,,1.0,true
8675309,-16384,16384,minecraft:deep_ocean,,1.0,true
8675309,-12288,16384,minecraft:deep_ocean,,1.0,true
8675309,-8192,16384,minecraft:deep_ocean,,1.0,true
8675309,-4096,16384,minecraft:deep_ocean,,1.0,true
8675309,0,16384,minecraft:deep_ocean,,1.0,true
8675309,4096,16384,minecraft:deep_ocean,,1.0,true
8675309,8192,16384,minecraft:deep_ocean,,1.0,true
8675309,12288,16384,minecraft:deep_ocean,,1.0,true
8675309,16384,16384,minecraft:deep_ocean,,1.0,true
8675309,20480,16384,minecraft:deep_ocean,,1.0,true
8675309,24576,16384,minecraft:deep_ocean,,1.0,true
8675309,28672,16384,minecraft:deep_ocean,,1.0,true
8675309,32768,16384,minecraft:deep_ocean,,1.0,true
8675309,-32768,20480,minecraft:deep_ocean,,1.0,true
8675309,-28672,20480,minecraft:plains,minecraft:forest,0.13917941450980498,false
8675309,-24576,20480,minecraft:plains,minecraft:forest,0.24072019446844395,false
8675309,-20480,20480,minecraft:ocean,,1.0,true
8675309,-16384,20480,minecraft:deep_ocean,,1.0,true
8675309,-12288,20480,minecraft:plains,minecraft:forest,0.233209518273377,false
8675309,-8192,20480,minecraft:plains,minecraft:forest,0.16663303119606343,false
8675309,-4096,20480,minecraft:plains,minecraft:forest,0.03402789040919185,false
8675309,0,20480,minecraft:deep_ocean,,1.0,true
8675309,4096,20480,minecraft:plains,minecraft:forest,0.199463323563554,false
8675309,8192,20480,minecraft:plains,minecraft:forest,0.06857048684805478,false
8675309,12288,20480,minecraft:forest,minecraft:plains,0.11977238699220671,false
8675309,16384,20480,minecraft:deep_ocean,,1.0,true
8675309,20480,20480,minecraft:plains,minecraft:forest,0.19001317128164918,false
8675309,24576,20480,minecraft:plains,minecraft:forest,0.12888520958001148,false
8675309,28672,20480,minecraft:forest,minecraft:birch_forest,0.03361416209302748,false
8675309,32768,20480,minecraft:deep_ocean,,1.0,true
8675309,-32768,24576,minecraft:deep_ocean,,1.0,true
8675309,-28672,24576,minecraft:plains,minecraft:forest,0.39411537830553023,false
8675309,-24576,24576,minecraft:plains,minecraft:forest,0.156330229684701,false
8675309,-20480,24576,minecraft:forest,minecraft:birch_forest,0.09805253651034351,false
8675309,-16384,24576,minecraft:deep_ocean,,1.0,true
8675309,-12288,24576,minecraft:plains,minecraft:forest,0.37513653706878936,false
8675309,-8192,24576,minecraft:plains,minecraft:forest,0.2558590424120023,false
8675309,-4096,24576,minecraft:forest,minecraft:plains,0.061449620202309485,false
8675309,0,24576,minecraft:deep_ocean,,1.0,true
8675309,4096,24576,minecraft:plains,minecraft:forest,0.07810768975045312,false
8675309,8192,24576,minecraft:forest,minecraft:plains,0.029620298353483232,false
8675309,12288,24576,minecraft:forest,minecraft:birch_forest,0.12159268525545452,false
8675309,16384,24576,minecraft:deep_ocean,,1.0,true
8675309,20480,24576,minecraft:plains,minecraft:forest,0.39773628851103493,false
8675309,24576,24576,minecraft:plains,minecraft:forest,0.22957030461212358,false
8675309,28672,24576,minecraft:forest,minecraft:plains,0.10893276354403414,false
8675309,32768,24576,minecraft:deep_ocean,,1.0,true
8675309,-32768,28672,minecraft:deep_ocean,,1.0,true
8675309,-28672,28672,minecraft:plains,minecraft:forest,0.23634628273852942,false
8675309,-24576,28672,minecraft:forest,minecraft:plains,8.781226876773962E-4,false
8675309,-20480,28672,minecraft:ocean,,1.0,true
8675309,-16384,28672,minecraft:deep_ocean,,1.0,true
8675309,-12288,28672,minecraft:plains,minecraft:forest,0.17745474127141336,false
8675309,-8192,28672,minecraft:plains,minecraft:forest,0.05247319350155566,false
8675309,-4096,28672,minecraft:forest,minecraft:birch_forest,0.0748013132482197,false
8675309,0,28672,minecraft:deep_ocean,,1.0,true
8675309,4096,28672,minecraft:ocean,,1.0,true
8675309,8192,28672,minecraft:plains,minecraft:forest,0.02262431414090571,false
8675309,12288,28672,minecraft:forest,minecraft:birch_forest,0.07557828240056796,false
8675309,16384,28672,minecraft:deep_ocean,,1.0,true
8675309,20480,28672,minecraft:plains,minecraft:forest,0.29720406721064263,false
8675309,24576,28672,minecraft:plains,minecraft:forest,0.10127706076239851,false
8675309,28672,28672,minecraft:ocean,,1.0,true
8675309,32768,28672,minecraft:deep_ocean,,1.0,true
8675309,-32768,32768,minecraft:deep_ocean,,1.0,true
8675309,-28672,32768,minecraft:deep_ocean,,1.0,true
8675309,-24576,32768,minecraft:deep_ocean,,1.0,true
8675309,-20480,32768,minecraft:deep_ocean,,1.0,true
8675309,-16384,32768,minecraft:deep_ocean,,1.0,true
8675309,-12288,32768,minecraft:deep_ocean,,1.0,true
8675309,-8192,32768,minecraft:deep_ocean,,1.0,true
8675309,-4096,32768,minecraft:deep_ocean,,1.0,true
8675309,0,32768,minecraft:deep_ocean,,1.0,true
8675309,4096,32768,minecraft:deep_ocean,,1.0,true
8675309,8192,32768,minecraft:deep_ocean,,1.0,true
8675309,12288,32768,minecraft:deep_ocean,,1.0,true
8675309,16384,32768,minecraft:deep_ocean,,1.0,true
8675309,20480,32768,minecraft:deep_ocean,,1.0,true
8675309,24576,32768,minecraft:deep_ocean,,1.0,true
8675309,28672,32768,minecraft:deep_ocean,,1.0,true
8675309,32768,32768,minecraft:deep_ocean,,1.0,true
4303642605,-32768,-32768,minecraft:deep_ocean,,1.0,true
4303642605,-28672,-32768,minecraft:deep_ocean,,1.0,true
4303642605,-24576,-32768,minecraft:deep_ocean,,1.0,true
4303642605,-20480,-32768,minecraft:deep_ocean,,1.0,true
4303642605,-16384,-32768,minecraft:deep_ocean,,1.0,true
4303642605,-12288,-32768,minecraft:deep_ocean,,1.0,true
4303642605,-8192,-32768,minecraft:deep_ocean,,1.0,true
4303642605,-4096,-32768,minecraft:deep_ocean,,1.0,true
4303642605,0,-32768,minecraft:deep_ocean,,1.0,true
4303642605,4096,-32768,minecraft:deep_ocean,,1.0,true
4303642605,8192,-32768,minecraft:deep_ocean,,1.0,true
4303642605,12288,-32768,minecraft:deep_ocean,,1.0,true
4303642605,16384,-32768,minecraft:deep_ocean,,1.0,true
4303642605,20480,-32768,minecraft:deep_ocean,,1.0,true
4303642605,24576,-32768,minecraft:deep_ocean,,1.0,true
4303642605,28672,-32768,minecraft:deep_ocean,,1.0,true
4303642605,32768,-32768,minecraft:deep_ocean,,1.0,true
4303642605,-32768,-28672,minecraft:deep_ocean,,1.0,true
4303642605,-28672,-28672,minecraft:plains,minecraft:forest,0.3171336627577742,false
4303642605,-24576,-28672,minecraft:plains,minecraft:forest,0.07273443470147345,false
4303642605,-20480,-28672,minecraft:forest,minecraft:birch_forest,0.06007181729947686,false
4303642605,-16384,-28672,minecraft:deep_ocean,,1.0,true
4303642605,-12288,-28672,minecraft:plains,minecraft:forest,0.39297765844792776,false
4303642605,-8192,-28672,minecraft:plains,minecraft:forest,0.042567509523829705,false
4303642605,-4096,-28672,minecraft:forest,minecraft:birch_forest,0.06787045181239004,false
4303642605,0,-28672,minecraft:deep_ocean,,1.0,true
4303642605,4096,-28672,minecraft:plains,minecraft:forest,0.3418660808947084,false
4303642605,8192,-28672,minecraft:plains,minecraft:forest,0.10815957308290847,false
4303642605,12288,-28672,minecraft:birch_forest,minecraft:forest,7.693324417686886E-4,false
4303642605,16384,-28672,minecraft:deep_ocean,,1.0,true
4303642605,20480,-28672,minecraft:plains,minecraft:forest,0.2958886718820889,false
4303642605,24576,-28672,minecraft:plains,minecraft:forest,0.10613667815292116,false
4303642605,28672,-28672,minecraft:forest,minecraft:birch_forest,0.09542793127768168,false
4303642605,32768,-28672,minecraft:deep_ocean,,1.0,true
4303642605,-32768,-24576,minecraft:deep_ocean,,1.0,true
4303642605,-28672,-24576,minecraft:plains,minecraft:forest,0.3269104147130537,false
4303642605,-24576,-24576,minecraft:plains,minecraft:forest,0.13883308837028696,false
4303642605,-20480,-24576,minecraft:forest,minecraft:plains,0.12186243584352263,false
4303642605,-16384,-24576,minecraft:deep_ocean,,1.0,true
4303642605,-12288,-24576,minecraft:plains,minecraft:forest,0.32480045735512764,false
4303642605,-8192,-24576,minecraft:plains,minecraft:forest,0.08769610683131457,false
4303642605,-4096,-24576,minecraft:forest,minecraft:plains,0.0965120535996612,false
4303642605,0,-24576,minecraft:deep_ocean,,1.0,true
4303642605,4096,-24576,minecraft:plains,minecraft:forest,0.3178489633022369,false
4303642605,8192,-24576,minecraft:plains,minecraft:forest,0.21116760338307405,false
4303642605,12288,-24576,minecraft:forest,minecraft:birch_forest,0.11878037617413639,false
4303642605,16384,-24576,minecraft:deep_ocean,,1.0,true
4303642605,20480,-24576,minecraft:plains,minecraft:forest,0.20734554399299598,false
4303642605,24576,-24576,minecraft:plains,minecraft:forest,0.1973933880675084,false
4303642605,28672,-24576,minecraft:forest,minecraft:plains,0.06514087795151269,false
4303642605,32768,-24576,minecraft:deep_ocean,,1.0,true
4303642605,-32768,-20480,minecraft:deep_ocean,,1.0,true
4303642605,-28672,-20480,minecraft:plains,minecraft:forest,0.16716264412911042,false
4303642605,-24576,-20480,minecraft:plains,minecraft:forest,0.04038980047205831,false
4303642605,-20480,-20480,minecraft:ocean,,1.0,true
4303642605,-16384,-20480,minecraft:deep_ocean,,1.0,true
4303642605,-12288,-20480,minecraft:plains,minecraft:forest,0.19201262577446454,false
4303642605,-8192,-20480,minecraft:plains,minecraft:forest,0.1555926577594452,false
4303642605,-4096,-20480,minecraft:forest,minecraft:plains,0.1263213113901619,false
4303642605,0,-20480,minecraft:deep_ocean,,1.0,true
4303642605,4096,-20480,minecraft:plains,minecraft:forest,0.08125056601698977,false
4303642605,8192,-20480,minecraft:plains,minecraft:forest,0.08193153082828386,false
4303642605,12288,-20480,minecraft:forest,minecraft:plains,0.09690513301024617,false
4303642605,16384,-20480,minecraft:deep_ocean,,1.0,true
4303642605,20480,-20480,minecraft:ocean,,1.0,true
4303642605,24576,-20480,minecraft:plains,minecraft:forest,0.07045327573475668,false
4303642605,28672,-20480,minecraft:ocean,,1.0,true
4303642605,32768,-20480,minecraft:deep_ocean,,1.0,true
4303642605,-32768,-16384,minecraft:deep_ocean,,1.0,true
4303642605,-28672,-16384,minecraft:deep_ocean,,1.0,true
4303642605,-24576,-16384,minecraft:deep_ocean,,1.0,true
4303642605,-20480,-16384,minecraft:deep_ocean,,1.0,true
4303642605,-16384,-16384,minecraft:deep_ocean,,1.0,true
4303642605,-12288,-16384,minecraft:deep_ocean,,1.0,true
4303642605,-8192,-16384,minecraft:deep_ocean,,1.0,true
4303642605,-4096,-16384,minecraft:deep_ocean,,1.0,true
4303642605,0,-16384,minecraft:deep_ocean,,1.0,true
4303642605,4096,-16384,minecraft:deep_ocean,,1.0,true
4303642605,8192,-16384,minecraft:deep_ocean,,1.0,true
4303642605,12288,-16384,minecraft:deep_ocean,,1.0,true
4303642605,16384,-16384,minecraft:deep_ocean,,1.0,true
4303642605,20480,-16384,minecraft:deep_ocean,,1.0,true
4303642605,24576,-16384,minecraft:deep_ocean,,1.0,true
4303642605,28672,-16384,minecraft:deep_ocean,,1.0,true
4303642605,32768,-16384,minecraft:deep_ocean,,1.0,true
4303642605,-32768,-12288,minecraft:deep_lukewarm_ocean,,1.0,true
4303642605,-28672,-12288,minecraft:lukewarm_ocean,,1.0,true
4303642605,-24576,-12288,minecraft:plains,minecraft:forest,0.1692849060475855,false
4303642605,-20480,-12288,minecraft:forest,minecraft:birch_forest,0.16842928434666504,false
4303642605,-16384,-12288,minecraft:deep_ocean,,1.0,true
4303642605,-12288,-12288,minecraft:plains,minecraft:savanna,0.2505684324608016,false
4303642605,-8192,-12288,minecraft:plains,minecraft:forest,0.09188555879589266,false
4303642605,-4096,-12288,minecraft:forest,minecraft:birch_forest,0.18187977154706103,false
4303642605,0,-12288,minecraft:deep_ocean,,1.0,true
4303642605,4096,-12288,minecraft:plains,minecraft:savanna,0.2357691347677069,false
4303642605,8192,-12288,minecraft:plains,minecraft:forest,0.06525221989004404,false
4303642605,12288,-12288,minecraft:forest,minecraft:plains,0.16125227337685932,false
4303642605,16384,-12288,minecraft:deep_ocean,,1.0,true
4303642605,20480,-12288,minecraft:plains,minecraft:savanna,0.2547148581140779,false
4303642605,24576,-12288,minecraft:forest,minecraft:plains,0.039896986477577334,false
4303642605,28672,-12288,minecraft:lukewarm_ocean,,1.0,true
4303642605,32768,-12288,minecraft:deep_ocean,,1.0,true
4303642605,-32768,-8192,minecraft:deep_lukewarm_ocean,,1.0,true
4303642605,-28672,-8192,minecraft:plains,minecraft:savanna,0.21102624403272463,false
4303642605,-24576,-8192,minecraft:plains,minecraft:forest,0.15956278833360582,false
4303642605,-20480,-8192,minecraft:forest,minecraft:plains,0.0927657919819046,false
4303642605,-16384,-8192,minecraft:deep_lukewarm_ocean,,1.0,true
4303642605,-12288,-8192,minecraft:plains,minecraft:savanna,0.21792323174807926,false
4303642605,-8192,-8192,minecraft:plains,minecraft:forest,0.2409222060817242,false
4303642605,-4096,-8192,minecraft:forest,minecraft:plains,0.07799907656306837,false
4303642605,0,-8192,minecraft:deep_lukewarm_ocean,,1.0,true
4303642605,4096,-8192,minecraft:plains,minecraft:savanna,0.16836148243453286,false
4303642605,8192,-8192,minecraft:plains,minecraft:forest,0.12781423167692074,false
4303642605,12288,-8192,minecraft:forest,minecraft:plains,0.05823023321501619,false
4303642605,16384,-8192,minecraft:deep_lukewarm_ocean,,1.0,true
4303642605,20480,-8192,minecraft:plains,minecraft:savanna,0.22466307713767153,false
4303642605,24576,-8192,minecraft:plains,minecraft:forest,0.13272997393137997,false
4303642605,28672,-8192,minecraft:forest,minecraft:plains,0.06622193857415692,false
4303642605,32768,-8192,minecraft:deep_lukewarm_ocean,,1.0,true
4303642605,-32768,-4096,minecraft:deep_lukewarm_ocean,,1.0,true
4303642605,-28672,-4096,minecraft:plains,minecraft:savanna,0.10789473390248949,false
4303642605,-24576,-4096,minecraft:plains,minecraft:savanna,0.10101870386550249,false
4303642605,-20480,-4096,minecraft:forest,minecraft:plains,0.023763890325698478,false
4303642605,-16384,-4096,minecraft:deep_lukewarm_ocean,,1.0,true
4303642605,-12288,-4096,minecraft:plains,minecraft:savanna,0.07884561476691665,false
4303642605,-8192,-4096,minecraft:plains,minecraft:savanna,0.08786427973171718,false
4303642605,-4096,-4096,minecraft:forest,minecraft:plains,0.04600814116656082,false
4303642605,0,-4096,minecraft:deep_lukewarm_ocean,,1.0,true
4303642605,4096,-4096,minecraft:plains,minecraft:savanna,0.09280962442392882,false
4303642605,8192,-4096,minecraft:plains,minecraft:savanna,0.13707358628242938,false
4303642605,12288,-4096,minecraft:plains,minecraft:forest,0.019487525917948556,false
4303642605,16384,-4096,minecraft:deep_lukewarm_ocean,,1.0,true
4303642605,20480,-4096,minecraft:plains,minecraft:savanna,0.08671650085666716,false
4303642605,24576,-4096,minecraft:plains,minecraft:savanna,0.11668550822196255,false
4303642605,28672,-4096,minecraft:lukewarm_ocean,,1.0,true
4303642605,32768,-4096,minecraft:deep_lukewarm_ocean,,1.0,true
4303642605,-32768,0,minecraft:deep_lukewarm_ocean,,1.0,true
4303642605,-28672,0,minecraft:deep_lukewarm_ocean,,1.0,true
4303642605,-24576,0,minecraft:deep_lukewarm_ocean,,1.0,true
4303642605,-20480,0,minecraft:deep_lukewarm_ocean,,1.0,true
4303642605,-16384,0,minecraft:deep_lukewarm_ocean,,1.0,true
4303642605,-12288,0,minecraft:deep_lukewarm_ocean,,1.0,true
4303642605,-8192,0,minecraft:deep_lukewarm_ocean,,1.0,true
4303642605,-4096,0,minecraft:deep_lukewarm_ocean,,1.0,true
4303642605,0,0,minecraft:deep_lukewarm_ocean,,1.0,true
4303642605,4096,0,minecraft:deep_lukewarm_ocean,,1.0,true
4303642605,8192,0,minecraft:deep_lukewarm_ocean,,1.0,true
4303642605,12288,0,minecraft:deep_lukewarm_ocean,,1.0,true
4303642605,16384,0,minecraft:deep_lukewarm_ocean,,1.0,true
4303642605,20480,0,minecraft:deep_lukewarm_ocean,,1.0,true
4303642605,24576,0,minecraft:deep_lukewarm_ocean,,1.0,true
4303642605,28672,0,minecraft:deep_lukewarm_ocean,,1.0,true
4303642605,32768,0,minecraft:deep_lukewarm_ocean,,1.0,true
4303642605,-32768,4096,minecraft:deep_lukewarm_ocean,,1.0,true
4303642605,-28672,4096,minecraft:plains,minecraft:forest,0.08182776171815176,false
4303642605,-24576,4096,minecraft:plains,minecraft:savanna,0.10456910168530653,false
4303642605,-20480,4096,minecraft:plains,minecraft:forest,0.009053999879987562,false
4303642605,-16384,4096,minecraft:deep_lukewarm_ocean,,1.0,true
4303642605,-12288,4096,minecraft:plains,minecraft:savanna,0.09053907577465248,false
4303642605,-8192,4096,minecraft:plains,minecraft:savanna,0.14178487217734725,false
4303642605,-4096,4096,minecraft:forest,minecraft:plains,0.11129526059970929,false
4303642605,0,4096,minecraft:deep_lukewarm_ocean,,1.0,true
4303642605,4096,4096,minecraft:plains,minecraft:savanna,0.09147266815285349,false
4303642605,8192,4096,minecraft:plains,minecraft:savanna,0.10655691723078076,false
4303642605,12288,4096,minecraft:plains,minecraft:forest,0.006314579509716478,false
4303642605,16384,4096,minecraft:deep_lukewarm_ocean,,1.0,true
4303642605,20480,4096,minecraft:plains,minecraft:savanna,0.10248655084594871,false
4303642605,24576,4096,minecraft:plains,minecraft:savanna,0.1059573688547446,false
4303642605,28672,4096,minecraft:forest,minecraft:plains,0.07374821851705438,false
4303642605,32768,4096,minecraft:deep_lukewarm_ocean,,1.0,true
4303642605,-32768,8192,minecraft:deep_lukewarm_ocean,,1.0,true
4303642605,-28672,8192,minecraft:plains,minecraft:savanna,0.17699731317459733,false
4303642605,-24576,8192,minecraft:plains,minecraft:forest,0.15989854468734377,false
4303642605,-20480,8192,minecraft:forest,minecraft:plains,0.09107698816300325,false
4303642605,-16384,8192,minecraft:deep_lukewarm_ocean,,1.0,true
4303642605,-12288,8192,minecraft:plains,minecraft:savanna,0.20401754621074897,false
4303642605,-8192,8192,minecraft:plains,minecraft:forest,0.15148390210708584,false
4303642605,-4096,8192,minecraft:forest,minecraft:plains,0.07391154177315284,false
4303642605,0,8192,minecraft:deep_lukewarm_ocean,,1.0,true
4303642605,4096,8192,minecraft:plains,minecraft:savanna,0.19301714197374809,false
4303642605,8192,8192,minecraft:plains,minecraft:forest,0.25764398312793,false
4303642605,12288,8192,minecraft:plains,minecraft:forest,0.014869704948073936,false
4303642605,16384,8192,minecraft:deep_lukewarm_ocean,,1.0,true
4303642605,20480,8192,minecraft:plains,minecraft:savanna,0.18693251331263028,false
4303642605,24576,8192,minecraft:plains,minecraft:savanna,0.017339883764913244,false
4303642605,28672,8192,minecraft:forest,minecraft:plains,0.12588687353952455,false
4303642605,32768,8192,minecraft:deep_lukewarm_ocean,,1.0,true
4303642605,-32768,12288,minecraft:deep_ocean,,1.0,true
4303642605,-28672,12288,minecraft:lukewarm_ocean,,1.0,true
4303642605,-24576,12288,minecraft:plains,minecraft:forest,0.06487579392423526,false
4303642605,-20480,12288,minecraft:forest,minecraft:plains,0.1283079622835187,false
4303642605,-16384,12288,minecraft:deep_ocean,,1.0,true
4303642605,-12288,12288,minecraft:plains,minecraft:savanna,0.23121187199280568,false
4303642605,-8192,12288,minecraft:plains,minecraft:forest,0.11411464346415634,false
4303642605,-4096,12288,minecraft:forest,minecraft:birch_forest,0.12944782172541147,false
4303642605,0,12288,minecraft:deep_ocean,,1.0,true
4303642605,4096,12288,minecraft:plains,minecraft:savanna,0.24533022867694743,false
4303642605,8192,12288,minecraft:plains,minecraft:forest,0.06825874422923606,false
4303642605,12288,12288,minecraft:forest,minecraft:birch_forest,0.1245127203944183,false
4303642605,16384,12288,minecraft:deep_ocean,,1.0,true
4303642605,20480,12288,minecraft:plains,minecraft:savanna,0.2336098361994493,false
4303642605,24576,12288,minecraft:plains,minecraft:forest,0.1256120659055343,false
4303642605,28672,12288,minecraft:forest,minecraft:birch_forest,0.17540234692022827,false
4303642605,32768,12288,minecraft:deep_ocean,,1.0,true
4303642605,-32768,16384,minecraft:deep_ocean,,1.0,true
4303642605,-28672,16384,minecraft:deep_ocean,,1.0,true
4303642605,-24576,16384,minecraft:deep_ocean,,1.0,true
4303642605,-20480,16384,minecraft:deep_ocean,,1.0,true
4303642605,-16384,16384,minecraft:deep_ocean,,1.0,true
4303642605,-12288,16384,minecraft:deep_ocean,,1.0,true
4303642605,-8192,16384,minecraft:deep_ocean,,1.0,true
4303642605,-4096,16384,minecraft:deep_ocean,,1.0,true
4303642605,0,16384,minecraft:deep_ocean,,1.0,true
4303642605,4096,16384,minecraft:deep_ocean,,1.0,true
4303642605,8192,16384,minecraft:deep_ocean,,1.0,true
4303642605,12288,16384,minecraft:deep_ocean,,1.0,true
4303642605,16384,16384,minecraft:deep_ocean,,1.0,true
4303642605,20480,16384,minecraft:deep_ocean,,1.0,true
4303642605,24576,16384,minecraft:deep_ocean,,1.0,true
4303642605,28672,16384,minecraft:deep_ocean,,1.0,true
4303642605,32768,16384,minecraft:deep_ocean,,1.0,true
4303642605,-32768,20480,minecraft:deep_ocean,,1.0,true
4303642605,-28672,20480,minecraft:plains,minecraft:forest,0.1810732853836512,false
4303642605,-24576,20480,minecraft:plains,minecraft:forest,0.2108965177147235,false
4303642605,-20480,20480,minecraft:ocean,,1.0,true
4303642605,-16384,20480,minecraft:deep_ocean,,1.0,true
4303642605,-12288,20480,minecraft:plains,minecraft:forest,0.15373744783484244,false
4303642605,-8192,20480,minecraft:plains,minecraft:forest,0.09532693193188613,false
4303642605,-4096,20480,minecraft:forest,minecraft:birch_forest,0.04033334380463849,false
4303642605,0,20480,minecraft:deep_ocean,,1.0,true
4303642605,4096,20480,minecraft:plains,minecraft:forest,0.07792174853631972,false
4303642605,8192,20480,minecraft:plains,minecraft:forest,0.1038094705677457,false
4303642605,12288,20480,minecraft:forest,minecraft:plains,0.05712602817474921,false
4303642605,16384,20480,minecraft:deep_ocean,,1.0,true
4303642605,20480,20480,minecraft:plains,minecraft:forest,0.20331409887669027,false
4303642605,24576,20480,minecraft:plains,minecraft:forest,0.13849117586173387,false
4303642605,28672,20480,minecraft:forest,minecraft:plains,0.07670840220653141,false
4303642605,32768,20480,minecraft:deep_ocean,,1.0,true
4303642605,-32768,24576,minecraft:deep_ocean,,1.0,true
4303642605,-28672,24576,minecraft:plains,minecraft:forest,0.3451047379512334,false
4303642605,-24576,24576,minecraft:plains,minecraft:forest,0.1576855433695784,false
4303642605,-20480,24576,minecraft:forest,minecraft:plains,0.017751468881514354,false
4303642605,-16384,24576,minecraft:deep_ocean,,1.0,true
4303642605,-12288,24576,minecraft:plains,minecraft:forest,0.3104461251891477,false
4303642605,-8192,24576,minecraft:plains,minecraft:forest,0.22470043755740876,false
4303642605,-4096,24576,minecraft:forest,minecraft:birch_forest,0.09970434726792443,false
4303642605,0,24576,minecraft:deep_ocean,,1.0,true
4303642605,4096,24576,minecraft:plains,minecraft:forest,0.35139999007569045,false
4303642605,8192,24576,minecraft:plains,minecraft:forest,0.0714674375802049,false
4303642605,12288,24576,minecraft:forest,minecraft:plains,0.013849174116367213,false
4303642605,16384,24576,minecraft:deep_ocean,,1.0,true
4303642605,20480,24576,minecraft:plains,minecraft:forest,0.3997858443053173,false
4303642605,24576,24576,minecraft:plains,minecraft:forest,0.03611139261648999,false
4303642605,28672,24576,minecraft:forest,minecraft:plains,0.09999509412601892,false
4303642605,32768,24576,minecraft:deep_ocean,,1.0,true
4303642605,-32768,28672,minecraft:deep_ocean,,1.0,true
4303642605,-28672,28672,minecraft:plains,minecraft:forest,0.3828909774555044,false
4303642605,-24576,28672,minecraft:plains,minecraft:forest,0.11991427186717873,false
4303642605,-20480,28672,minecraft:birch_forest,minecraft:forest,0.0026005708981060582,false
4303642605,-16384,28672,minecraft:deep_ocean,,1.0,true
4303642605,-12288,28672,minecraft:plains,minecraft:forest,0.3139975730713751,false
4303642605,-8192,28672,minecraft:plains,minecraft:forest,0.12805212802096477,false
4303642605,-4096,28672,minecraft:forest,minecraft:birch_forest,0.05214833316741907,false
4303642605,0,28672,minecraft:deep_ocean,,1.0,true
4303642605,4096,28672,minecraft:plains,minecraft:forest,0.40125515606142526,false
4303642605,8192,28672,minecraft:plains,minecraft:forest,0.1497911831741433,false
4303642605,12288,28672,minecraft:forest,minecraft:birch_forest,0.03258989850629168,false
4303642605,16384,28672,minecraft:deep_ocean,,1.0,true
4303642605,20480,28672,minecraft:plains,minecraft:forest,0.2739818870557835,false
4303642605,24576,28672,minecraft:plains,minecraft:forest,0.11289360024907302,false
4303642605,28672,28672,minecraft:forest,minecraft:birch_forest,0.009933090280185408,false
4303642605,32768,28672,minecraft:deep_ocean,,1.0,true
4303642605,-32768,32768,minecraft:deep_ocean,,1.0,true
4303642605,-28672,32768,minecraft:deep_ocean,,1.0,true
4303642605,-24576,32768,minecraft:deep_ocean,,1.0,true
4303642605,-20480,32768,minecraft:deep_ocean,,1.0,true
4303642605,-16384,32768,minecraft:deep_ocean,,1.0,true
4303642605,-12288,32768,minecraft:deep_ocean,,1.0,true
4303642605,-8192,32768,minecraft:deep_ocean,,1.0,true
4303642605,-4096,32768,minecraft:deep_ocean,,1.0,true
4303642605,0,32768,minecraft:deep_ocean,,1.0,true
4303642605,4096,32768,minecraft:deep_ocean,,1.0,true
4303642605,8192,32768,minecraft:deep_ocean,,1.0,true
4303642605,12288,32768,minecraft:deep_ocean,,1.0,true
4303642605,16384,32768,minecraft:deep_ocean,,1.0,true
4303642605,20480,32768,minecraft:deep_ocean,,1.0,true
4303642605,24576,32768,minecraft:deep_ocean,,1.0,true
4303642605,28672,32768,minecraft:deep_ocean,,1.0,true
4303642605,32768,32768,minecraft:deep_ocean,,1.0,true
42,-32768,-32768,minecraft:deep_ocean,,1.0,true
42,-28672,-32768,minecraft:deep_ocean,,1.0,true
42,-24576,-32768,minecraft:deep_ocean,,1.0,true
42,-20480,-32768,minecraft:deep_ocean,,1.0,true
42,-16384,-32768,minecraft:deep_ocean,,1.0,true
42,-12288,-32768,minecraft:deep_ocean,,1.0,true
42,-8192,-32768,minecraft:deep_ocean,,1.0,true
42,-4096,-32768,minecraft:deep_ocean,,1.0,true
42,0,-32768,minecraft:deep_ocean,,1.0,true
42,4096,-32768,minecraft:deep_ocean,,1.0,true
42,8192,-32768,minecraft:deep_ocean,,1.0,true
42,12288,-32768,minecraft:deep_ocean,,1.0,true
42,16384,-32768,minecraft:deep_ocean,,1.0,true
42,20480,-32768,minecraft:deep_ocean,,1.0,true
42,24576,-32768,minecraft:deep_ocean,,1.0,true
42,28672,-32768,minecraft:deep_ocean,,1.0,true
42,32768,-32768,minecraft:deep_ocean,,1.0,true
42,-32768,-28672,minecraft:deep_ocean,,1.0,true
42,-28672,-28672,minecraft:plains,minecraft:forest,0.22736658807672028,false
42,-24576,-28672,minecraft:forest,minecraft:plains,0.09419989155980313,false
42,-20480,-28672,minecraft:ocean,,1.0,true
42,-16384,-28672,minecraft:deep_ocean,,1.0,true
42,-12288,-28672,minecraft:plains,minecraft:forest,0.27483806142987766,false
42,-8192,-28672,minecraft:plains,minecraft:forest,0.21650768351071603,false
42,-4096,-28672,minecraft:forest,minecraft:birch_forest,0.005994432811431083,false
42,0,-28672,minecraft:deep_ocean,,1.0,true
42,4096,-28672,minecraft:plains,minecraft:forest,0.17873044608533983,false
42,8192,-28672,minecraft:plains,minecraft:forest,0.11816565872173257,false
42,12288,-28672,minecraft:forest,minecraft:birch_forest,0.008077118564311592,false
42,16384,-28672,minecraft:deep_ocean,,1.0,true
42,20480,-28672,minecraft:ocean,,1.0,true
42,24576,-28672,minecraft:plains,minecraft:forest,0.0449989760985251,false
42,28672,-28672,minecraft:forest,minecraft:birch_forest,0.0577548914901973,false
42,32768,-28672,minecraft:deep_ocean,,1.0,true
42,-32768,-24576,minecraft:deep_ocean,,1.0,true
42,-28672,-24576,minecraft:plains,minecraft:forest,0.20913020397939264,false
42,-24576,-24576,minecraft:plains,minecraft:forest,0.16668450793969924,false
42,-20480,-24576,minecraft:forest,minecraft:plains,0.06494175673096192,false
42,-16384,-24576,minecraft:deep_ocean,,1.0,true
42,-12288,-24576,minecraft:plains,minecraft:forest,0.3200462455209221,false
42,-8192,-24576,minecraft:forest,minecraft:plains,0.10348806596361726,false
42,-4096,-24576,minecraft:forest,minecraft:birch_forest,0.06402298270698581,false
42,0,-24576,minecraft:deep_ocean,,1.0,true
42,4096,-24576,minecraft:plains,minecraft:forest,0.3502374482093735,false
42,8192,-24576,minecraft:plains,minecraft:forest,0.21600642597108666,false
42,12288,-24576,minecraft:forest,minecraft:plains,0.01043996068334152,false
42,16384,-24576,minecraft:deep_ocean,,1.0,true
42,20480,-24576,minecraft:plains,minecraft:forest,0.11432488076096481,false
42,24576,-24576,minecraft:forest,minecraft:plains,0.08871749495931425,false
42,28672,-24576,minecraft:forest,minecraft:birch_forest,0.06959344603308615,false
42,32768,-24576,minecraft:deep_ocean,,1.0,true
42,-32768,-20480,minecraft:deep_ocean,,1.0,true
42,-28672,-20480,minecraft:plains,minecraft:forest,0.27201644775116984,false
42,-24576,-20480,minecraft:plains,minecraft:forest,0.17968194529620507,false
42,-20480,-20480,minecraft:forest,minecraft:plains,0.11211922851666856,false
42,-16384,-20480,minecraft:deep_ocean,,1.0,true
42,-12288,-20480,minecraft:plains,minecraft:forest,0.15469917328670746,false
42,-8192,-20480,minecraft:plains,minecraft:forest,0.07833418557793304,false
42,-4096,-20480,minecraft:forest,minecraft:plains,0.015439889075587243,false
42,0,-20480,minecraft:deep_ocean,,1.0,true
42,4096,-20480,minecraft:plains,minecraft:forest,0.1436916659075428,false
42,8192,-20480,minecraft:plains,minecraft:forest,0.27966884994979024,false
42,12288,-20480,minecraft:forest,minecraft:plains,0.04433500903827636,false
42,16384,-20480,minecraft:deep_ocean,,1.0,true
42,20480,-20480,minecraft:plains,minecraft:forest,0.12392352540700868,false
42,24576,-20480,minecraft:plains,minecraft:forest,0.07850804992909532,false
42,28672,-20480,minecraft:forest,minecraft:plains,0.1347002065181504,false
42,32768,-20480,minecraft:deep_ocean,,1.0,true
42,-32768,-16384,minecraft:deep_ocean,,1.0,true
42,-28672,-16384,minecraft:deep_ocean,,1.0,true
42,-24576,-16384,minecraft:deep_ocean,,1.0,true
42,-20480,-16384,minecraft:deep_ocean,,1.0,true
42,-16384,-16384,minecraft:deep_ocean,,1.0,true
42,-12288,-16384,minecraft:deep_ocean,,1.0,true
42,-8192,-16384,minecraft:deep_ocean,,1.0,true
42,-4096,-16384,minecraft:deep_ocean,,1.0,true
42,0,-16384,minecraft:deep_ocean,,1.0,true
42,4096,-16384,minecraft:deep_ocean,,1.0,true
42,8192,-16384,minecraft:deep_ocean,,1.0,true
42,12288,-16384,minecraft:deep_ocean,,1.0,true
42,16384,-16384,minecraft:deep_ocean,,1.0,true
42,20480,-16384,minecraft:deep_ocean,,1.0,true
42,24576,-16384,minecraft:deep_ocean,,1.0,true
42,28672,-16384,minecraft:deep_ocean,,1.0,true
42,32768,-16384,minecraft:deep_ocean,,1.0,true
42,-32768,-12288,minecraft:deep_ocean,,1.0,true
42,-28672,-12288,minecraft:plains,minecraft:savanna,0.2629491507653614,false
42,-24576,-12288,minecraft:plains,minecraft:forest,0.061972922044155054,false
42,-20480,-12288,minecraft:forest,minecraft:birch_forest,0.16105992670393587,false
42,-16384,-12288,minecraft:deep_lukewarm_ocean,,1.0,true
42,-12288,-12288,minecraft:plains,minecraft:savanna,0.24679694046644352,false
42,-8192,-12288,minecraft:plains,minecraft:forest,0.07550352173636754,false
42,-4096,-12288,minecraft:forest,minecraft:birch_forest,0.15692824390170257,false
42,0,-12288,minecraft:deep_ocean,,1.0,true
42,4096,-12288,minecraft:plains,minecraft:savanna,0.2142713335031884,false
42,8192,-12288,minecraft:forest,minecraft:plains,0.004898734153754858,false
42,12288,-12288,minecraft:forest,minecraft:birch_forest,0.19000698696203022,false
42,16384,-12288,minecraft:deep_ocean,,1.0,true
42,20480,-12288,minecraft:plains,minecraft:savanna,0.23892194867292393,false
42,24576,-12288,minecraft:plains,minecraft:forest,0.04970416718949333,false
42,28672,-12288,minecraft:forest,minecraft:birch_forest,0.1643505378304183,false
42,32768,-12288,minecraft:deep_ocean,,1.0,true
42,-32768,-8192,minecraft:deep_lukewarm_ocean,,1.0,true
42,-28672,-8192,minecraft:plains,minecraft:savanna,0.22934123005224694,false
42,-24576,-8192,minecraft:plains,minecraft:forest,0.1797706927452617,false
42,-20480,-8192,minecraft:forest,minecraft:plains,0.09722731659241213,false
42,-16384,-8192,minecraft:deep_lukewarm_ocean,,1.0,true
42,-12288,-8192,minecraft:plains,minecraft:savanna,0.1802358988826943,false
42,-8192,-8192,minecraft:plains,minecraft:savanna,0.2772963060688908,false
42,-4096,-8192,minecraft:plains,minecraft:forest,0.023061871984472182,false
42,0,-8192,minecraft:deep_lukewarm_ocean,,1.0,true
42,4096,-8192,minecraft:plains,minecraft:savanna,0.22255984814166252,false
42,8192,-8192,minecraft:plains,minecraft:savanna,0.022674008456454398,false
42,12288,-8192,minecraft:forest,minecraft:plains,0.1055933355022729,false
42,16384,-8192,minecraft:deep_lukewarm_ocean,,1.0,true
42,20480,-8192,minecraft:plains,minecraft:savanna,0.2088632345070125,false
42,24576,-8192,minecraft:plains,minecraft:forest,0.10759911034147396,false
42,28672,-8192,minecraft:forest,minecraft:plains,0.1591293779333035,false
42,32768,-8192,minecraft:deep_lukewarm_ocean,,1.0,true
42,-32768,-4096,minecraft:deep_lukewarm_ocean,,1.0,true
42,-28672,-4096,minecraft:plains,minecraft:savanna,0.10199950292713089,false
42,-24576,-4096,minecraft:plains,minecraft:savanna,0.1252987463144667,false
42,-20480,-4096,minecraft:forest,minecraft:plains,0.021505643806806973,false
42,-16384,-4096,minecraft:deep_lukewarm_ocean,,1.0,true
42,-12288,-4096,minecraft:lukewarm_ocean,,1.0,true
42,-8192,-4096,minecraft:plains,minecraft:savanna,0.12138541839998807,false
42,-4096,-4096,minecraft:forest,minecraft:plains,0.2316342112141231,false
42,0,-4096,minecraft:deep_lukewarm_ocean,,1.0,true
42,4096,-4096,minecraft:plains,minecraft:savanna,0.08854217212424309,false
42,8192,-4096,minecraft:plains,minecraft:savanna,0.13317722172077495,false
42,12288,-4096,minecraft:forest,minecraft:plains,0.12853713704753167,false
42,16384,-4096,minecraft:deep_lukewarm_ocean,,1.0,true
42,20480,-4096,minecraft:plains,minecraft:savanna,0.11616281997345579,false
42,24576,-4096,minecraft:plains,minecraft:savanna,0.12250151730145975,false
42,28672,-4096,minecraft:forest,minecraft:plains,0.15690084707007146,false
42,32768,-4096,minecraft:deep_lukewarm_ocean,,1.0,true
42,-32768,0,minecraft:deep_lukewarm_ocean,,1.0,true
42,-28672,0,minecraft:deep_lukewarm_ocean,,1.0,true
42,-24576,0,minecraft:deep_lukewarm_ocean,,1.0,true
42,-20480,0,minecraft:deep_lukewarm_ocean,,1.0,true
42,-16384,0,minecraft:deep_lukewarm_ocean,,1.0,true
42,-12288,0,minecraft:deep_lukewarm_ocean,,1.0,true
42,-8192,0,minecraft:deep_lukewarm_ocean,,1.0,true
42,-4096,0,minecraft:deep_lukewarm_ocean,,1.0,true
42,0,0,minecraft:deep_lukewarm_ocean,,1.0,true
42,4096,0,minecraft:deep_lukewarm_ocean,,1.0,true
42,8192,0,minecraft:deep_lukewarm_ocean,,1.0,true
42,12288,0,minecraft:deep_lukewarm_ocean,,1.0,true
42,16384,0,minecraft:deep_lukewarm_ocean,,1.0,true
42,20480,0,minecraft:deep_lukewarm_ocean,,1.0,true
42,24576,0,minecraft:deep_lukewarm_ocean,,1.0,true
42,28672,0,minecraft:deep_lukewarm_ocean,,1.0,true
42,32768,0,minecraft:deep_lukewarm_ocean,,1.0,true
42,-32768,4096,minecraft:deep_lukewarm_ocean,,1.0,true
42,-28672,4096,minecraft:plains,minecraft:savanna,0.0683825126219566,false
42,-24576,4096,minecraft:plains,minecraft:savanna,0.15930928293952085,false
42,-20480,4096,minecraft:forest,minecraft:plains,0.03596961014408684,false
42,-16384,4096,minecraft:deep_lukewarm_ocean,,1.0,true
42,-12288,4096,minecraft:plains,minecraft:savanna,0.09292164359427868,false
42,-8192,4096,minecraft:plains,minecraft:savanna,0.08476741218495087,false
42,-4096,4096,minecraft:forest,minecraft:sparse_jungle,0.1652946282487533,false
42,0,4096,minecraft:deep_lukewarm_ocean,,1.0,true
42,4096,4096,minecraft:plains,minecraft:savanna,0.0891805923737744,false
42,8192,4096,minecraft:plains,minecraft:savanna,0.10849490264910822,false
42,12288,4096,minecraft:plains,minecraft:forest,0.07675678693360988,false
42,16384,4096,minecraft:deep_lukewarm_ocean,,1.0,true
42,20480,4096,minecraft:plains,minecraft:savanna,0.11410847080550035,false
42,24576,4096,minecraft:plains,minecraft:savanna,0.09204979594673057,false
42,28672,4096,minecraft:forest,minecraft:plains,0.037957300573430275,false
42,32768,4096,minecraft:deep_lukewarm_ocean,,1.0,true
42,-32768,8192,minecraft:deep_lukewarm_ocean,,1.0,true
42,-28672,8192,minecraft:plains,minecraft:savanna,0.20524368833188766,false
42,-24576,8192,minecraft:plains,minecraft:forest,0.12549799372596393,false
42,-20480,8192,minecraft:forest,minecraft:plains,0.08599155036015083,false
42,-16384,8192,minecraft:deep_lukewarm_ocean,,1.0,true
42,-12288,8192,minecraft:plains,minecraft:savanna,0.1871534455666105,false
42,-8192,8192,minecraft:plains,minecraft:forest,0.1085114295880929,false
42,-4096,8192,minecraft:forest,minecraft:plains,0.03355415202711354,false
42,0,8192,minecraft:deep_lukewarm_ocean,,1.0,true
42,4096,8192,minecraft:plains,minecraft:savanna,0.19597566911498088,false
42,8192,8192,minecraft:plains,minecraft:savanna,0.2761536020876575,false
42,12288,8192,minecraft:forest,minecraft:plains,0.021818728297318568,false
42,16384,8192,minecraft:deep_lukewarm_ocean,,1.0,true
42,20480,8192,minecraft:plains,minecraft:savanna,0.1764356514307196,false
42,24576,8192,minecraft:plains,minecraft:savanna,0.006519632916734519,false
42,28672,8192,minecraft:forest,minecraft:plains,0.13859586243621413,false
42,32768,8192,minecraft:deep_lukewarm_ocean,,1.0,true
42,-32768,12288,minecraft:deep_ocean,,1.0,true
42,-28672,12288,minecraft:plains,minecraft:savanna,0.22217731099489102,false
42,-24576,12288,minecraft:plains,minecraft:forest,0.10086470001268544,false
42,-20480,12288,minecraft:forest,minecraft:birch_forest,0.16335480240560463,false
42,-16384,12288,minecraft:deep_lukewarm_ocean,,1.0,true
42,-12288,12288,minecraft:plains,minecraft:savanna,0.22743896981369605,false
42,-8192,12288,minecraft:plains,minecraft:forest,0.06541421894687882,false
42,-4096,12288,minecraft:forest,minecraft:birch_forest,0.1478128782325382,false
42,0,12288,minecraft:deep_ocean,,1.0,true
42,4096,12288,minecraft:plains,minecraft:forest,0.20781035944697324,false
42,8192,12288,minecraft:plains,minecraft:forest,0.05986556933289677,false
42,12288,12288,minecraft:forest,minecraft:birch_forest,0.1225995156537526,false
42,16384,12288,minecraft:deep_ocean,,1.0,true
42,20480,12288,minecraft:plains,minecraft:forest,0.15808307600680527,false
42,24576,12288,minecraft:plains,minecraft:forest,0.05256167849965798,false
42,28672,12288,minecraft:forest,minecraft:birch_forest,0.1383707350317822,false
42,32768,12288,minecraft:deep_ocean,,1.0,true
42,-32768,16384,minecraft:deep_ocean,,1.0,true
42,-28672,16384,minecraft:deep_ocean,,1.0,true
42,-24576,16384,minecraft:deep_ocean,,1.0,true
42,-20480,16384,minecraft:deep_ocean,,1.0,true
42,-16384,16384,minecraft:deep_ocean,,1.0,true
42,-12288,16384,minecraft:deep_ocean,,1.0,true
42,-8192,16384,minecraft:deep_ocean,,1.0,true
42,-4096,16384,minecraft:deep_ocean,,1.0,true
42,0,16384,minecraft:deep_ocean,,1.0,true
42,4096,16384,minecraft:deep_ocean,,1.0,true
42,8192,16384,minecraft:deep_ocean,,1.0,true
42,12288,16384,minecraft:deep_ocean,,1.0,true
42,16384,16384,minecraft:deep_ocean,,1.0,true
42,20480,16384,minecraft:deep_ocean,,1.0,true
42,24576,16384,minecraft:deep_ocean,,1.0,true
42,28672,16384,minecraft:deep_ocean,,1.0,true
42,32768,16384,minecraft:deep_ocean,,1.0,true
42,-32768,20480,minecraft:deep_ocean,,1.0,true
42,-28672,20480,minecraft:plains,minecraft:forest,0.11214543012677436,false
42,-24576,20480,minecraft:plains,minecraft:forest,0.09977120923552274,false
42,-20480,20480,minecraft:forest,minecraft:plains,0.11476333099773439,false
42,-16384,20480,minecraft:deep_ocean,,1.0,true
42,-12288,20480,minecraft:plains,minecraft:forest,0.1810146402830588,false
42,-8192,20480,minecraft:plains,minecraft:forest,0.09831967517881779,false
42,-4096,20480,minecraft:forest,minecraft:plains,0.10714520617409651,false
42,0,20480,minecraft:deep_ocean,,1.0,true
42,4096,20480,minecraft:plains,minecraft:forest,0.22251231430572926,false
42,8192,20480,minecraft:plains,minecraft:forest,0.10568533832050742,false
42,12288,20480,minecraft:forest,minecraft:birch_forest,0.0524874776375055,false
42,16384,20480,minecraft:deep_ocean,,1.0,true
42,20480,20480,minecraft:plains,minecraft:forest,0.13431549049929437,false
42,24576,20480,minecraft:plains,minecraft:forest,0.2236825177324523,false
42,28672,20480,minecraft:plains,minecraft:forest,0.05845140208641031,false
42,32768,20480,minecraft:deep_ocean,,1.0,true
42,-32768,24576,minecraft:deep_ocean,,1.0,true
42,-28672,24576,minecraft:plains,minecraft:forest,0.17069485793854156,false
42,-24576,24576,minecraft:plains,minecraft:forest,0.006621996280760656,false
42,-20480,24576,minecraft:forest,minecraft:birch_forest,0.10900334100735443,false
42,-16384,24576,minecraft:deep_ocean,,1.0,true
42,-12288,24576,minecraft:plains,minecraft:forest,0.2752690615204175,false
42,-8192,24576,minecraft:plains,minecraft:forest,0.17482305656070585,false
42,-4096,24576,minecraft:forest,minecraft:birch_forest,0.10941941210894524,false
42,0,24576,minecraft:deep_ocean,,1.0,true
42,4096,24576,minecraft:plains,minecraft:forest,0.45934283486596084,false
42,8192,24576,minecraft:plains,minecraft:forest,0.20267865837805543,false
42,12288,24576,minecraft:forest,minecraft:birch_forest,0.11898956173190667,false
42,16384,24576,minecraft:deep_ocean,,1.0,true
42,20480,24576,minecraft:forest,minecraft:plains,0.018731703636941544,false
42,24576,24576,minecraft:plains,minecraft:forest,0.06322969887768604,false
42,28672,24576,minecraft:forest,minecraft:birch_forest,0.11233944363538806,false
42,32768,24576,minecraft:deep_ocean,,1.0,true
42,-32768,28672,minecraft:deep_ocean,,1.0,true
42,-28672,28672,minecraft:plains,minecraft:forest,0.36303985963127317,false
42,-24576,28672,minecraft:plains,minecraft:forest,0.07857251124218723,false
42,-20480,28672,minecraft:forest,minecraft:birch_forest,0.05659953013052943,false
42,-16384,28672,minecraft:deep_ocean,,1.0,true
42,-12288,28672,minecraft:plains,minecraft:forest,0.21664605652154412,false
42,-8192,28672,minecraft:forest,minecraft:plains,0.016127226172130582,false
42,-4096,28672,minecraft:birch_forest,minecraft:forest,0.010299868414197721,false
42,0,28672,minecraft:deep_ocean,,1.0,true
42,4096,28672,minecraft:plains,minecraft:forest,0.10986684553081438,false
42,8192,28672,minecraft:plains,minecraft:forest,0.10739326062003673,false
42,12288,28672,minecraft:forest,minecraft:birch_forest,0.002459824637326413,false
42,16384,28672,minecraft:deep_ocean,,1.0,true
42,20480,28672,minecraft:ocean,,1.0,true
42,24576,28672,minecraft:plains,minecraft:forest,0.012522820972089121,false
42,28672,28672,minecraft:birch_forest,minecraft:forest,0.010388658247375115,false
42,32768,28672,minecraft:deep_ocean,,1.0,true
42,-32768,32768,minecraft:deep_ocean,,1.0,true
42,-28672,32768,minecraft:deep_ocean,,1.0,true
42,-24576,32768,minecraft:deep_ocean,,1.0,true
42,-20480,32768,minecraft:deep_ocean,,1.0,true
42,-16384,32768,minecraft:deep_ocean,,1.0,true
42,-12288,32768,minecraft:deep_ocean,,1.0,true
42,-8192,32768,minecraft:deep_ocean,,1.0,true
42,-4096,32768,minecraft:deep_ocean,,1.0,true
42,0,32768,minecraft:deep_ocean,,1.0,true
42,4096,32768,minecraft:deep_ocean,,1.0,true
42,8192,32768,minecraft:deep_ocean,,1.0,true
42,12288,32768,minecraft:deep_ocean,,1.0,true
42,16384,32768,minecraft:deep_ocean,,1.0,true
42,20480,32768,minecraft:deep_ocean,,1.0,true
42,24576,32768,minecraft:deep_ocean,,1.0,true
42,28672,32768,minecraft:deep_ocean,,1.0,true
42,32768,32768,minecraft:deep_ocean,,1.0,true
-987654321,-32768,-32768,minecraft:deep_ocean,,1.0,true
-987654321,-28672,-32768,minecraft:deep_ocean,,1.0,true
-987654321,-24576,-32768,minecraft:deep_ocean,,1.0,true
-987654321,-20480,-32768,minecraft:deep_ocean,,1.0,true
-987654321,-16384,-32768,minecraft:deep_ocean,,1.0,true
-987654321,-12288,-32768,minecraft:deep_ocean,,1.0,true
-987654321,-8192,-32768,minecraft:deep_ocean,,1.0,true
-987654321,-4096,-32768,minecraft:deep_ocean,,1.0,true
-987654321,0,-32768,minecraft:deep_ocean,,1.0,true
-987654321,4096,-32768,minecraft:deep_ocean,,1.0,true
-987654321,8192,-32768,minecraft:deep_ocean,,1.0,true
-987654321,12288,-32768,minecraft:deep_ocean,,1.0,true
-987654321,16384,-32768,minecraft:deep_ocean,,1.0,true
-987654321,20480,-32768,minecraft:deep_ocean,,1.0,true
-987654321,24576,-32768,minecraft:deep_ocean,,1.0,true
-987654321,28672,-32768,minecraft:deep_ocean,,1.0,true
-987654321,32768,-32768,minecraft:deep_ocean,,1.0,true
-987654321,-32768,-28672,minecraft:deep_ocean,,1.0,true
-987654321,-28672,-28672,minecraft:plains,minecraft:forest,0.2647175685638715,false
-987654321,-24576,-28672,minecraft:plains,minecraft:forest,0.0238182211232566,false
-987654321,-20480,-28672,minecraft:dark_forest,minecraft:birch_forest,0.003008922507849343,false
-987654321,-16384,-28672,minecraft:deep_ocean,,1.0,true
-987654321,-12288,-28672,minecraft:ocean,,1.0,true
-987654321,-8192,-28672,minecraft:plains,minecraft:forest,0.13489162851917347,false
-987654321,-4096,-28672,minecraft:forest,minecraft:birch_forest,0.017540057248268903,false
-987654321,0,-28672,minecraft:deep_ocean,,1.0,true
-987654321,4096,-28672,minecraft:plains,minecraft:forest,0.250172270070367,false
-987654321,8192,-28672,minecraft:forest,minecraft:plains,0.025905099890397354,false
-987654321,12288,-28672,minecraft:forest,minecraft:birch_forest,0.0051616093368460625,false
-987654321,16384,-28672,minecraft:deep_ocean,,1.0,true
-987654321,20480,-28672,minecraft:ocean,,1.0,true
-987654321,24576,-28672,minecraft:forest,minecraft:plains,0.01605240039288769,false
-987654321,28672,-28672,minecraft:ocean,,1.0,true
-987654321,32768,-28672,minecraft:deep_ocean,,1.0,true
-987654321,-32768,-24576,minecraft:deep_ocean,,1.0,true
-987654321,-28672,-24576,minecraft:plains,minecraft:forest,0.3523082008640608,false
-987654321,-24576,-24576,minecraft:plains,minecraft:forest,0.20238791723025806,false
-987654321,-20480,-24576,minecraft:forest,minecraft:plains,0.09650526163578643,false
-987654321,-16384,-24576,minecraft:deep_ocean,,1.0,true
-987654321,-12288,-24576,minecraft:plains,minecraft:forest,0.3463340905843926,false
-987654321,-8192,-24576,minecraft:forest,minecraft:plains,0.14454979006177382,false
-987654321,-4096,-24576,minecraft:forest,minecraft:birch_forest,0.08586467737299908,false
-987654321,0,-24576,minecraft:deep_ocean,,1.0,true
-987654321,4096,-24576,minecraft:plains,minecraft:forest,0.22313240646656773,false
-987654321,8192,-24576,minecraft:plains,minecraft:forest,0.15053370517890297,false
-987654321,12288,-24576,minecraft:forest,minecraft:plains,0.05679413599552274,false
-987654321,16384,-24576,minecraft:deep_ocean,,1.0,true
-987654321,20480,-24576,minecraft:plains,minecraft:forest,0.25826071271471995,false
-987654321,24576,-24576,minecraft:plains,minecraft:forest,0.10107426879869885,false
-987654321,28672,-24576,minecraft:forest,minecraft:birch_forest,0.13453485575631285,false
-987654321,32768,-24576,minecraft:deep_ocean,,1.0,true
-987654321,-32768,-20480,minecraft:deep_ocean,,1.0,true
-987654321,-28672,-20480,minecraft:plains,minecraft:forest,0.08580174452952016,false
-987654321,-24576,-20480,minecraft:plains,minecraft:forest,0.19556478298680258,false
-987654321,-20480,-20480,minecraft:forest,minecraft:plains,0.014942951025257445,false
-987654321,-16384,-20480,minecraft:deep_ocean,,1.0,true
-987654321,-12288,-20480,minecraft:plains,minecraft:forest,0.1104330599128025,false
-987654321,-8192,-20480,minecraft:plains,minecraft:forest,0.08105387939174746,false
-987654321,-4096,-20480,minecraft:plains,minecraft:forest,0.05205970083991396,false
-987654321,0,-20480,minecraft:deep_ocean,,1.0,true
-987654321,4096,-20480,minecraft:plains,minecraft:forest,0.24252783316706195,false
-987654321,8192,-20480,minecraft:plains,minecraft:forest,0.2608189464769807,false
-987654321,12288,-20480,minecraft:forest,minecraft:plains,0.07744763511119479,false
-987654321,16384,-20480,minecraft:deep_ocean,,1.0,true
-987654321,20480,-20480,minecraft:plains,minecraft:forest,0.10906709676646331,false
-987654321,24576,-20480,minecraft:plains,minecraft:forest,0.15820412878333256,false
-987654321,28672,-20480,minecraft:forest,minecraft:plains,0.057761558777596145,false
-987654321,32768,-20480,minecraft:deep_ocean,,1.0,true
-987654321,-32768,-16384,minecraft:deep_ocean,,1.0,true
-987654321,-28672,-16384,minecraft:deep_ocean,,1.0,true
-987654321,-24576,-16384,minecraft:deep_ocean,,1.0,true
-987654321,-20480,-16384,minecraft:deep_ocean,,1.0,true
-987654321,-16384,-16384,minecraft:deep_ocean,,1.0,true
-987654321,-12288,-16384,minecraft:deep_ocean,,1.0,true
-987654321,-8192,-16384,minecraft:deep_ocean,,1.0,true
-987654321,-4096,-16384,minecraft:deep_ocean,,1.0,true
-987654321,0,-16384,minecraft:deep_ocean,,1.0,true
-987654321,4096,-16384,minecraft:deep_ocean,,1.0,true
-987654321,8192,-16384,minecraft:deep_ocean,,1.0,true
-987654321,12288,-16384,minecraft:deep_ocean,,1.0,true
-987654321,16384,-16384,minecraft:deep_ocean,,1.0,true
-987654321,20480,-16384,minecraft:deep_ocean,,1.0,true
-987654321,24576,-16384,minecraft:deep_ocean,,1.0,true
-987654321,28672,-16384,minecraft:deep_ocean,,1.0,true
-987654321,32768,-16384,minecraft:deep_ocean,,1.0,true
-987654321,-32768,-12288,minecraft:deep_ocean,,1.0,true
-987654321,-28672,-12288,minecraft:plains,minecraft:savanna,0.2432797360631549,false
-987654321,-24576,-12288,minecraft:forest,minecraft:plains,0.03695485104365093,false
-987654321,-20480,-12288,minecraft:forest,minecraft:plains,0.15481343900557076,false
-987654321,-16384,-12288,minecraft:deep_lukewarm_ocean,,1.0,true
-987654321,-12288,-12288,minecraft:plains,minecraft:savanna,0.24843724191663852,false
-987654321,-8192,-12288,minecraft:plains,minecraft:forest,0.06062790702030607,false
-987654321,-4096,-12288,minecraft:forest,minecraft:birch_forest,0.15037139898289809,false
-987654321,0,-12288,minecraft:deep_ocean,,1.0,true
-987654321,4096,-12288,minecraft:plains,minecraft:savanna,0.24090417383022744,false
-987654321,8192,-12288,minecraft:plains,minecraft:forest,0.10067566246762927,false
-987654321,12288,-12288,minecraft:forest,minecraft:birch_forest,0.1500882970814561,false
-987654321,16384,-12288,minecraft:deep_ocean,,1.0,true
-987654321,20480,-12288,minecraft:plains,minecraft:savanna,0.2357142325468089,false
-987654321,24576,-12288,minecraft:forest,minecraft:plains,0.028642913827138128,false
-987654321,28672,-12288,minecraft:forest,minecraft:birch_forest,0.16319286397574262,false
-987654321,32768,-12288,minecraft:deep_ocean,,1.0,true
-987654321,-32768,-8192,minecraft:deep_lukewarm_ocean,,1.0,true
-987654321,-28672,-8192,minecraft:plains,minecraft:savanna,0.22274959268619376,false
-987654321,-24576,-8192,minecraft:plains,minecraft:forest,0.17929894676527236,false
-987654321,-20480,-8192,minecraft:forest,minecraft:plains,0.16305218886440298,false
-987654321,-16384,-8192,minecraft:deep_lukewarm_ocean,,1.0,true
-987654321,-12288,-8192,minecraft:plains,minecraft:savanna,0.20834410513267365,false
-987654321,-8192,-8192,minecraft:plains,minecraft:forest,0.23767991535176014,false
-987654321,-4096,-8192,minecraft:forest,minecraft:plains,0.11558429854309205,false
-987654321,0,-8192,minecraft:deep_lukewarm_ocean,,1.0,true
-987654321,4096,-8192,minecraft:plains,minecraft:savanna,0.20940625482602082,false
-987654321,8192,-8192,minecraft:plains,minecraft:forest,0.07776863248657317,false
-987654321,12288,-8192,minecraft:forest,minecraft:plains,0.019797413412701026,false
-987654321,16384,-8192,minecraft:deep_lukewarm_ocean,,1.0,true
-987654321,20480,-8192,minecraft:plains,minecraft:savanna,0.1998331691601859,false
-987654321,24576,-8192,minecraft:plains,minecraft:forest,0.11821382948855941,false
-987654321,28672,-8192,minecraft:forest,minecraft:plains,0.08097853160811663,false
-987654321,32768,-8192,minecraft:deep_lukewarm_ocean,,1.0,true
-987654321,-32768,-4096,minecraft:deep_lukewarm_ocean,,1.0,true
-987654321,-28672,-4096,minecraft:plains,minecraft:savanna,0.07455764839254297,false
-987654321,-24576,-4096,minecraft:plains,minecraft:savanna,0.12484476746554507,false
-987654321,-20480,-4096,minecraft:forest,minecraft:plains,0.06508480066312472,false
-987654321,-16384,-4096,minecraft:deep_lukewarm_ocean,,1.0,true
-987654321,-12288,-4096,minecraft:plains,minecraft:savanna,0.11036358793018519,false
-987654321,-8192,-4096,minecraft:plains,minecraft:savanna,0.10865293643158092,false
-987654321,-4096,-4096,minecraft:forest,minecraft:plains,0.09578084025233624,false
-987654321,0,-4096,minecraft:deep_lukewarm_ocean,,1.0,true
-987654321,4096,-4096,minecraft:plains,minecraft:savanna,0.09485261377873344,false
-987654321,8192,-4096,minecraft:plains,minecraft:forest,0.11269109446205838,false
-987654321,12288,-4096,minecraft:plains,minecraft:forest,0.015451633650163665,false
-987654321,16384,-4096,minecraft:deep_lukewarm_ocean,,1.0,true
-987654321,20480,-4096,minecraft:plains,minecraft:forest,0.07654885405237233,false
-987654321,24576,-4096,minecraft:plains,minecraft:savanna,0.10755056142019381,false
-987654321,28672,-4096,minecraft:lukewarm_ocean,,1.0,true
-987654321,32768,-4096,minecraft:deep_lukewarm_ocean,,1.0,true
-987654321,-32768,0,minecraft:deep_lukewarm_ocean,,1.0,true
-987654321,-28672,0,minecraft:deep_lukewarm_ocean,,1.0,true
-987654321,-24576,0,minecraft:deep_lukewarm_ocean,,1.0,true
-987654321,-20480,0,minecraft:deep_lukewarm_ocean,,1.0,true
-987654321,-16384,0,minecraft:deep_lukewarm_ocean,,1.0,true
-987654321,-12288,0,minecraft:deep_lukewarm_ocean,,1.0,true
-987654321,-8192,0,minecraft:deep_lukewarm_ocean,,1.0,true
-987654321,-4096,0,minecraft:deep_lukewarm_ocean,,1.0,true
-987654321,0,0,minecraft:deep_lukewarm_ocean,,1.0,true
-987654321,4096,0,minecraft:deep_lukewarm_ocean,,1.0,true
-987654321,8192,0,minecraft:deep_lukewarm_ocean,,1.0,true
-987654321,12288,0,minecraft:deep_lukewarm_ocean,,1.0,true
-987654321,16384,0,minecraft:deep_lukewarm_ocean,,1.0,true
-987654321,20480,0,minecraft:deep_lukewarm_ocean,,1.0,true
-987654321,24576,0,minecraft:deep_lukewarm_ocean,,1.0,true
-987654321,28672,0,minecraft:deep_lukewarm_ocean,,1.0,true
-987654321,32768,0,minecraft:deep_lukewarm_ocean,,1.0,true
-987654321,-32768,4096,minecraft:deep_lukewarm_ocean,,1.0,true
-987654321,-28672,4096,minecraft:plains,minecraft:savanna,0.11752782779367899,false
-987654321,-24576,4096,minecraft:plains,minecraft:savanna,0.12782145159346714,false
-987654321,-20480,4096,minecraft:forest,minecraft:plains,0.09724730502974066,false
-987654321,-16384,4096,minecraft:deep_lukewarm_ocean,,1.0,true
-987654321,-12288,4096,minecraft:plains,minecraft:savanna,0.10329228220113307,false
-987654321,-8192,4096,minecraft:plains,minecraft:savanna,0.12783278855835867,false
-987654321,-4096,4096,minecraft:forest,minecraft:plains,0.05728584799984293,false
-987654321,0,4096,minecraft:deep_lukewarm_ocean,,1.0,true
-987654321,4096,4096,minecraft:plains,minecraft:savanna,0.08930529947067112,false
-987654321,8192,4096,minecraft:plains,minecraft:savanna,0.13351045731759237,false
-987654321,12288,4096,minecraft:forest,minecraft:plains,0.09384285169891227,false
-987654321,16384,4096,minecraft:deep_lukewarm_ocean,,1.0,true
-987654321,20480,4096,minecraft:plains,minecraft:savanna,0.07002341493964204,false
-987654321,24576,4096,minecraft:plains,minecraft:savanna,0.113426247595241,false
-987654321,28672,4096,minecraft:forest,minecraft:plains,0.03205430643097806,false
-987654321,32768,4096,minecraft:deep_lukewarm_ocean,,1.0,true
-987654321,-32768,8192,minecraft:deep_lukewarm_ocean,,1.0,true
-987654321,-28672,8192,minecraft:plains,minecraft:savanna,0.19947044356312105,false
-987654321,-24576,8192,minecraft:plains,minecraft:forest,0.10792609664979491,false
-987654321,-20480,8192,minecraft:forest,minecraft:plains,0.09597412958589813,false
-987654321,-16384,8192,minecraft:deep_lukewarm_ocean,,1.0,true
-987654321,-12288,8192,minecraft:plains,minecraft:savanna,0.21210458605458127,false
-987654321,-8192,8192,minecraft:plains,minecraft:forest,0.08684209810686994,false
-987654321,-4096,8192,minecraft:forest,minecraft:plains,0.1350712401211166,false
-987654321,0,8192,minecraft:deep_lukewarm_ocean,,1.0,true
-987654321,4096,8192,minecraft:plains,minecraft:savanna,0.18321641741072714,false
-987654321,8192,8192,minecraft:plains,minecraft:forest,0.26782278858940856,false
-987654321,12288,8192,minecraft:forest,minecraft:plains,0.14720767055496642,false
-987654321,16384,8192,minecraft:deep_lukewarm_ocean,,1.0,true
-987654321,20480,8192,minecraft:plains,minecraft:savanna,0.21115597432041688,false
-987654321,24576,8192,minecraft:plains,minecraft:forest,0.1943618779667593,false
-987654321,28672,8192,minecraft:forest,minecraft:plains,0.14815462058783158,false
-987654321,32768,8192,minecraft:deep_lukewarm_ocean,,1.0,true
-987654321,-32768,12288,minecraft:deep_ocean,,1.0,true
-987654321,-28672,12288,minecraft:plains,minecraft:savanna,0.23996471924950613,false
-987654321,-24576,12288,minecraft:plains,minecraft:forest,0.01804900110710428,false
-987654321,-20480,12288,minecraft:lukewarm_ocean,,1.0,true
-987654321,-16384,12288,minecraft:deep_lukewarm_ocean,,1.0,true
-987654321,-12288,12288,minecraft:plains,minecraft:savanna,0.2508874808849927,false
-987654321,-8192,12288,minecraft:plains,minecraft:forest,0.05825039200083593,false
-987654321,-4096,12288,minecraft:forest,minecraft:plains,0.15676683134257374,false
-987654321,0,12288,minecraft:deep_ocean,,1.0,true
-987654321,4096,12288,minecraft:lukewarm_ocean,,1.0,true
-987654321,8192,12288,minecraft:plains,minecraft:forest,0.19065746866651956,false
-987654321,12288,12288,minecraft:lukewarm_ocean,,1.0,true
-987654321,16384,12288,minecraft:deep_ocean,,1.0,true
-987654321,20480,12288,minecraft:plains,minecraft:savanna,0.23488475847954482,false
-987654321,24576,12288,minecraft:plains,minecraft:forest,0.06805033346845946,false
-987654321,28672,12288,minecraft:forest,minecraft:plains,0.13419703575908415,false
-987654321,32768,12288,minecraft:deep_lukewarm_ocean,,1.0,true
-987654321,-32768,16384,minecraft:deep_ocean,,1.0,true
-987654321,-28672,16384,minecraft:deep_ocean,,1.0,true
-987654321,-24576,16384,minecraft:deep_ocean,,1.0,true
-987654321,-20480,16384,minecraft:deep_ocean,,1.0,true
-987654321,-16384,16384,minecraft:deep_ocean,,1.0,true
-987654321,-12288,16384,minecraft:deep_ocean,,1.0,true
-987654321,-8192,16384,minecraft:deep_ocean,,1.0,true
-987654321,-4096,16384,minecraft:deep_ocean,,1.0,true
-987654321,0,16384,minecraft:deep_ocean,,1.0,true
-987654321,4096,16384,minecraft:deep_ocean,,1.0,true
-987654321,8192,16384,minecraft:deep_ocean,,1.0,true
-987654321,12288,16384,minecraft:deep_ocean,,1.0,true
-987654321,16384,16384,minecraft:deep_ocean,,1.0,true
-987654321,20480,16384,minecraft:deep_ocean,,1.0,true
-987654321,24576,16384,minecraft:deep_ocean,,1.0,true
-987654321,28672,16384,minecraft:deep_ocean,,1.0,true
-987654321,32768,16384,minecraft:deep_ocean,,1.0,true
-987654321,-32768,20480,minecraft:deep_ocean,,1.0,true
-987654321,-28672,20480,minecraft:plains,minecraft:forest,0.27435591628894673,false
-987654321,-24576,20480,minecraft:forest,minecraft:plains,0.03678734173071463,false
-987654321,-20480,20480,minecraft:ocean,,1.0,true
-987654321,-16384,20480,minecraft:deep_ocean,,1.0,true
-987654321,-12288,20480,minecraft:plains,minecraft:forest,0.15103688669129112,false
-987654321,-8192,20480,minecraft:plains,minecraft:forest,0.10643269276164502,false
-987654321,-4096,20480,minecraft:forest,minecraft:plains,0.038128820978314604,false
-987654321,0,20480,minecraft:deep_ocean,,1.0,true
-987654321,4096,20480,minecraft:plains,minecraft:forest,0.2419236270437699,false
-987654321,8192,20480,minecraft:plains,minecraft:forest,0.13047971116265655,false
-987654321,12288,20480,minecraft:forest,minecraft:plains,0.10007087774810397,false
-987654321,16384,20480,minecraft:deep_ocean,,1.0,true
-987654321,20480,20480,minecraft:plains,minecraft:forest,0.2767941271719917,false
-987654321,24576,20480,minecraft:plains,minecraft:forest,0.09695521892625625,false
-987654321,28672,20480,minecraft:forest,minecraft:birch_forest,0.14946541922717904,false
-987654321,32768,20480,minecraft:deep_ocean,,1.0,true
-987654321,-32768,24576,minecraft:deep_ocean,,1.0,true
-987654321,-28672,24576,minecraft:plains,minecraft:forest,0.39469182347776544,false
-987654321,-24576,24576,minecraft:plains,minecraft:forest,0.11587090006465173,false
-987654321,-20480,24576,minecraft:forest,minecraft:plains,0.054579183647801344,false
-987654321,-16384,24576,minecraft:deep_ocean,,1.0,true
-987654321,-12288,24576,minecraft:plains,minecraft:forest,0.21252210856051668,false
-987654321,-8192,24576,minecraft:plains,minecraft:forest,0.14316626109954023,false
-987654321,-4096,24576,minecraft:forest,minecraft:plains,0.11047917541216279,false
-987654321,0,24576,minecraft:deep_ocean,,1.0,true
-987654321,4096,24576,minecraft:plains,minecraft:forest,0.4656611731217011,false
-987654321,8192,24576,minecraft:plains,minecraft:forest,0.06924691368676061,false
-987654321,12288,24576,minecraft:forest,minecraft:birch_forest,0.11031184395964067,false
-987654321,16384,24576,minecraft:deep_ocean,,1.0,true
-987654321,20480,24576,minecraft:plains,minecraft:forest,0.3483246295691179,false
-987654321,24576,24576,minecraft:plains,minecraft:forest,0.17047163250992747,false
-987654321,28672,24576,minecraft:forest,minecraft:plains,0.036862556712085603,false
-987654321,32768,24576,minecraft:deep_ocean,,1.0,true
-987654321,-32768,28672,minecraft:deep_ocean,,1.0,true
-987654321,-28672,28672,minecraft:plains,minecraft:forest,0.25201309206196976,false
-987654321,-24576,28672,minecraft:plains,minecraft:forest,0.027652148733535498,false
-987654321,-20480,28672,minecraft:birch_forest,minecraft:forest,0.010601461343842544,false
-987654321,-16384,28672,minecraft:deep_ocean,,1.0,true
-987654321,-12288,28672,minecraft:plains,minecraft:forest,0.32586735405198264,false
-987654321,-8192,28672,minecraft:plains,minecraft:forest,0.15267344088564228,false
-987654321,-4096,28672,minecraft:forest,minecraft:birch_forest,0.017971207297192815,false
-987654321,0,28672,minecraft:deep_ocean,,1.0,true
-987654321,4096,28672,minecraft:ocean,,1.0,true
-987654321,8192,28672,minecraft:plains,minecraft:forest,0.0920352379390218,false
-987654321,12288,28672,minecraft:forest,minecraft:birch_forest,0.03986796755119304,false
-987654321,16384,28672,minecraft:deep_ocean,,1.0,true
-987654321,20480,28672,minecraft:plains,minecraft:forest,0.29383720404973046,false
-987654321,24576,28672,minecraft:plains,minecraft:forest,0.046248775118675756,false
-987654321,28672,28672,minecraft:forest,minecraft:birch_forest,0.00318852411211501,false
-987654321,32768,28672,minecraft:deep_ocean,,1.0,true
-987654321,-32768,32768,minecraft:deep_ocean,,1.0,true
-987654321,-28672,32768,minecraft:deep_ocean,,1.0,true
-987654321,-24576,32768,minecraft:deep_ocean,,1.0,true
-987654321,-20480,32768,minecraft:deep_ocean,,1.0,true
-987654321,-16384,32768,minecraft:deep_ocean,,1.0,true
-987654321,-12288,32768,minecraft:deep_ocean,,1.0,true
-987654321,-8192,32768,minecraft:deep_ocean,,1.0,true
-987654321,-4096,32768,minecraft:deep_ocean,,1.0,true
-987654321,0,32768,minecraft:deep_ocean,,1.0,true
-987654321,4096,32768,minecraft:deep_ocean,,1.0,true
-987654321,8192,32768,minecraft:deep_ocean,,1.0,true
-987654321,12288,32768,minecraft:deep_ocean,,1.0,true
-987654321,16384,32768,minecraft:deep_ocean,,1.0,true
-987654321,20480,32768,minecraft:deep_ocean,,1.0,true
-987654321,24576,32768,minecraft:deep_ocean,,1.0,true
-987654321,28672,32768,minecraft:deep_ocean,,1.0,true
-987654321,32768,32768,minecraft:deep_ocean,,1.0,true
0,-32768,-32768,minecraft:deep_ocean,,1.0,true
0,-28672,-32768,minecraft:deep_ocean,,1.0,true
0,-24576,-32768,minecraft:deep_ocean,,1.0,true
0,-20480,-32768,minecraft:deep_ocean,,1.0,true
0,-16384,-32768,minecraft:deep_ocean,,1.0,true
0,-12288,-32768,minecraft:deep_ocean,,1.0,true
0,-8192,-32768,minecraft:deep_ocean,,1.0,true
0,-4096,-32768,minecraft:deep_ocean,,1.0,true
0,0,-32768,minecraft:deep_ocean,,1.0,true
0,4096,-32768,minecraft:deep_ocean,,1.0,true
0,8192,-32768,minecraft:deep_ocean,,1.0,true
0,12288,-32768,minecraft:deep_ocean,,1.0,true
0,16384,-32768,minecraft:deep_ocean,,1.0,true
0,20480,-32768,minecraft:deep_ocean,,1.0,true
0,24576,-32768,minecraft:deep_ocean,,1.0,true
0,28672,-32768,minecraft:deep_ocean,,1.0,true
0,32768,-32768,minecraft:deep_ocean,,1.0,true
0,-32768,-28672,minecraft:deep_ocean,,1.0,true
0,-28672,-28672,minecraft:plains,minecraft:forest,0.2687013194306195,false
0,-24576,-28672,minecraft:plains,minecraft:forest,0.0655329589043313,false
0,-20480,-28672,minecraft:forest,minecraft:birch_forest,0.02260451264722918,false
0,-16384,-28672,minecraft:deep_ocean,,1.0,true
0,-12288,-28672,minecraft:plains,minecraft:forest,0.3634148056047565,false
0,-8192,-28672,minecraft:plains,minecraft:forest,0.01993232053966687,false
0,-4096,-28672,minecraft:forest,minecraft:birch_forest,0.013189227802034353,false
0,0,-28672,minecraft:deep_ocean,,1.0,true
0,4096,-28672,minecraft:ocean,,1.0,true
0,8192,-28672,minecraft:plains,minecraft:forest,0.14203440686981395,false
0,12288,-28672,minecraft:ocean,,1.0,true
0,16384,-28672,minecraft:deep_ocean,,1.0,true
0,20480,-28672,minecraft:ocean,,1.0,true
0,24576,-28672,minecraft:forest,minecraft:plains,0.05209514040552787,false
0,28672,-28672,minecraft:forest,minecraft:birch_forest,0.06465195310033633,false
0,32768,-28672,minecraft:deep_ocean,,1.0,true
0,-32768,-24576,minecraft:deep_ocean,,1.0,true
0,-28672,-24576,minecraft:plains,minecraft:forest,0.3129500626240629,false
0,-24576,-24576,minecraft:plains,minecraft:forest,0.1259151250688404,false
0,-20480,-24576,minecraft:forest,minecraft:plains,0.07555485696410258,false
0,-16384,-24576,minecraft:deep_ocean,,1.0,true
0,-12288,-24576,minecraft:plains,minecraft:forest,0.3838869826969321,false
0,-8192,-24576,minecraft:plains,minecraft:forest,0.09814566398626956,false
0,-4096,-24576,minecraft:forest,minecraft:birch_forest,0.05350423115933023,false
0,0,-24576,minecraft:deep_ocean,,1.0,true
0,4096,-24576,minecraft:plains,minecraft:forest,0.46150086754060143,false
0,8192,-24576,minecraft:plains,minecraft:forest,0.12400303914985378,false
0,12288,-24576,minecraft:forest,minecraft:birch_forest,0.11022896117835612,false
0,16384,-24576,minecraft:deep_ocean,,1.0,true
0,20480,-24576,minecraft:plains,minecraft:forest,0.3117915110626962,false
0,24576,-24576,minecraft:plains,minecraft:forest,0.182643614836701,false
0,28672,-24576,minecraft:forest,minecraft:plains,0.12636009251012514,false
0,32768,-24576,minecraft:deep_ocean,,1.0,true
0,-32768,-20480,minecraft:deep_ocean,,1.0,true
0,-28672,-20480,minecraft:plains,minecraft:forest,0.0981277982505876,false
0,-24576,-20480,minecraft:plains,minecraft:forest,0.07701137657413204,false
0,-20480,-20480,minecraft:plains,minecraft:forest,0.050268051595793395,false
0,-16384,-20480,minecraft:deep_ocean,,1.0,true
0,-12288,-20480,minecraft:plains,minecraft:forest,0.22357825391731445,false
0,-8192,-20480,minecraft:plains,minecraft:forest,0.16112620216082152,false
0,-4096,-20480,minecraft:forest,minecraft:plains,0.11391751795104132,false
0,0,-20480,minecraft:deep_ocean,,1.0,true
0,4096,-20480,minecraft:plains,minecraft:forest,0.09909979067470531,false
0,8192,-20480,minecraft:plains,minecraft:forest,0.15132707328267614,false
0,12288,-20480,minecraft:forest,minecraft:plains,0.11375011507754851,false
0,16384,-20480,minecraft:deep_ocean,,1.0,true
0,20480,-20480,minecraft:plains,minecraft:forest,0.12874748672117176,false
0,24576,-20480,minecraft:plains,minecraft:forest,0.20185644689648274,false
0,28672,-20480,minecraft:forest,minecraft:plains,0.001340457874771217,false
0,32768,-20480,minecraft:deep_ocean,,1.0,true
0,-32768,-16384,minecraft:deep_ocean,,1.0,true
0,-28672,-16384,minecraft:deep_ocean,,1.0,true
0,-24576,-16384,minecraft:deep_ocean,,1.0,true
0,-20480,-16384,minecraft:deep_ocean,,1.0,true
0,-16384,-16384,minecraft:deep_ocean,,1.0,true
0,-12288,-16384,minecraft:deep_ocean,,1.0,true
0,-8192,-16384,minecraft:deep_ocean,,1.0,true
0,-4096,-16384,minecraft:deep_ocean,,1.0,true
0,0,-16384,minecraft:deep_ocean,,1.0,true
0,4096,-16384,minecraft:deep_ocean,,1.0,true
0,8192,-16384,minecraft:deep_ocean,,1.0,true
0,12288,-16384,minecraft:deep_ocean,,1.0,true
0,16384,-16384,minecraft:deep_ocean,,1.0,true
0,20480,-16384,minecraft:deep_ocean,,1.0,true
0,24576,-16384,minecraft:deep_ocean,,1.0,true
0,28672,-16384,minecraft:deep_ocean,,1.0,true
0,32768,-16384,minecraft:deep_ocean,,1.0,true
0,-32768,-12288,minecraft:deep_ocean,,1.0,true
0,-28672,-12288,minecraft:plains,minecraft:savanna,0.23868921245430763,false
0,-24576,-12288,minecraft:plains,minecraft:forest,0.19207031738735503,false
0,-20480,-12288,minecraft:lukewarm_ocean,,1.0,true
0,-16384,-12288,minecraft:deep_lukewarm_ocean,,1.0,true
0,-12288,-12288,minecraft:plains,minecraft:savanna,0.2544123208444836,false
0,-8192,-12288,minecraft:plains,minecraft:forest,0.1699276285442194,false
0,-4096,-12288,minecraft:forest,minecraft:birch_forest,0.1540503624953169,false
0,0,-12288,minecraft:deep_ocean,,1.0,true
0,4096,-12288,minecraft:plains,minecraft:savanna,0.26372809355324145,false
0,8192,-12288,minecraft:plains,minecraft:forest,0.08322851223478822,false
0,12288,-12288,minecraft:forest,minecraft:birch_forest,0.18836331049030386,false
0,16384,-12288,minecraft:deep_ocean,,1.0,true
0,20480,-12288,minecraft:plains,minecraft:savanna,0.24938885952693357,false
0,24576,-12288,minecraft:plains,minecraft:forest,0.15876727230968724,false
0,28672,-12288,minecraft:forest,minecraft:birch_forest,0.15699534548466088,false
0,32768,-12288,minecraft:deep_ocean,,1.0,true
0,-32768,-8192,minecraft:deep_lukewarm_ocean,,1.0,true
0,-28672,-8192,minecraft:plains,minecraft:savanna,0.21962537330024257,false
0,-24576,-8192,minecraft:plains,minecraft:forest,0.09879413308519336,false
0,-20480,-8192,minecraft:forest,minecraft:plains,0.11972760828503115,false
0,-16384,-8192,minecraft:deep_lukewarm_ocean,,1.0,true
0,-12288,-8192,minecraft:plains,minecraft:savanna,0.22662990021822238,false
0,-8192,-8192,minecraft:plains,minecraft:forest,0.23322700949990993,false
0,-4096,-8192,minecraft:forest,minecraft:plains,0.08170507736173926,false
0,0,-8192,minecraft:deep_lukewarm_ocean,,1.0,true
0,4096,-8192,minecraft:plains,minecraft:savanna,0.19339573702587431,false
0,8192,-8192,minecraft:plains,minecraft:savanna,0.022081321420160727,false
0,12288,-8192,minecraft:forest,minecraft:plains,0.0754815832951673,false
0,16384,-8192,minecraft:deep_lukewarm_ocean,,1.0,true
0,20480,-8192,minecraft:plains,minecraft:savanna,0.20558554784931304,false
0,24576,-8192,minecraft:plains,minecraft:forest,0.22060539798441248,false
0,28672,-8192,minecraft:forest,minecraft:plains,0.12320957060350068,false
0,32768,-8192,minecraft:deep_lukewarm_ocean,,1.0,true
0,-32768,-4096,minecraft:deep_lukewarm_ocean,,1.0,true
0,-28672,-4096,minecraft:plains,minecraft:savanna,0.10039325589773307,false
0,-24576,-4096,minecraft:plains,minecraft:savanna,0.10895598020023156,false
0,-20480,-4096,minecraft:forest,minecraft:plains,0.08243577833354676,false
0,-16384,-4096,minecraft:deep_lukewarm_ocean,,1.0,true
0,-12288,-4096,minecraft:plains,minecraft:forest,0.08811189667297514,false
0,-8192,-4096,minecraft:plains,minecraft:savanna,0.09975836800117432,false
0,-4096,-4096,minecraft:lukewarm_ocean,,1.0,true
0,0,-4096,minecraft:deep_lukewarm_ocean,,1.0,true
0,4096,-4096,minecraft:plains,minecraft:savanna,0.08626493765315602,false
0,8192,-4096,minecraft:plains,minecraft:savanna,0.10659192310191845,false
0,12288,-4096,minecraft:lukewarm_ocean,,1.0,true
0,16384,-4096,minecraft:deep_lukewarm_ocean,,1.0,true
0,20480,-4096,minecraft:plains,minecraft:savanna,0.11829988746278741,false
0,24576,-4096,minecraft:plains,minecraft:forest,0.04844476773565887,false
0,28672,-4096,minecraft:plains,minecraft:forest,0.018536231530653202,false
0,32768,-4096,minecraft:deep_lukewarm_ocean,,1.0,true
0,-32768,0,minecraft:deep_lukewarm_ocean,,1.0,true
0,-28672,0,minecraft:deep_lukewarm_ocean,,1.0,true
0,-24576,0,minecraft:deep_lukewarm_ocean,,1.0,true
0,-20480,0,minecraft:deep_lukewarm_ocean,,1.0,true
0,-16384,0,minecraft:deep_lukewarm_ocean,,1.0,true
0,-12288,0,minecraft:deep_lukewarm_ocean,,1.0,true
0,-8192,0,minecraft:deep_lukewarm_ocean,,1.0,true
0,-4096,0,minecraft:deep_lukewarm_ocean,,1.0,true
0,0,0,minecraft:deep_lukewarm_ocean,,1.0,true
0,4096,0,minecraft:deep_lukewarm_ocean,,1.0,true
0,8192,0,minecraft:deep_lukewarm_ocean,,1.0,true
0,12288,0,minecraft:deep_lukewarm_ocean,,1.0,true
0,16384,0,minecraft:deep_lukewarm_ocean,,1.0,true
0,20480,0,minecraft:deep_lukewarm_ocean,,1.0,true
0,24576,0,minecraft:deep_lukewarm_ocean,,1.0,true
0,28672,0,minecraft:deep_lukewarm_ocean,,1.0,true
0,32768,0,minecraft:deep_lukewarm_ocean,,1.0,true
0,-32768,4096,minecraft:deep_lukewarm_ocean,,1.0,true
0,-28672,4096,minecraft:plains,minecraft:savanna,0.09063786565562781,false
0,-24576,4096,minecraft:forest,minecraft:plains,0.06366615086472904,false
0,-20480,4096,minecraft:lukewarm_ocean,,1.0,true
0,-16384,4096,minecraft:deep_lukewarm_ocean,,1.0,true
0,-12288,4096,minecraft:plains,minecraft:savanna,0.11808281256202524,false
0,-8192,4096,minecraft:plains,minecraft:savanna,0.12370727221231581,false
0,-4096,4096,minecraft:forest,minecraft:plains,0.10311594040560568,false
0,0,4096,minecraft:deep_lukewarm_ocean,,1.0,true
0,4096,4096,minecraft:plains,minecraft:savanna,0.1019282974671053,false
0,8192,4096,minecraft:plains,minecraft:savanna,0.12645789851102396,false
0,12288,4096,minecraft:forest,minecraft:plains,0.09669993390272247,false
0,16384,4096,minecraft:deep_lukewarm_ocean,,1.0,true
0,20480,4096,minecraft:plains,minecraft:savanna,0.07706126975026972,false
0,24576,4096,minecraft:plains,minecraft:savanna,0.08878746675028437,false
0,28672,4096,minecraft:forest,minecraft:sparse_jungle,0.16359577185816376,false
0,32768,4096,minecraft:deep_lukewarm_ocean,,1.0,true
0,-32768,8192,minecraft:deep_lukewarm_ocean,,1.0,true
0,-28672,8192,minecraft:plains,minecraft:savanna,0.17804266027006432,false
0,-24576,8192,minecraft:plains,minecraft:forest,0.004975398025584332,false
0,-20480,8192,minecraft:forest,minecraft:plains,0.0034582939308671623,false
0,-16384,8192,minecraft:deep_lukewarm_ocean,,1.0,true
0,-12288,8192,minecraft:plains,minecraft:savanna,0.23536593764267044,false
0,-8192,8192,minecraft:plains,minecraft:forest,0.20014538965295836,false
0,-4096,8192,minecraft:forest,minecraft:plains,0.07536574568535304,false
0,0,8192,minecraft:deep_lukewarm_ocean,,1.0,true
0,4096,8192,minecraft:plains,minecraft:savanna,0.1917887660590163,false
0,8192,8192,minecraft:plains,minecraft:forest,0.24476933565094616,false
0,12288,8192,minecraft:forest,minecraft:plains,0.19404296641280472,false
0,16384,8192,minecraft:deep_lukewarm_ocean,,1.0,true
0,20480,8192,minecraft:plains,minecraft:savanna,0.19329953018379753,false
0,24576,8192,minecraft:plains,minecraft:forest,0.11284334031188736,false
0,28672,8192,minecraft:forest,minecraft:plains,0.1135011936430349,false
0,32768,8192,minecraft:deep_lukewarm_ocean,,1.0,true
0,-32768,12288,minecraft:deep_ocean,,1.0,true
0,-28672,12288,minecraft:plains,minecraft:savanna,0.26982153349421867,false
0,-24576,12288,minecraft:plains,minecraft:forest,0.025923707981803323,false
0,-20480,12288,minecraft:forest,minecraft:plains,0.1801539856281984,false
0,-16384,12288,minecraft:deep_ocean,,1.0,true
0,-12288,12288,minecraft:lukewarm_ocean,,1.0,true
0,-8192,12288,minecraft:forest,minecraft:plains,0.003201630103391695,false
0,-4096,12288,minecraft:forest,minecraft:birch_forest,0.17751713759984922,false
0,0,12288,minecraft:deep_ocean,,1.0,true
0,4096,12288,minecraft:plains,minecraft:savanna,0.2438467250795,false
0,8192,12288,minecraft:plains,minecraft:forest,0.004401574527110652,false
0,12288,12288,minecraft:forest,minecraft:birch_forest,0.12494867201434401,false
0,16384,12288,minecraft:deep_ocean,,1.0,true
0,20480,12288,minecraft:plains,minecraft:savanna,0.2147428058669112,false
0,24576,12288,minecraft:plains,minecraft:forest,0.16789073450894643,false
0,28672,12288,minecraft:forest,minecraft:plains,0.1507400539123398,false
0,32768,12288,minecraft:deep_lukewarm_ocean,,1.0,true
0,-32768,16384,minecraft:deep_ocean,,1.0,true
0,-28672,16384,minecraft:deep_ocean,,1.0,true
0,-24576,16384,minecraft:deep_ocean,,1.0,true
0,-20480,16384,minecraft:deep_ocean,,1.0,true
0,-16384,16384,minecraft:deep_ocean,,1.0,true
0,-12288,16384,minecraft:deep_ocean,,1.0,true
0,-8192,16384,minecraft:deep_ocean,,1.0,true
0,-4096,16384,minecraft:deep_ocean,,1.0,true
0,0,16384,minecraft:deep_ocean,,1.0,true
0,4096,16384,minecraft:deep_ocean,,1.0,true
0,8192,16384,minecraft:deep_ocean,,1.0,true
0,12288,16384,minecraft:deep_ocean,,1.0,true
0,16384,16384,minecraft:deep_ocean,,1.0,true
0,20480,16384,minecraft:deep_ocean,,1.0,true
0,24576,16384,minecraft:deep_ocean,,1.0,true
0,28672,16384,minecraft:deep_ocean,,1.0,true
0,32768,16384,minecraft:deep_ocean,,1.0,true
0,-32768,20480,minecraft:deep_ocean,,1.0,true
0,-28672,20480,minecraft:plains,minecraft:forest,0.1801847630146559,false
0,-24576,20480,minecraft:plains,minecraft:forest,0.2410442618283063,false
0,-20480,20480,minecraft:forest,minecraft:plains,0.14082478762906447,false
0,-16384,20480,minecraft:deep_ocean,,1.0,true
0,-12288,20480,minecraft:plains,minecraft:forest,0.1195259545449715,false
0,-8192,20480,minecraft:plains,minecraft:forest,0.2520377289729755,false
0,-4096,20480,minecraft:forest,minecraft:birch_forest,0.028859165661659136,false
0,0,20480,minecraft:deep_ocean,,1.0,true
0,4096,20480,minecraft:ocean,,1.0,true
0,8192,20480,minecraft:plains,minecraft:forest,0.18585461428906813,false
0,12288,20480,minecraft:forest,minecraft:plains,0.03480301144922404,false
0,16384,20480,minecraft:deep_ocean,,1.0,true
0,20480,20480,minecraft:plains,minecraft:forest,0.2660014538350812,false
0,24576,20480,minecraft:plains,minecraft:forest,0.08959911299900791,false
0,28672,20480,minecraft:ocean,,1.0,true
0,32768,20480,minecraft:deep_ocean,,1.0,true
0,-32768,24576,minecraft:deep_ocean,,1.0,true
0,-28672,24576,minecraft:plains,minecraft:forest,0.4091702922159334,false
0,-24576,24576,minecraft:plains,minecraft:forest,0.16095859197757212,false
0,-20480,24576,minecraft:forest,minecraft:birch_forest,0.09799349579298089,false
0,-16384,24576,minecraft:deep_ocean,,1.0,true
0,-12288,24576,minecraft:plains,minecraft:forest,0.08319759434346163,false
0,-8192,24576,minecraft:plains,minecraft:forest,0.011110651117050785,false
0,-4096,24576,minecraft:forest,minecraft:birch_forest,0.062392989662795606,false
0,0,24576,minecraft:deep_ocean,,1.0,true
0,4096,24576,minecraft:plains,minecraft:forest,0.3298469282985127,false
0,8192,24576,minecraft:plains,minecraft:forest,0.09487935802158798,false
0,12288,24576,minecraft:forest,minecraft:plains,0.10723202010623278,false
0,16384,24576,minecraft:deep_ocean,,1.0,true
0,20480,24576,minecraft:plains,minecraft:forest,0.3243465868445129,false
0,24576,24576,minecraft:plains,minecraft:forest,0.0401325254279743,false
0,28672,24576,minecraft:forest,minecraft:plains,0.012547022154007492,false
0,32768,24576,minecraft:deep_ocean,,1.0,true
0,-32768,28672,minecraft:deep_ocean,,1.0,true
0,-28672,28672,minecraft:ocean,,1.0,true
0,-24576,28672,minecraft:plains,minecraft:forest,0.07053402979931078,false
0,-20480,28672,minecraft:forest,minecraft:birch_forest,0.04735785463118203,false
0,-16384,28672,minecraft:deep_ocean,,1.0,true
0,-12288,28672,minecraft:plains,minecraft:forest,0.3350659935181415,false
0,-8192,28672,minecraft:forest,minecraft:plains,0.027489397243459446,false
0,-4096,28672,minecraft:forest,minecraft:birch_forest,0.014699723805761233,false
0,0,28672,minecraft:deep_ocean,,1.0,true
0,4096,28672,minecraft:plains,minecraft:forest,0.36950759531654076,false
0,8192,28672,minecraft:forest,minecraft:plains,0.0028069965494569304,false
0,12288,28672,minecraft:forest,minecraft:birch_forest,0.06119832259600699,false
0,16384,28672,minecraft:deep_ocean,,1.0,true
0,20480,28672,minecraft:plains,minecraft:forest,0.32445847144480944,false
0,24576,28672,minecraft:plains,minecraft:forest,0.12081887234603439,false
0,28672,28672,minecraft:forest,minecraft:birch_forest,0.019363011138716524,false
0,32768,28672,minecraft:deep_ocean,,1.0,true
0,-32768,32768,minecraft:deep_ocean,,1.0,true
0,-28672,32768,minecraft:deep_ocean,,1.0,true
0,-24576,32768,minecraft:deep_ocean,,1.0,true
0,-20480,32768,minecraft:deep_ocean,,1.0,true
0,-16384,32768,minecraft:deep_ocean,,1.0,true
0,-12288,32768,minecraft:deep_ocean,,1.0,true
0,-8192,32768,minecraft:deep_ocean,,1.0,true
0,-4096,32768,minecraft:deep_ocean,,1.0,true
0,0,32768,minecraft:deep_ocean,,1.0,true
0,4096,32768,minecraft:deep_ocean,,1.0,true
0,8192,32768,minecraft:deep_ocean,,1.0,true
0,12288,32768,minecraft:deep_ocean,,1.0,true
0,16384,32768,minecraft:deep_ocean,,1.0,true
0,20480,32768,minecraft:deep_ocean,,1.0,true
0,24576,32768,minecraft:deep_ocean,,1.0,true
0,28672,32768,minecraft:deep_ocean,,1.0,true
0,32768,32768,minecraft:deep_ocean,,1.0,true
9223372036854775807,-32768,-32768,minecraft:deep_ocean,,1.0,true
9223372036854775807,-28672,-32768,minecraft:deep_ocean,,1.0,true
9223372036854775807,-24576,-32768,minecraft:deep_ocean,,1.0,true
9223372036854775807,-20480,-32768,minecraft:deep_ocean,,1.0,true
9223372036854775807,-16384,-32768,minecraft:deep_ocean,,1.0,true
9223372036854775807,-12288,-32768,minecraft:deep_ocean,,1.0,true
9223372036854775807,-8192,-32768,minecraft:deep_ocean,,1.0,true
9223372036854775807,-4096,-32768,minecraft:deep_ocean,,1.0,true
9223372036854775807,0,-32768,minecraft:deep_ocean,,1.0,true
9223372036854775807,4096,-32768,minecraft:deep_ocean,,1.0,true
9223372036854775807,8192,-32768,minecraft:deep_ocean,,1.0,true
9223372036854775807,12288,-32768,minecraft:deep_ocean,,1.0,true
9223372036854775807,16384,-32768,minecraft:deep_ocean,,1.0,true
9223372036854775807,20480,-32768,minecraft:deep_ocean,,1.0,true
9223372036854775807,24576,-32768,minecraft:deep_ocean,,1.0,true
9223372036854775807,28672,-32768,minecraft:deep_ocean,,1.0,true
9223372036854775807,32768,-32768,minecraft:deep_ocean,,1.0,true
9223372036854775807,-32768,-28672,minecraft:deep_ocean,,1.0,true
9223372036854775807,-28672,-28672,minecraft:plains,minecraft:forest,0.33347512480591124,false
9223372036854775807,-24576,-28672,minecraft:plains,minecraft:forest,0.029222840092540836,false
9223372036854775807,-20480,-28672,minecraft:birch_forest,minecraft:forest,0.0023342677919708787,false
9223372036854775807,-16384,-28672,minecraft:deep_ocean,,1.0,true
9223372036854775807,-12288,-28672,minecraft:plains,minecraft:forest,0.2197894102263368,false
9223372036854775807,-8192,-28672,minecraft:plains,minecraft:forest,0.11813402252991567,false
9223372036854775807,-4096,-28672,minecraft:forest,minecraft:birch_forest,0.03483738167359718,false
9223372036854775807,0,-28672,minecraft:deep_ocean,,1.0,true
9223372036854775807,4096,-28672,minecraft:plains,minecraft:forest,0.24599665309632612,false
9223372036854775807,8192,-28672,minecraft:plains,minecraft:forest,0.1156431960368628,false
9223372036854775807,12288,-28672,minecraft:birch_forest,minecraft:forest,0.006598514751878226,false
9223372036854775807,16384,-28672,minecraft:deep_ocean,,1.0,true
9223372036854775807,20480,-28672,minecraft:plains,minecraft:forest,0.31504625186348223,false
9223372036854775807,24576,-28672,minecraft:plains,minecraft:forest,0.05251258431037198,false
9223372036854775807,28672,-28672,minecraft:forest,minecraft:birch_forest,0.016255175567993052,false
9223372036854775807,32768,-28672,minecraft:deep_ocean,,1.0,true
9223372036854775807,-32768,-24576,minecraft:deep_ocean,,1.0,true
9223372036854775807,-28672,-24576,minecraft:plains,minecraft:forest,0.4220847358712839,false
9223372036854775807,-24576,-24576,minecraft:plains,minecraft:forest,0.25148330185865764,false
9223372036854775807,-20480,-24576,minecraft:forest,minecraft:plains,0.06447873388906833,false
9223372036854775807,-16384,-24576,minecraft:deep_ocean,,1.0,true
9223372036854775807,-12288,-24576,minecraft:plains,minecraft:forest,0.3679058085213097,false
9223372036854775807,-8192,-24576,minecraft:plains,minecraft:forest,0.042900276727135256,false
9223372036854775807,-4096,-24576,minecraft:forest,minecraft:plains,0.012862081115281532,false
9223372036854775807,0,-24576,minecraft:deep_ocean,,1.0,true
9223372036854775807,4096,-24576,minecraft:plains,minecraft:forest,0.07734597760780115,false
9223372036854775807,8192,-24576,minecraft:plains,minecraft:forest,0.06811787722953999,false
9223372036854775807,12288,-24576,minecraft:forest,minecraft:plains,0.11674317106099696,false
9223372036854775807,16384,-24576,minecraft:deep_ocean,,1.0,true
9223372036854775807,20480,-24576,minecraft:plains,minecraft:forest,0.40675722393239977,false
9223372036854775807,24576,-24576,minecraft:plains,minecraft:forest,0.09512968244111031,false
9223372036854775807,28672,-24576,minecraft:forest,minecraft:plains,0.012013353312250397,false
9223372036854775807,32768,-24576,minecraft:deep_ocean,,1.0,true
9223372036854775807,-32768,-20480,minecraft:deep_ocean,,1.0,true
9223372036854775807,-28672,-20480,minecraft:plains,minecraft:forest,0.12583688124082337,false
9223372036854775807,-24576,-20480,minecraft:plains,minecraft:forest,0.22952263682337126,false
9223372036854775807,-20480,-20480,minecraft:forest,minecraft:plains,7.573967735031717E-4,false
9223372036854775807,-16384,-20480,minecraft:deep_ocean,,1.0,true
9223372036854775807,-12288,-20480,minecraft:plains,minecraft:forest,0.2116251032672024,false
9223372036854775807,-8192,-20480,minecraft:plains,minecraft:forest,0.07422728995951688,false
9223372036854775807,-4096,-20480,minecraft:forest,minecraft:plains,0.04664037779445951,false
9223372036854775807,0,-20480,minecraft:deep_ocean,,1.0,true
9223372036854775807,4096,-20480,minecraft:plains,minecraft:forest,0.08969478593699576,false
9223372036854775807,8192,-20480,minecraft:plains,minecraft:forest,0.124157576359185,false
9223372036854775807,12288,-20480,minecraft:forest,minecraft:birch_forest,0.14247375571894716,false
9223372036854775807,16384,-20480,minecraft:deep_ocean,,1.0,true
9223372036854775807,20480,-20480,minecraft:plains,minecraft:forest,0.2707094184105062,false
9223372036854775807,24576,-20480,minecraft:plains,minecraft:forest,0.05155180662692915,false
9223372036854775807,28672,-20480,minecraft:forest,minecraft:plains,0.11016285301235229,false
9223372036854775807,32768,-20480,minecraft:deep_ocean,,1.0,true
9223372036854775807,-32768,-16384,minecraft:deep_ocean,,1.0,true
9223372036854775807,-28672,-16384,minecraft:deep_ocean,,1.0,true
9223372036854775807,-24576,-16384,minecraft:deep_ocean,,1.0,true
9223372036854775807,-20480,-16384,minecraft:deep_ocean,,1.0,true
9223372036854775807,-16384,-16384,minecraft:deep_ocean,,1.0,true
9223372036854775807,-12288,-16384,minecraft:deep_ocean,,1.0,true
9223372036854775807,-8192,-16384,minecraft:deep_ocean,,1.0,true
9223372036854775807,-4096,-16384,minecraft:deep_ocean,,1.0,true
9223372036854775807,0,-16384,minecraft:deep_ocean,,1.0,true
9223372036854775807,4096,-16384,minecraft:deep_ocean,,1.0,true
9223372036854775807,8192,-16384,minecraft:deep_ocean,,1.0,true
9223372036854775807,12288,-16384,minecraft:deep_ocean,,1.0,true
9223372036854775807,16384,-16384,minecraft:deep_ocean,,1.0,true
9223372036854775807,20480,-16384,minecraft:deep_ocean,,1.0,true
9223372036854775807,24576,-16384,minecraft:deep_ocean,,1.0,true
9223372036854775807,28672,-16384,minecraft:deep_ocean,,1.0,true
9223372036854775807,32768,-16384,minecraft:deep_ocean,,1.0,true
9223372036854775807,-32768,-12288,minecraft:deep_ocean,,1.0,true
9223372036854775807,-28672,-12288,minecraft:plains,minecraft:savanna,0.25739219861905627,false
9223372036854775807,-24576,-12288,minecraft:plains,minecraft:forest,0.16845693504991233,false
9223372036854775807,-20480,-12288,minecraft:forest,minecraft:birch_forest,0.12877846356054412,false
9223372036854775807,-16384,-12288,minecraft:deep_lukewarm_ocean,,1.0,true
9223372036854775807,-12288,-12288,minecraft:plains,minecraft:savanna,0.2632754435571827,false
9223372036854775807,-8192,-12288,minecraft:plains,minecraft:forest,0.21365864515487332,false
9223372036854775807,-4096,-12288,minecraft:forest,minecraft:plains,0.11121502200520728,false
9223372036854775807,0,-12288,minecraft:deep_ocean,,1.0,true
9223372036854775807,4096,-12288,minecraft:plains,minecraft:savanna,0.240403347442388,false
9223372036854775807,8192,-12288,minecraft:plains,minecraft:forest,0.16251334597359446,false
9223372036854775807,12288,-12288,minecraft:forest,minecraft:birch_forest,0.16890594422860827,false
9223372036854775807,16384,-12288,minecraft:deep_ocean,,1.0,true
9223372036854775807,20480,-12288,minecraft:plains,minecraft:savanna,0.25315454506874935,false
9223372036854775807,24576,-12288,minecraft:plains,minecraft:forest,0.029859224075209023,false
9223372036854775807,28672,-12288,minecraft:forest,minecraft:plains,0.16489980366026324,false
9223372036854775807,32768,-12288,minecraft:deep_lukewarm_ocean,,1.0,true
9223372036854775807,-32768,-8192,minecraft:deep_lukewarm_ocean,,1.0,true
9223372036854775807,-28672,-8192,minecraft:plains,minecraft:savanna,0.19148637877996844,false
9223372036854775807,-24576,-8192,minecraft:plains,minecraft:forest,0.08951421942285309,false
9223372036854775807,-20480,-8192,minecraft:forest,minecraft:plains,0.12934863293301113,false
9223372036854775807,-16384,-8192,minecraft:deep_lukewarm_ocean,,1.0,true
9223372036854775807,-12288,-8192,minecraft:plains,minecraft:savanna,0.20493180061894622,false
9223372036854775807,-8192,-8192,minecraft:plains,minecraft:forest,0.13976385276807934,false
9223372036854775807,-4096,-8192,minecraft:forest,minecraft:plains,0.1304060998084564,false
9223372036854775807,0,-8192,minecraft:deep_lukewarm_ocean,,1.0,true
9223372036854775807,4096,-8192,minecraft:plains,minecraft:savanna,0.1906171895886486,false
9223372036854775807,8192,-8192,minecraft:plains,minecraft:forest,0.2030755593804453,false
9223372036854775807,12288,-8192,minecraft:forest,minecraft:plains,0.012805183977075418,false
9223372036854775807,16384,-8192,minecraft:deep_lukewarm_ocean,,1.0,true
9223372036854775807,20480,-8192,minecraft:plains,minecraft:savanna,0.2105004804521221,false
9223372036854775807,24576,-8192,minecraft:plains,minecraft:forest,0.23033347374900448,false
9223372036854775807,28672,-8192,minecraft:forest,minecraft:plains,0.015325575603128194,false
9223372036854775807,32768,-8192,minecraft:deep_lukewarm_ocean,,1.0,true
9223372036854775807,-32768,-4096,minecraft:deep_lukewarm_ocean,,1.0,true
9223372036854775807,-28672,-4096,minecraft:plains,minecraft:savanna,0.10292650057918495,false
9223372036854775807,-24576,-4096,minecraft:plains,minecraft:forest,0.05499051149059908,false
9223372036854775807,-20480,-4096,minecraft:forest,minecraft:plains,0.09660764468188276,false
9223372036854775807,-16384,-4096,minecraft:deep_lukewarm_ocean,,1.0,true
9223372036854775807,-12288,-4096,minecraft:plains,minecraft:savanna,0.08046078355350206,false
9223372036854775807,-8192,-4096,minecraft:plains,minecraft:savanna,0.11111348012909006,false
9223372036854775807,-4096,-4096,minecraft:forest,minecraft:plains,0.04066272160483497,false
9223372036854775807,0,-4096,minecraft:deep_lukewarm_ocean,,1.0,true
9223372036854775807,4096,-4096,minecraft:plains,minecraft:savanna,0.0698585297314489,false
9223372036854775807,8192,-4096,minecraft:plains,minecraft:savanna,0.11380912164292278,false
9223372036854775807,12288,-4096,minecraft:forest,minecraft:plains,0.057809376481842145,false
9223372036854775807,16384,-4096,minecraft:deep_lukewarm_ocean,,1.0,true
9223372036854775807,20480,-4096,minecraft:plains,minecraft:savanna,0.09387281315132945,false
9223372036854775807,24576,-4096,minecraft:plains,minecraft:forest,0.07296825726920575,false
9223372036854775807,28672,-4096,minecraft:forest,minecraft:plains,0.23451345114655464,false
9223372036854775807,32768,-4096,minecraft:deep_lukewarm_ocean,,1.0,true
9223372036854775807,-32768,0,minecraft:deep_lukewarm_ocean,,1.0,true
9223372036854775807,-28672,0,minecraft:deep_lukewarm_ocean,,1.0,true
9223372036854775807,-24576,0,minecraft:deep_lukewarm_ocean,,1.0,true
9223372036854775807,-20480,0,minecraft:deep_lukewarm_ocean,,1.0,true
9223372036854775807,-16384,0,minecraft:deep_lukewarm_ocean,,1.0,true
9223372036854775807,-12288,0,minecraft:deep_lukewarm_ocean,,1.0,true
9223372036854775807,-8192,0,minecraft:deep_lukewarm_ocean,,1.0,true
9223372036854775807,-4096,0,minecraft:deep_lukewarm_ocean,,1.0,true
9223372036854775807,0,0,minecraft:deep_lukewarm_ocean,,1.0,true
9223372036854775807,4096,0,minecraft:deep_lukewarm_ocean,,1.0,true
9223372036854775807,8192,0,minecraft:deep_lukewarm_ocean,,1.0,true
9223372036854775807,12288,0,minecraft:deep_lukewarm_ocean,,1.0,true
9223372036854775807,16384,0,minecraft:deep_lukewarm_ocean,,1.0,true
9223372036854775807,20480,0,minecraft:deep_lukewarm_ocean,,1.0,true
9223372036854775807,24576,0,minecraft:deep_lukewarm_ocean,,1.0,true
9223372036854775807,28672,0,minecraft:deep_lukewarm_ocean,,1.0,true
9223372036854775807,32768,0,minecraft:deep_lukewarm_ocean,,1.0,true
9223372036854775807,-32768,4096,minecraft:deep_lukewarm_ocean,,1.0,true
9223372036854775807,-28672,4096,minecraft:plains,minecraft:savanna,0.07496228911787295,false
9223372036854775807,-24576,4096,minecraft:plains,minecraft:savanna,0.12223601939007411,false
9223372036854775807,-20480,4096,minecraft:forest,minecraft:plains,0.15716070534611093,false
9223372036854775807,-16384,4096,minecraft:deep_lukewarm_ocean,,1.0,true
9223372036854775807,-12288,4096,minecraft:plains,minecraft:savanna,0.07677924870158681,false
9223372036854775807,-8192,4096,minecraft:plains,minecraft:savanna,0.14254751112532382,false
9223372036854775807,-4096,4096,minecraft:forest,minecraft:plains,0.03164415361722117,false
9223372036854775807,0,4096,minecraft:deep_lukewarm_ocean,,1.0,true
9223372036854775807,4096,4096,minecraft:lukewarm_ocean,,1.0,true
9223372036854775807,8192,4096,minecraft:plains,minecraft:savanna,0.11271795033932341,false
9223372036854775807,12288,4096,minecraft:forest,minecraft:plains,0.09596873072398915,false
9223372036854775807,16384,4096,minecraft:deep_lukewarm_ocean,,1.0,true
9223372036854775807,20480,4096,minecraft:plains,minecraft:savanna,0.09744956200023158,false
9223372036854775807,24576,4096,minecraft:plains,minecraft:savanna,0.1237880598894372,false
9223372036854775807,28672,4096,minecraft:forest,minecraft:plains,0.06045322204231873,false
9223372036854775807,32768,4096,minecraft:deep_lukewarm_ocean,,1.0,true
9223372036854775807,-32768,8192,minecraft:deep_lukewarm_ocean,,1.0,true
9223372036854775807,-28672,8192,minecraft:plains,minecraft:savanna,0.18962280364040895,false
9223372036854775807,-24576,8192,minecraft:plains,minecraft:forest,0.22522939342212167,false
9223372036854775807,-20480,8192,minecraft:forest,minecraft:plains,0.08322700831879648,false
9223372036854775807,-16384,8192,minecraft:deep_lukewarm_ocean,,1.0,true
9223372036854775807,-12288,8192,minecraft:plains,minecraft:savanna,0.1714085067102893,false
9223372036854775807,-8192,8192,minecraft:plains,minecraft:forest,0.18102604695383806,false
9223372036854775807,-4096,8192,minecraft:forest,minecraft:plains,0.13438366726093187,false
9223372036854775807,0,8192,minecraft:deep_lukewarm_ocean,,1.0,true
9223372036854775807,4096,8192,minecraft:plains,minecraft:savanna,0.19917644365788456,false
9223372036854775807,8192,8192,minecraft:forest,minecraft:plains,0.07300977875560566,false
9223372036854775807,12288,8192,minecraft:forest,minecraft:plains,0.044364451409078964,false
9223372036854775807,16384,8192,minecraft:deep_lukewarm_ocean,,1.0,true
9223372036854775807,20480,8192,minecraft:plains,minecraft:savanna,0.19294937300559267,false
9223372036854775807,24576,8192,minecraft:plains,minecraft:forest,0.0857116384201505,false
9223372036854775807,28672,8192,minecraft:forest,minecraft:plains,0.11862929930458643,false
9223372036854775807,32768,8192,minecraft:deep_lukewarm_ocean,,1.0,true
9223372036854775807,-32768,12288,minecraft:deep_ocean,,1.0,true
9223372036854775807,-28672,12288,minecraft:plains,minecraft:savanna,0.24490782315401216,false
9223372036854775807,-24576,12288,minecraft:plains,minecraft:forest,0.12590013394514066,false
9223372036854775807,-20480,12288,minecraft:forest,minecraft:birch_forest,0.13104735813901092,false
9223372036854775807,-16384,12288,minecraft:deep_ocean,,1.0,true
9223372036854775807,-12288,12288,minecraft:plains,minecraft:savanna,0.23536479782434006,false
9223372036854775807,-8192,12288,minecraft:forest,minecraft:plains,0.058942571662430554,false
9223372036854775807,-4096,12288,minecraft:forest,minecraft:birch_forest,0.14169859798031514,false
9223372036854775807,0,12288,minecraft:deep_ocean,,1.0,true
9223372036854775807,4096,12288,minecraft:plains,minecraft:savanna,0.24758149914673433,false
9223372036854775807,8192,12288,minecraft:plains,minecraft:forest,0.1598815918171098,false
9223372036854775807,12288,12288,minecraft:forest,minecraft:birch_forest,0.1630533628705012,false
9223372036854775807,16384,12288,minecraft:deep_ocean,,1.0,true
9223372036854775807,20480,12288,minecraft:plains,minecraft:savanna,0.2348253864229739,false
9223372036854775807,24576,12288,minecraft:plains,minecraft:forest,0.12292247898236952,false
9223372036854775807,28672,12288,minecraft:forest,minecraft:dark_forest,0.14612072212631277,false
9223372036854775807,32768,12288,minecraft:deep_ocean,,1.0,true
9223372036854775807,-32768,16384,minecraft:deep_ocean,,1.0,true
9223372036854775807,-28672,16384,minecraft:deep_ocean,,1.0,true
9223372036854775807,-24576,16384,minecraft:deep_ocean,,1.0,true
9223372036854775807,-20480,16384,minecraft:deep_ocean,,1.0,true
9223372036854775807,-16384,16384,minecraft:deep_ocean,,1.0,true
9223372036854775807,-12288,16384,minecraft:deep_ocean,,1.0,true
9223372036854775807,-8192,16384,minecraft:deep_ocean,,1.0,true
9223372036854775807,-4096,16384,minecraft:deep_ocean,,1.0,true
9223372036854775807,0,16384,minecraft:deep_ocean,,1.0,true
9223372036854775807,4096,16384,minecraft:deep_ocean,,1.0,true
9223372036854775807,8192,16384,minecraft:deep_ocean,,1.0,true
9223372036854775807,12288,16384,minecraft:deep_ocean,,1.0,true
9223372036854775807,16384,16384,minecraft:deep_ocean,,1.0,true
9223372036854775807,20480,16384,minecraft:deep_ocean,,1.0,true
9223372036854775807,24576,16384,minecraft:deep_ocean,,1.0,true
9223372036854775807,28672,16384,minecraft:deep_ocean,,1.0,true
9223372036854775807,32768,16384,minecraft:deep_ocean,,1.0,true
9223372036854775807,-32768,20480,minecraft:deep_ocean,,1.0,true
9223372036854775807,-28672,20480,minecraft:plains,minecraft:forest,0.16312527866591686,false
9223372036854775807,-24576,20480,minecraft:plains,minecraft:forest,0.06480057590573407,false
9223372036854775807,-20480,20480,minecraft:forest,minecraft:plains,0.01946928660458702,false
9223372036854775807,-16384,20480,minecraft:deep_ocean,,1.0,true
9223372036854775807,-12288,20480,minecraft:plains,minecraft:forest,0.1024235477122648,false
9223372036854775807,-8192,20480,minecraft:plains,minecraft:forest,0.1429645405437323,false
9223372036854775807,-4096,20480,minecraft:forest,minecraft:plains,0.09769009520007599,false
9223372036854775807,0,20480,minecraft:deep_ocean,,1.0,true
9223372036854775807,4096,20480,minecraft:plains,minecraft:forest,0.20825024434474848,false
9223372036854775807,8192,20480,minecraft:plains,minecraft:forest,0.06157117526086031,false
9223372036854775807,12288,20480,minecraft:forest,minecraft:birch_forest,0.07745656650858512,false
9223372036854775807,16384,20480,minecraft:deep_ocean,,1.0,true
9223372036854775807,20480,20480,minecraft:plains,minecraft:forest,0.20583133381819518,false
9223372036854775807,24576,20480,minecraft:plains,minecraft:forest,0.23567368175458958,false
9223372036854775807,28672,20480,minecraft:forest,minecraft:birch_forest,0.12958669528898836,false
9223372036854775807,32768,20480,minecraft:deep_ocean,,1.0,true
9223372036854775807,-32768,24576,minecraft:deep_ocean,,1.0,true
9223372036854775807,-28672,24576,minecraft:plains,minecraft:forest,0.23624980215021063,false
9223372036854775807,-24576,24576,minecraft:plains,minecraft:forest,0.09464326916365629,false
9223372036854775807,-20480,24576,minecraft:forest,minecraft:birch_forest,0.07505265524098248,false
9223372036854775807,-16384,24576,minecraft:deep_ocean,,1.0,true
9223372036854775807,-12288,24576,minecraft:plains,minecraft:forest,0.39448945164828186,false
9223372036854775807,-8192,24576,minecraft:plains,minecraft:forest,0.19127156963953018,false
9223372036854775807,-4096,24576,minecraft:forest,minecraft:plains,0.03246488437364525,false
9223372036854775807,0,24576,minecraft:deep_ocean,,1.0,true
9223372036854775807,4096,24576,minecraft:plains,minecraft:forest,0.31232157365456037,false
9223372036854775807,8192,24576,minecraft:plains,minecraft:forest,0.10056414977639971,false
9223372036854775807,12288,24576,minecraft:forest,minecraft:birch_forest,0.07059894272187339,false
9223372036854775807,16384,24576,minecraft:deep_ocean,,1.0,true
9223372036854775807,20480,24576,minecraft:plains,minecraft:forest,0.2468070935072738,false
9223372036854775807,24576,24576,minecraft:plains,minecraft:forest,0.2582230793233291,false
9223372036854775807,28672,24576,minecraft:forest,minecraft:birch_forest,0.10225870364964618,false
9223372036854775807,32768,24576,minecraft:deep_ocean,,1.0,true
9223372036854775807,-32768,28672,minecraft:deep_ocean,,1.0,true
9223372036854775807,-28672,28672,minecraft:plains,minecraft:forest,0.3082410749355945,false
9223372036854775807,-24576,28672,minecraft:plains,minecraft:forest,0.1532256402932065,false
9223372036854775807,-20480,28672,minecraft:ocean,,1.0,true
9223372036854775807,-16384,28672,minecraft:deep_ocean,,1.0,true
9223372036854775807,-12288,28672,minecraft:ocean,,1.0,true
9223372036854775807,-8192,28672,minecraft:forest,minecraft:plains,0.009037515743775093,false
9223372036854775807,-4096,28672,minecraft:birch_forest,minecraft:forest,0.005276599193883236,false
9223372036854775807,0,28672,minecraft:deep_ocean,,1.0,true
9223372036854775807,4096,28672,minecraft:plains,minecraft:forest,0.2864715390497452,false
9223372036854775807,8192,28672,minecraft:forest,minecraft:plains,0.06829727899766747,false
9223372036854775807,12288,28672,minecraft:ocean,,1.0,true
9223372036854775807,16384,28672,minecraft:deep_ocean,,1.0,true
9223372036854775807,20480,28672,minecraft:plains,minecraft:forest,0.33254970896787006,false
9223372036854775807,24576,28672,minecraft:plains,minecraft:forest,0.14811348362735421,false
9223372036854775807,28672,28672,minecraft:forest,minecraft:birch_forest,0.04355281387774734,false
9223372036854775807,32768,28672,minecraft:deep_ocean,,1.0,true
9223372036854775807,-32768,32768,minecraft:deep_ocean,,1.0,true
9223372036854775807,-28672,32768,minecraft:deep_ocean,,1.0,true
9223372036854775807,-24576,32768,minecraft:deep_ocean,,1.0,true
9223372036854775807,-20480,32768,minecraft:deep_ocean,,1.0,true
9223372036854775807,-16384,32768,minecraft:deep_ocean,,1.0,true
9223372036854775807,-12288,32768,minecraft:deep_ocean,,1.0,true
9223372036854775807,-8192,32768,minecraft:deep_ocean,,1.0,true
9223372036854775807,-4096,32768,minecraft:deep_ocean,,1.0,true
9223372036854775807,0,32768,minecraft:deep_ocean,,1.0,true
9223372036854775807,4096,32768,minecraft:deep_ocean,,1.0,true
9223372036854775807,8192,32768,minecraft:deep_ocean,,1.0,true
9223372036854775807,12288,32768,minecraft:deep_ocean,,1.0,true
9223372036854775807,16384,32768,minecraft:deep_ocean,,1.0,true
9223372036854775807,20480,32768,minecraft:deep_ocean,,1.0,true
9223372036854775807,24576,32768,minecraft:deep_ocean,,1.0,true
9223372036854775807,28672,32768,minecraft:deep_ocean,,1.0,true
9223372036854775807,32768,32768,minecraft:deep_ocean,,1.0,true
-9223372036854775807,-32768,-32768,minecraft:deep_ocean,,1.0,true
-9223372036854775807,-28672,-32768,minecraft:deep_ocean,,1.0,true
-9223372036854775807,-24576,-32768,minecraft:deep_ocean,,1.0,true
-9223372036854775807,-20480,-32768,minecraft:deep_ocean,,1.0,true
-9223372036854775807,-16384,-32768,minecraft:deep_ocean,,1.0,true
-9223372036854775807,-12288,-32768,minecraft:deep_ocean,,1.0,true
-9223372036854775807,-8192,-32768,minecraft:deep_ocean,,1.0,true
-9223372036854775807,-4096,-32768,minecraft:deep_ocean,,1.0,true
-9223372036854775807,0,-32768,minecraft:deep_ocean,,1.0,true
-9223372036854775807,4096,-32768,minecraft:deep_ocean,,1.0,true
-9223372036854775807,8192,-32768,minecraft:deep_ocean,,1.0,true
-9223372036854775807,12288,-32768,minecraft:deep_ocean,,1.0,true
-9223372036854775807,16384,-32768,minecraft:deep_ocean,,1.0,true
-9223372036854775807,20480,-32768,minecraft:deep_ocean,,1.0,true
-9223372036854775807,24576,-32768,minecraft:deep_ocean,,1.0,true
-9223372036854775807,28672,-32768,minecraft:deep_ocean,,1.0,true
-9223372036854775807,32768,-32768,minecraft:deep_ocean,,1.0,true
-9223372036854775807,-32768,-28672,minecraft:deep_ocean,,1.0,true
-9223372036854775807,-28672,-28672,minecraft:plains,minecraft:forest,0.32861927938953484,false
-9223372036854775807,-24576,-28672,minecraft:plains,minecraft:forest,0.07437783611077498,false
-9223372036854775807,-20480,-28672,minecraft:forest,minecraft:birch_forest,0.09563866602263871,false
-9223372036854775807,-16384,-28672,minecraft:deep_ocean,,1.0,true
-9223372036854775807,-12288,-28672,minecraft:plains,minecraft:forest,0.28210129797768535,false
-9223372036854775807,-8192,-28672,minecraft:forest,minecraft:plains,0.026493371698375623,false
-9223372036854775807,-4096,-28672,minecraft:birch_forest,minecraft:forest,0.011953938008351317,false
-9223372036854775807,0,-28672,minecraft:deep_ocean,,1.0,true
-9223372036854775807,4096,-28672,minecraft:plains,minecraft:forest,0.4093592948804834,false
-9223372036854775807,8192,-28672,minecraft:forest,minecraft:plains,0.015880068401937675,false
-9223372036854775807,12288,-28672,minecraft:birch_forest,minecraft:forest,0.009564360040370534,false
-9223372036854775807,16384,-28672,minecraft:deep_ocean,,1.0,true
-9223372036854775807,20480,-28672,minecraft:ocean,,1.0,true
-9223372036854775807,24576,-28672,minecraft:plains,minecraft:forest,0.0949149731692891,false
-9223372036854775807,28672,-28672,minecraft:forest,minecraft:birch_forest,0.014870747426595554,false
-9223372036854775807,32768,-28672,minecraft:deep_ocean,,1.0,true
-9223372036854775807,-32768,-24576,minecraft:deep_ocean,,1.0,true
-9223372036854775807,-28672,-24576,minecraft:plains,minecraft:forest,0.3598801745622374,false
-9223372036854775807,-24576,-24576,minecraft:plains,minecraft:forest,0.18280344471671595,false
-9223372036854775807,-20480,-24576,minecraft:forest,minecraft:plains,0.012294058353424675,false
-9223372036854775807,-16384,-24576,minecraft:deep_ocean,,1.0,true
-9223372036854775807,-12288,-24576,minecraft:plains,minecraft:forest,0.24974027283236166,false
-9223372036854775807,-8192,-24576,minecraft:plains,minecraft:forest,0.10395046572589717,false
-9223372036854775807,-4096,-24576,minecraft:forest,minecraft:birch_forest,0.08164290201524615,false
-9223372036854775807,0,-24576,minecraft:deep_ocean,,1.0,true
-9223372036854775807,4096,-24576,minecraft:plains,minecraft:forest,0.2825009710611678,false
-9223372036854775807,8192,-24576,minecraft:plains,minecraft:forest,0.1152517967090897,false
-9223372036854775807,12288,-24576,minecraft:forest,minecraft:birch_forest,0.07184613358925751,false
-9223372036854775807,16384,-24576,minecraft:deep_ocean,,1.0,true
-9223372036854775807,20480,-24576,minecraft:plains,minecraft:forest,0.40350148797413965,false
-9223372036854775807,24576,-24576,minecraft:forest,minecraft:plains,0.07224952314932254,false
-9223372036854775807,28672,-24576,minecraft:forest,minecraft:plains,0.10435136363787945,false
-9223372036854775807,32768,-24576,minecraft:deep_ocean,,1.0,true
-9223372036854775807,-32768,-20480,minecraft:deep_ocean,,1.0,true
-9223372036854775807,-28672,-20480,minecraft:plains,minecraft:forest,0.20839703483493066,false
-9223372036854775807,-24576,-20480,minecraft:plains,minecraft:forest,0.12580855173945238,false
-9223372036854775807,-20480,-20480,minecraft:forest,minecraft:plains,0.10321735601876791,false
-9223372036854775807,-16384,-20480,minecraft:deep_ocean,,1.0,true
-9223372036854775807,-12288,-20480,minecraft:plains,minecraft:forest,0.030276745968979224,false
-9223372036854775807,-8192,-20480,minecraft:plains,minecraft:forest,0.14831394569905987,false
-9223372036854775807,-4096,-20480,minecraft:forest,minecraft:plains,0.019562933471237054,false
-9223372036854775807,0,-20480,minecraft:deep_ocean,,1.0,true
-9223372036854775807,4096,-20480,minecraft:plains,minecraft:forest,0.19755697062399602,false
-9223372036854775807,8192,-20480,minecraft:plains,minecraft:forest,0.11683068958222997,false
-9223372036854775807,12288,-20480,minecraft:forest,minecraft:birch_forest,0.12631717767146755,false
-9223372036854775807,16384,-20480,minecraft:deep_ocean,,1.0,true
-9223372036854775807,20480,-20480,minecraft:plains,minecraft:forest,0.1512447985283395,false
-9223372036854775807,24576,-20480,minecraft:plains,minecraft:forest,0.07200966030181599,false
-9223372036854775807,28672,-20480,minecraft:plains,minecraft:forest,0.009337768006207336,false
-9223372036854775807,32768,-20480,minecraft:deep_ocean,,1.0,true
-9223372036854775807,-32768,-16384,minecraft:deep_ocean,,1.0,true
-9223372036854775807,-28672,-16384,minecraft:deep_ocean,,1.0,true
-9223372036854775807,-24576,-16384,minecraft:deep_ocean,,1.0,true
-9223372036854775807,-20480,-16384,minecraft:deep_ocean,,1.0,true
-9223372036854775807,-16384,-16384,minecraft:deep_ocean,,1.0,true
-9223372036854775807,-12288,-16384,minecraft:deep_ocean,,1.0,true
-9223372036854775807,-8192,-16384,minecraft:deep_ocean,,1.0,true
-9223372036854775807,-4096,-16384,minecraft:deep_ocean,,1.0,true
-9223372036854775807,0,-16384,minecraft:deep_ocean,,1.0,true
-9223372036854775807,4096,-16384,minecraft:deep_ocean,,1.0,true
-9223372036854775807,8192,-16384,minecraft:deep_ocean,,1.0,true
-9223372036854775807,12288,-16384,minecraft:deep_ocean,,1.0,true
-9223372036854775807,16384,-16384,minecraft:deep_ocean,,1.0,true
-9223372036854775807,20480,-16384,minecraft:deep_ocean,,1.0,true
-9223372036854775807,24576,-16384,minecraft:deep_ocean,,1.0,true
-9223372036854775807,28672,-16384,minecraft:deep_ocean,,1.0,true
-9223372036854775807,32768,-16384,minecraft:deep_ocean,,1.0,true
-9223372036854775807,-32768,-12288,minecraft:deep_ocean,,1.0,true
-9223372036854775807,-28672,-12288,minecraft:plains,minecraft:savanna,0.25173473383025,false
-9223372036854775807,-24576,-12288,minecraft:plains,minecraft:forest,0.04743171990083872,false
-9223372036854775807,-20480,-12288,minecraft:forest,minecraft:birch_forest,0.1516502376978145,false
-9223372036854775807,-16384,-12288,minecraft:deep_ocean,,1.0,true
-9223372036854775807,-12288,-12288,minecraft:plains,minecraft:savanna,0.22258025051610986,false
-9223372036854775807,-8192,-12288,minecraft:plains,minecraft:forest,0.07822902880701821,false
-9223372036854775807,-4096,-12288,minecraft:forest,minecraft:birch_forest,0.14220513158553794,false
-9223372036854775807,0,-12288,minecraft:deep_ocean,,1.0,true
-9223372036854775807,4096,-12288,minecraft:plains,minecraft:forest,0.23193579661555963,false
-9223372036854775807,8192,-12288,minecraft:plains,minecraft:forest,0.09261916199400444,false
-9223372036854775807,12288,-12288,minecraft:lukewarm_ocean,,1.0,true
-9223372036854775807,16384,-12288,minecraft:deep_ocean,,1.0,true
-9223372036854775807,20480,-12288,minecraft:plains,minecraft:savanna,0.25588039722218237,false
-9223372036854775807,24576,-12288,minecraft:plains,minecraft:forest,0.06494888576182956,false
-9223372036854775807,28672,-12288,minecraft:forest,minecraft:birch_forest,0.14446807961205732,false
-9223372036854775807,32768,-12288,minecraft:deep_lukewarm_ocean,,1.0,true
-9223372036854775807,-32768,-8192,minecraft:deep_lukewarm_ocean,,1.0,true
-9223372036854775807,-28672,-8192,minecraft:plains,minecraft:savanna,0.21779556710428216,false
-9223372036854775807,-24576,-8192,minecraft:plains,minecraft:forest,0.10749170634371685,false
-9223372036854775807,-20480,-8192,minecraft:forest,minecraft:plains,0.0472595963603506,false
-9223372036854775807,-16384,-8192,minecraft:deep_lukewarm_ocean,,1.0,true
-9223372036854775807,-12288,-8192,minecraft:plains,minecraft:savanna,0.1894439167688855,false
-9223372036854775807,-8192,-8192,minecraft:plains,minecraft:forest,0.2059184549226054,false
-9223372036854775807,-4096,-8192,minecraft:plains,minecraft:forest,0.012362497182776377,false
-9223372036854775807,0,-8192,minecraft:deep_lukewarm_ocean,,1.0,true
-9223372036854775807,4096,-8192,minecraft:plains,minecraft:savanna,0.20276763852044688,false
-9223372036854775807,8192,-8192,minecraft:plains,minecraft:forest,0.16609015410991324,false
-9223372036854775807,12288,-8192,minecraft:forest,minecraft:plains,0.1476268253103521,false
-9223372036854775807,16384,-8192,minecraft:deep_lukewarm_ocean,,1.0,true
-9223372036854775807,20480,-8192,minecraft:plains,minecraft:savanna,0.19261542443528323,false
-9223372036854775807,24576,-8192,minecraft:plains,minecraft:savanna,0.013580247238509924,false
-9223372036854775807,28672,-8192,minecraft:forest,minecraft:plains,0.14391035129732954,false
-9223372036854775807,32768,-8192,minecraft:deep_lukewarm_ocean,,1.0,true
-9223372036854775807,-32768,-4096,minecraft:deep_lukewarm_ocean,,1.0,true
-9223372036854775807,-28672,-4096,minecraft:plains,minecraft:savanna,0.10901780526849147,false
-9223372036854775807,-24576,-4096,minecraft:plains,minecraft:forest,0.11420848980821074,false
-9223372036854775807,-20480,-4096,minecraft:forest,minecraft:plains,0.015103458597425345,false
-9223372036854775807,-16384,-4096,minecraft:deep_lukewarm_ocean,,1.0,true
-9223372036854775807,-12288,-4096,minecraft:plains,minecraft:savanna,0.06069809164401174,false
-9223372036854775807,-8192,-4096,minecraft:plains,minecraft:savanna,0.13895931916611548,false
-9223372036854775807,-4096,-4096,minecraft:plains,minecraft:forest,0.04044101292164237,false
-9223372036854775807,0,-4096,minecraft:deep_lukewarm_ocean,,1.0,true
-9223372036854775807,4096,-4096,minecraft:plains,minecraft:savanna,0.09751510513475048,false
-9223372036854775807,8192,-4096,minecraft:plains,minecraft:savanna,0.1377481503354835,false
-9223372036854775807,12288,-4096,minecraft:plains,minecraft:forest,0.03309058581465374,false
-9223372036854775807,16384,-4096,minecraft:deep_lukewarm_ocean,,1.0,true
-9223372036854775807,20480,-4096,minecraft:plains,minecraft:savanna,0.08446416802440926,false
-9223372036854775807,24576,-4096,minecraft:plains,minecraft:savanna,0.08491265310873386,false
-9223372036854775807,28672,-4096,minecraft:forest,minecraft:sparse_jungle,0.15622211476235248,false
-9223372036854775807,32768,-4096,minecraft:deep_lukewarm_ocean,,1.0,true
-9223372036854775807,-32768,0,minecraft:deep_lukewarm_ocean,,1.0,true
-9223372036854775807,-28672,0,minecraft:deep_lukewarm_ocean,,1.0,true
-9223372036854775807,-24576,0,minecraft:deep_lukewarm_ocean,,1.0,true
-9223372036854775807,-20480,0,minecraft:deep_lukewarm_ocean,,1.0,true
-9223372036854775807,-16384,0,minecraft:deep_lukewarm_ocean,,1.0,true
-9223372036854775807,-12288,0,minecraft:deep_lukewarm_ocean,,1.0,true
-9223372036854775807,-8192,0,minecraft:deep_lukewarm_ocean,,1.0,true
-9223372036854775807,-4096,0,minecraft:deep_lukewarm_ocean,,1.0,true
-9223372036854775807,0,0,minecraft:deep_lukewarm_ocean,,1.0,true
-9223372036854775807,4096,0,minecraft:deep_lukewarm_ocean,,1.0,true
-9223372036854775807,8192,0,minecraft:deep_lukewarm_ocean,,1.0,true
-9223372036854775807,12288,0,minecraft:deep_lukewarm_ocean,,1.0,true
-9223372036854775807,16384,0,minecraft:deep_lukewarm_ocean,,1.0,true
-9223372036854775807,20480,0,minecraft:deep_lukewarm_ocean,,1.0,true
-9223372036854775807,24576,0,minecraft:deep_lukewarm_ocean,,1.0,true
-9223372036854775807,28672,0,minecraft:deep_lukewarm_ocean,,1.0,true
-9223372036854775807,32768,0,minecraft:deep_lukewarm_ocean,,1.0,true
-9223372036854775807,-32768,4096,minecraft:deep_lukewarm_ocean,,1.0,true
-9223372036854775807,-28672,4096,minecraft:lukewarm_ocean,,1.0,true
-9223372036854775807,-24576,4096,minecraft:plains,minecraft:savanna,0.12236828078211281,false
-9223372036854775807,-20480,4096,minecraft:forest,minecraft:plains,0.13468877996201323,false
-9223372036854775807,-16384,4096,minecraft:deep_lukewarm_ocean,,1.0,true
-9223372036854775807,-12288,4096,minecraft:plains,minecraft:savanna,0.09064555285748321,false
-9223372036854775807,-8192,4096,minecraft:plains,minecraft:savanna,0.11342776808525223,false
-9223372036854775807,-4096,4096,minecraft:forest,minecraft:plains,0.1269737830768105,false
-9223372036854775807,0,4096,minecraft:deep_lukewarm_ocean,,1.0,true
-9223372036854775807,4096,4096,minecraft:plains,minecraft:savanna,0.11754461966860819,false
-9223372036854775807,8192,4096,minecraft:plains,minecraft:savanna,0.1395484164555294,false
-9223372036854775807,12288,4096,minecraft:forest,minecraft:plains,0.20886973220783223,false
-9223372036854775807,16384,4096,minecraft:deep_lukewarm_ocean,,1.0,true
-9223372036854775807,20480,4096,minecraft:plains,minecraft:savanna,0.0748200929762084,false
-9223372036854775807,24576,4096,minecraft:plains,minecraft:savanna,0.11521170783579682,false
-9223372036854775807,28672,4096,minecraft:forest,minecraft:plains,0.0358669430414591,false
-9223372036854775807,32768,4096,minecraft:deep_lukewarm_ocean,,1.0,true
-9223372036854775807,-32768,8192,minecraft:deep_lukewarm_ocean,,1.0,true
-9223372036854775807,-28672,8192,minecraft:plains,minecraft:savanna,0.20209682612955782,false
-9223372036854775807,-24576,8192,minecraft:plains,minecraft:forest,0.21718755686456415,false
-9223372036854775807,-20480,8192,minecraft:forest,minecraft:plains,0.035099997472629374,false
-9223372036854775807,-16384,8192,minecraft:deep_lukewarm_ocean,,1.0,true
-9223372036854775807,-12288,8192,minecraft:plains,minecraft:savanna,0.19991181378994538,false
-9223372036854775807,-8192,8192,minecraft:plains,minecraft:forest,0.18388078520552775,false
-9223372036854775807,-4096,8192,minecraft:forest,minecraft:plains,0.1177554023876628,false
-9223372036854775807,0,8192,minecraft:deep_lukewarm_ocean,,1.0,true
-9223372036854775807,4096,8192,minecraft:plains,minecraft:savanna,0.21728625495961085,false
-9223372036854775807,8192,8192,minecraft:plains,minecraft:forest,0.18039223805638338,false
-9223372036854775807,12288,8192,minecraft:forest,minecraft:plains,0.04634119959860272,false
-9223372036854775807,16384,8192,minecraft:deep_lukewarm_ocean,,1.0,true
-9223372036854775807,20480,8192,minecraft:plains,minecraft:savanna,0.20765175204178865,false
-9223372036854775807,24576,8192,minecraft:plains,minecraft:forest,0.13296972571649646,false
-9223372036854775807,28672,8192,minecraft:forest,minecraft:plains,0.01383356474021502,false
-9223372036854775807,32768,8192,minecraft:deep_lukewarm_ocean,,1.0,true
-9223372036854775807,-32768,12288,minecraft:deep_ocean,,1.0,true
-9223372036854775807,-28672,12288,minecraft:plains,minecraft:savanna,0.2585166579017879,false
-9223372036854775807,-24576,12288,minecraft:plains,minecraft:forest,0.0788757651177232,false
-9223372036854775807,-20480,12288,minecraft:forest,minecraft:plains,0.17951514968841942,false
-9223372036854775807,-16384,12288,minecraft:deep_ocean,,1.0,true
-9223372036854775807,-12288,12288,minecraft:plains,minecraft:savanna,0.22455051034004203,false
-9223372036854775807,-8192,12288,minecraft:forest,minecraft:plains,0.009744066929705641,false
-9223372036854775807,-4096,12288,minecraft:forest,minecraft:birch_forest,0.18515216395660783,false
-9223372036854775807,0,12288,minecraft:deep_ocean,,1.0,true
-9223372036854775807,4096,12288,minecraft:plains,minecraft:savanna,0.27318900132255164,false
-9223372036854775807,8192,12288,minecraft:plains,minecraft:forest,0.014984952592200118,false
-9223372036854775807,12288,12288,minecraft:lukewarm_ocean,,1.0,true
-9223372036854775807,16384,12288,minecraft:deep_ocean,,1.0,true
-9223372036854775807,20480,12288,minecraft:plains,minecraft:savanna,0.2425477829060878,false
-9223372036854775807,24576,12288,minecraft:plains,minecraft:forest,0.12920909679519088,false
-9223372036854775807,28672,12288,minecraft:forest,minecraft:birch_forest,0.17369042301059545,false
-9223372036854775807,32768,12288,minecraft:deep_ocean,,1.0,true
-9223372036854775807,-32768,16384,minecraft:deep_ocean,,1.0,true
-9223372036854775807,-28672,16384,minecraft:deep_ocean,,1.0,true
-9223372036854775807,-24576,16384,minecraft:deep_ocean,,1.0,true
-9223372036854775807,-20480,16384,minecraft:deep_ocean,,1.0,true
-9223372036854775807,-16384,16384,minecraft:deep_ocean,,1.0,true
-9223372036854775807,-12288,16384,minecraft:deep_ocean,,1.0,true
-9223372036854775807,-8192,16384,minecraft:deep_ocean,,1.0,true
-9223372036854775807,-4096,16384,minecraft:deep_ocean,,1.0,true
-9223372036854775807,0,16384,minecraft:deep_ocean,,1.0,true
-9223372036854775807,4096,16384,minecraft:deep_ocean,,1.0,true
-9223372036854775807,8192,16384,minecraft:deep_ocean,,1.0,true
-9223372036854775807,12288,16384,minecraft:deep_ocean,,1.0,true
-9223372036854775807,16384,16384,minecraft:deep_ocean,,1.0,true
-9223372036854775807,20480,16384,minecraft:deep_ocean,,1.0,true
-9223372036854775807,24576,16384,minecraft:deep_ocean,,1.0,true
-9223372036854775807,28672,16384,minecraft:deep_ocean,,1.0,true
-9223372036854775807,32768,16384,minecraft:deep_ocean,,1.0,true
-9223372036854775807,-32768,20480,minecraft:deep_ocean,,1.0,true
-9223372036854775807,-28672,20480,minecraft:plains,minecraft:forest,0.22888169896662036,false
-9223372036854775807,-24576,20480,minecraft:plains,minecraft:forest,0.07693627433186423,false
-9223372036854775807,-20480,20480,minecraft:forest,minecraft:plains,0.0685129530305536,false
-9223372036854775807,-16384,20480,minecraft:deep_ocean,,1.0,true
-9223372036854775807,-12288,20480,minecraft:plains,minecraft:forest,0.04667188080529472,false
-9223372036854775807,-8192,20480,minecraft:plains,minecraft:forest,0.09874887814592037,false
-9223372036854775807,-4096,20480,minecraft:plains,minecraft:forest,0.00512130673462996,false
-9223372036854775807,0,20480,minecraft:deep_ocean,,1.0,true
-9223372036854775807,4096,20480,minecraft:plains,minecraft:forest,0.2316822983224882,false
-9223372036854775807,8192,20480,minecraft:plains,minecraft:forest,0.10593487912340216,false
-9223372036854775807,12288,20480,minecraft:forest,minecraft:plains,0.16489371370701955,false
-9223372036854775807,16384,20480,minecraft:deep_ocean,,1.0,true
-9223372036854775807,20480,20480,minecraft:plains,minecraft:forest,0.08711017852308811,false
-9223372036854775807,24576,20480,minecraft:plains,minecraft:forest,0.22787548297978,false
-9223372036854775807,28672,20480,minecraft:plains,minecraft:forest,0.023942245158486197,false
-9223372036854775807,32768,20480,minecraft:deep_ocean,,1.0,true
-9223372036854775807,-32768,24576,minecraft:deep_ocean,,1.0,true
-9223372036854775807,-28672,24576,minecraft:plains,minecraft:forest,0.17234315955532586,false
-9223372036854775807,-24576,24576,minecraft:plains,minecraft:forest,0.012201480968997203,false
-9223372036854775807,-20480,24576,minecraft:forest,minecraft:birch_forest,0.09442220625545295,false
-9223372036854775807,-16384,24576,minecraft:deep_ocean,,1.0,true
-9223372036854775807,-12288,24576,minecraft:plains,minecraft:forest,0.38932068574100576,false
-9223372036854775807,-8192,24576,minecraft:plains,minecraft:forest,0.1276170942242998,false
-9223372036854775807,-4096,24576,minecraft:forest,minecraft:plains,0.11735984470295457,false
-9223372036854775807,0,24576,minecraft:deep_ocean,,1.0,true
-9223372036854775807,4096,24576,minecraft:plains,minecraft:forest,0.2537428559704238,false
-9223372036854775807,8192,24576,minecraft:plains,minecraft:forest,0.1019884351615129,false
-9223372036854775807,12288,24576,minecraft:forest,minecraft:birch_forest,0.08998600421502811,false
-9223372036854775807,16384,24576,minecraft:deep_ocean,,1.0,true
-9223372036854775807,20480,24576,minecraft:plains,minecraft:forest,0.37480349894254905,false
-9223372036854775807,24576,24576,minecraft:plains,minecraft:forest,0.1975844922094362,false
-9223372036854775807,28672,24576,minecraft:forest,minecraft:plains,0.01904582069287719,false
-9223372036854775807,32768,24576,minecraft:deep_ocean,,1.0,true
-9223372036854775807,-32768,28672,minecraft:deep_ocean,,1.0,true
-9223372036854775807,-28672,28672,minecraft:ocean,,1.0,true
-9223372036854775807,-24576,28672,minecraft:plains,minecraft:forest,0.11868363113646596,false
-9223372036854775807,-20480,28672,minecraft:ocean,,1.0,true
-9223372036854775807,-16384,28672,minecraft:deep_ocean,,1.0,true
-9223372036854775807,-12288,28672,minecraft:plains,minecraft:forest,0.289881592508215,false
-9223372036854775807,-8192,28672,minecraft:plains,minecraft:forest,0.02251206137533901,false
-9223372036854775807,-4096,28672,minecraft:forest,minecraft:birch_forest,0.08427625960705065,false
-9223372036854775807,0,28672,minecraft:deep_ocean,,1.0,true
-9223372036854775807,4096,28672,minecraft:plains,minecraft:forest,0.29538253981889495,false
-9223372036854775807,8192,28672,minecraft:plains,minecraft:forest,0.06347472560465395,false
-9223372036854775807,12288,28672,minecraft:ocean,,1.0,true
-9223372036854775807,16384,28672,minecraft:deep_ocean,,1.0,true
-9223372036854775807,20480,28672,minecraft:ocean,,1.0,true
-9223372036854775807,24576,28672,minecraft:plains,minecraft:forest,0.07026748064395649,false
-9223372036854775807,28672,28672,minecraft:forest,minecraft:birch_forest,0.004071782955379244,false
-9223372036854775807,32768,28672,minecraft:deep_ocean,,1.0,true
-9223372036854775807,-32768,32768,minecraft:deep_ocean,,1.0,true
-9223372036854775807,-28672,32768,minecraft:deep_ocean,,1.0,true
-9223372036854775807,-24576,32768,minecraft:deep_ocean,,1.0,true
-9223372036854775807,-20480,32768,minecraft:deep_ocean,,1.0,true
-9223372036854775807,-16384,32768,minecraft:deep_ocean,,1.0,true
-9223372036854775807,-12288,32768,minecraft:deep_ocean,,1.0,true
-9223372036854775807,-8192,32768,minecraft:deep_ocean,,1.0,true
-9223372036854775807,-4096,32768,minecraft:deep_ocean,,1.0,true
-9223372036854775807,0,32768,minecraft:deep_ocean,,1.0,true
-9223372036854775807,4096,32768,minecraft:deep_ocean,,1.0,true
-9223372036854775807,8192,32768,minecraft:deep_ocean,,1.0,true
-9223372036854775807,12288,32768,minecraft:deep_ocean,,1.0,true
-9223372036854775807,16384,32768,minecraft:deep_ocean,,1.0,true
-9223372036854775807,20480,32768,minecraft:deep_ocean,,1.0,true
-9223372036854775807,24576,32768,minecraft:deep_ocean,,1.0,true
-9223372036854775807,28672,32768,minecraft:deep_ocean,,1.0,true
-9223372036854775807,32768,32768,minecraft:deep_ocean,,1.0,true
-1,-32768,-32768,minecraft:deep_ocean,,1.0,true
-1,-28672,-32768,minecraft:deep_ocean,,1.0,true
-1,-24576,-32768,minecraft:deep_ocean,,1.0,true
-1,-20480,-32768,minecraft:deep_ocean,,1.0,true
-1,-16384,-32768,minecraft:deep_ocean,,1.0,true
-1,-12288,-32768,minecraft:deep_ocean,,1.0,true
-1,-8192,-32768,minecraft:deep_ocean,,1.0,true
-1,-4096,-32768,minecraft:deep_ocean,,1.0,true
-1,0,-32768,minecraft:deep_ocean,,1.0,true
-1,4096,-32768,minecraft:deep_ocean,,1.0,true
-1,8192,-32768,minecraft:deep_ocean,,1.0,true
-1,12288,-32768,minecraft:deep_ocean,,1.0,true
-1,16384,-32768,minecraft:deep_ocean,,1.0,true
-1,20480,-32768,minecraft:deep_ocean,,1.0,true
-1,24576,-32768,minecraft:deep_ocean,,1.0,true
-1,28672,-32768,minecraft:deep_ocean,,1.0,true
-1,32768,-32768,minecraft:deep_ocean,,1.0,true
-1,-32768,-28672,minecraft:deep_ocean,,1.0,true
-1,-28672,-28672,minecraft:plains,minecraft:forest,0.40677939422312515,false
-1,-24576,-28672,minecraft:plains,minecraft:forest,0.158091660292226,false
-1,-20480,-28672,minecraft:forest,minecraft:birch_forest,0.09665212040044213,false
-1,-16384,-28672,minecraft:deep_ocean,,1.0,true
-1,-12288,-28672,minecraft:plains,minecraft:forest,0.3302536064000975,false
-1,-8192,-28672,minecraft:plains,minecraft:forest,0.11511619323315647,false
-1,-4096,-28672,minecraft:birch_forest,minecraft:forest,0.005246117534225214,false
-1,0,-28672,minecraft:deep_ocean,,1.0,true
-1,4096,-28672,minecraft:plains,minecraft:forest,0.32989959398541446,false
-1,8192,-28672,minecraft:plains,minecraft:forest,0.11528730015247657,false
-1,12288,-28672,minecraft:ocean,,1.0,true
-1,16384,-28672,minecraft:deep_ocean,,1.0,true
-1,20480,-28672,minecraft:plains,minecraft:forest,0.2552646388647941,false
-1,24576,-28672,minecraft:forest,minecraft:plains,0.02000039626803074,false
-1,28672,-28672,minecraft:forest,minecraft:birch_forest,0.046154412519197274,false
-1,32768,-28672,minecraft:deep_ocean,,1.0,true
-1,-32768,-24576,minecraft:deep_ocean,,1.0,true
-1,-28672,-24576,minecraft:plains,minecraft:forest,0.38482351709632046,false
-1,-24576,-24576,minecraft:plains,minecraft:forest,0.2560673380344193,false
-1,-20480,-24576,minecraft:forest,minecraft:plains,0.05573798117452611,false
-1,-16384,-24576,minecraft:deep_ocean,,1.0,true
-1,-12288,-24576,minecraft:plains,minecraft:forest,0.32716181672570877,false
-1,-8192,-24576,minecraft:plains,minecraft:forest,0.151241219541851,false
-1,-4096,-24576,minecraft:forest,minecraft:plains,0.13687530674003467,false
-1,0,-24576,minecraft:deep_ocean,,1.0,true
-1,4096,-24576,minecraft:plains,minecraft:forest,0.38750844610693946,false
-1,8192,-24576,minecraft:plains,minecraft:forest,0.052521598207675324,false
-1,12288,-24576,minecraft:forest,minecraft:plains,0.06744655596832883,false
-1,16384,-24576,minecraft:deep_ocean,,1.0,true
-1,20480,-24576,minecraft:plains,minecraft:forest,0.23885919582283532,false
-1,24576,-24576,minecraft:plains,minecraft:forest,0.24387740356500154,false
-1,28672,-24576,minecraft:forest,minecraft:birch_forest,0.10603613357133646,false
-1,32768,-24576,minecraft:deep_ocean,,1.0,true
-1,-32768,-20480,minecraft:deep_ocean,,1.0,true
-1,-28672,-20480,minecraft:ocean,,1.0,true
-1,-24576,-20480,minecraft:plains,minecraft:forest,0.07856845345773544,false
-1,-20480,-20480,minecraft:forest,minecraft:birch_forest,0.034611663688579486,false
-1,-16384,-20480,minecraft:deep_ocean,,1.0,true
-1,-12288,-20480,minecraft:plains,minecraft:forest,0.2029564882213446,false
-1,-8192,-20480,minecraft:plains,minecraft:forest,0.09797052527899042,false
-1,-4096,-20480,minecraft:forest,minecraft:plains,0.0172684402165868,false
-1,0,-20480,minecraft:deep_ocean,,1.0,true
-1,4096,-20480,minecraft:plains,minecraft:forest,0.15989519622156656,false
-1,8192,-20480,minecraft:plains,minecraft:forest,0.21353674369085285,false
-1,12288,-20480,minecraft:forest,minecraft:plains,0.04829483000616597,false
-1,16384,-20480,minecraft:deep_ocean,,1.0,true
-1,20480,-20480,minecraft:plains,minecraft:forest,0.1651406961682802,false
-1,24576,-20480,minecraft:plains,minecraft:forest,0.18907533203378057,false
-1,28672,-20480,minecraft:ocean,,1.0,true
-1,32768,-20480,minecraft:deep_ocean,,1.0,true
-1,-32768,-16384,minecraft:deep_ocean,,1.0,true
-1,-28672,-16384,minecraft:deep_ocean,,1.0,true
-1,-24576,-16384,minecraft:deep_ocean,,1.0,true
-1,-20480,-16384,minecraft:deep_ocean,,1.0,true
-1,-16384,-16384,minecraft:deep_ocean,,1.0,true
-1,-12288,-16384,minecraft:deep_ocean,,1.0,true
-1,-8192,-16384,minecraft:deep_ocean,,1.0,true
-1,-4096,-16384,minecraft:deep_ocean,,1.0,true
-1,0,-16384,minecraft:deep_ocean,,1.0,true
-1,4096,-16384,minecraft:deep_ocean,,1.0,true
-1,8192,-16384,minecraft:deep_ocean,,1.0,true
-1,12288,-16384,minecraft:deep_ocean,,1.0,true
-1,16384,-16384,minecraft:deep_ocean,,1.0,true
-1,20480,-16384,minecraft:deep_ocean,,1.0,true
-1,24576,-16384,minecraft:deep_ocean,,1.0,true
-1,28672,-16384,minecraft:deep_ocean,,1.0,true
-1,32768,-16384,minecraft:deep_ocean,,1.0,true
-1,-32768,-12288,minecraft:deep_ocean,,1.0,true
-1,-28672,-12288,minecraft:plains,minecraft:savanna,0.24771166517801735,false
-1,-24576,-12288,minecraft:plains,minecraft:forest,0.11283235618893306,false
-1,-20480,-12288,minecraft:lukewarm_ocean,,1.0,true
-1,-16384,-12288,minecraft:deep_lukewarm_ocean,,1.0,true
-1,-12288,-12288,minecraft:plains,minecraft:savanna,0.2274974624214765,false
-1,-8192,-12288,minecraft:plains,minecraft:forest,0.06340699720260079,false
-1,-4096,-12288,minecraft:dark_forest,minecraft:forest,0.010725730658984856,false
-1,0,-12288,minecraft:deep_ocean,,1.0,true
-1,4096,-12288,minecraft:plains,minecraft:savanna,0.2459700198767415,false
-1,8192,-12288,minecraft:plains,minecraft:forest,0.04803047437322483,false
-1,12288,-12288,minecraft:lukewarm_ocean,,1.0,true
-1,16384,-12288,minecraft:deep_ocean,,1.0,true
-1,20480,-12288,minecraft:plains,minecraft:savanna,0.27082179975012155,false
-1,24576,-12288,minecraft:plains,minecraft:forest,0.07121509635452261,false
-1,28672,-12288,minecraft:lukewarm_ocean,,1.0,true
-1,32768,-12288,minecraft:deep_ocean,,1.0,true
-1,-32768,-8192,minecraft:deep_lukewarm_ocean,,1.0,true
-1,-28672,-8192,minecraft:plains,minecraft:savanna,0.18511109886169297,false
-1,-24576,-8192,minecraft:forest,minecraft:plains,0.08096645070934971,false
-1,-20480,-8192,minecraft:forest,minecraft:plains,0.07497606186955186,false
-1,-16384,-8192,minecraft:deep_lukewarm_ocean,,1.0,true
-1,-12288,-8192,minecraft:plains,minecraft:savanna,0.19018884675803605,false
-1,-8192,-8192,minecraft:plains,minecraft:savanna,0.26121094316580984,false
-1,-4096,-8192,minecraft:forest,minecraft:plains,0.11829757641171201,false
-1,0,-8192,minecraft:deep_lukewarm_ocean,,1.0,true
-1,4096,-8192,minecraft:plains,minecraft:savanna,0.1707869262506504,false
-1,8192,-8192,minecraft:plains,minecraft:savanna,0.011475681259500714,false
-1,12288,-8192,minecraft:forest,minecraft:plains,0.07179156643809503,false
-1,16384,-8192,minecraft:deep_lukewarm_ocean,,1.0,true
-1,20480,-8192,minecraft:plains,minecraft:savanna,0.21121106057734806,false
-1,24576,-8192,minecraft:plains,minecraft:forest,0.2722150984404518,false
-1,28672,-8192,minecraft:forest,minecraft:plains,0.08094581045857219,false
-1,32768,-8192,minecraft:deep_lukewarm_ocean,,1.0,true
-1,-32768,-4096,minecraft:deep_lukewarm_ocean,,1.0,true
-1,-28672,-4096,minecraft:plains,minecraft:savanna,0.07832688780268582,false
-1,-24576,-4096,minecraft:plains,minecraft:forest,0.09036991531124272,false
-1,-20480,-4096,minecraft:forest,minecraft:plains,0.05670372661938783,false
-1,-16384,-4096,minecraft:deep_lukewarm_ocean,,1.0,true
-1,-12288,-4096,minecraft:plains,minecraft:savanna,0.08999896527635798,false
-1,-8192,-4096,minecraft:plains,minecraft:savanna,0.11319248770914081,false
-1,-4096,-4096,minecraft:forest,minecraft:plains,0.18284944880715126,false
-1,0,-4096,minecraft:deep_lukewarm_ocean,,1.0,true
-1,4096,-4096,minecraft:plains,minecraft:savanna,0.09348667322825766,false
-1,8192,-4096,minecraft:plains,minecraft:savanna,0.12856441410015018,false
-1,12288,-4096,minecraft:forest,minecraft:plains,0.09675888009689282,false
-1,16384,-4096,minecraft:deep_lukewarm_ocean,,1.0,true
-1,20480,-4096,minecraft:plains,minecraft:savanna,0.11052895138435537,false
-1,24576,-4096,minecraft:plains,minecraft:savanna,0.11395830008635077,false
-1,28672,-4096,minecraft:forest,minecraft:sparse_jungle,0.2131721956190148,false
-1,32768,-4096,minecraft:deep_lukewarm_ocean,,1.0,true
-1,-32768,0,minecraft:deep_lukewarm_ocean,,1.0,true
-1,-28672,0,minecraft:deep_lukewarm_ocean,,1.0,true
-1,-24576,0,minecraft:deep_lukewarm_ocean,,1.0,true
-1,-20480,0,minecraft:deep_lukewarm_ocean,,1.0,true
-1,-16384,0,minecraft:deep_lukewarm_ocean,,1.0,true
-1,-12288,0,minecraft:deep_lukewarm_ocean,,1.0,true
-1,-8192,0,minecraft:deep_lukewarm_ocean,,1.0,true
-1,-4096,0,minecraft:deep_lukewarm_ocean,,1.0,true
-1,0,0,minecraft:deep_lukewarm_ocean,,1.0,true
-1,4096,0,minecraft:deep_lukewarm_ocean,,1.0,true
-1,8192,0,minecraft:deep_lukewarm_ocean,,1.0,true
-1,12288,0,minecraft:deep_lukewarm_ocean,,1.0,true
-1,16384,0,minecraft:deep_lukewarm_ocean,,1.0,true
-1,20480,0,minecraft:deep_lukewarm_ocean,,1.0,true
-1,24576,0,minecraft:deep_lukewarm_ocean,,1.0,true
-1,28672,0,minecraft:deep_lukewarm_ocean,,1.0,true
-1,32768,0,minecraft:deep_lukewarm_ocean,,1.0,true
-1,-32768,4096,minecraft:deep_lukewarm_ocean,,1.0,true
-1,-28672,4096,minecraft:lukewarm_ocean,,1.0,true
-1,-24576,4096,minecraft:plains,minecraft:savanna,0.12646323117238056,false
-1,-20480,4096,minecraft:forest,minecraft:plains,0.048941573553462625,false
-1,-16384,4096,minecraft:deep_lukewarm_ocean,,1.0,true
-1,-12288,4096,minecraft:lukewarm_ocean,,1.0,true
-1,-8192,4096,minecraft:plains,minecraft:forest,0.025448672119042892,false
-1,-4096,4096,minecraft:forest,minecraft:plains,0.02361844543544922,false
-1,0,4096,minecraft:deep_lukewarm_ocean,,1.0,true
-1,4096,4096,minecraft:plains,minecraft:savanna,0.128001186942855,false
-1,8192,4096,minecraft:plains,minecraft:forest,0.05985746320166285,false
-1,12288,4096,minecraft:forest,minecraft:plains,0.0509131557298359,false
-1,16384,4096,minecraft:deep_lukewarm_ocean,,1.0,true
-1,20480,4096,minecraft:plains,minecraft:savanna,0.09635612167284013,false
-1,24576,4096,minecraft:plains,minecraft:savanna,0.13484917682325515,false
-1,28672,4096,minecraft:forest,minecraft:plains,0.13190369406274116,false
-1,32768,4096,minecraft:deep_lukewarm_ocean,,1.0,true
-1,-32768,8192,minecraft:deep_lukewarm_ocean,,1.0,true
-1,-28672,8192,minecraft:plains,minecraft:savanna,0.1979651614093828,false
-1,-24576,8192,minecraft:plains,minecraft:savanna,0.27100671648857866,false
-1,-20480,8192,minecraft:forest,minecraft:plains,0.14130002803001285,false
-1,-16384,8192,minecraft:deep_lukewarm_ocean,,1.0,true
-1,-12288,8192,minecraft:plains,minecraft:savanna,0.20129650162437684,false
-1,-8192,8192,minecraft:plains,minecraft:forest,0.24239852029045483,false
-1,-4096,8192,minecraft:forest,minecraft:plains,0.11798764431314857,false
-1,0,8192,minecraft:deep_lukewarm_ocean,,1.0,true
-1,4096,8192,minecraft:plains,minecraft:savanna,0.19867943829579293,false
-1,8192,8192,minecraft:plains,minecraft:forest,0.24071092198711797,false
-1,12288,8192,minecraft:forest,minecraft:plains,0.1037939084035312,false
-1,16384,8192,minecraft:deep_lukewarm_ocean,,1.0,true
-1,20480,8192,minecraft:plains,minecraft:savanna,0.19371628063106738,false
-1,24576,8192,minecraft:plains,minecraft:forest,0.11333736809790962,false
-1,28672,8192,minecraft:forest,minecraft:plains,0.04982396165520797,false
-1,32768,8192,minecraft:deep_lukewarm_ocean,,1.0,true
-1,-32768,12288,minecraft:deep_ocean,,1.0,true
-1,-28672,12288,minecraft:lukewarm_ocean,,1.0,true
-1,-24576,12288,minecraft:plains,minecraft:forest,0.06323521165305734,false
-1,-20480,12288,minecraft:forest,minecraft:plains,0.1639072945224045,false
-1,-16384,12288,minecraft:deep_ocean,,1.0,true
-1,-12288,12288,minecraft:plains,minecraft:savanna,0.2702331867225338,false
-1,-8192,12288,minecraft:plains,minecraft:forest,0.20554124233214677,false
-1,-4096,12288,minecraft:forest,minecraft:plains,0.16410933615493584,false
-1,0,12288,minecraft:deep_ocean,,1.0,true
-1,4096,12288,minecraft:plains,minecraft:savanna,0.2634651891576941,false
-1,8192,12288,minecraft:plains,minecraft:forest,0.07113704981252755,false
-1,12288,12288,minecraft:forest,minecraft:birch_forest,0.1454714523088313,false
-1,16384,12288,minecraft:deep_ocean,,1.0,true
-1,20480,12288,minecraft:plains,minecraft:savanna,0.2286615596926307,false
-1,24576,12288,minecraft:plains,minecraft:forest,0.08222147535565594,false
-1,28672,12288,minecraft:forest,minecraft:plains,0.17852128606115492,false
-1,32768,12288,minecraft:deep_ocean,,1.0,true
-1,-32768,16384,minecraft:deep_ocean,,1.0,true
-1,-28672,16384,minecraft:deep_ocean,,1.0,true
-1,-24576,16384,minecraft:deep_ocean,,1.0,true
-1,-20480,16384,minecraft:deep_ocean,,1.0,true
-1,-16384,16384,minecraft:deep_ocean,,1.0,true
-1,-12288,16384,minecraft:deep_ocean,,1.0,true
-1,-8192,16384,minecraft:deep_ocean,,1.0,true
-1,-4096,16384,minecraft:deep_ocean,,1.0,true
-1,0,16384,minecraft:deep_ocean,,1.0,true
-1,4096,16384,minecraft:deep_ocean,,1.0,true
-1,8192,16384,minecraft:deep_ocean,,1.0,true
-1,12288,16384,minecraft:deep_ocean,,1.0,true
-1,16384,16384,minecraft:deep_ocean,,1.0,true
-1,20480,16384,minecraft:deep_ocean,,1.0,true
-1,24576,16384,minecraft:deep_ocean,,1.0,true
-1,28672,16384,minecraft:deep_ocean,,1.0,true
-1,32768,16384,minecraft:deep_ocean,,1.0,true
-1,-32768,20480,minecraft:deep_ocean,,1.0,true
-1,-28672,20480,minecraft:plains,minecraft:forest,0.0808809722180065,false
-1,-24576,20480,minecraft:plains,minecraft:forest,0.05536257809343115,false
-1,-20480,20480,minecraft:ocean,,1.0,true
-1,-16384,20480,minecraft:deep_ocean,,1.0,true
-1,-12288,20480,minecraft:plains,minecraft:forest,0.23201001298775537,false
-1,-8192,20480,minecraft:plains,minecraft:forest,0.24399401643305885,false
-1,-4096,20480,minecraft:forest,minecraft:birch_forest,0.0419342087926019,false
-1,0,20480,minecraft:deep_ocean,,1.0,true
-1,4096,20480,minecraft:plains,minecraft:forest,0.15235596359558456,false
-1,8192,20480,minecraft:plains,minecraft:forest,0.09076843910365362,false
-1,12288,20480,minecraft:forest,minecraft:plains,0.045780426050262224,false
-1,16384,20480,minecraft:deep_ocean,,1.0,true
-1,20480,20480,minecraft:plains,minecraft:forest,0.1625230489394901,false
-1,24576,20480,minecraft:plains,minecraft:forest,0.11520997830900481,false
-1,28672,20480,minecraft:forest,minecraft:birch_forest,0.0849464274886802,false
-1,32768,20480,minecraft:deep_ocean,,1.0,true
-1,-32768,24576,minecraft:deep_ocean,,1.0,true
-1,-28672,24576,minecraft:plains,minecraft:forest,0.3324483243060148,false
-1,-24576,24576,minecraft:plains,minecraft:forest,0.2334481852875404,false
-1,-20480,24576,minecraft:forest,minecraft:plains,0.10887794900124947,false
-1,-16384,24576,minecraft:deep_ocean,,1.0,true
-1,-12288,24576,minecraft:plains,minecraft:forest,0.28244262229990624,false
-1,-8192,24576,minecraft:plains,minecraft:forest,0.07557400410836856,false
-1,-4096,24576,minecraft:forest,minecraft:birch_forest,0.09130746137770351,false
-1,0,24576,minecraft:deep_ocean,,1.0,true
-1,4096,24576,minecraft:plains,minecraft:forest,0.24498200468797737,false
-1,8192,24576,minecraft:plains,minecraft:forest,0.17080853870711443,false
-1,12288,24576,minecraft:forest,minecraft:plains,0.12074513944917842,false
-1,16384,24576,minecraft:deep_ocean,,1.0,true
-1,20480,24576,minecraft:plains,minecraft:forest,0.03919889871955984,false
-1,24576,24576,minecraft:plains,minecraft:forest,0.10322614294101506,false
-1,28672,24576,minecraft:forest,minecraft:birch_forest,0.1238993040498465,false
-1,32768,24576,minecraft:deep_ocean,,1.0,true
-1,-32768,28672,minecraft:deep_ocean,,1.0,true
-1,-28672,28672,minecraft:plains,minecraft:forest,0.397908109643783,false
-1,-24576,28672,minecraft:forest,minecraft:plains,0.03210673718976387,false
-1,-20480,28672,minecraft:ocean,,1.0,true
-1,-16384,28672,minecraft:deep_ocean,,1.0,true
-1,-12288,28672,minecraft:plains,minecraft:forest,0.2617838978953183,false
-1,-8192,28672,minecraft:plains,minecraft:forest,0.04375563956828976,false
-1,-4096,28672,minecraft:forest,minecraft:birch_forest,0.011712328509491665,false
-1,0,28672,minecraft:deep_ocean,,1.0,true
-1,4096,28672,minecraft:plains,minecraft:forest,0.20031968076778706,false
-1,8192,28672,minecraft:plains,minecraft:forest,0.06360892616369618,false
-1,12288,28672,minecraft:forest,minecraft:birch_forest,0.0663969929640218,false
-1,16384,28672,minecraft:deep_ocean,,1.0,true
-1,20480,28672,minecraft:plains,minecraft:forest,0.36123457763104294,false
-1,24576,28672,minecraft:plains,minecraft:forest,0.019251606566867863,false
-1,28672,28672,minecraft:forest,minecraft:birch_forest,0.07457095901109712,false
-1,32768,28672,minecraft:deep_ocean,,1.0,true
-1,-32768,32768,minecraft:deep_ocean,,1.0,true
-1,-28672,32768,minecraft:deep_ocean,,1.0,true
-1,-24576,32768,minecraft:deep_ocean,,1.0,true
-1,-20480,32768,minecraft:deep_ocean,,1.0,true
-1,-16384,32768,minecraft:deep_ocean,,1.0,true
-1,-12288,32768,minecraft:deep_ocean,,1.0,true
-1,-8192,32768,minecraft:deep_ocean,,1.0,true
-1,-4096,32768,minecraft:deep_ocean,,1.0,true
-1,0,32768,minecraft:deep_ocean,,1.0,true
-1,4096,32768,minecraft:deep_ocean,,1.0,true
-1,8192,32768,minecraft:deep_ocean,,1.0,true
-1,12288,32768,minecraft:deep_ocean,,1.0,true
-1,16384,32768,minecraft:deep_ocean,,1.0,true
-1,20480,32768,minecraft:deep_ocean,,1.0,true
-1,24576,32768,minecraft:deep_ocean,,1.0,true
-1,28672,32768,minecraft:deep_ocean,,1.0,true
-1,32768,32768,minecraft:deep_ocean,,1.0,true
1,-32768,-32768,minecraft:deep_ocean,,1.0,true
1,-28672,-32768,minecraft:deep_ocean,,1.0,true
1,-24576,-32768,minecraft:deep_ocean,,1.0,true
1,-20480,-32768,minecraft:deep_ocean,,1.0,true
1,-16384,-32768,minecraft:deep_ocean,,1.0,true
1,-12288,-32768,minecraft:deep_ocean,,1.0,true
1,-8192,-32768,minecraft:deep_ocean,,1.0,true
1,-4096,-32768,minecraft:deep_ocean,,1.0,true
1,0,-32768,minecraft:deep_ocean,,1.0,true
1,4096,-32768,minecraft:deep_ocean,,1.0,true
1,8192,-32768,minecraft:deep_ocean,,1.0,true
1,12288,-32768,minecraft:deep_ocean,,1.0,true
1,16384,-32768,minecraft:deep_ocean,,1.0,true
1,20480,-32768,minecraft:deep_ocean,,1.0,true
1,24576,-32768,minecraft:deep_ocean,,1.0,true
1,28672,-32768,minecraft:deep_ocean,,1.0,true
1,32768,-32768,minecraft:deep_ocean,,1.0,true
1,-32768,-28672,minecraft:deep_ocean,,1.0,true
1,-28672,-28672,minecraft:plains,minecraft:forest,0.2809329968801051,false
1,-24576,-28672,minecraft:plains,minecraft:forest,0.11288235597119411,false
1,-20480,-28672,minecraft:forest,minecraft:birch_forest,0.1034901697108328,false
1,-16384,-28672,minecraft:deep_ocean,,1.0,true
1,-12288,-28672,minecraft:plains,minecraft:forest,0.2313092930371703,false
1,-8192,-28672,minecraft:plains,minecraft:forest,0.05805502974628163,false
1,-4096,-28672,minecraft:forest,minecraft:birch_forest,0.01486142510911026,false
1,0,-28672,minecraft:deep_ocean,,1.0,true
1,4096,-28672,minecraft:plains,minecraft:forest,0.2540063626068626,false
1,8192,-28672,minecraft:plains,minecraft:forest,0.036678209241240434,false
1,12288,-28672,minecraft:birch_forest,minecraft:forest,6.1288882836108E-4,false
1,16384,-28672,minecraft:deep_ocean,,1.0,true
1,20480,-28672,minecraft:plains,minecraft:forest,0.3651369441027533,false
1,24576,-28672,minecraft:plains,minecraft:forest,0.03458350876891936,false
1,28672,-28672,minecraft:forest,minecraft:birch_forest,0.011246629800159003,false
1,32768,-28672,minecraft:deep_ocean,,1.0,true
1,-32768,-24576,minecraft:deep_ocean,,1.0,true
1,-28672,-24576,minecraft:plains,minecraft:forest,0.27630498517208657,false
1,-24576,-24576,minecraft:plains,minecraft:forest,0.20689277752472013,false
1,-20480,-24576,minecraft:forest,minecraft:birch_forest,0.095016679602272,false
1,-16384,-24576,minecraft:deep_ocean,,1.0,true
1,-12288,-24576,minecraft:plains,minecraft:forest,0.21213388495023477,false
1,-8192,-24576,minecraft:plains,minecraft:forest,0.13167229736709518,false
1,-4096,-24576,minecraft:forest,minecraft:plains,0.11788625344990744,false
1,0,-24576,minecraft:deep_ocean,,1.0,true
1,4096,-24576,minecraft:plains,minecraft:forest,0.20892937452557547,false
1,8192,-24576,minecraft:forest,minecraft:plains,0.10694718151879956,false
1,12288,-24576,minecraft:forest,minecraft:plains,0.1013602802542426,false
1,16384,-24576,minecraft:deep_ocean,,1.0,true
1,20480,-24576,minecraft:plains,minecraft:forest,0.17025072351744153,false
1,24576,-24576,minecraft:plains,minecraft:forest,0.09067267807961954,false
1,28672,-24576,minecraft:forest,minecraft:plains,0.08303985614582465,false
1,32768,-24576,minecraft:deep_ocean,,1.0,true
1,-32768,-20480,minecraft:deep_ocean,,1.0,true
1,-28672,-20480,minecraft:ocean,,1.0,true
1,-24576,-20480,minecraft:plains,minecraft:forest,0.20798883750670882,false
1,-20480,-20480,minecraft:forest,minecraft:birch_forest,0.03644759467289149,false
1,-16384,-20480,minecraft:deep_ocean,,1.0,true
1,-12288,-20480,minecraft:plains,minecraft:forest,0.07767785766267343,false
1,-8192,-20480,minecraft:plains,minecraft:forest,0.09570509013068051,false
1,-4096,-20480,minecraft:forest,minecraft:birch_forest,0.13547753732623757,false
1,0,-20480,minecraft:deep_ocean,,1.0,true
1,4096,-20480,minecraft:plains,minecraft:forest,0.10367573092579141,false
1,8192,-20480,minecraft:plains,minecraft:forest,0.09492294070225593,false
1,12288,-20480,minecraft:ocean,,1.0,true
1,16384,-20480,minecraft:deep_ocean,,1.0,true
1,20480,-20480,minecraft:plains,minecraft:forest,0.19063316903542193,false
1,24576,-20480,minecraft:plains,minecraft:forest,0.0585142021011108,false
1,28672,-20480,minecraft:ocean,,1.0,true
1,32768,-20480,minecraft:deep_ocean,,1.0,true
1,-32768,-16384,minecraft:deep_ocean,,1.0,true
1,-28672,-16384,minecraft:deep_ocean,,1.0,true
1,-24576,-16384,minecraft:deep_ocean,,1.0,true
1,-20480,-16384,minecraft:deep_ocean,,1.0,true
1,-16384,-16384,minecraft:deep_ocean,,1.0,true
1,-12288,-16384,minecraft:deep_ocean,,1.0,true
1,-8192,-16384,minecraft:deep_ocean,,1.0,true
1,-4096,-16384,minecraft:deep_ocean,,1.0,true
1,0,-16384,minecraft:deep_ocean,,1.0,true
1,4096,-16384,minecraft:deep_ocean,,1.0,true
1,8192,-16384,minecraft:deep_ocean,,1.0,true
1,12288,-16384,minecraft:deep_ocean,,1.0,true
1,16384,-16384,minecraft:deep_ocean,,1.0,true
1,20480,-16384,minecraft:deep_ocean,,1.0,true
1,24576,-16384,minecraft:deep_ocean,,1.0,true
1,28672,-16384,minecraft:deep_ocean,,1.0,true
1,32768,-16384,minecraft:deep_ocean,,1.0,true
1,-32768,-12288,minecraft:deep_lukewarm_ocean,,1.0,true
1,-28672,-12288,minecraft:plains,minecraft:savanna,0.24202046434233504,false
1,-24576,-12288,minecraft:plains,minecraft:forest,0.07645940624267855,false
1,-20480,-12288,minecraft:forest,minecraft:birch_forest,0.14598006974848543,false
1,-16384,-12288,minecraft:deep_ocean,,1.0,true
1,-12288,-12288,minecraft:lukewarm_ocean,,1.0,true
1,-8192,-12288,minecraft:forest,minecraft:plains,0.006943283720537874,false
1,-4096,-12288,minecraft:lukewarm_ocean,,1.0,true
1,0,-12288,minecraft:deep_ocean,,1.0,true
1,4096,-12288,minecraft:lukewarm_ocean,,1.0,true
1,8192,-12288,minecraft:plains,minecraft:forest,0.0707620377234306,false
1,12288,-12288,minecraft:forest,minecraft:plains,0.16244079960111146,false
1,16384,-12288,minecraft:deep_lukewarm_ocean,,1.0,true
1,20480,-12288,minecraft:plains,minecraft:savanna,0.24105511004064395,false
1,24576,-12288,minecraft:plains,minecraft:forest,0.21873389550121225,false
1,28672,-12288,minecraft:forest,minecraft:birch_forest,0.12561988251445522,false
1,32768,-12288,minecraft:deep_ocean,,1.0,true
1,-32768,-8192,minecraft:deep_lukewarm_ocean,,1.0,true
1,-28672,-8192,minecraft:plains,minecraft:savanna,0.21129652270321697,false
1,-24576,-8192,minecraft:plains,minecraft:savanna,0.026173901540819333,false
1,-20480,-8192,minecraft:forest,minecraft:plains,0.09806834826591515,false
1,-16384,-8192,minecraft:deep_lukewarm_ocean,,1.0,true
1,-12288,-8192,minecraft:plains,minecraft:savanna,0.20567090256669418,false
1,-8192,-8192,minecraft:plains,minecraft:savanna,0.2804668717909248,false
1,-4096,-8192,minecraft:forest,minecraft:plains,0.14079814048638162,false
1,0,-8192,minecraft:deep_lukewarm_ocean,,1.0,true
1,4096,-8192,minecraft:plains,minecraft:savanna,0.19192052101541446,false
1,8192,-8192,minecraft:plains,minecraft:forest,0.19033044545558064,false
1,12288,-8192,minecraft:forest,minecraft:plains,0.10566783902447308,false
1,16384,-8192,minecraft:deep_lukewarm_ocean,,1.0,true
1,20480,-8192,minecraft:plains,minecraft:savanna,0.21655595487712276,false
1,24576,-8192,minecraft:plains,minecraft:forest,0.1234794910558995,false
1,28672,-8192,minecraft:forest,minecraft:plains,0.10492623089813446,false
1,32768,-8192,minecraft:deep_lukewarm_ocean,,1.0,true
1,-32768,-4096,minecraft:deep_lukewarm_ocean,,1.0,true
1,-28672,-4096,minecraft:lukewarm_ocean,,1.0,true
1,-24576,-4096,minecraft:plains,minecraft:savanna,0.12722501819342436,false
1,-20480,-4096,minecraft:forest,minecraft:sparse_jungle,0.2256768926770345,false
1,-16384,-4096,minecraft:deep_lukewarm_ocean,,1.0,true
1,-12288,-4096,minecraft:plains,minecraft:savanna,0.1091899242658193,false
1,-8192,-4096,minecraft:plains,minecraft:savanna,0.13179466062170409,false
1,-4096,-4096,minecraft:forest,minecraft:plains,0.07506685302274463,false
1,0,-4096,minecraft:deep_lukewarm_ocean,,1.0,true
1,4096,-4096,minecraft:plains,minecraft:savanna,0.11294140231995153,false
1,8192,-4096,minecraft:plains,minecraft:savanna,0.12069711661327664,false
1,12288,-4096,minecraft:plains,minecraft:forest,0.016145120748467856,false
1,16384,-4096,minecraft:deep_lukewarm_ocean,,1.0,true
1,20480,-4096,minecraft:lukewarm_ocean,,1.0,true
1,24576,-4096,minecraft:plains,minecraft:savanna,0.08569234298410544,false
1,28672,-4096,minecraft:forest,minecraft:plains,0.12346339159847619,false
1,32768,-4096,minecraft:deep_lukewarm_ocean,,1.0,true
1,-32768,0,minecraft:deep_lukewarm_ocean,,1.0,true
1,-28672,0,minecraft:deep_lukewarm_ocean,,1.0,true
1,-24576,0,minecraft:deep_lukewarm_ocean,,1.0,true
1,-20480,0,minecraft:deep_lukewarm_ocean,,1.0,true
1,-16384,0,minecraft:deep_lukewarm_ocean,,1.0,true
1,-12288,0,minecraft:deep_lukewarm_ocean,,1.0,true
1,-8192,0,minecraft:deep_lukewarm_ocean,,1.0,true
1,-4096,0,minecraft:deep_lukewarm_ocean,,1.0,true
1,0,0,minecraft:deep_lukewarm_ocean,,1.0,true
1,4096,0,minecraft:deep_lukewarm_ocean,,1.0,true
1,8192,0,minecraft:deep_lukewarm_ocean,,1.0,true
1,12288,0,minecraft:deep_lukewarm_ocean,,1.0,true
1,16384,0,minecraft:deep_lukewarm_ocean,,1.0,true
1,20480,0,minecraft:deep_lukewarm_ocean,,1.0,true
1,24576,0,minecraft:deep_lukewarm_ocean,,1.0,true
1,28672,0,minecraft:deep_lukewarm_ocean,,1.0,true
1,32768,0,minecraft:deep_lukewarm_ocean,,1.0,true
1,-32768,4096,minecraft:deep_lukewarm_ocean,,1.0,true
1,-28672,4096,minecraft:plains,minecraft:savanna,0.12237844356135352,false
1,-24576,4096,minecraft:plains,minecraft:savanna,0.12441678611517304,false
1,-20480,4096,minecraft:forest,minecraft:plains,0.08003230409200213,false
1,-16384,4096,minecraft:deep_lukewarm_ocean,,1.0,true
1,-12288,4096,minecraft:plains,minecraft:savanna,0.07453875522852638,false
1,-8192,4096,minecraft:plains,minecraft:savanna,0.12272062352993829,false
1,-4096,4096,minecraft:forest,minecraft:plains,0.09405694283912469,false
1,0,4096,minecraft:deep_lukewarm_ocean,,1.0,true
1,4096,4096,minecraft:plains,minecraft:savanna,0.09128058306606956,false
1,8192,4096,minecraft:plains,minecraft:savanna,0.09515289522931258,false
1,12288,4096,minecraft:forest,minecraft:sparse_jungle,0.17104521269191508,false
1,16384,4096,minecraft:deep_lukewarm_ocean,,1.0,true
1,20480,4096,minecraft:plains,minecraft:savanna,0.11169248678418942,false
1,24576,4096,minecraft:plains,minecraft:savanna,0.08594978324013058,false
1,28672,4096,minecraft:lukewarm_ocean,,1.0,true
1,32768,4096,minecraft:deep_lukewarm_ocean,,1.0,true
1,-32768,8192,minecraft:deep_lukewarm_ocean,,1.0,true
1,-28672,8192,minecraft:plains,minecraft:savanna,0.2132573241882072,false
1,-24576,8192,minecraft:forest,minecraft:plains,0.03427766600358584,false
1,-20480,8192,minecraft:forest,minecraft:plains,0.09021054593701394,false
1,-16384,8192,minecraft:deep_lukewarm_ocean,,1.0,true
1,-12288,8192,minecraft:plains,minecraft:savanna,0.18552343148119677,false
1,-8192,8192,minecraft:plains,minecraft:forest,0.20797836300539585,false
1,-4096,8192,minecraft:forest,minecraft:plains,0.07371079411280834,false
1,0,8192,minecraft:deep_lukewarm_ocean,,1.0,true
1,4096,8192,minecraft:plains,minecraft:savanna,0.1766522370288951,false
1,8192,8192,minecraft:plains,minecraft:forest,0.27790671380660115,false
1,12288,8192,minecraft:forest,minecraft:plains,0.1429796613873624,false
1,16384,8192,minecraft:deep_lukewarm_ocean,,1.0,true
1,20480,8192,minecraft:plains,minecraft:savanna,0.19420466458578067,false
1,24576,8192,minecraft:plains,minecraft:savanna,0.26921768161764226,false
1,28672,8192,minecraft:forest,minecraft:plains,0.15556839144438162,false
1,32768,8192,minecraft:deep_lukewarm_ocean,,1.0,true
1,-32768,12288,minecraft:deep_ocean,,1.0,true
1,-28672,12288,minecraft:plains,minecraft:savanna,0.2502283789057451,false
1,-24576,12288,minecraft:plains,minecraft:forest,0.0918197860701443,false
1,-20480,12288,minecraft:lukewarm_ocean,,1.0,true
1,-16384,12288,minecraft:deep_lukewarm_ocean,,1.0,true
1,-12288,12288,minecraft:plains,minecraft:savanna,0.2269837090239223,false
1,-8192,12288,minecraft:plains,minecraft:forest,0.04105839563539726,false
1,-4096,12288,minecraft:forest,minecraft:birch_forest,0.13181686860283182,false
1,0,12288,minecraft:deep_ocean,,1.0,true
1,4096,12288,minecraft:plains,minecraft:savanna,0.2610895562425394,false
1,8192,12288,minecraft:plains,minecraft:forest,0.013997407773864379,false
1,12288,12288,minecraft:forest,minecraft:birch_forest,0.15048292945482122,false
1,16384,12288,minecraft:deep_lukewarm_ocean,,1.0,true
1,20480,12288,minecraft:plains,minecraft:savanna,0.23904120241207805,false
1,24576,12288,minecraft:plains,minecraft:forest,0.04380442572229981,false
1,28672,12288,minecraft:forest,minecraft:plains,0.1740267083984609,false
1,32768,12288,minecraft:deep_lukewarm_ocean,,1.0,true
1,-32768,16384,minecraft:deep_ocean,,1.0,true
1,-28672,16384,minecraft:deep_ocean,,1.0,true
1,-24576,16384,minecraft:deep_ocean,,1.0,true
1,-20480,16384,minecraft:deep_ocean,,1.0,true
1,-16384,16384,minecraft:deep_ocean,,1.0,true
1,-12288,16384,minecraft:deep_ocean,,1.0,true
1,-8192,16384,minecraft:deep_ocean,,1.0,true
1,-4096,16384,minecraft:deep_ocean,,1.0,true
1,0,16384,minecraft:deep_ocean,,1.0,true
1,4096,16384,minecraft:deep_ocean,,1.0,true
1,8192,16384,minecraft:deep_ocean,,1.0,true
1,12288,16384,minecraft:deep_ocean,,1.0,true
1,16384,16384,minecraft:deep_ocean,,1.0,true
1,20480,16384,minecraft:deep_ocean,,1.0,true
1,24576,16384,minecraft:deep_ocean,,1.0,true
1,28672,16384,minecraft:deep_ocean,,1.0,true
1,32768,16384,minecraft:deep_ocean,,1.0,true
1,-32768,20480,minecraft:deep_ocean,,1.0,true
1,-28672,20480,minecraft:plains,minecraft:forest,0.14479968381648767,false
1,-24576,20480,minecraft:plains,minecraft:forest,0.16045517187676617,false
1,-20480,20480,minecraft:forest,minecraft:plains,0.04820572120973676,false
1,-16384,20480,minecraft:deep_ocean,,1.0,true
1,-12288,20480,minecraft:plains,minecraft:forest,0.10739746366936709,false
1,-8192,20480,minecraft:plains,minecraft:forest,0.14725643829799462,false
1,-4096,20480,minecraft:forest,minecraft:plains,0.12667891783722507,false
1,0,20480,minecraft:deep_ocean,,1.0,true
1,4096,20480,minecraft:plains,minecraft:forest,0.13725733316892608,false
1,8192,20480,minecraft:plains,minecraft:forest,0.19151587360207334,false
1,12288,20480,minecraft:forest,minecraft:birch_forest,0.06436781562540783,false
1,16384,20480,minecraft:deep_ocean,,1.0,true
1,20480,20480,minecraft:plains,minecraft:forest,0.17128260459721567,false
1,24576,20480,minecraft:plains,minecraft:forest,0.18111454173229835,false
1,28672,20480,minecraft:forest,minecraft:birch_forest,0.04849595126937378,false
1,32768,20480,minecraft:deep_ocean,,1.0,true
1,-32768,24576,minecraft:deep_ocean,,1.0,true
1,-28672,24576,minecraft:plains,minecraft:forest,0.3542498185704319,false
1,-24576,24576,minecraft:plains,minecraft:forest,0.22168165845662646,false
1,-20480,24576,minecraft:forest,minecraft:plains,0.06283587254638312,false
1,-16384,24576,minecraft:deep_ocean,,1.0,true
1,-12288,24576,minecraft:plains,minecraft:forest,0.28729189935037613,false
1,-8192,24576,minecraft:plains,minecraft:forest,0.1770049008846859,false
1,-4096,24576,minecraft:forest,minecraft:birch_forest,0.0975719515444693,false
1,0,24576,minecraft:deep_ocean,,1.0,true
1,4096,24576,minecraft:plains,minecraft:forest,0.2611528414951927,false
1,8192,24576,minecraft:plains,minecraft:forest,0.13446450458630388,false
1,12288,24576,minecraft:forest,minecraft:birch_forest,0.10255038683839868,false
1,16384,24576,minecraft:deep_ocean,,1.0,true
1,20480,24576,minecraft:plains,minecraft:forest,0.35902127445742926,false
1,24576,24576,minecraft:plains,minecraft:forest,0.22001614194369856,false
1,28672,24576,minecraft:forest,minecraft:plains,0.13580952366246957,false
1,32768,24576,minecraft:deep_ocean,,1.0,true
1,-32768,28672,minecraft:deep_ocean,,1.0,true
1,-28672,28672,minecraft:ocean,,1.0,true
1,-24576,28672,minecraft:plains,minecraft:forest,0.07614462960002666,false
1,-20480,28672,minecraft:forest,minecraft:birch_forest,0.05381559099131639,false
1,-16384,28672,minecraft:deep_ocean,,1.0,true
1,-12288,28672,minecraft:plains,minecraft:forest,0.33382501321190106,false
1,-8192,28672,minecraft:plains,minecraft:forest,0.003222607385044096,false
1,-4096,28672,minecraft:forest,minecraft:birch_forest,0.06609131235563692,false
1,0,28672,minecraft:deep_ocean,,1.0,true
1,4096,28672,minecraft:plains,minecraft:forest,0.352999450752413,false
1,8192,28672,minecraft:plains,minecraft:forest,0.07371741102541296,false
1,12288,28672,minecraft:forest,minecraft:birch_forest,0.016862973512735024,false
1,16384,28672,minecraft:deep_ocean,,1.0,true
1,20480,28672,minecraft:plains,minecraft:forest,0.40259846947542144,false
1,24576,28672,minecraft:forest,minecraft:plains,0.009952397398111379,false
1,28672,28672,minecraft:forest,minecraft:birch_forest,0.00802192938980284,false
1,32768,28672,minecraft:deep_ocean,,1.0,true
1,-32768,32768,minecraft:deep_ocean,,1.0,true
1,-28672,32768,minecraft:deep_ocean,,1.0,true
1,-24576,32768,minecraft:deep_ocean,,1.0,true
1,-20480,32768,minecraft:deep_ocean,,1.0,true
1,-16384,32768,minecraft:deep_ocean,,1.0,true
1,-12288,32768,minecraft:deep_ocean,,1.0,true
1,-8192,32768,minecraft:deep_ocean,,1.0,true
1,-4096,32768,minecraft:deep_ocean,,1.0,true
1,0,32768,minecraft:deep_ocean,,1.0,true
1,4096,32768,minecraft:deep_ocean,,1.0,true
1,8192,32768,minecraft:deep_ocean,,1.0,true
1,12288,32768,minecraft:deep_ocean,,1.0,true
1,16384,32768,minecraft:deep_ocean,,1.0,true
1,20480,32768,minecraft:deep_ocean,,1.0,true
1,24576,32768,minecraft:deep_ocean,,1.0,true
1,28672,32768,minecraft:deep_ocean,,1.0,true
1,32768,32768,minecraft:deep_ocean,,1.0,true
12345,-32768,-32768,minecraft:deep_ocean,,1.0,true
12345,-28672,-32768,minecraft:deep_ocean,,1.0,true
12345,-24576,-32768,minecraft:deep_ocean,,1.0,true
12345,-20480,-32768,minecraft:deep_ocean,,1.0,true
12345,-16384,-32768,minecraft:deep_ocean,,1.0,true
12345,-12288,-32768,minecraft:deep_ocean,,1.0,true
12345,-8192,-32768,minecraft:deep_ocean,,1.0,true
12345,-4096,-32768,minecraft:deep_ocean,,1.0,true
12345,0,-32768,minecraft:deep_ocean,,1.0,true
12345,4096,-32768,minecraft:deep_ocean,,1.0,true
12345,8192,-32768,minecraft:deep_ocean,,1.0,true
12345,12288,-32768,minecraft:deep_ocean,,1.0,true
12345,16384,-32768,minecraft:deep_ocean,,1.0,true
12345,20480,-32768,minecraft:deep_ocean,,1.0,true
12345,24576,-32768,minecraft:deep_ocean,,1.0,true
12345,28672,-32768,minecraft:deep_ocean,,1.0,true
12345,32768,-32768,minecraft:deep_ocean,,1.0,true
12345,-32768,-28672,minecraft:deep_ocean,,1.0,true
12345,-28672,-28672,minecraft:ocean,,1.0,true
12345,-24576,-28672,minecraft:plains,minecraft:forest,0.05841842381166129,false
12345,-20480,-28672,minecraft:forest,minecraft:birch_forest,0.0013312499975346448,false
12345,-16384,-28672,minecraft:deep_ocean,,1.0,true
12345,-12288,-28672,minecraft:plains,minecraft:forest,0.2833053182497267,false
12345,-8192,-28672,minecraft:forest,minecraft:plains,0.03385878044634416,false
12345,-4096,-28672,minecraft:forest,minecraft:birch_forest,0.0031895783334808803,false
12345,0,-28672,minecraft:deep_ocean,,1.0,true
12345,4096,-28672,minecraft:plains,minecraft:forest,0.41633512240352566,false
12345,8192,-28672,minecraft:plains,minecraft:forest,0.10597055874713268,false
12345,12288,-28672,minecraft:forest,minecraft:birch_forest,0.03818245661092534,false
12345,16384,-28672,minecraft:deep_ocean,,1.0,true
12345,20480,-28672,minecraft:plains,minecraft:forest,0.41046916113437193,false
12345,24576,-28672,minecraft:forest,minecraft:plains,0.04021724768042623,false
12345,28672,-28672,minecraft:birch_forest,minecraft:forest,0.008470147648289794,false
12345,32768,-28672,minecraft:deep_ocean,,1.0,true
12345,-32768,-24576,minecraft:deep_ocean,,1.0,true
12345,-28672,-24576,minecraft:plains,minecraft:forest,0.29879386949720677,false
12345,-24576,-24576,minecraft:plains,minecraft:forest,0.08656113811768762,false
12345,-20480,-24576,minecraft:forest,minecraft:plains,0.07571593536689925,false
12345,-16384,-24576,minecraft:deep_ocean,,1.0,true
12345,-12288,-24576,minecraft:plains,minecraft:forest,0.34918827724876966,false
12345,-8192,-24576,minecraft:plains,minecraft:forest,0.11467666801984366,false
12345,-4096,-24576,minecraft:forest,minecraft:birch_forest,0.07254348056400484,false
12345,0,-24576,minecraft:deep_ocean,,1.0,true
12345,4096,-24576,minecraft:plains,minecraft:forest,0.14714320006716441,false
12345,8192,-24576,minecraft:plains,minecraft:forest,0.08581753766197686,false
12345,12288,-24576,minecraft:forest,minecraft:birch_forest,0.14004491116448237,false
12345,16384,-24576,minecraft:deep_ocean,,1.0,true
12345,20480,-24576,minecraft:plains,minecraft:forest,0.28614141181465247,false
12345,24576,-24576,minecraft:plains,minecraft:forest,0.07114324548855278,false
12345,28672,-24576,minecraft:forest,minecraft:birch_forest,0.06298251096324314,false
12345,32768,-24576,minecraft:deep_ocean,,1.0,true
12345,-32768,-20480,minecraft:deep_ocean,,1.0,true
12345,-28672,-20480,minecraft:plains,minecraft:forest,0.20312607553590922,false
12345,-24576,-20480,minecraft:plains,minecraft:forest,0.14531069792761997,false
12345,-20480,-20480,minecraft:forest,minecraft:plains,0.13402173391411576,false
12345,-16384,-20480,minecraft:deep_ocean,,1.0,true
12345,-12288,-20480,minecraft:plains,minecraft:forest,0.10999379351283223,false
12345,-8192,-20480,minecraft:plains,minecraft:forest,0.07605859243618707,false
12345,-4096,-20480,minecraft:forest,minecraft:plains,0.09895836736282382,false
12345,0,-20480,minecraft:deep_ocean,,1.0,true
12345,4096,-20480,minecraft:ocean,,1.0,true
12345,8192,-20480,minecraft:plains,minecraft:forest,0.1358542446714487,false
12345,12288,-20480,minecraft:forest,minecraft:plains,0.085670410277635,false
12345,16384,-20480,minecraft:deep_ocean,,1.0,true
12345,20480,-20480,minecraft:plains,minecraft:forest,0.20223621660988544,false
12345,24576,-20480,minecraft:plains,minecraft:forest,0.07514824026368494,false
12345,28672,-20480,minecraft:forest,minecraft:plains,0.12655300978019657,false
12345,32768,-20480,minecraft:deep_ocean,,1.0,true
12345,-32768,-16384,minecraft:deep_ocean,,1.0,true
12345,-28672,-16384,minecraft:deep_ocean,,1.0,true
12345,-24576,-16384,minecraft:deep_ocean,,1.0,true
12345,-20480,-16384,minecraft:deep_ocean,,1.0,true
12345,-16384,-16384,minecraft:deep_ocean,,1.0,true
12345,-12288,-16384,minecraft:deep_ocean,,1.0,true
12345,-8192,-16384,minecraft:deep_ocean,,1.0,true
12345,-4096,-16384,minecraft:deep_ocean,,1.0,true
12345,0,-16384,minecraft:deep_ocean,,1.0,true
12345,4096,-16384,minecraft:deep_ocean,,1.0,true
12345,8192,-16384,minecraft:deep_ocean,,1.0,true
12345,12288,-16384,minecraft:deep_ocean,,1.0,true
12345,16384,-16384,minecraft:deep_ocean,,1.0,true
12345,20480,-16384,minecraft:deep_ocean,,1.0,true
12345,24576,-16384,minecraft:deep_ocean,,1.0,true
12345,28672,-16384,minecraft:deep_ocean,,1.0,true
12345,32768,-16384,minecraft:deep_ocean,,1.0,true
12345,-32768,-12288,minecraft:deep_ocean,,1.0,true
12345,-28672,-12288,minecraft:plains,minecraft:savanna,0.24518341079547767,false
12345,-24576,-12288,minecraft:plains,minecraft:forest,0.04915311625943486,false
12345,-20480,-12288,minecraft:forest,minecraft:birch_forest,0.17590895813626595,false
12345,-16384,-12288,minecraft:deep_lukewarm_ocean,,1.0,true
12345,-12288,-12288,minecraft:lukewarm_ocean,,1.0,true
12345,-8192,-12288,minecraft:plains,minecraft:forest,0.02657854995077258,false
12345,-4096,-12288,minecraft:lukewarm_ocean,,1.0,true
12345,0,-12288,minecraft:deep_ocean,,1.0,true
12345,4096,-12288,minecraft:plains,minecraft:savanna,0.23464535906653416,false
12345,8192,-12288,minecraft:plains,minecraft:forest,0.04892878308420723,false
12345,12288,-12288,minecraft:forest,minecraft:birch_forest,0.1661999045501441,false
12345,16384,-12288,minecraft:deep_lukewarm_ocean,,1.0,true
12345,20480,-12288,minecraft:plains,minecraft:savanna,0.22793429416270816,false
12345,24576,-12288,minecraft:plains,minecraft:forest,0.0160385808170298,false
12345,28672,-12288,minecraft:forest,minecraft:plains,0.15970001842440185,false
12345,32768,-12288,minecraft:deep_ocean,,1.0,true
12345,-32768,-8192,minecraft:deep_lukewarm_ocean,,1.0,true
12345,-28672,-8192,minecraft:plains,minecraft:savanna,0.20623937714886975,false
12345,-24576,-8192,minecraft:plains,minecraft:forest,0.18687113123220722,false
12345,-20480,-8192,minecraft:forest,minecraft:plains,0.09594840161058382,false
12345,-16384,-8192,minecraft:deep_lukewarm_ocean,,1.0,true
12345,-12288,-8192,minecraft:plains,minecraft:savanna,0.20507231246088242,false
12345,-8192,-8192,minecraft:plains,minecraft:forest,0.18672900742063103,false
12345,-4096,-8192,minecraft:forest,minecraft:plains,0.08089683300446815,false
12345,0,-8192,minecraft:deep_lukewarm_ocean,,1.0,true
12345,4096,-8192,minecraft:plains,minecraft:savanna,0.20168604068988294,false
12345,8192,-8192,minecraft:plains,minecraft:savanna,0.2488131231811307,false
12345,12288,-8192,minecraft:forest,minecraft:plains,0.09892155079750486,false
12345,16384,-8192,minecraft:deep_lukewarm_ocean,,1.0,true
12345,20480,-8192,minecraft:plains,minecraft:forest,0.16878106982673258,false
12345,24576,-8192,minecraft:plains,minecraft:savanna,0.009997009889667119,false
12345,28672,-8192,minecraft:forest,minecraft:plains,0.03322116928141816,false
12345,32768,-8192,minecraft:deep_lukewarm_ocean,,1.0,true
12345,-32768,-4096,minecraft:deep_lukewarm_ocean,,1.0,true
12345,-28672,-4096,minecraft:plains,minecraft:savanna,0.07583741605067762,false
12345,-24576,-4096,minecraft:plains,minecraft:savanna,0.131782921542121,false
12345,-20480,-4096,minecraft:forest,minecraft:plains,0.06878721295793655,false
12345,-16384,-4096,minecraft:deep_lukewarm_ocean,,1.0,true
12345,-12288,-4096,minecraft:plains,minecraft:savanna,0.0972562924834044,false
12345,-8192,-4096,minecraft:plains,minecraft:savanna,0.11292205188668114,false
12345,-4096,-4096,minecraft:forest,minecraft:plains,0.0357012876564039,false
12345,0,-4096,minecraft:deep_lukewarm_ocean,,1.0,true
12345,4096,-4096,minecraft:plains,minecraft:forest,0.07052761599269852,false
12345,8192,-4096,minecraft:plains,minecraft:savanna,0.13171675855241205,false
12345,12288,-4096,minecraft:forest,minecraft:plains,0.01537238950573927,false
12345,16384,-4096,minecraft:deep_lukewarm_ocean,,1.0,true
12345,20480,-4096,minecraft:plains,minecraft:forest,0.03629067561684807,false
12345,24576,-4096,minecraft:plains,minecraft:savanna,0.14050713797949144,false
12345,28672,-4096,minecraft:forest,minecraft:plains,0.09282065004758855,false
12345,32768,-4096,minecraft:deep_lukewarm_ocean,,1.0,true
12345,-32768,0,minecraft:deep_lukewarm_ocean,,1.0,true
12345,-28672,0,minecraft:deep_lukewarm_ocean,,1.0,true
12345,-24576,0,minecraft:deep_lukewarm_ocean,,1.0,true
12345,-20480,0,minecraft:deep_lukewarm_ocean,,1.0,true
12345,-16384,0,minecraft:deep_lukewarm_ocean,,1.0,true
12345,-12288,0,minecraft:deep_lukewarm_ocean,,1.0,true
12345,-8192,0,minecraft:deep_lukewarm_ocean,,1.0,true
12345,-4096,0,minecraft:deep_lukewarm_ocean,,1.0,true
12345,0,0,minecraft:deep_lukewarm_ocean,,1.0,true
12345,4096,0,minecraft:deep_lukewarm_ocean,,1.0,true
12345,8192,0,minecraft:deep_lukewarm_ocean,,1.0,true
12345,12288,0,minecraft:deep_lukewarm_ocean,,1.0,true
12345,16384,0,minecraft:deep_lukewarm_ocean,,1.0,true
12345,20480,0,minecraft:deep_lukewarm_ocean,,1.0,true
12345,24576,0,minecraft:deep_lukewarm_ocean,,1.0,true
12345,28672,0,minecraft:deep_lukewarm_ocean,,1.0,true
12345,32768,0,minecraft:deep_lukewarm_ocean,,1.0,true
12345,-32768,4096,minecraft:deep_lukewarm_ocean,,1.0,true
12345,-28672,4096,minecraft:plains,minecraft:savanna,0.11747246086056329,false
12345,-24576,4096,minecraft:plains,minecraft:savanna,0.10861928266178,false
12345,-20480,4096,minecraft:forest,minecraft:plains,0.09728448355128672,false
12345,-16384,4096,minecraft:deep_lukewarm_ocean,,1.0,true
12345,-12288,4096,minecraft:plains,minecraft:savanna,0.10948471763134338,false
12345,-8192,4096,minecraft:plains,minecraft:savanna,0.13451669728653193,false
12345,-4096,4096,minecraft:forest,minecraft:plains,0.13619955965950803,false
12345,0,4096,minecraft:deep_lukewarm_ocean,,1.0,true
12345,4096,4096,minecraft:plains,minecraft:savanna,0.0868828204296439,false
12345,8192,4096,minecraft:plains,minecraft:savanna,0.12347227512928582,false
12345,12288,4096,minecraft:plains,minecraft:forest,0.036270901152647084,false
12345,16384,4096,minecraft:deep_lukewarm_ocean,,1.0,true
12345,20480,4096,minecraft:plains,minecraft:savanna,0.09383498232595333,false
12345,24576,4096,minecraft:plains,minecraft:savanna,0.10342734031370437,false
12345,28672,4096,minecraft:lukewarm_ocean,,1.0,true
12345,32768,4096,minecraft:deep_lukewarm_ocean,,1.0,true
12345,-32768,8192,minecraft:deep_lukewarm_ocean,,1.0,true
12345,-28672,8192,minecraft:plains,minecraft:savanna,0.19135689714580928,false
12345,-24576,8192,minecraft:plains,minecraft:forest,0.27527526663096247,false
12345,-20480,8192,minecraft:forest,minecraft:plains,0.1137727615651567,false
12345,-16384,8192,minecraft:deep_lukewarm_ocean,,1.0,true
12345,-12288,8192,minecraft:plains,minecraft:savanna,0.1809798755060109,false
12345,-8192,8192,minecraft:plains,minecraft:savanna,0.24559786266217432,false
12345,-4096,8192,minecraft:forest,minecraft:plains,0.12245660992736307,false
12345,0,8192,minecraft:deep_lukewarm_ocean,,1.0,true
12345,4096,8192,minecraft:plains,minecraft:savanna,0.15699134514039104,false
12345,8192,8192,minecraft:plains,minecraft:forest,0.1765083074803382,false
12345,12288,8192,minecraft:forest,minecraft:plains,0.08509224362728418,false
12345,16384,8192,minecraft:deep_lukewarm_ocean,,1.0,true
12345,20480,8192,minecraft:plains,minecraft:savanna,0.19878926613859849,false
12345,24576,8192,minecraft:plains,minecraft:forest,0.15783619421342487,false
12345,28672,8192,minecraft:forest,minecraft:plains,0.09589105629111383,false
12345,32768,8192,minecraft:deep_lukewarm_ocean,,1.0,true
12345,-32768,12288,minecraft:deep_ocean,,1.0,true
12345,-28672,12288,minecraft:plains,minecraft:savanna,0.24967087793588594,false
12345,-24576,12288,minecraft:plains,minecraft:forest,0.05215313118828313,false
12345,-20480,12288,minecraft:lukewarm_ocean,,1.0,true
12345,-16384,12288,minecraft:deep_ocean,,1.0,true
12345,-12288,12288,minecraft:plains,minecraft:savanna,0.2434763754287066,false
12345,-8192,12288,minecraft:plains,minecraft:forest,0.04793679092204994,false
12345,-4096,12288,minecraft:lukewarm_ocean,,1.0,true
12345,0,12288,minecraft:deep_ocean,,1.0,true
12345,4096,12288,minecraft:plains,minecraft:savanna,0.2304278906499595,false
12345,8192,12288,minecraft:plains,minecraft:forest,0.12090662891867099,false
12345,12288,12288,minecraft:forest,minecraft:plains,0.1851586944034811,false
12345,16384,12288,minecraft:deep_ocean,,1.0,true
12345,20480,12288,minecraft:plains,minecraft:savanna,0.28675512647445345,false
12345,24576,12288,minecraft:plains,minecraft:forest,0.15048188054809608,false
12345,28672,12288,minecraft:forest,minecraft:birch_forest,0.14127265785121934,false
12345,32768,12288,minecraft:deep_ocean,,1.0,true
12345,-32768,16384,minecraft:deep_ocean,,1.0,true
12345,-28672,16384,minecraft:deep_ocean,,1.0,true
12345,-24576,16384,minecraft:deep_ocean,,1.0,true
12345,-20480,16384,minecraft:deep_ocean,,1.0,true
12345,-16384,16384,minecraft:deep_ocean,,1.0,true
12345,-12288,16384,minecraft:deep_ocean,,1.0,true
12345,-8192,16384,minecraft:deep_ocean,,1.0,true
12345,-4096,16384,minecraft:deep_ocean,,1.0,true
12345,0,16384,minecraft:deep_ocean,,1.0,true
12345,4096,16384,minecraft:deep_ocean,,1.0,true
12345,8192,16384,minecraft:deep_ocean,,1.0,true
12345,12288,16384,minecraft:deep_ocean,,1.0,true
12345,16384,16384,minecraft:deep_ocean,,1.0,true
12345,20480,16384,minecraft:deep_ocean,,1.0,true
12345,24576,16384,minecraft:deep_ocean,,1.0,true
12345,28672,16384,minecraft:deep_ocean,,1.0,true
12345,32768,16384,minecraft:deep_ocean,,1.0,true
12345,-32768,20480,minecraft:deep_ocean,,1.0,true
12345,-28672,20480,minecraft:ocean,,1.0,true
12345,-24576,20480,minecraft:plains,minecraft:forest,0.08061004334704258,false
12345,-20480,20480,minecraft:forest,minecraft:plains,0.04753554587612352,false
12345,-16384,20480,minecraft:deep_ocean,,1.0,true
12345,-12288,20480,minecraft:plains,minecraft:forest,0.17620695033178102,false
12345,-8192,20480,minecraft:plains,minecraft:forest,0.22181018020914522,false
12345,-4096,20480,minecraft:forest,minecraft:plains,0.11880210780150335,false
12345,0,20480,minecraft:deep_ocean,,1.0,true
12345,4096,20480,minecraft:plains,minecraft:forest,0.11863776526565128,false
12345,8192,20480,minecraft:plains,minecraft:forest,0.1317791530479755,false
12345,12288,20480,minecraft:forest,minecraft:plains,0.1317658374870394,false
12345,16384,20480,minecraft:deep_ocean,,1.0,true
12345,20480,20480,minecraft:ocean,,1.0,true
12345,24576,20480,minecraft:plains,minecraft:forest,0.2032708210810561,false
12345,28672,20480,minecraft:forest,minecraft:plains,0.02620133188431706,false
12345,32768,20480,minecraft:deep_ocean,,1.0,true
12345,-32768,24576,minecraft:deep_ocean,,1.0,true
12345,-28672,24576,minecraft:plains,minecraft:forest,0.1636956686432679,false
12345,-24576,24576,minecraft:plains,minecraft:forest,0.18068633411510449,false
12345,-20480,24576,minecraft:forest,minecraft:plains,0.08670736661249523,false
12345,-16384,24576,minecraft:deep_ocean,,1.0,true
12345,-12288,24576,minecraft:plains,minecraft:forest,0.19336940620512277,false
12345,-8192,24576,minecraft:plains,minecraft:forest,0.18748006738168055,false
12345,-4096,24576,minecraft:forest,minecraft:plains,0.027783475491971132,false
12345,0,24576,minecraft:deep_ocean,,1.0,true
12345,4096,24576,minecraft:plains,minecraft:forest,0.2798703038704349,false
12345,8192,24576,minecraft:plains,minecraft:forest,0.14948717112308574,false
12345,12288,24576,minecraft:forest,minecraft:plains,0.07728706805226415,false
12345,16384,24576,minecraft:deep_ocean,,1.0,true
12345,20480,24576,minecraft:plains,minecraft:forest,0.30639744898841115,false
12345,24576,24576,minecraft:plains,minecraft:forest,0.2053252430318382,false
12345,28672,24576,minecraft:forest,minecraft:plains,0.11231567207874127,false
12345,32768,24576,minecraft:deep_ocean,,1.0,true
12345,-32768,28672,minecraft:deep_ocean,,1.0,true
12345,-28672,28672,minecraft:ocean,,1.0,true
12345,-24576,28672,minecraft:plains,minecraft:forest,0.04697850794879288,false
12345,-20480,28672,minecraft:forest,minecraft:birch_forest,0.11039915753198648,false
12345,-16384,28672,minecraft:deep_ocean,,1.0,true
12345,-12288,28672,minecraft:plains,minecraft:forest,0.41041022715143594,false
12345,-8192,28672,minecraft:plains,minecraft:forest,0.022075290581596074,false
12345,-4096,28672,minecraft:forest,minecraft:birch_forest,0.0725400551320432,false
12345,0,28672,minecraft:deep_ocean,,1.0,true
12345,4096,28672,minecraft:plains,minecraft:forest,0.3009112631560066,false
12345,8192,28672,minecraft:plains,minecraft:forest,0.06695853637727123,false
12345,12288,28672,minecraft:forest,minecraft:birch_forest,0.11128065571933021,false
12345,16384,28672,minecraft:deep_ocean,,1.0,true
12345,20480,28672,minecraft:plains,minecraft:forest,0.3943359244018073,false
12345,24576,28672,minecraft:plains,minecraft:forest,0.11723501101124623,false
12345,28672,28672,minecraft:forest,minecraft:birch_forest,0.03214939638571601,false
12345,32768,28672,minecraft:deep_ocean,,1.0,true
12345,-32768,32768,minecraft:deep_ocean,,1.0,true
12345,-28672,32768,minecraft:deep_ocean,,1.0,true
12345,-24576,32768,minecraft:deep_ocean,,1.0,true
12345,-20480,32768,minecraft:deep_ocean,,1.0,true
12345,-16384,32768,minecraft:deep_ocean,,1.0,true
12345,-12288,32768,minecraft:deep_ocean,,1.0,true
12345,-8192,32768,minecraft:deep_ocean,,1.0,true
12345,-4096,32768,minecraft:deep_ocean,,1.0,true
12345,0,32768,minecraft:deep_ocean,,1.0,true
12345,4096,32768,minecraft:deep_ocean,,1.0,true
12345,8192,32768,minecraft:deep_ocean,,1.0,true
12345,12288,32768,minecraft:deep_ocean,,1.0,true
12345,16384,32768,minecraft:deep_ocean,,1.0,true
12345,20480,32768,minecraft:deep_ocean,,1.0,true
12345,24576,32768,minecraft:deep_ocean,,1.0,true
12345,28672,32768,minecraft:deep_ocean,,1.0,true
12345,32768,32768,minecraft:deep_ocean,,1.0,true
67890,-32768,-32768,minecraft:deep_ocean,,1.0,true
67890,-28672,-32768,minecraft:deep_ocean,,1.0,true
67890,-24576,-32768,minecraft:deep_ocean,,1.0,true
67890,-20480,-32768,minecraft:deep_ocean,,1.0,true
67890,-16384,-32768,minecraft:deep_ocean,,1.0,true
67890,-12288,-32768,minecraft:deep_ocean,,1.0,true
67890,-8192,-32768,minecraft:deep_ocean,,1.0,true
67890,-4096,-32768,minecraft:deep_ocean,,1.0,true
67890,0,-32768,minecraft:deep_ocean,,1.0,true
67890,4096,-32768,minecraft:deep_ocean,,1.0,true
67890,8192,-32768,minecraft:deep_ocean,,1.0,true
67890,12288,-32768,minecraft:deep_ocean,,1.0,true
67890,16384,-32768,minecraft:deep_ocean,,1.0,true
67890,20480,-32768,minecraft:deep_ocean,,1.0,true
67890,24576,-32768,minecraft:deep_ocean,,1.0,true
67890,28672,-32768,minecraft:deep_ocean,,1.0,true
67890,32768,-32768,minecraft:deep_ocean,,1.0,true
67890,-32768,-28672,minecraft:deep_ocean,,1.0,true
67890,-28672,-28672,minecraft:plains,minecraft:forest,0.3858266501312696,false
67890,-24576,-28672,minecraft:plains,minecraft:forest,0.15164437354285898,false
67890,-20480,-28672,minecraft:forest,minecraft:birch_forest,0.004468885696907621,false
67890,-16384,-28672,minecraft:deep_ocean,,1.0,true
67890,-12288,-28672,minecraft:plains,minecraft:forest,0.37461073914662835,false
67890,-8192,-28672,minecraft:plains,minecraft:forest,0.013399396306061684,false
67890,-4096,-28672,minecraft:forest,minecraft:birch_forest,2.660339405573531E-4,false
67890,0,-28672,minecraft:deep_ocean,,1.0,true
67890,4096,-28672,minecraft:plains,minecraft:forest,0.2824691623944733,false
67890,8192,-28672,minecraft:plains,minecraft:forest,0.1187221390674702,false
67890,12288,-28672,minecraft:forest,minecraft:birch_forest,0.02322993881912927,false
67890,16384,-28672,minecraft:deep_ocean,,1.0,true
67890,20480,-28672,minecraft:plains,minecraft:forest,0.40722499826852343,false
67890,24576,-28672,minecraft:plains,minecraft:forest,0.025827629333273316,false
67890,28672,-28672,minecraft:forest,minecraft:birch_forest,0.0616054212288758,false
67890,32768,-28672,minecraft:deep_ocean,,1.0,true
67890,-32768,-24576,minecraft:deep_ocean,,1.0,true
67890,-28672,-24576,minecraft:plains,minecraft:forest,0.19586287772392474,false
67890,-24576,-24576,minecraft:plains,minecraft:forest,0.10366244696473137,false
67890,-20480,-24576,minecraft:forest,minecraft:birch_forest,0.056553961234677486,false
67890,-16384,-24576,minecraft:deep_ocean,,1.0,true
67890,-12288,-24576,minecraft:plains,minecraft:forest,0.29899386523884797,false
67890,-8192,-24576,minecraft:plains,minecraft:forest,0.1538357611466603,false
67890,-4096,-24576,minecraft:forest,minecraft:plains,0.09589147085049932,false
67890,0,-24576,minecraft:deep_ocean,,1.0,true
67890,4096,-24576,minecraft:plains,minecraft:forest,0.24715093458470028,false
67890,8192,-24576,minecraft:plains,minecraft:forest,0.1973672309699288,false
67890,12288,-24576,minecraft:forest,minecraft:plains,0.11006686197861393,false
67890,16384,-24576,minecraft:deep_ocean,,1.0,true
67890,20480,-24576,minecraft:plains,minecraft:forest,0.2719523858733952,false
67890,24576,-24576,minecraft:plains,minecraft:forest,0.10220037419185624,false
67890,28672,-24576,minecraft:forest,minecraft:birch_forest,0.046698855064286726,false
67890,32768,-24576,minecraft:deep_ocean,,1.0,true
67890,-32768,-20480,minecraft:deep_ocean,,1.0,true
67890,-28672,-20480,minecraft:plains,minecraft:forest,0.15420046375470886,false
67890,-24576,-20480,minecraft:plains,minecraft:forest,0.1488313833386734,false
67890,-20480,-20480,minecraft:forest,minecraft:birch_forest,0.04836434501592923,false
67890,-16384,-20480,minecraft:deep_ocean,,1.0,true
67890,-12288,-20480,minecraft:plains,minecraft:forest,0.1642362226482884,false
67890,-8192,-20480,minecraft:plains,minecraft:forest,0.16879988663347845,false
67890,-4096,-20480,minecraft:forest,minecraft:birch_forest,0.10829040190761541,false
67890,0,-20480,minecraft:deep_ocean,,1.0,true
67890,4096,-20480,minecraft:plains,minecraft:forest,0.18298353867586037,false
67890,8192,-20480,minecraft:plains,minecraft:forest,0.20245955938258164,false
67890,12288,-20480,minecraft:forest,minecraft:birch_forest,0.04780701609938842,false
67890,16384,-20480,minecraft:deep_ocean,,1.0,true
67890,20480,-20480,minecraft:plains,minecraft:forest,0.10869642850834693,false
67890,24576,-20480,minecraft:plains,minecraft:forest,0.14181768428477848,false
67890,28672,-20480,minecraft:ocean,,1.0,true
67890,32768,-20480,minecraft:deep_ocean,,1.0,true
67890,-32768,-16384,minecraft:deep_ocean,,1.0,true
67890,-28672,-16384,minecraft:deep_ocean,,1.0,true
67890,-24576,-16384,minecraft:deep_ocean,,1.0,true
67890,-20480,-16384,minecraft:deep_ocean,,1.0,true
67890,-16384,-16384,minecraft:deep_ocean,,1.0,true
67890,-12288,-16384,minecraft:deep_ocean,,1.0,true
67890,-8192,-16384,minecraft:deep_ocean,,1.0,true
67890,-4096,-16384,minecraft:deep_ocean,,1.0,true
67890,0,-16384,minecraft:deep_ocean,,1.0,true
67890,4096,-16384,minecraft:deep_ocean,,1.0,true
67890,8192,-16384,minecraft:deep_ocean,,1.0,true
67890,12288,-16384,minecraft:deep_ocean,,1.0,true
67890,16384,-16384,minecraft:deep_ocean,,1.0,true
67890,20480,-16384,minecraft:deep_ocean,,1.0,true
67890,24576,-16384,minecraft:deep_ocean,,1.0,true
67890,28672,-16384,minecraft:deep_ocean,,1.0,true
67890,32768,-16384,minecraft:deep_ocean,,1.0,true
67890,-32768,-12288,minecraft:deep_ocean,,1.0,true
67890,-28672,-12288,minecraft:plains,minecraft:savanna,0.2531852315507176,false
67890,-24576,-12288,minecraft:plains,minecraft:forest,0.05017587451481087,false
67890,-20480,-12288,minecraft:forest,minecraft:plains,0.17560052309925644,false
67890,-16384,-12288,minecraft:deep_ocean,,1.0,true
67890,-12288,-12288,minecraft:plains,minecraft:savanna,0.25287012686415766,false
67890,-8192,-12288,minecraft:plains,minecraft:forest,0.01319626505500393,false
67890,-4096,-12288,minecraft:forest,minecraft:plains,0.17293907971629197,false
67890,0,-12288,minecraft:deep_ocean,,1.0,true
67890,4096,-12288,minecraft:plains,minecraft:savanna,0.22301089775564287,false
67890,8192,-12288,minecraft:plains,minecraft:forest,0.00583516039988452,false
67890,12288,-12288,minecraft:forest,minecraft:plains,0.187142638438485,false
67890,16384,-12288,minecraft:deep_ocean,,1.0,true
67890,20480,-12288,minecraft:plains,minecraft:savanna,0.27878312028301955,false
67890,24576,-12288,minecraft:plains,minecraft:forest,0.02880533443266997,false
67890,28672,-12288,minecraft:forest,minecraft:birch_forest,0.15437104012334013,false
67890,32768,-12288,minecraft:deep_ocean,,1.0,true
67890,-32768,-8192,minecraft:deep_lukewarm_ocean,,1.0,true
67890,-28672,-8192,minecraft:plains,minecraft:savanna,0.2000987107764629,false
67890,-24576,-8192,minecraft:savanna,minecraft:plains,0.0035077695869113468,false
67890,-20480,-8192,minecraft:forest,minecraft:plains,0.1515785298933553,false
67890,-16384,-8192,minecraft:deep_lukewarm_ocean,,1.0,true
67890,-12288,-8192,minecraft:plains,minecraft:savanna,0.1902335947944882,false
67890,-8192,-8192,minecraft:plains,minecraft:forest,0.24538688270282316,false
67890,-4096,-8192,minecraft:forest,minecraft:plains,0.06098684375045449,false
67890,0,-8192,minecraft:deep_lukewarm_ocean,,1.0,true
67890,4096,-8192,minecraft:plains,minecraft:savanna,0.1944885781596707,false
67890,8192,-8192,minecraft:plains,minecraft:savanna,0.05301193183819619,false
67890,12288,-8192,minecraft:forest,minecraft:plains,0.09976272305161149,false
67890,16384,-8192,minecraft:deep_lukewarm_ocean,,1.0,true
67890,20480,-8192,minecraft:plains,minecraft:savanna,0.1882942430142457,false
67890,24576,-8192,minecraft:plains,minecraft:forest,0.20806968107644908,false
67890,28672,-8192,minecraft:forest,minecraft:plains,0.14574865332328701,false
67890,32768,-8192,minecraft:deep_lukewarm_ocean,,1.0,true
67890,-32768,-4096,minecraft:deep_lukewarm_ocean,,1.0,true
67890,-28672,-4096,minecraft:lukewarm_ocean,,1.0,true
67890,-24576,-4096,minecraft:plains,minecraft:savanna,0.105766648507711,false
67890,-20480,-4096,minecraft:forest,minecraft:plains,0.14006279366228103,false
67890,-16384,-4096,minecraft:deep_lukewarm_ocean,,1.0,true
67890,-12288,-4096,minecraft:lukewarm_ocean,,1.0,true
67890,-8192,-4096,minecraft:plains,minecraft:forest,0.049573713954172205,false
67890,-4096,-4096,minecraft:forest,minecraft:sparse_jungle,0.2267554593661798,false
67890,0,-4096,minecraft:deep_lukewarm_ocean,,1.0,true
67890,4096,-4096,minecraft:plains,minecraft:savanna,0.09706189651926278,false
67890,8192,-4096,minecraft:plains,minecraft:savanna,0.1428343952446599,false
67890,12288,-4096,minecraft:forest,minecraft:plains,0.12083452328656907,false
67890,16384,-4096,minecraft:deep_lukewarm_ocean,,1.0,true
67890,20480,-4096,minecraft:plains,minecraft:savanna,0.11101095221501578,false
67890,24576,-4096,minecraft:plains,minecraft:forest,0.0816708910443188,false
67890,28672,-4096,minecraft:forest,minecraft:plains,0.23284643381668146,false
67890,32768,-4096,minecraft:deep_lukewarm_ocean,,1.0,true
67890,-32768,0,minecraft:deep_lukewarm_ocean,,1.0,true
67890,-28672,0,minecraft:deep_lukewarm_ocean,,1.0,true
67890,-24576,0,minecraft:deep_lukewarm_ocean,,1.0,true
67890,-20480,0,minecraft:deep_lukewarm_ocean,,1.0,true
67890,-16384,0,minecraft:deep_lukewarm_ocean,,1.0,true
67890,-12288,0,minecraft:deep_lukewarm_ocean,,1.0,true
67890,-8192,0,minecraft:deep_lukewarm_ocean,,1.0,true
67890,-4096,0,minecraft:deep_lukewarm_ocean,,1.0,true
67890,0,0,minecraft:deep_lukewarm_ocean,,1.0,true
67890,4096,0,minecraft:deep_lukewarm_ocean,,1.0,true
67890,8192,0,minecraft:deep_lukewarm_ocean,,1.0,true
67890,12288,0,minecraft:deep_lukewarm_ocean,,1.0,true
67890,16384,0,minecraft:deep_lukewarm_ocean,,1.0,true
67890,20480,0,minecraft:deep_lukewarm_ocean,,1.0,true
67890,24576,0,minecraft:deep_lukewarm_ocean,,1.0,true
67890,28672,0,minecraft:deep_lukewarm_ocean,,1.0,true
67890,32768,0,minecraft:deep_lukewarm_ocean,,1.0,true
67890,-32768,4096,minecraft:deep_lukewarm_ocean,,1.0,true
67890,-28672,4096,minecraft:lukewarm_ocean,,1.0,true
67890,-24576,4096,minecraft:forest,minecraft:plains,0.06934369193961998,false
67890,-20480,4096,minecraft:lukewarm_ocean,,1.0,true
67890,-16384,4096,minecraft:deep_lukewarm_ocean,,1.0,true
67890,-12288,4096,minecraft:plains,minecraft:savanna,0.06669411034075579,false
67890,-8192,4096,minecraft:plains,minecraft:savanna,0.14220524666443102,false
67890,-4096,4096,minecraft:forest,minecraft:plains,0.019721403717087305,false
67890,0,4096,minecraft:deep_lukewarm_ocean,,1.0,true
67890,4096,4096,minecraft:plains,minecraft:savanna,0.08424276037129352,false
67890,8192,4096,minecraft:plains,minecraft:forest,0.06572481689213494,false
67890,12288,4096,minecraft:forest,minecraft:plains,0.05560892037035947,false
67890,16384,4096,minecraft:deep_lukewarm_ocean,,1.0,true
67890,20480,4096,minecraft:lukewarm_ocean,,1.0,true
67890,24576,4096,minecraft:plains,minecraft:savanna,0.1187186732672133,false
67890,28672,4096,minecraft:forest,minecraft:plains,0.09334169917057045,false
67890,32768,4096,minecraft:deep_lukewarm_ocean,,1.0,true
67890,-32768,8192,minecraft:deep_lukewarm_ocean,,1.0,true
67890,-28672,8192,minecraft:plains,minecraft:savanna,0.17863167728156448,false
67890,-24576,8192,minecraft:plains,minecraft:forest,0.21484694636640644,false
67890,-20480,8192,minecraft:forest,minecraft:plains,0.1209671730127867,false
67890,-16384,8192,minecraft:deep_lukewarm_ocean,,1.0,true
67890,-12288,8192,minecraft:plains,minecraft:forest,0.20197093060388005,false
67890,-8192,8192,minecraft:plains,minecraft:forest,0.2579113016821487,false
67890,-4096,8192,minecraft:forest,minecraft:plains,0.15258337996298532,false
67890,0,8192,minecraft:deep_lukewarm_ocean,,1.0,true
67890,4096,8192,minecraft:plains,minecraft:savanna,0.2185344501939429,false
67890,8192,8192,minecraft:plains,minecraft:forest,0.24625427156382862,false
67890,12288,8192,minecraft:forest,minecraft:plains,0.1689806257123142,false
67890,16384,8192,minecraft:deep_lukewarm_ocean,,1.0,true
67890,20480,8192,minecraft:plains,minecraft:savanna,0.20959749036934827,false
67890,24576,8192,minecraft:plains,minecraft:savanna,0.2733847198431857,false
67890,28672,8192,minecraft:forest,minecraft:plains,0.0688704781769457,false
67890,32768,8192,minecraft:deep_lukewarm_ocean,,1.0,true
67890,-32768,12288,minecraft:deep_ocean,,1.0,true
67890,-28672,12288,minecraft:plains,minecraft:savanna,0.2495169251979109,false
67890,-24576,12288,minecraft:plains,minecraft:forest,0.04783831164323704,false
67890,-20480,12288,minecraft:forest,minecraft:birch_forest,0.11604267261927481,false
67890,-16384,12288,minecraft:deep_ocean,,1.0,true
67890,-12288,12288,minecraft:plains,minecraft:savanna,0.2357731817263634,false
67890,-8192,12288,minecraft:plains,minecraft:forest,0.03997063914585397,false
67890,-4096,12288,minecraft:forest,minecraft:birch_forest,0.188810854571972,false
67890,0,12288,minecraft:deep_ocean,,1.0,true
67890,4096,12288,minecraft:plains,minecraft:savanna,0.25567174443168383,false
67890,8192,12288,minecraft:plains,minecraft:forest,0.06505258118340274,false
67890,12288,12288,minecraft:forest,minecraft:birch_forest,0.1538669246499319,false
67890,16384,12288,minecraft:deep_ocean,,1.0,true
67890,20480,12288,minecraft:plains,minecraft:savanna,0.25878223837388914,false
67890,24576,12288,minecraft:plains,minecraft:forest,0.10386995126994159,false
67890,28672,12288,minecraft:forest,minecraft:plains,0.11571149311199602,false
67890,32768,12288,minecraft:deep_ocean,,1.0,true
67890,-32768,16384,minecraft:deep_ocean,,1.0,true
67890,-28672,16384,minecraft:deep_ocean,,1.0,true
67890,-24576,16384,minecraft:deep_ocean,,1.0,true
67890,-20480,16384,minecraft:deep_ocean,,1.0,true
67890,-16384,16384,minecraft:deep_ocean,,1.0,true
67890,-12288,16384,minecraft:deep_ocean,,1.0,true
67890,-8192,16384,minecraft:deep_ocean,,1.0,true
67890,-4096,16384,minecraft:deep_ocean,,1.0,true
67890,0,16384,minecraft:deep_ocean,,1.0,true
67890,4096,16384,minecraft:deep_ocean,,1.0,true
67890,8192,16384,minecraft:deep_ocean,,1.0,true
67890,12288,16384,minecraft:deep_ocean,,1.0,true
67890,16384,16384,minecraft:deep_ocean,,1.0,true
67890,20480,16384,minecraft:deep_ocean,,1.0,true
67890,24576,16384,minecraft:deep_ocean,,1.0,true
67890,28672,16384,minecraft:deep_ocean,,1.0,true
67890,32768,16384,minecraft:deep_ocean,,1.0,true
67890,-32768,20480,minecraft:deep_ocean,,1.0,true
67890,-28672,20480,minecraft:plains,minecraft:forest,0.23411103301858638,false
67890,-24576,20480,minecraft:plains,minecraft:forest,0.1468311544368306,false
67890,-20480,20480,minecraft:forest,minecraft:birch_forest,0.039634593390246775,false
67890,-16384,20480,minecraft:deep_ocean,,1.0,true
67890,-12288,20480,minecraft:plains,minecraft:forest,0.12766074906508562,false
67890,-8192,20480,minecraft:plains,minecraft:forest,0.10521960729824131,false
67890,-4096,20480,minecraft:forest,minecraft:birch_forest,0.05213871690413552,false
67890,0,20480,minecraft:deep_ocean,,1.0,true
67890,4096,20480,minecraft:plains,minecraft:forest,0.09639469217895325,false
67890,8192,20480,minecraft:plains,minecraft:forest,0.10202990282205082,false
67890,12288,20480,minecraft:forest,minecraft:plains,0.14094716671787388,false
67890,16384,20480,minecraft:deep_ocean,,1.0,true
67890,20480,20480,minecraft:ocean,,1.0,true
67890,24576,20480,minecraft:plains,minecraft:forest,0.07904620628447301,false
67890,28672,20480,minecraft:forest,minecraft:birch_forest,0.062033207398107026,false
67890,32768,20480,minecraft:deep_ocean,,1.0,true
67890,-32768,24576,minecraft:deep_ocean,,1.0,true
67890,-28672,24576,minecraft:plains,minecraft:forest,0.4096866927768632,false
67890,-24576,24576,minecraft:plains,minecraft:forest,0.10391093506619742,false
67890,-20480,24576,minecraft:forest,minecraft:plains,0.10445868103753442,false
67890,-16384,24576,minecraft:deep_ocean,,1.0,true
67890,-12288,24576,minecraft:plains,minecraft:forest,0.054345602269830096,false
67890,-8192,24576,minecraft:plains,minecraft:forest,0.1059549316779429,false
67890,-4096,24576,minecraft:forest,minecraft:plains,0.0898150530790689,false
67890,0,24576,minecraft:deep_ocean,,1.0,true
67890,4096,24576,minecraft:plains,minecraft:forest,0.327932588798734,false
67890,8192,24576,minecraft:plains,minecraft:forest,0.05508890688429724,false
67890,12288,24576,minecraft:forest,minecraft:plains,0.10727058924452204,false
67890,16384,24576,minecraft:deep_ocean,,1.0,true
67890,20480,24576,minecraft:plains,minecraft:forest,0.37226102279340445,false
67890,24576,24576,minecraft:plains,minecraft:forest,0.11528574018676341,false
67890,28672,24576,minecraft:forest,minecraft:birch_forest,0.11370032612739944,false
67890,32768,24576,minecraft:deep_ocean,,1.0,true
67890,-32768,28672,minecraft:deep_ocean,,1.0,true
67890,-28672,28672,minecraft:plains,minecraft:forest,0.25671935970723225,false
67890,-24576,28672,minecraft:plains,minecraft:forest,0.0734242535274815,false
67890,-20480,28672,minecraft:forest,minecraft:birch_forest,0.09447506559925356,false
67890,-16384,28672,minecraft:deep_ocean,,1.0,true
67890,-12288,28672,minecraft:plains,minecraft:forest,0.24519314597346198,false
67890,-8192,28672,minecraft:plains,minecraft:forest,0.039220439171558485,false
67890,-4096,28672,minecraft:ocean,,1.0,true
67890,0,28672,minecraft:deep_ocean,,1.0,true
67890,4096,28672,minecraft:plains,minecraft:forest,0.3688960099714875,false
67890,8192,28672,minecraft:plains,minecraft:forest,0.09436190425441116,false
67890,12288,28672,minecraft:forest,minecraft:birch_forest,0.06338014465417019,false
67890,16384,28672,minecraft:deep_ocean,,1.0,true
67890,20480,28672,minecraft:plains,minecraft:forest,0.30003687778841137,false
67890,24576,28672,minecraft:plains,minecraft:forest,0.05474759465057222,false
67890,28672,28672,minecraft:forest,minecraft:birch_forest,0.13794126638032622,false
67890,32768,28672,minecraft:deep_ocean,,1.0,true
67890,-32768,32768,minecraft:deep_ocean,,1.0,true
67890,-28672,32768,minecraft:deep_ocean,,1.0,true
67890,-24576,32768,minecraft:deep_ocean,,1.0,true
67890,-20480,32768,minecraft:deep_ocean,,1.0,true
67890,-16384,32768,minecraft:deep_ocean,,1.0,true
67890,-12288,32768,minecraft:deep_ocean,,1.0,true
67890,-8192,32768,minecraft:deep_ocean,,1.0,true
67890,-4096,32768,minecraft:deep_ocean,,1.0,true
67890,0,32768,minecraft:deep_ocean,,1.0,true
67890,4096,32768,minecraft:deep_ocean,,1.0,true
67890,8192,32768,minecraft:deep_ocean,,1.0,true
67890,12288,32768,minecraft:deep_ocean,,1.0,true
67890,16384,32768,minecraft:deep_ocean,,1.0,true
67890,20480,32768,minecraft:deep_ocean,,1.0,true
67890,24576,32768,minecraft:deep_ocean,,1.0,true
67890,28672,32768,minecraft:deep_ocean,,1.0,true
67890,32768,32768,minecraft:deep_ocean,,1.0,true
314159,-32768,-32768,minecraft:deep_ocean,,1.0,true
314159,-28672,-32768,minecraft:deep_ocean,,1.0,true
314159,-24576,-32768,minecraft:deep_ocean,,1.0,true
314159,-20480,-32768,minecraft:deep_ocean,,1.0,true
314159,-16384,-32768,minecraft:deep_ocean,,1.0,true
314159,-12288,-32768,minecraft:deep_ocean,,1.0,true
314159,-8192,-32768,minecraft:deep_ocean,,1.0,true
314159,-4096,-32768,minecraft:deep_ocean,,1.0,true
314159,0,-32768,minecraft:deep_ocean,,1.0,true
314159,4096,-32768,minecraft:deep_ocean,,1.0,true
314159,8192,-32768,minecraft:deep_ocean,,1.0,true
314159,12288,-32768,minecraft:deep_ocean,,1.0,true
314159,16384,-32768,minecraft:deep_ocean,,1.0,true
314159,20480,-32768,minecraft:deep_ocean,,1.0,true
314159,24576,-32768,minecraft:deep_ocean,,1.0,true
314159,28672,-32768,minecraft:deep_ocean,,1.0,true
314159,32768,-32768,minecraft:deep_ocean,,1.0,true
314159,-32768,-28672,minecraft:deep_ocean,,1.0,true
314159,-28672,-28672,minecraft:plains,minecraft:forest,0.40072269507678193,false
314159,-24576,-28672,minecraft:plains,minecraft:forest,0.1397437531754523,false
314159,-20480,-28672,minecraft:forest,minecraft:birch_forest,0.07268164485421469,false
314159,-16384,-28672,minecraft:deep_ocean,,1.0,true
314159,-12288,-28672,minecraft:plains,minecraft:forest,0.42344676769430056,false
314159,-8192,-28672,minecraft:forest,minecraft:plains,0.005990133313255264,false
314159,-4096,-28672,minecraft:birch_forest,minecraft:forest,0.01346664822475252,false
314159,0,-28672,minecraft:deep_ocean,,1.0,true
314159,4096,-28672,minecraft:plains,minecraft:forest,0.3464826565532313,false
314159,8192,-28672,minecraft:forest,minecraft:plains,0.05227605170873484,false
314159,12288,-28672,minecraft:ocean,,1.0,true
314159,16384,-28672,minecraft:deep_ocean,,1.0,true
314159,20480,-28672,minecraft:plains,minecraft:forest,0.28701531402691605,false
314159,24576,-28672,minecraft:plains,minecraft:forest,0.044232078197159574,false
314159,28672,-28672,minecraft:ocean,,1.0,true
314159,32768,-28672,minecraft:deep_ocean,,1.0,true
314159,-32768,-24576,minecraft:deep_ocean,,1.0,true
314159,-28672,-24576,minecraft:plains,minecraft:forest,0.23255585733369388,false
314159,-24576,-24576,minecraft:plains,minecraft:forest,0.14488496292913522,false
314159,-20480,-24576,minecraft:forest,minecraft:birch_forest,0.07402549807142811,false
314159,-16384,-24576,minecraft:deep_ocean,,1.0,true
314159,-12288,-24576,minecraft:plains,minecraft:forest,0.19001122421895567,false
314159,-8192,-24576,minecraft:plains,minecraft:forest,0.1778791675490181,false
314159,-4096,-24576,minecraft:forest,minecraft:plains,0.1234586719144255,false
314159,0,-24576,minecraft:deep_ocean,,1.0,true
314159,4096,-24576,minecraft:plains,minecraft:forest,0.37508891198949235,false
314159,8192,-24576,minecraft:plains,minecraft:forest,0.05296720266264343,false
314159,12288,-24576,minecraft:forest,minecraft:birch_forest,0.11379606182223934,false
314159,16384,-24576,minecraft:deep_ocean,,1.0,true
314159,20480,-24576,minecraft:plains,minecraft:forest,0.33316537914768063,false
314159,24576,-24576,minecraft:plains,minecraft:forest,0.13550971869503836,false
314159,28672,-24576,minecraft:forest,minecraft:plains,0.11367045984288437,false
314159,32768,-24576,minecraft:deep_ocean,,1.0,true
314159,-32768,-20480,minecraft:deep_ocean,,1.0,true
314159,-28672,-20480,minecraft:plains,minecraft:forest,0.1481309074910131,false
314159,-24576,-20480,minecraft:plains,minecraft:forest,0.22538197379646097,false
314159,-20480,-20480,minecraft:forest,minecraft:plains,0.10894387313848353,false
314159,-16384,-20480,minecraft:deep_ocean,,1.0,true
314159,-12288,-20480,minecraft:plains,minecraft:forest,0.2267112500163755,false
314159,-8192,-20480,minecraft:plains,minecraft:forest,0.18801172499414742,false
314159,-4096,-20480,minecraft:forest,minecraft:birch_forest,0.12302740900258646,false
314159,0,-20480,minecraft:deep_ocean,,1.0,true
314159,4096,-20480,minecraft:plains,minecraft:forest,0.22939178912647185,false
314159,8192,-20480,minecraft:plains,minecraft:forest,0.04872877473385884,false
314159,12288,-20480,minecraft:forest,minecraft:birch_forest,0.05651707113309046,false
314159,16384,-20480,minecraft:deep_ocean,,1.0,true
314159,20480,-20480,minecraft:plains,minecraft:forest,0.23181902834126022,false
314159,24576,-20480,minecraft:plains,minecraft:forest,0.08919415405630837,false
314159,28672,-20480,minecraft:forest,minecraft:plains,0.10261282489505696,false
314159,32768,-20480,minecraft:deep_ocean,,1.0,true
314159,-32768,-16384,minecraft:deep_ocean,,1.0,true
314159,-28672,-16384,minecraft:deep_ocean,,1.0,true
314159,-24576,-16384,minecraft:deep_ocean,,1.0,true
314159,-20480,-16384,minecraft:deep_ocean,,1.0,true
314159,-16384,-16384,minecraft:deep_ocean,,1.0,true
314159,-12288,-16384,minecraft:deep_ocean,,1.0,true
314159,-8192,-16384,minecraft:deep_ocean,,1.0,true
314159,-4096,-16384,minecraft:deep_ocean,,1.0,true
314159,0,-16384,minecraft:deep_ocean,,1.0,true
314159,4096,-16384,minecraft:deep_ocean,,1.0,true
314159,8192,-16384,minecraft:deep_ocean,,1.0,true
314159,12288,-16384,minecraft:deep_ocean,,1.0,true
314159,16384,-16384,minecraft:deep_ocean,,1.0,true
314159,20480,-16384,minecraft:deep_ocean,,1.0,true
314159,24576,-16384,minecraft:deep_ocean,,1.0,true
314159,28672,-16384,minecraft:deep_ocean,,1.0,true
314159,32768,-16384,minecraft:deep_ocean,,1.0,true
314159,-32768,-12288,minecraft:deep_ocean,,1.0,true
314159,-28672,-12288,minecraft:plains,minecraft:savanna,0.24118702849287577,false
314159,-24576,-12288,minecraft:plains,minecraft:forest,0.059020188688500674,false
314159,-20480,-12288,minecraft:lukewarm_ocean,,1.0,true
314159,-16384,-12288,minecraft:deep_ocean,,1.0,true
314159,-12288,-12288,minecraft:plains,minecraft:savanna,0.22357070467402163,false
314159,-8192,-12288,minecraft:plains,minecraft:forest,0.020216769093774456,false
314159,-4096,-12288,minecraft:forest,minecraft:birch_forest,0.16497016286628308,false
314159,0,-12288,minecraft:deep_ocean,,1.0,true
314159,4096,-12288,minecraft:plains,minecraft:savanna,0.23868708644329806,false
314159,8192,-12288,minecraft:plains,minecraft:forest,0.09158389105038955,false
314159,12288,-12288,minecraft:forest,minecraft:birch_forest,0.1789310383776478,false
314159,16384,-12288,minecraft:deep_ocean,,1.0,true
314159,20480,-12288,minecraft:plains,minecraft:savanna,0.21806753796931588,false
314159,24576,-12288,minecraft:forest,minecraft:plains,0.019256023491488916,false
314159,28672,-12288,minecraft:forest,minecraft:birch_forest,0.16793327266457225,false
314159,32768,-12288,minecraft:deep_ocean,,1.0,true
314159,-32768,-8192,minecraft:deep_lukewarm_ocean,,1.0,true
314159,-28672,-8192,minecraft:plains,minecraft:savanna,0.1844848775636121,false
314159,-24576,-8192,minecraft:plains,minecraft:forest,0.1372526327788608,false
314159,-20480,-8192,minecraft:forest,minecraft:plains,0.16037019610706782,false
314159,-16384,-8192,minecraft:deep_lukewarm_ocean,,1.0,true
314159,-12288,-8192,minecraft:plains,minecraft:savanna,0.22106623836430328,false
314159,-8192,-8192,minecraft:plains,minecraft:savanna,0.2774903561724176,false
314159,-4096,-8192,minecraft:forest,minecraft:plains,0.16856965622765563,false
314159,0,-8192,minecraft:deep_lukewarm_ocean,,1.0,true
314159,4096,-8192,minecraft:plains,minecraft:savanna,0.20803161274795468,false
314159,8192,-8192,minecraft:plains,minecraft:forest,0.2451098961039616,false
314159,12288,-8192,minecraft:forest,minecraft:plains,0.08434463525613156,false
314159,16384,-8192,minecraft:deep_lukewarm_ocean,,1.0,true
314159,20480,-8192,minecraft:plains,minecraft:forest,0.05067549813732919,false
314159,24576,-8192,minecraft:plains,minecraft:forest,0.037220137822922106,false
314159,28672,-8192,minecraft:forest,minecraft:plains,0.04174704177791333,false
314159,32768,-8192,minecraft:deep_lukewarm_ocean,,1.0,true
314159,-32768,-4096,minecraft:deep_lukewarm_ocean,,1.0,true
314159,-28672,-4096,minecraft:plains,minecraft:savanna,0.10016328950043862,false
314159,-24576,-4096,minecraft:plains,minecraft:savanna,0.10193185437367691,false
314159,-20480,-4096,minecraft:lukewarm_ocean,,1.0,true
314159,-16384,-4096,minecraft:deep_lukewarm_ocean,,1.0,true
314159,-12288,-4096,minecraft:plains,minecraft:savanna,0.11084787551631758,false
314159,-8192,-4096,minecraft:plains,minecraft:savanna,0.13342815004765085,false
314159,-4096,-4096,minecraft:forest,minecraft:plains,0.11995865312161591,false
314159,0,-4096,minecraft:deep_lukewarm_ocean,,1.0,true
314159,4096,-4096,minecraft:plains,minecraft:savanna,0.08641786702896503,false
314159,8192,-4096,minecraft:plains,minecraft:savanna,0.1247607822774649,false
314159,12288,-4096,minecraft:forest,minecraft:plains,0.06227926490298319,false
314159,16384,-4096,minecraft:deep_lukewarm_ocean,,1.0,true
314159,20480,-4096,minecraft:plains,minecraft:savanna,0.08596055912625467,false
314159,24576,-4096,minecraft:plains,minecraft:savanna,0.13732395092122318,false
314159,28672,-4096,minecraft:lukewarm_ocean,,1.0,true
314159,32768,-4096,minecraft:deep_lukewarm_ocean,,1.0,true
314159,-32768,0,minecraft:deep_lukewarm_ocean,,1.0,true
314159,-28672,0,minecraft:deep_lukewarm_ocean,,1.0,true
314159,-24576,0,minecraft:deep_lukewarm_ocean,,1.0,true
314159,-20480,0,minecraft:deep_lukewarm_ocean,,1.0,true
314159,-16384,0,minecraft:deep_lukewarm_ocean,,1.0,true
314159,-12288,0,minecraft:deep_lukewarm_ocean,,1.0,true
314159,-8192,0,minecraft:deep_lukewarm_ocean,,1.0,true
314159,-4096,0,minecraft:deep_lukewarm_ocean,,1.0,true
314159,0,0,minecraft:deep_lukewarm_ocean,,1.0,true
314159,4096,0,minecraft:deep_lukewarm_ocean,,1.0,true
314159,8192,0,minecraft:deep_lukewarm_ocean,,1.0,true
314159,12288,0,minecraft:deep_lukewarm_ocean,,1.0,true
314159,16384,0,minecraft:deep_lukewarm_ocean,,1.0,true
314159,20480,0,minecraft:deep_lukewarm_ocean,,1.0,true
314159,24576,0,minecraft:deep_lukewarm_ocean,,1.0,true
314159,28672,0,minecraft:deep_lukewarm_ocean,,1.0,true
314159,32768,0,minecraft:deep_lukewarm_ocean,,1.0,true
314159,-32768,4096,minecraft:deep_lukewarm_ocean,,1.0,true
314159,-28672,4096,minecraft:plains,minecraft:savanna,0.10467973975807465,false
314159,-24576,4096,minecraft:plains,minecraft:savanna,0.09311964923109584,false
314159,-20480,4096,minecraft:plains,minecraft:forest,0.03756688985877843,false
314159,-16384,4096,minecraft:deep_lukewarm_ocean,,1.0,true
314159,-12288,4096,minecraft:plains,minecraft:savanna,0.10011665813514237,false
314159,-8192,4096,minecraft:plains,minecraft:forest,0.07784955283255135,false
314159,-4096,4096,minecraft:forest,minecraft:sparse_jungle,0.21825495942539364,false
314159,0,4096,minecraft:deep_lukewarm_ocean,,1.0,true
314159,4096,4096,minecraft:plains,minecraft:savanna,0.09639330994465745,false
314159,8192,4096,minecraft:plains,minecraft:savanna,0.11849623624626715,false
314159,12288,4096,minecraft:plains,minecraft:forest,0.044662345260133685,false
314159,16384,4096,minecraft:deep_lukewarm_ocean,,1.0,true
314159,20480,4096,minecraft:plains,minecraft:savanna,0.07006698373846343,false
314159,24576,4096,minecraft:plains,minecraft:savanna,0.10202911423141325,false
314159,28672,4096,minecraft:lukewarm_ocean,,1.0,true
314159,32768,4096,minecraft:deep_lukewarm_ocean,,1.0,true
314159,-32768,8192,minecraft:deep_lukewarm_ocean,,1.0,true
314159,-28672,8192,minecraft:plains,minecraft:savanna,0.21652524492047276,false
314159,-24576,8192,minecraft:plains,minecraft:forest,0.11007052266014594,false
314159,-20480,8192,minecraft:forest,minecraft:plains,0.0681267488658236,false
314159,-16384,8192,minecraft:deep_lukewarm_ocean,,1.0,true
314159,-12288,8192,minecraft:plains,minecraft:savanna,0.21921000346724107,false
314159,-8192,8192,minecraft:plains,minecraft:forest,0.2656837394628866,false
314159,-4096,8192,minecraft:forest,minecraft:plains,0.09490700722553247,false
314159,0,8192,minecraft:deep_lukewarm_ocean,,1.0,true
314159,4096,8192,minecraft:plains,minecraft:savanna,0.21919605463048608,false
314159,8192,8192,minecraft:plains,minecraft:savanna,0.2679236941144566,false
314159,12288,8192,minecraft:forest,minecraft:plains,0.11294120251535922,false
314159,16384,8192,minecraft:deep_lukewarm_ocean,,1.0,true
314159,20480,8192,minecraft:plains,minecraft:savanna,0.18745950374675924,false
314159,24576,8192,minecraft:plains,minecraft:forest,0.1559587207486689,false
314159,28672,8192,minecraft:forest,minecraft:plains,0.061858118967145326,false
314159,32768,8192,minecraft:deep_lukewarm_ocean,,1.0,true
314159,-32768,12288,minecraft:deep_ocean,,1.0,true
314159,-28672,12288,minecraft:lukewarm_ocean,,1.0,true
314159,-24576,12288,minecraft:plains,minecraft:forest,0.12815631960997376,false
314159,-20480,12288,minecraft:forest,minecraft:plains,0.14891232437481117,false
314159,-16384,12288,minecraft:deep_ocean,,1.0,true
314159,-12288,12288,minecraft:plains,minecraft:savanna,0.2579698866293545,false
314159,-8192,12288,minecraft:plains,minecraft:forest,0.046416348973608135,false
314159,-4096,12288,minecraft:forest,minecraft:dark_forest,0.12687069111977056,false
314159,0,12288,minecraft:deep_ocean,,1.0,true
314159,4096,12288,minecraft:lukewarm_ocean,,1.0,true
314159,8192,12288,minecraft:plains,minecraft:forest,0.0923173990269005,false
314159,12288,12288,minecraft:forest,minecraft:plains,0.18949024413019144,false
314159,16384,12288,minecraft:deep_ocean,,1.0,true
314159,20480,12288,minecraft:plains,minecraft:savanna,0.24179387889315518,false
314159,24576,12288,minecraft:plains,minecraft:forest,0.22440935433840703,false
314159,28672,12288,minecraft:forest,minecraft:birch_forest,0.19714202624658117,false
314159,32768,12288,minecraft:deep_ocean,,1.0,true
314159,-32768,16384,minecraft:deep_ocean,,1.0,true
314159,-28672,16384,minecraft:deep_ocean,,1.0,true
314159,-24576,16384,minecraft:deep_ocean,,1.0,true
314159,-20480,16384,minecraft:deep_ocean,,1.0,true
314159,-16384,16384,minecraft:deep_ocean,,1.0,true
314159,-12288,16384,minecraft:deep_ocean,,1.0,true
314159,-8192,16384,minecraft:deep_ocean,,1.0,true
314159,-4096,16384,minecraft:deep_ocean,,1.0,true
314159,0,16384,minecraft:deep_ocean,,1.0,true
314159,4096,16384,minecraft:deep_ocean,,1.0,true
314159,8192,16384,minecraft:deep_ocean,,1.0,true
314159,12288,16384,minecraft:deep_ocean,,1.0,true
314159,16384,16384,minecraft:deep_ocean,,1.0,true
314159,20480,16384,minecraft:deep_ocean,,1.0,true
314159,24576,16384,minecraft:deep_ocean,,1.0,true
314159,28672,16384,minecraft:deep_ocean,,1.0,true
314159,32768,16384,minecraft:deep_ocean,,1.0,true
314159,-32768,20480,minecraft:deep_ocean,,1.0,true
314159,-28672,20480,minecraft:plains,minecraft:forest,0.18654341733881674,false
314159,-24576,20480,minecraft:plains,minecraft:forest,0.16885281605219205,false
314159,-20480,20480,minecraft:forest,minecraft:plains,0.007625103983781578,false
314159,-16384,20480,minecraft:deep_ocean,,1.0,true
314159,-12288,20480,minecraft:plains,minecraft:forest,0.13974846307845212,false
314159,-8192,20480,minecraft:plains,minecraft:forest,0.06724350476643493,false
314159,-4096,20480,minecraft:forest,minecraft:birch_forest,0.09899958596066716,false
314159,0,20480,minecraft:deep_ocean,,1.0,true
314159,4096,20480,minecraft:ocean,,1.0,true
314159,8192,20480,minecraft:plains,minecraft:forest,0.1671896115570879,false
314159,12288,20480,minecraft:plains,minecraft:forest,0.007889915089392963,false
314159,16384,20480,minecraft:deep_ocean,,1.0,true
314159,20480,20480,minecraft:plains,minecraft:forest,0.17296752050487918,false
314159,24576,20480,minecraft:plains,minecraft:forest,0.19296697563597676,false
314159,28672,20480,minecraft:forest,minecraft:plains,0.07994055347605589,false
314159,32768,20480,minecraft:deep_ocean,,1.0,true
314159,-32768,24576,minecraft:deep_ocean,,1.0,true
314159,-28672,24576,minecraft:plains,minecraft:forest,0.33929601064543535,false
314159,-24576,24576,minecraft:plains,minecraft:forest,0.23860157171617769,false
314159,-20480,24576,minecraft:forest,minecraft:plains,0.11667092645371246,false
314159,-16384,24576,minecraft:deep_ocean,,1.0,true
314159,-12288,24576,minecraft:plains,minecraft:forest,0.41323535245731347,false
314159,-8192,24576,minecraft:plains,minecraft:forest,0.07975578649049109,false
314159,-4096,24576,minecraft:forest,minecraft:plains,0.028752252914748033,false
314159,0,24576,minecraft:deep_ocean,,1.0,true
314159,4096,24576,minecraft:plains,minecraft:forest,0.11319684993535784,false
314159,8192,24576,minecraft:plains,minecraft:forest,0.08469220253406129,false
314159,12288,24576,minecraft:forest,minecraft:plains,0.03763316883848511,false
314159,16384,24576,minecraft:deep_ocean,,1.0,true
314159,20480,24576,minecraft:plains,minecraft:forest,0.42365671903872726,false
314159,24576,24576,minecraft:plains,minecraft:forest,0.1500550850700525,false
314159,28672,24576,minecraft:forest,minecraft:birch_forest,0.1215723311235758,false
314159,32768,24576,minecraft:deep_ocean,,1.0,true
314159,-32768,28672,minecraft:deep_ocean,,1.0,true
314159,-28672,28672,minecraft:plains,minecraft:forest,0.3436172266342644,false
314159,-24576,28672,minecraft:plains,minecraft:forest,0.14231506168708297,false
314159,-20480,28672,minecraft:birch_forest,minecraft:forest,0.00791548218445226,false
314159,-16384,28672,minecraft:deep_ocean,,1.0,true
314159,-12288,28672,minecraft:plains,minecraft:forest,0.21452790265470956,false
314159,-8192,28672,minecraft:plains,minecraft:forest,0.11004514197031046,false
314159,-4096,28672,minecraft:forest,minecraft:birch_forest,0.0018598082213012734,false
314159,0,28672,minecraft:deep_ocean,,1.0,true
314159,4096,28672,minecraft:plains,minecraft:forest,0.27465535627035387,false
314159,8192,28672,minecraft:plains,minecraft:forest,0.060434070157894815,false
314159,12288,28672,minecraft:forest,minecraft:birch_forest,0.10680267199458482,false
314159,16384,28672,minecraft:deep_ocean,,1.0,true
314159,20480,28672,minecraft:plains,minecraft:forest,0.3596377764781663,false
314159,24576,28672,minecraft:plains,minecraft:forest,0.14391344087074187,false
314159,28672,28672,minecraft:forest,minecraft:birch_forest,0.09751236368842553,false
314159,32768,28672,minecraft:deep_ocean,,1.0,true
314159,-32768,32768,minecraft:deep_ocean,,1.0,true
314159,-28672,32768,minecraft:deep_ocean,,1.0,true
314159,-24576,32768,minecraft:deep_ocean,,1.0,true
314159,-20480,32768,minecraft:deep_ocean,,1.0,true
314159,-16384,32768,minecraft:deep_ocean,,1.0,true
314159,-12288,32768,minecraft:deep_ocean,,1.0,true
314159,-8192,32768,minecraft:deep_ocean,,1.0,true
314159,-4096,32768,minecraft:deep_ocean,,1.0,true
314159,0,32768,minecraft:deep_ocean,,1.0,true
314159,4096,32768,minecraft:deep_ocean,,1.0,true
314159,8192,32768,minecraft:deep_ocean,,1.0,true
314159,12288,32768,minecraft:deep_ocean,,1.0,true
314159,16384,32768,minecraft:deep_ocean,,1.0,true
314159,20480,32768,minecraft:deep_ocean,,1.0,true
314159,24576,32768,minecraft:deep_ocean,,1.0,true
314159,28672,32768,minecraft:deep_ocean,,1.0,true
314159,32768,32768,minecraft:deep_ocean,,1.0,true
271828,-32768,-32768,minecraft:deep_ocean,,1.0,true
271828,-28672,-32768,minecraft:deep_ocean,,1.0,true
271828,-24576,-32768,minecraft:deep_ocean,,1.0,true
271828,-20480,-32768,minecraft:deep_ocean,,1.0,true
271828,-16384,-32768,minecraft:deep_ocean,,1.0,true
271828,-12288,-32768,minecraft:deep_ocean,,1.0,true
271828,-8192,-32768,minecraft:deep_ocean,,1.0,true
271828,-4096,-32768,minecraft:deep_ocean,,1.0,true
271828,0,-32768,minecraft:deep_ocean,,1.0,true
271828,4096,-32768,minecraft:deep_ocean,,1.0,true
271828,8192,-32768,minecraft:deep_ocean,,1.0,true
271828,12288,-32768,minecraft:deep_ocean,,1.0,true
271828,16384,-32768,minecraft:deep_ocean,,1.0,true
271828,20480,-32768,minecraft:deep_ocean,,1.0,true
271828,24576,-32768,minecraft:deep_ocean,,1.0,true
271828,28672,-32768,minecraft:deep_ocean,,1.0,true
271828,32768,-32768,minecraft:deep_ocean,,1.0,true
271828,-32768,-28672,minecraft:deep_ocean,,1.0,true
271828,-28672,-28672,minecraft:plains,minecraft:forest,0.2594248056994951,false
271828,-24576,-28672,minecraft:plains,minecraft:forest,0.006611561675592514,false
271828,-20480,-28672,minecraft:forest,minecraft:birch_forest,0.03785765612010372,false
271828,-16384,-28672,minecraft:deep_ocean,,1.0,true
271828,-12288,-28672,minecraft:plains,minecraft:forest,0.3817912589904041,false
271828,-8192,-28672,minecraft:plains,minecraft:forest,0.030012222967415125,false
271828,-4096,-28672,minecraft:forest,minecraft:birch_forest,0.09638628451999076,false
271828,0,-28672,minecraft:deep_ocean,,1.0,true
271828,4096,-28672,minecraft:plains,minecraft:forest,0.2922830007192613,false
271828,8192,-28672,minecraft:forest,minecraft:plains,0.06410952973006778,false
271828,12288,-28672,minecraft:birch_forest,minecraft:forest,0.00802252200948006,false
271828,16384,-28672,minecraft:deep_ocean,,1.0,true
271828,20480,-28672,minecraft:ocean,,1.0,true
271828,24576,-28672,minecraft:plains,minecraft:forest,0.002925737640320669,false
271828,28672,-28672,minecraft:forest,minecraft:birch_forest,0.06917078062746196,false
271828,32768,-28672,minecraft:deep_ocean,,1.0,true
271828,-32768,-24576,minecraft:deep_ocean,,1.0,true
271828,-28672,-24576,minecraft:plains,minecraft:forest,0.11777735696109115,false
271828,-24576,-24576,minecraft:plains,minecraft:forest,0.013429725793196123,false
271828,-20480,-24576,minecraft:forest,minecraft:birch_forest,0.06173402876952461,false
271828,-16384,-24576,minecraft:deep_ocean,,1.0,true
271828,-12288,-24576,minecraft:plains,minecraft:forest,0.44816309371652063,false
271828,-8192,-24576,minecraft:plains,minecraft:forest,0.1289997827139595,false
271828,-4096,-24576,minecraft:forest,minecraft:plains,0.080630041479137,false
271828,0,-24576,minecraft:deep_ocean,,1.0,true
271828,4096,-24576,minecraft:plains,minecraft:forest,0.35621758971086215,false
271828,8192,-24576,minecraft:plains,minecraft:forest,0.0812515206412866,false
271828,12288,-24576,minecraft:forest,minecraft:plains,0.08944308977420568,false
271828,16384,-24576,minecraft:deep_ocean,,1.0,true
271828,20480,-24576,minecraft:plains,minecraft:forest,0.39023923775853153,false
271828,24576,-24576,minecraft:plains,minecraft:forest,0.10514846434886704,false
271828,28672,-24576,minecraft:forest,minecraft:plains,0.1314984935690624,false
271828,32768,-24576,minecraft:deep_ocean,,1.0,true
271828,-32768,-20480,minecraft:deep_ocean,,1.0,true
271828,-28672,-20480,minecraft:plains,minecraft:forest,0.1736029606669457,false
271828,-24576,-20480,minecraft:plains,minecraft:forest,0.2682506892993344,false
271828,-20480,-20480,minecraft:forest,minecraft:plains,0.13098359655532632,false
271828,-16384,-20480,minecraft:deep_ocean,,1.0,true
271828,-12288,-20480,minecraft:plains,minecraft:forest,0.25853091646807236,false
271828,-8192,-20480,minecraft:plains,minecraft:forest,0.24870735492703544,false
271828,-4096,-20480,minecraft:forest,minecraft:plains,0.01785171286025633,false
271828,0,-20480,minecraft:deep_ocean,,1.0,true
271828,4096,-20480,minecraft:plains,minecraft:forest,0.13926832301196823,false
271828,8192,-20480,minecraft:plains,minecraft:forest,0.26826155391916107,false
271828,12288,-20480,minecraft:forest,minecraft:plains,0.12232425676234315,false
271828,16384,-20480,minecraft:deep_ocean,,1.0,true
271828,20480,-20480,minecraft:ocean,,1.0,true
271828,24576,-20480,minecraft:plains,minecraft:forest,0.09152991590411097,false
271828,28672,-20480,minecraft:forest,minecraft:birch_forest,0.08813651636263131,false
271828,32768,-20480,minecraft:deep_ocean,,1.0,true
271828,-32768,-16384,minecraft:deep_ocean,,1.0,true
271828,-28672,-16384,minecraft:deep_ocean,,1.0,true
271828,-24576,-16384,minecraft:deep_ocean,,1.0,true
271828,-20480,-16384,minecraft:deep_ocean,,1.0,true
271828,-16384,-16384,minecraft:deep_ocean,,1.0,true
271828,-12288,-16384,minecraft:deep_ocean,,1.0,true
271828,-8192,-16384,minecraft:deep_ocean,,1.0,true
271828,-4096,-16384,minecraft:deep_ocean,,1.0,true
271828,0,-16384,minecraft:deep_ocean,,1.0,true
271828,4096,-16384,minecraft:deep_ocean,,1.0,true
271828,8192,-16384,minecraft:deep_ocean,,1.0,true
271828,12288,-16384,minecraft:deep_ocean,,1.0,true
271828,16384,-16384,minecraft:deep_ocean,,1.0,true
271828,20480,-16384,minecraft:deep_ocean,,1.0,true
271828,24576,-16384,minecraft:deep_ocean,,1.0,true
271828,28672,-16384,minecraft:deep_ocean,,1.0,true
271828,32768,-16384,minecraft:deep_ocean,,1.0,true
271828,-32768,-12288,minecraft:deep_ocean,,1.0,true
271828,-28672,-12288,minecraft:plains,minecraft:savanna,0.24860949205397165,false
271828,-24576,-12288,minecraft:forest,minecraft:plains,0.017631741454184557,false
271828,-20480,-12288,minecraft:forest,minecraft:birch_forest,0.17863473998729007,false
271828,-16384,-12288,minecraft:deep_ocean,,1.0,true
271828,-12288,-12288,minecraft:plains,minecraft:savanna,0.2784995362110555,false
271828,-8192,-12288,minecraft:plains,minecraft:forest,0.07905204520179943,false
271828,-4096,-12288,minecraft:forest,minecraft:birch_forest,0.14268439320502257,false
271828,0,-12288,minecraft:deep_ocean,,1.0,true
271828,4096,-12288,minecraft:plains,minecraft:savanna,0.2606276854144196,false
271828,8192,-12288,minecraft:plains,minecraft:forest,0.12967077311424136,false
271828,12288,-12288,minecraft:forest,minecraft:birch_forest,0.1756117900921268,false
271828,16384,-12288,minecraft:deep_ocean,,1.0,true
271828,20480,-12288,minecraft:plains,minecraft:savanna,0.25699344725989914,false
271828,24576,-12288,minecraft:plains,minecraft:forest,0.013393003341433674,false
271828,28672,-12288,minecraft:forest,minecraft:birch_forest,0.13984213231933895,false
271828,32768,-12288,minecraft:deep_ocean,,1.0,true
271828,-32768,-8192,minecraft:deep_lukewarm_ocean,,1.0,true
271828,-28672,-8192,minecraft:plains,minecraft:savanna,0.1861733110760685,false
271828,-24576,-8192,minecraft:plains,minecraft:forest,0.10606408150601776,false
271828,-20480,-8192,minecraft:forest,minecraft:plains,0.021871927935528057,false
271828,-16384,-8192,minecraft:deep_lukewarm_ocean,,1.0,true
271828,-12288,-8192,minecraft:plains,minecraft:savanna,0.198841318488584,false
271828,-8192,-8192,minecraft:plains,minecraft:forest,0.16103301485999155,false
271828,-4096,-8192,minecraft:forest,minecraft:plains,0.16639679378182504,false
271828,0,-8192,minecraft:deep_lukewarm_ocean,,1.0,true
271828,4096,-8192,minecraft:plains,minecraft:savanna,0.19789893779302847,false
271828,8192,-8192,minecraft:plains,minecraft:forest,0.18374639472997156,false
271828,12288,-8192,minecraft:forest,minecraft:plains,0.13657662435830042,false
271828,16384,-8192,minecraft:deep_lukewarm_ocean,,1.0,true
271828,20480,-8192,minecraft:plains,minecraft:savanna,0.20286032584622105,false
271828,24576,-8192,minecraft:plains,minecraft:forest,0.14888260568956957,false
271828,28672,-8192,minecraft:forest,minecraft:plains,0.14547039190558353,false
271828,32768,-8192,minecraft:deep_lukewarm_ocean,,1.0,true
271828,-32768,-4096,minecraft:deep_lukewarm_ocean,,1.0,true
271828,-28672,-4096,minecraft:plains,minecraft:savanna,0.08676356746986713,false
271828,-24576,-4096,minecraft:plains,minecraft:forest,0.05685177591074331,false
271828,-20480,-4096,minecraft:lukewarm_ocean,,1.0,true
271828,-16384,-4096,minecraft:deep_lukewarm_ocean,,1.0,true
271828,-12288,-4096,minecraft:plains,minecraft:savanna,0.06693949514079456,false
271828,-8192,-4096,minecraft:plains,minecraft:forest,0.0849462006529742,false
271828,-4096,-4096,minecraft:lukewarm_ocean,,1.0,true
271828,0,-4096,minecraft:deep_lukewarm_ocean,,1.0,true
271828,4096,-4096,minecraft:plains,minecraft:savanna,0.1019548403994186,false
271828,8192,-4096,minecraft:plains,minecraft:savanna,0.10977836286706022,false
271828,12288,-4096,minecraft:lukewarm_ocean,,1.0,true
271828,16384,-4096,minecraft:deep_lukewarm_ocean,,1.0,true
271828,20480,-4096,minecraft:plains,minecraft:savanna,0.0623427316462547,false
271828,24576,-4096,minecraft:plains,minecraft:forest,0.05997371949420527,false
271828,28672,-4096,minecraft:lukewarm_ocean,,1.0,true
271828,32768,-4096,minecraft:deep_lukewarm_ocean,,1.0,true
271828,-32768,0,minecraft:deep_lukewarm_ocean,,1.0,true
271828,-28672,0,minecraft:deep_lukewarm_ocean,,1.0,true
271828,-24576,0,minecraft:deep_lukewarm_ocean,,1.0,true
271828,-20480,0,minecraft:deep_lukewarm_ocean,,1.0,true
271828,-16384,0,minecraft:deep_lukewarm_ocean,,1.0,true
271828,-12288,0,minecraft:deep_lukewarm_ocean,,1.0,true
271828,-8192,0,minecraft:deep_lukewarm_ocean,,1.0,true
271828,-4096,0,minecraft:deep_lukewarm_ocean,,1.0,true
271828,0,0,minecraft:deep_lukewarm_ocean,,1.0,true
271828,4096,0,minecraft:deep_lukewarm_ocean,,1.0,true
271828,8192,0,minecraft:deep_lukewarm_ocean,,1.0,true
271828,12288,0,minecraft:deep_lukewarm_ocean,,1.0,true
271828,16384,0,minecraft:deep_lukewarm_ocean,,1.0,true
271828,20480,0,minecraft:deep_lukewarm_ocean,,1.0,true
271828,24576,0,minecraft:deep_lukewarm_ocean,,1.0,true
271828,28672,0,minecraft:deep_lukewarm_ocean,,1.0,true
271828,32768,0,minecraft:deep_lukewarm_ocean,,1.0,true
271828,-32768,4096,minecraft:deep_lukewarm_ocean,,1.0,true
271828,-28672,4096,minecraft:plains,minecraft:savanna,0.10995766072016966,false
271828,-24576,4096,minecraft:plains,minecraft:savanna,0.1245675353882355,false
271828,-20480,4096,minecraft:forest,minecraft:plains,0.04262877775952001,false
271828,-16384,4096,minecraft:deep_lukewarm_ocean,,1.0,true
271828,-12288,4096,minecraft:plains,minecraft:savanna,0.09964860900268757,false
271828,-8192,4096,minecraft:plains,minecraft:savanna,0.1330169136371384,false
271828,-4096,4096,minecraft:plains,minecraft:forest,0.048160772015585995,false
271828,0,4096,minecraft:deep_lukewarm_ocean,,1.0,true
271828,4096,4096,minecraft:plains,minecraft:savanna,0.08378474869391461,false
271828,8192,4096,minecraft:plains,minecraft:savanna,0.12835156250510427,false
271828,12288,4096,minecraft:forest,minecraft:plains,0.21388571546492663,false
271828,16384,4096,minecraft:deep_lukewarm_ocean,,1.0,true
271828,20480,4096,minecraft:plains,minecraft:forest,0.08093167110312416,false
271828,24576,4096,minecraft:plains,minecraft:savanna,0.13161841996200407,false
271828,28672,4096,minecraft:forest,minecraft:plains,0.21374997766868198,false
271828,32768,4096,minecraft:deep_lukewarm_ocean,,1.0,true
271828,-32768,8192,minecraft:deep_lukewarm_ocean,,1.0,true
271828,-28672,8192,minecraft:plains,minecraft:savanna,0.2013097118745163,false
271828,-24576,8192,minecraft:plains,minecraft:savanna,0.030560060425568913,false
271828,-20480,8192,minecraft:forest,minecraft:plains,0.12937004706621102,false
271828,-16384,8192,minecraft:deep_lukewarm_ocean,,1.0,true
271828,-12288,8192,minecraft:plains,minecraft:savanna,0.21602390609280886,false
271828,-8192,8192,minecraft:plains,minecraft:forest,0.2297455897444588,false
271828,-4096,8192,minecraft:forest,minecraft:plains,0.088247739515804,false
271828,0,8192,minecraft:deep_lukewarm_ocean,,1.0,true
271828,4096,8192,minecraft:plains,minecraft:savanna,0.21265124284175718,false
271828,8192,8192,minecraft:plains,minecraft:forest,0.16028499357511683,false
271828,12288,8192,minecraft:forest,minecraft:plains,0.09906022002550297,false
271828,16384,8192,minecraft:deep_lukewarm_ocean,,1.0,true
271828,20480,8192,minecraft:plains,minecraft:forest,0.1490619974034496,false
271828,24576,8192,minecraft:plains,minecraft:savanna,0.022434785846568328,false
271828,28672,8192,minecraft:forest,minecraft:plains,0.13961092989303936,false
271828,32768,8192,minecraft:deep_lukewarm_ocean,,1.0,true
271828,-32768,12288,minecraft:deep_ocean,,1.0,true
271828,-28672,12288,minecraft:plains,minecraft:savanna,0.2442390318930282,false
271828,-24576,12288,minecraft:plains,minecraft:forest,0.13252683750699856,false
271828,-20480,12288,minecraft:forest,minecraft:plains,0.18174077262277055,false
271828,-16384,12288,minecraft:deep_ocean,,1.0,true
271828,-12288,12288,minecraft:plains,minecraft:savanna,0.24272276342678134,false
271828,-8192,12288,minecraft:plains,minecraft:forest,0.06778551594796423,false
271828,-4096,12288,minecraft:forest,minecraft:plains,0.15430776839452665,false
271828,0,12288,minecraft:deep_ocean,,1.0,true
271828,4096,12288,minecraft:plains,minecraft:forest,0.146923483282563,false
271828,8192,12288,minecraft:plains,minecraft:forest,0.045370920369351087,false
271828,12288,12288,minecraft:forest,minecraft:plains,0.18863542871541628,false
271828,16384,12288,minecraft:deep_ocean,,1.0,true
271828,20480,12288,minecraft:plains,minecraft:savanna,0.23411233711775248,false
271828,24576,12288,minecraft:plains,minecraft:forest,0.1753461656869485,false
271828,28672,12288,minecraft:forest,minecraft:plains,0.15017906879077747,false
271828,32768,12288,minecraft:deep_ocean,,1.0,true
271828,-32768,16384,minecraft:deep_ocean,,1.0,true
271828,-28672,16384,minecraft:deep_ocean,,1.0,true
271828,-24576,16384,minecraft:deep_ocean,,1.0,true
271828,-20480,16384,minecraft:deep_ocean,,1.0,true
271828,-16384,16384,minecraft:deep_ocean,,1.0,true
271828,-12288,16384,minecraft:deep_ocean,,1.0,true
271828,-8192,16384,minecraft:deep_ocean,,1.0,true
271828,-4096,16384,minecraft:deep_ocean,,1.0,true
271828,0,16384,minecraft:deep_ocean,,1.0,true
271828,4096,16384,minecraft:deep_ocean,,1.0,true
271828,8192,16384,minecraft:deep_ocean,,1.0,true
271828,12288,16384,minecraft:deep_ocean,,1.0,true
271828,16384,16384,minecraft:deep_ocean,,1.0,true
271828,20480,16384,minecraft:deep_ocean,,1.0,true
271828,24576,16384,minecraft:deep_ocean,,1.0,true
271828,28672,16384,minecraft:deep_ocean,,1.0,true
271828,32768,16384,minecraft:deep_ocean,,1.0,true
271828,-32768,20480,minecraft:deep_ocean,,1.0,true
271828,-28672,20480,minecraft:plains,minecraft:forest,0.1612135978005267,false
271828,-24576,20480,minecraft:plains,minecraft:forest,0.2062340683569832,false
271828,-20480,20480,minecraft:forest,minecraft:plains,0.14444648090118195,false
271828,-16384,20480,minecraft:deep_ocean,,1.0,true
271828,-12288,20480,minecraft:plains,minecraft:forest,0.12062519940999472,false
271828,-8192,20480,minecraft:plains,minecraft:forest,0.24731780107424128,false
271828,-4096,20480,minecraft:forest,minecraft:birch_forest,0.05630995552335516,false
271828,0,20480,minecraft:deep_ocean,,1.0,true
271828,4096,20480,minecraft:plains,minecraft:forest,0.22478537847016367,false
271828,8192,20480,minecraft:plains,minecraft:forest,0.17245704544884033,false
271828,12288,20480,minecraft:plains,minecraft:forest,0.04190003570308232,false
271828,16384,20480,minecraft:deep_ocean,,1.0,true
271828,20480,20480,minecraft:plains,minecraft:forest,0.1137153763032901,false
271828,24576,20480,minecraft:plains,minecraft:forest,0.19901387618987598,false
271828,28672,20480,minecraft:forest,minecraft:plains,0.05824612203378332,false
271828,32768,20480,minecraft:deep_ocean,,1.0,true
271828,-32768,24576,minecraft:deep_ocean,,1.0,true
271828,-28672,24576,minecraft:plains,minecraft:forest,0.3044007942175755,false
271828,-24576,24576,minecraft:plains,minecraft:forest,0.11582546787864034,false
271828,-20480,24576,minecraft:forest,minecraft:plains,0.010630430581418548,false
271828,-16384,24576,minecraft:deep_ocean,,1.0,true
271828,-12288,24576,minecraft:plains,minecraft:forest,0.2673286113144734,false
271828,-8192,24576,minecraft:plains,minecraft:forest,0.081670853704777,false
271828,-4096,24576,minecraft:forest,minecraft:plains,0.06988174509155765,false
271828,0,24576,minecraft:deep_ocean,,1.0,true
271828,4096,24576,minecraft:plains,minecraft:forest,0.32604931851987473,false
271828,8192,24576,minecraft:plains,minecraft:forest,0.16237235023727614,false
271828,12288,24576,minecraft:forest,minecraft:plains,0.12076174434639486,false
271828,16384,24576,minecraft:deep_ocean,,1.0,true
271828,20480,24576,minecraft:plains,minecraft:forest,0.3235217853736123,false
271828,24576,24576,minecraft:plains,minecraft:forest,0.10297565276390352,false
271828,28672,24576,minecraft:forest,minecraft:plains,0.10282796820990248,false
271828,32768,24576,minecraft:deep_ocean,,1.0,true
271828,-32768,28672,minecraft:deep_ocean,,1.0,true
271828,-28672,28672,minecraft:plains,minecraft:forest,0.35734589299143904,false
271828,-24576,28672,minecraft:plains,minecraft:forest,0.1316158401499522,false
271828,-20480,28672,minecraft:forest,minecraft:birch_forest,0.06446575003247323,false
271828,-16384,28672,minecraft:deep_ocean,,1.0,true
271828,-12288,28672,minecraft:plains,minecraft:forest,0.26413144744797856,false
271828,-8192,28672,minecraft:plains,minecraft:forest,0.10183593234414823,false
271828,-4096,28672,minecraft:forest,minecraft:birch_forest,0.007818013964802417,false
271828,0,28672,minecraft:deep_ocean,,1.0,true
271828,4096,28672,minecraft:ocean,,1.0,true
271828,8192,28672,minecraft:plains,minecraft:forest,0.15175758433622066,false
271828,12288,28672,minecraft:forest,minecraft:birch_forest,0.05088963255593637,false
271828,16384,28672,minecraft:deep_ocean,,1.0,true
271828,20480,28672,minecraft:plains,minecraft:forest,0.2484641097061976,false
271828,24576,28672,minecraft:forest,minecraft:plains,0.10787728903287908,false
271828,28672,28672,minecraft:birch_forest,minecraft:forest,0.01832330823921402,false
271828,32768,28672,minecraft:deep_ocean,,1.0,true
271828,-32768,32768,minecraft:deep_ocean,,1.0,true
271828,-28672,32768,minecraft:deep_ocean,,1.0,true
271828,-24576,32768,minecraft:deep_ocean,,1.0,true
271828,-20480,32768,minecraft:deep_ocean,,1.0,true
271828,-16384,32768,minecraft:deep_ocean,,1.0,true
271828,-12288,32768,minecraft:deep_ocean,,1.0,true
271828,-8192,32768,minecraft:deep_ocean,,1.0,true
271828,-4096,32768,minecraft:deep_ocean,,1.0,true
271828,0,32768,minecraft:deep_ocean,,1.0,true
271828,4096,32768,minecraft:deep_ocean,,1.0,true
271828,8192,32768,minecraft:deep_ocean,,1.0,true
271828,12288,32768,minecraft:deep_ocean,,1.0,true
271828,16384,32768,minecraft:deep_ocean,,1.0,true
271828,20480,32768,minecraft:deep_ocean,,1.0,true
271828,24576,32768,minecraft:deep_ocean,,1.0,true
271828,28672,32768,minecraft:deep_ocean,,1.0,true
271828,32768,32768,minecraft:deep_ocean,,1.0,true
20260908,-32768,-32768,minecraft:deep_ocean,,1.0,true
20260908,-28672,-32768,minecraft:deep_ocean,,1.0,true
20260908,-24576,-32768,minecraft:deep_ocean,,1.0,true
20260908,-20480,-32768,minecraft:deep_ocean,,1.0,true
20260908,-16384,-32768,minecraft:deep_ocean,,1.0,true
20260908,-12288,-32768,minecraft:deep_ocean,,1.0,true
20260908,-8192,-32768,minecraft:deep_ocean,,1.0,true
20260908,-4096,-32768,minecraft:deep_ocean,,1.0,true
20260908,0,-32768,minecraft:deep_ocean,,1.0,true
20260908,4096,-32768,minecraft:deep_ocean,,1.0,true
20260908,8192,-32768,minecraft:deep_ocean,,1.0,true
20260908,12288,-32768,minecraft:deep_ocean,,1.0,true
20260908,16384,-32768,minecraft:deep_ocean,,1.0,true
20260908,20480,-32768,minecraft:deep_ocean,,1.0,true
20260908,24576,-32768,minecraft:deep_ocean,,1.0,true
20260908,28672,-32768,minecraft:deep_ocean,,1.0,true
20260908,32768,-32768,minecraft:deep_ocean,,1.0,true
20260908,-32768,-28672,minecraft:deep_ocean,,1.0,true
20260908,-28672,-28672,minecraft:ocean,,1.0,true
20260908,-24576,-28672,minecraft:forest,minecraft:plains,0.011327533124655842,false
20260908,-20480,-28672,minecraft:forest,minecraft:birch_forest,0.003702897993472898,false
20260908,-16384,-28672,minecraft:deep_ocean,,1.0,true
20260908,-12288,-28672,minecraft:ocean,,1.0,true
20260908,-8192,-28672,minecraft:plains,minecraft:forest,0.0854082760235767,false
20260908,-4096,-28672,minecraft:ocean,,1.0,true
20260908,0,-28672,minecraft:deep_ocean,,1.0,true
20260908,4096,-28672,minecraft:plains,minecraft:forest,0.38802704963847845,false
20260908,8192,-28672,minecraft:plains,minecraft:forest,0.04229019184173888,false
20260908,12288,-28672,minecraft:birch_forest,minecraft:forest,0.01956592553655312,false
20260908,16384,-28672,minecraft:deep_ocean,,1.0,true
20260908,20480,-28672,minecraft:plains,minecraft:forest,0.13311941090751966,false
20260908,24576,-28672,minecraft:forest,minecraft:plains,0.02979343501762466,false
20260908,28672,-28672,minecraft:forest,minecraft:birch_forest,0.08153854381896641,false
20260908,32768,-28672,minecraft:deep_ocean,,1.0,true
20260908,-32768,-24576,minecraft:deep_ocean,,1.0,true
20260908,-28672,-24576,minecraft:plains,minecraft:forest,0.3434405945011001,false
20260908,-24576,-24576,minecraft:plains,minecraft:forest,0.15322533255184534,false
20260908,-20480,-24576,minecraft:forest,minecraft:plains,0.13719118814905706,false
20260908,-16384,-24576,minecraft:deep_ocean,,1.0,true
20260908,-12288,-24576,minecraft:plains,minecraft:forest,0.30536362469531886,false
20260908,-8192,-24576,minecraft:plains,minecraft:forest,0.09391397070123741,false
20260908,-4096,-24576,minecraft:forest,minecraft:plains,0.06475276559958232,false
20260908,0,-24576,minecraft:deep_ocean,,1.0,true
20260908,4096,-24576,minecraft:plains,minecraft:forest,0.22242983118287674,false
20260908,8192,-24576,minecraft:plains,minecraft:forest,0.18495952858073084,false
20260908,12288,-24576,minecraft:forest,minecraft:birch_forest,0.08373894758059508,false
20260908,16384,-24576,minecraft:deep_ocean,,1.0,true
20260908,20480,-24576,minecraft:plains,minecraft:forest,0.30420285919158396,false
20260908,24576,-24576,minecraft:plains,minecraft:forest,0.10699508666691615,false
20260908,28672,-24576,minecraft:forest,minecraft:birch_forest,0.10003846259789462,false
20260908,32768,-24576,minecraft:deep_ocean,,1.0,true
20260908,-32768,-20480,minecraft:deep_ocean,,1.0,true
20260908,-28672,-20480,minecraft:plains,minecraft:forest,0.08044657102484842,false
20260908,-24576,-20480,minecraft:plains,minecraft:forest,0.13840397721313746,false
20260908,-20480,-20480,minecraft:forest,minecraft:birch_forest,0.1462735560172126,false
20260908,-16384,-20480,minecraft:deep_ocean,,1.0,true
20260908,-12288,-20480,minecraft:plains,minecraft:forest,0.07968597250139542,false
20260908,-8192,-20480,minecraft:plains,minecraft:forest,0.2366314044432043,false
20260908,-4096,-20480,minecraft:forest,minecraft:plains,0.01183974271202537,false
20260908,0,-20480,minecraft:deep_ocean,,1.0,true
20260908,4096,-20480,minecraft:plains,minecraft:forest,0.25242181881963277,false
20260908,8192,-20480,minecraft:plains,minecraft:forest,0.21642952845172214,false
20260908,12288,-20480,minecraft:ocean,,1.0,true
20260908,16384,-20480,minecraft:deep_ocean,,1.0,true
20260908,20480,-20480,minecraft:ocean,,1.0,true
20260908,24576,-20480,minecraft:plains,minecraft:forest,0.038406909609466355,false
20260908,28672,-20480,minecraft:ocean,,1.0,true
20260908,32768,-20480,minecraft:deep_ocean,,1.0,true
20260908,-32768,-16384,minecraft:deep_ocean,,1.0,true
20260908,-28672,-16384,minecraft:deep_ocean,,1.0,true
20260908,-24576,-16384,minecraft:deep_ocean,,1.0,true
20260908,-20480,-16384,minecraft:deep_ocean,,1.0,true
20260908,-16384,-16384,minecraft:deep_ocean,,1.0,true
20260908,-12288,-16384,minecraft:deep_ocean,,1.0,true
20260908,-8192,-16384,minecraft:deep_ocean,,1.0,true
20260908,-4096,-16384,minecraft:deep_ocean,,1.0,true
20260908,0,-16384,minecraft:deep_ocean,,1.0,true
20260908,4096,-16384,minecraft:deep_ocean,,1.0,true
20260908,8192,-16384,minecraft:deep_ocean,,1.0,true
20260908,12288,-16384,minecraft:deep_ocean,,1.0,true
20260908,16384,-16384,minecraft:deep_ocean,,1.0,true
20260908,20480,-16384,minecraft:deep_ocean,,1.0,true
20260908,24576,-16384,minecraft:deep_ocean,,1.0,true
20260908,28672,-16384,minecraft:deep_ocean,,1.0,true
20260908,32768,-16384,minecraft:deep_ocean,,1.0,true
20260908,-32768,-12288,minecraft:deep_lukewarm_ocean,,1.0,true
20260908,-28672,-12288,minecraft:plains,minecraft:savanna,0.24312313649959727,false
20260908,-24576,-12288,minecraft:plains,minecraft:forest,0.059632382498468806,false
20260908,-20480,-12288,minecraft:forest,minecraft:plains,0.20029199301356215,false
20260908,-16384,-12288,minecraft:deep_ocean,,1.0,true
20260908,-12288,-12288,minecraft:plains,minecraft:savanna,0.26497464616157107,false
20260908,-8192,-12288,minecraft:plains,minecraft:forest,0.06543734917831445,false
20260908,-4096,-12288,minecraft:forest,minecraft:birch_forest,0.16858264842868298,false
20260908,0,-12288,minecraft:deep_ocean,,1.0,true
20260908,4096,-12288,minecraft:lukewarm_ocean,,1.0,true
20260908,8192,-12288,minecraft:forest,minecraft:plains,0.02762282200504229,false
20260908,12288,-12288,minecraft:forest,minecraft:plains,0.18068007164392752,false
20260908,16384,-12288,minecraft:deep_ocean,,1.0,true
20260908,20480,-12288,minecraft:plains,minecraft:savanna,0.2572308827787875,false
20260908,24576,-12288,minecraft:plains,minecraft:forest,0.013197112892098684,false
20260908,28672,-12288,minecraft:forest,minecraft:birch_forest,0.12487041176589553,false
20260908,32768,-12288,minecraft:deep_ocean,,1.0,true
20260908,-32768,-8192,minecraft:deep_lukewarm_ocean,,1.0,true
20260908,-28672,-8192,minecraft:plains,minecraft:savanna,0.17907648761835426,false
20260908,-24576,-8192,minecraft:forest,minecraft:plains,0.03254564158237616,false
20260908,-20480,-8192,minecraft:forest,minecraft:plains,0.01636587511047627,false
20260908,-16384,-8192,minecraft:deep_lukewarm_ocean,,1.0,true
20260908,-12288,-8192,minecraft:plains,minecraft:savanna,0.21020715277481017,false
20260908,-8192,-8192,minecraft:savanna,minecraft:plains,0.012677482034045062,false
20260908,-4096,-8192,minecraft:forest,minecraft:plains,0.13702908067918596,false
20260908,0,-8192,minecraft:deep_lukewarm_ocean,,1.0,true
20260908,4096,-8192,minecraft:plains,minecraft:savanna,0.1986388489288089,false
20260908,8192,-8192,minecraft:plains,minecraft:forest,0.17004762505606474,false
20260908,12288,-8192,minecraft:forest,minecraft:plains,0.08589850353522077,false
20260908,16384,-8192,minecraft:deep_lukewarm_ocean,,1.0,true
20260908,20480,-8192,minecraft:plains,minecraft:savanna,0.22680687449764625,false
20260908,24576,-8192,minecraft:plains,minecraft:forest,0.17295421662905197,false
20260908,28672,-8192,minecraft:forest,minecraft:plains,0.1314399132818278,false
20260908,32768,-8192,minecraft:deep_lukewarm_ocean,,1.0,true
20260908,-32768,-4096,minecraft:deep_lukewarm_ocean,,1.0,true
20260908,-28672,-4096,minecraft:lukewarm_ocean,,1.0,true
20260908,-24576,-4096,minecraft:plains,minecraft:forest,0.022509227337025872,false
20260908,-20480,-4096,minecraft:forest,minecraft:plains,0.09654723115274677,false
20260908,-16384,-4096,minecraft:deep_lukewarm_ocean,,1.0,true
20260908,-12288,-4096,minecraft:plains,minecraft:savanna,0.10205804887771164,false
20260908,-8192,-4096,minecraft:plains,minecraft:savanna,0.10787282531772635,false
20260908,-4096,-4096,minecraft:forest,minecraft:plains,0.23791851858627733,false
20260908,0,-4096,minecraft:deep_lukewarm_ocean,,1.0,true
20260908,4096,-4096,minecraft:plains,minecraft:savanna,0.09315833670723583,false
20260908,8192,-4096,minecraft:plains,minecraft:savanna,0.10424764685411503,false
20260908,12288,-4096,minecraft:plains,minecraft:forest,0.06559609926038212,false
20260908,16384,-4096,minecraft:deep_lukewarm_ocean,,1.0,true
20260908,20480,-4096,minecraft:plains,minecraft:savanna,0.06688033378011993,false
20260908,24576,-4096,minecraft:plains,minecraft:savanna,0.09923792550137689,false
20260908,28672,-4096,minecraft:forest,minecraft:plains,0.009423091006798612,false
20260908,32768,-4096,minecraft:deep_lukewarm_ocean,,1.0,true
20260908,-32768,0,minecraft:deep_lukewarm_ocean,,1.0,true
20260908,-28672,0,minecraft:deep_lukewarm_ocean,,1.0,true
20260908,-24576,0,minecraft:deep_lukewarm_ocean,,1.0,true
20260908,-20480,0,minecraft:deep_lukewarm_ocean,,1.0,true
20260908,-16384,0,minecraft:deep_lukewarm_ocean,,1.0,true
20260908,-12288,0,minecraft:deep_lukewarm_ocean,,1.0,true
20260908,-8192,0,minecraft:deep_lukewarm_ocean,,1.0,true
20260908,-4096,0,minecraft:deep_lukewarm_ocean,,1.0,true
20260908,0,0,minecraft:deep_lukewarm_ocean,,1.0,true
20260908,4096,0,minecraft:deep_lukewarm_ocean,,1.0,true
20260908,8192,0,minecraft:deep_lukewarm_ocean,,1.0,true
20260908,12288,0,minecraft:deep_lukewarm_ocean,,1.0,true
20260908,16384,0,minecraft:deep_lukewarm_ocean,,1.0,true
20260908,20480,0,minecraft:deep_lukewarm_ocean,,1.0,true
20260908,24576,0,minecraft:deep_lukewarm_ocean,,1.0,true
20260908,28672,0,minecraft:deep_lukewarm_ocean,,1.0,true
20260908,32768,0,minecraft:deep_lukewarm_ocean,,1.0,true
20260908,-32768,4096,minecraft:deep_lukewarm_ocean,,1.0,true
20260908,-28672,4096,minecraft:plains,minecraft:savanna,0.09333422029641947,false
20260908,-24576,4096,minecraft:plains,minecraft:savanna,0.12296525397054892,false
20260908,-20480,4096,minecraft:forest,minecraft:plains,0.1035191925893797,false
20260908,-16384,4096,minecraft:deep_lukewarm_ocean,,1.0,true
20260908,-12288,4096,minecraft:plains,minecraft:savanna,0.10044825211254405,false
20260908,-8192,4096,minecraft:plains,minecraft:savanna,0.09935208505383608,false
20260908,-4096,4096,minecraft:forest,minecraft:plains,0.12365373615624908,false
20260908,0,4096,minecraft:deep_lukewarm_ocean,,1.0,true
20260908,4096,4096,minecraft:plains,minecraft:savanna,0.10464175996063307,false
20260908,8192,4096,minecraft:plains,minecraft:savanna,0.1087220050504707,false
20260908,12288,4096,minecraft:lukewarm_ocean,,1.0,true
20260908,16384,4096,minecraft:deep_lukewarm_ocean,,1.0,true
20260908,20480,4096,minecraft:plains,minecraft:savanna,0.09684715761279228,false
20260908,24576,4096,minecraft:plains,minecraft:savanna,0.1162137422711449,false
20260908,28672,4096,minecraft:forest,minecraft:plains,0.08503640013319402,false
20260908,32768,4096,minecraft:deep_lukewarm_ocean,,1.0,true
20260908,-32768,8192,minecraft:deep_lukewarm_ocean,,1.0,true
20260908,-28672,8192,minecraft:plains,minecraft:savanna,0.21281366459253837,false
20260908,-24576,8192,minecraft:plains,minecraft:forest,0.156961955914535,false
20260908,-20480,8192,minecraft:forest,minecraft:plains,0.14651974190867656,false
20260908,-16384,8192,minecraft:deep_lukewarm_ocean,,1.0,true
20260908,-12288,8192,minecraft:plains,minecraft:savanna,0.1936442145840056,false
20260908,-8192,8192,minecraft:plains,minecraft:forest,0.06403979868162912,false
20260908,-4096,8192,minecraft:forest,minecraft:plains,0.16281126712624217,false
20260908,0,8192,minecraft:deep_lukewarm_ocean,,1.0,true
20260908,4096,8192,minecraft:plains,minecraft:savanna,0.19831185328662126,false
20260908,8192,8192,minecraft:plains,minecraft:forest,0.2057006708199367,false
20260908,12288,8192,minecraft:forest,minecraft:plains,0.11810225360232351,false
20260908,16384,8192,minecraft:deep_lukewarm_ocean,,1.0,true
20260908,20480,8192,minecraft:plains,minecraft:savanna,0.19553179561234157,false
20260908,24576,8192,minecraft:plains,minecraft:forest,0.19598223627337374,false
20260908,28672,8192,minecraft:forest,minecraft:plains,0.1514221905700338,false
20260908,32768,8192,minecraft:deep_lukewarm_ocean,,1.0,true
20260908,-32768,12288,minecraft:deep_ocean,,1.0,true
20260908,-28672,12288,minecraft:plains,minecraft:savanna,0.24664900789919242,false
20260908,-24576,12288,minecraft:plains,minecraft:forest,0.03202280378880784,false
20260908,-20480,12288,minecraft:forest,minecraft:plains,0.17127315771559104,false
20260908,-16384,12288,minecraft:deep_ocean,,1.0,true
20260908,-12288,12288,minecraft:plains,minecraft:savanna,0.23806709385747704,false
20260908,-8192,12288,minecraft:plains,minecraft:forest,0.013491123601236388,false
20260908,-4096,12288,minecraft:lukewarm_ocean,,1.0,true
20260908,0,12288,minecraft:deep_ocean,,1.0,true
20260908,4096,12288,minecraft:plains,minecraft:savanna,0.26851089712280407,false
20260908,8192,12288,minecraft:plains,minecraft:forest,0.039350107352164154,false
20260908,12288,12288,minecraft:forest,minecraft:plains,0.179372332735247,false
20260908,16384,12288,minecraft:deep_ocean,,1.0,true
20260908,20480,12288,minecraft:plains,minecraft:savanna,0.2261880768799036,false
20260908,24576,12288,minecraft:forest,minecraft:plains,0.03313785692513305,false
20260908,28672,12288,minecraft:forest,minecraft:birch_forest,0.19054248828532527,false
20260908,32768,12288,minecraft:deep_ocean,,1.0,true
20260908,-32768,16384,minecraft:deep_ocean,,1.0,true
20260908,-28672,16384,minecraft:deep_ocean,,1.0,true
20260908,-24576,16384,minecraft:deep_ocean,,1.0,true
20260908,-20480,16384,minecraft:deep_ocean,,1.0,true
20260908,-16384,16384,minecraft:deep_ocean,,1.0,true
20260908,-12288,16384,minecraft:deep_ocean,,1.0,true
20260908,-8192,16384,minecraft:deep_ocean,,1.0,true
20260908,-4096,16384,minecraft:deep_ocean,,1.0,true
20260908,0,16384,minecraft:deep_ocean,,1.0,true
20260908,4096,16384,minecraft:deep_ocean,,1.0,true
20260908,8192,16384,minecraft:deep_ocean,,1.0,true
20260908,12288,16384,minecraft:deep_ocean,,1.0,true
20260908,16384,16384,minecraft:deep_ocean,,1.0,true
20260908,20480,16384,minecraft:deep_ocean,,1.0,true
20260908,24576,16384,minecraft:deep_ocean,,1.0,true
20260908,28672,16384,minecraft:deep_ocean,,1.0,true
20260908,32768,16384,minecraft:deep_ocean,,1.0,true
20260908,-32768,20480,minecraft:deep_ocean,,1.0,true
20260908,-28672,20480,minecraft:plains,minecraft:forest,0.17516716327697823,false
20260908,-24576,20480,minecraft:plains,minecraft:forest,0.20130834573335799,false
20260908,-20480,20480,minecraft:ocean,,1.0,true
20260908,-16384,20480,minecraft:deep_ocean,,1.0,true
20260908,-12288,20480,minecraft:plains,minecraft:forest,0.22658656285227508,false
20260908,-8192,20480,minecraft:plains,minecraft:forest,0.24873314121408774,false
20260908,-4096,20480,minecraft:plains,minecraft:forest,0.040535793171112555,false
20260908,0,20480,minecraft:deep_ocean,,1.0,true
20260908,4096,20480,minecraft:plains,minecraft:forest,0.19671751132250737,false
20260908,8192,20480,minecraft:plains,minecraft:forest,0.03983233179098522,false
20260908,12288,20480,minecraft:forest,minecraft:plains,0.09288442249463214,false
20260908,16384,20480,minecraft:deep_ocean,,1.0,true
20260908,20480,20480,minecraft:plains,minecraft:forest,0.09939997946903378,false
20260908,24576,20480,minecraft:forest,minecraft:plains,0.026921903331193264,false
20260908,28672,20480,minecraft:forest,minecraft:plains,0.13522490158217115,false
20260908,32768,20480,minecraft:deep_ocean,,1.0,true
20260908,-32768,24576,minecraft:deep_ocean,,1.0,true
20260908,-28672,24576,minecraft:plains,minecraft:forest,0.39247527016897166,false
20260908,-24576,24576,minecraft:plains,minecraft:forest,0.10693413027185894,false
20260908,-20480,24576,minecraft:forest,minecraft:birch_forest,0.08987028560901089,false
20260908,-16384,24576,minecraft:deep_ocean,,1.0,true
20260908,-12288,24576,minecraft:plains,minecraft:forest,0.29888840904734104,false
20260908,-8192,24576,minecraft:plains,minecraft:forest,0.20043222655051884,false
20260908,-4096,24576,minecraft:forest,minecraft:plains,0.05228737098070424,false
20260908,0,24576,minecraft:deep_ocean,,1.0,true
20260908,4096,24576,minecraft:plains,minecraft:forest,0.41410952906935905,false
20260908,8192,24576,minecraft:plains,minecraft:forest,0.11545771375989622,false
20260908,12288,24576,minecraft:forest,minecraft:plains,0.04694335041684039,false
20260908,16384,24576,minecraft:deep_ocean,,1.0,true
20260908,20480,24576,minecraft:plains,minecraft:forest,0.3290437314542304,false
20260908,24576,24576,minecraft:plains,minecraft:forest,0.17011651129822147,false
20260908,28672,24576,minecraft:forest,minecraft:plains,0.1092009963383247,false
20260908,32768,24576,minecraft:deep_ocean,,1.0,true
20260908,-32768,28672,minecraft:deep_ocean,,1.0,true
20260908,-28672,28672,minecraft:plains,minecraft:forest,0.3490835947416464,false
20260908,-24576,28672,minecraft:plains,minecraft:forest,0.01452848489361025,false
20260908,-20480,28672,minecraft:birch_forest,minecraft:forest,0.006067460131864433,false
20260908,-16384,28672,minecraft:deep_ocean,,1.0,true
20260908,-12288,28672,minecraft:plains,minecraft:forest,0.29877767555935997,false
20260908,-8192,28672,minecraft:plains,minecraft:forest,0.06236231660886682,false
20260908,-4096,28672,minecraft:forest,minecraft:birch_forest,0.11841751659213007,false
20260908,0,28672,minecraft:deep_ocean,,1.0,true
20260908,4096,28672,minecraft:plains,minecraft:forest,0.3584151706034867,false
20260908,8192,28672,minecraft:plains,minecraft:forest,0.055698093111104074,false
20260908,12288,28672,minecraft:forest,minecraft:birch_forest,0.05237664051426516,false
20260908,16384,28672,minecraft:deep_ocean,,1.0,true
20260908,20480,28672,minecraft:plains,minecraft:forest,0.41202280579796857,false
20260908,24576,28672,minecraft:plains,minecraft:forest,0.09736609102030369,false
20260908,28672,28672,minecraft:forest,minecraft:birch_forest,0.0555678353588106,false
20260908,32768,28672,minecraft:deep_ocean,,1.0,true
20260908,-32768,32768,minecraft:deep_ocean,,1.0,true
20260908,-28672,32768,minecraft:deep_ocean,,1.0,true
20260908,-24576,32768,minecraft:deep_ocean,,1.0,true
20260908,-20480,32768,minecraft:deep_ocean,,1.0,true
20260908,-16384,32768,minecraft:deep_ocean,,1.0,true
20260908,-12288,32768,minecraft:deep_ocean,,1.0,true
20260908,-8192,32768,minecraft:deep_ocean,,1.0,true
20260908,-4096,32768,minecraft:deep_ocean,,1.0,true
20260908,0,32768,minecraft:deep_ocean,,1.0,true
20260908,4096,32768,minecraft:deep_ocean,,1.0,true
20260908,8192,32768,minecraft:deep_ocean,,1.0,true
20260908,12288,32768,minecraft:deep_ocean,,1.0,true
20260908,16384,32768,minecraft:deep_ocean,,1.0,true
20260908,20480,32768,minecraft:deep_ocean,,1.0,true
20260908,24576,32768,minecraft:deep_ocean,,1.0,true
20260908,28672,32768,minecraft:deep_ocean,,1.0,true
20260908,32768,32768,minecraft:deep_ocean,,1.0,true
-424242,-32768,-32768,minecraft:deep_ocean,,1.0,true
-424242,-28672,-32768,minecraft:deep_ocean,,1.0,true
-424242,-24576,-32768,minecraft:deep_ocean,,1.0,true
-424242,-20480,-32768,minecraft:deep_ocean,,1.0,true
-424242,-16384,-32768,minecraft:deep_ocean,,1.0,true
-424242,-12288,-32768,minecraft:deep_ocean,,1.0,true
-424242,-8192,-32768,minecraft:deep_ocean,,1.0,true
-424242,-4096,-32768,minecraft:deep_ocean,,1.0,true
-424242,0,-32768,minecraft:deep_ocean,,1.0,true
-424242,4096,-32768,minecraft:deep_ocean,,1.0,true
-424242,8192,-32768,minecraft:deep_ocean,,1.0,true
-424242,12288,-32768,minecraft:deep_ocean,,1.0,true
-424242,16384,-32768,minecraft:deep_ocean,,1.0,true
-424242,20480,-32768,minecraft:deep_ocean,,1.0,true
-424242,24576,-32768,minecraft:deep_ocean,,1.0,true
-424242,28672,-32768,minecraft:deep_ocean,,1.0,true
-424242,32768,-32768,minecraft:deep_ocean,,1.0,true
-424242,-32768,-28672,minecraft:deep_ocean,,1.0,true
-424242,-28672,-28672,minecraft:plains,minecraft:forest,0.29696412746231915,false
-424242,-24576,-28672,minecraft:plains,minecraft:forest,0.008930456150622379,false
-424242,-20480,-28672,minecraft:forest,minecraft:birch_forest,0.072186736274234,false
-424242,-16384,-28672,minecraft:deep_ocean,,1.0,true
-424242,-12288,-28672,minecraft:plains,minecraft:forest,0.3986567180647479,false
-424242,-8192,-28672,minecraft:plains,minecraft:forest,0.08161329377304882,false
-424242,-4096,-28672,minecraft:birch_forest,minecraft:forest,0.001490274358539767,false
-424242,0,-28672,minecraft:deep_ocean,,1.0,true
-424242,4096,-28672,minecraft:ocean,,1.0,true
-424242,8192,-28672,minecraft:plains,minecraft:forest,0.04107934661846557,false
-424242,12288,-28672,minecraft:birch_forest,minecraft:forest,0.010337105385752277,false
-424242,16384,-28672,minecraft:deep_ocean,,1.0,true
-424242,20480,-28672,minecraft:plains,minecraft:forest,0.3968446532228017,false
-424242,24576,-28672,minecraft:plains,minecraft:forest,0.007558426119404604,false
-424242,28672,-28672,minecraft:forest,minecraft:birch_forest,0.03808541213296612,false
-424242,32768,-28672,minecraft:deep_ocean,,1.0,true
-424242,-32768,-24576,minecraft:deep_ocean,,1.0,true
-424242,-28672,-24576,minecraft:plains,minecraft:forest,0.3585171220736162,false
-424242,-24576,-24576,minecraft:plains,minecraft:forest,0.12190621938984081,false
-424242,-20480,-24576,minecraft:forest,minecraft:plains,0.01806518695566306,false
-424242,-16384,-24576,minecraft:deep_ocean,,1.0,true
-424242,-12288,-24576,minecraft:plains,minecraft:forest,0.29770620408512594,false
-424242,-8192,-24576,minecraft:plains,minecraft:forest,0.0921616221179673,false
-424242,-4096,-24576,minecraft:forest,minecraft:plains,0.13295210395268975,false
-424242,0,-24576,minecraft:deep_ocean,,1.0,true
-424242,4096,-24576,minecraft:plains,minecraft:forest,0.4371276941491766,false
-424242,8192,-24576,minecraft:plains,minecraft:forest,0.13520170728165548,false
-424242,12288,-24576,minecraft:forest,minecraft:birch_forest,0.1112510603861695,false
-424242,16384,-24576,minecraft:deep_ocean,,1.0,true
-424242,20480,-24576,minecraft:plains,minecraft:forest,0.2369988947804368,false
-424242,24576,-24576,minecraft:forest,minecraft:plains,0.0699896112795918,false
-424242,28672,-24576,minecraft:forest,minecraft:plains,0.018468096973134562,false
-424242,32768,-24576,minecraft:deep_ocean,,1.0,true
-424242,-32768,-20480,minecraft:deep_ocean,,1.0,true
-424242,-28672,-20480,minecraft:plains,minecraft:forest,0.16451370830650414,false
-424242,-24576,-20480,minecraft:plains,minecraft:forest,0.17836273464494057,false
-424242,-20480,-20480,minecraft:forest,minecraft:plains,0.11625101581697972,false
-424242,-16384,-20480,minecraft:deep_ocean,,1.0,true
-424242,-12288,-20480,minecraft:plains,minecraft:forest,0.09611070227344498,false
-424242,-8192,-20480,minecraft:plains,minecraft:forest,0.0758869130242299,false
-424242,-4096,-20480,minecraft:forest,minecraft:plains,0.11056117411182476,false
-424242,0,-20480,minecraft:deep_ocean,,1.0,true
-424242,4096,-20480,minecraft:plains,minecraft:forest,0.2142421258078493,false
-424242,8192,-20480,minecraft:plains,minecraft:forest,0.07797448668097962,false
-424242,12288,-20480,minecraft:forest,minecraft:plains,0.06954853356320367,false
-424242,16384,-20480,minecraft:deep_ocean,,1.0,true
-424242,20480,-20480,minecraft:plains,minecraft:forest,0.0993182312618277,false
-424242,24576,-20480,minecraft:plains,minecraft:forest,0.0850848361474772,false
-424242,28672,-20480,minecraft:forest,minecraft:plains,0.12445548867192313,false
-424242,32768,-20480,minecraft:deep_ocean,,1.0,true
-424242,-32768,-16384,minecraft:deep_ocean,,1.0,true
-424242,-28672,-16384,minecraft:deep_ocean,,1.0,true
-424242,-24576,-16384,minecraft:deep_ocean,,1.0,true
-424242,-20480,-16384,minecraft:deep_ocean,,1.0,true
-424242,-16384,-16384,minecraft:deep_ocean,,1.0,true
-424242,-12288,-16384,minecraft:deep_ocean,,1.0,true
-424242,-8192,-16384,minecraft:deep_ocean,,1.0,true
-424242,-4096,-16384,minecraft:deep_ocean,,1.0,true
-424242,0,-16384,minecraft:deep_ocean,,1.0,true
-424242,4096,-16384,minecraft:deep_ocean,,1.0,true
-424242,8192,-16384,minecraft:deep_ocean,,1.0,true
-424242,12288,-16384,minecraft:deep_ocean,,1.0,true
-424242,16384,-16384,minecraft:deep_ocean,,1.0,true
-424242,20480,-16384,minecraft:deep_ocean,,1.0,true
-424242,24576,-16384,minecraft:deep_ocean,,1.0,true
-424242,28672,-16384,minecraft:deep_ocean,,1.0,true
-424242,32768,-16384,minecraft:deep_ocean,,1.0,true
-424242,-32768,-12288,minecraft:deep_ocean,,1.0,true
-424242,-28672,-12288,minecraft:plains,minecraft:savanna,0.2365819490394948,false
-424242,-24576,-12288,minecraft:plains,minecraft:forest,0.12299423182867175,false
-424242,-20480,-12288,minecraft:forest,minecraft:birch_forest,0.14691931742745745,false
-424242,-16384,-12288,minecraft:deep_ocean,,1.0,true
-424242,-12288,-12288,minecraft:plains,minecraft:savanna,0.22116396427020135,false
-424242,-8192,-12288,minecraft:plains,minecraft:forest,0.07205104583569033,false
-424242,-4096,-12288,minecraft:forest,minecraft:birch_forest,0.13849415919140706,false
-424242,0,-12288,minecraft:deep_ocean,,1.0,true
-424242,4096,-12288,minecraft:lukewarm_ocean,,1.0,true
-424242,8192,-12288,minecraft:plains,minecraft:forest,0.06281201508791989,false
-424242,12288,-12288,minecraft:forest,minecraft:birch_forest,0.20847105403224575,false
-424242,16384,-12288,minecraft:deep_ocean,,1.0,true
-424242,20480,-12288,minecraft:plains,minecraft:savanna,0.23759083937741732,false
-424242,24576,-12288,minecraft:plains,minecraft:forest,0.10165269651134079,false
-424242,28672,-12288,minecraft:forest,minecraft:birch_forest,0.17026237430837143,false
-424242,32768,-12288,minecraft:deep_ocean,,1.0,true
-424242,-32768,-8192,minecraft:deep_lukewarm_ocean,,1.0,true
-424242,-28672,-8192,minecraft:plains,minecraft:savanna,0.20863335585131748,false
-424242,-24576,-8192,minecraft:plains,minecraft:forest,0.19869468116147448,false
-424242,-20480,-8192,minecraft:forest,minecraft:plains,0.09844781198569308,false
-424242,-16384,-8192,minecraft:deep_lukewarm_ocean,,1.0,true
-424242,-12288,-8192,minecraft:plains,minecraft:savanna,0.21029383697039095,false
-424242,-8192,-8192,minecraft:plains,minecraft:forest,0.26364941813440657,false
-424242,-4096,-8192,minecraft:forest,minecraft:plains,0.14247396043887384,false
-424242,0,-8192,minecraft:deep_lukewarm_ocean,,1.0,true
-424242,4096,-8192,minecraft:plains,minecraft:savanna,0.1887677851862406,false
-424242,8192,-8192,minecraft:plains,minecraft:forest,0.1472157242958776,false
-424242,12288,-8192,minecraft:forest,minecraft:plains,0.13913828881011037,false
-424242,16384,-8192,minecraft:deep_lukewarm_ocean,,1.0,true
-424242,20480,-8192,minecraft:plains,minecraft:savanna,0.20880689284051046,false
-424242,24576,-8192,minecraft:plains,minecraft:savanna,0.26123716128214725,false
-424242,28672,-8192,minecraft:forest,minecraft:plains,0.1275944735242699,false
-424242,32768,-8192,minecraft:deep_lukewarm_ocean,,1.0,true
-424242,-32768,-4096,minecraft:deep_lukewarm_ocean,,1.0,true
-424242,-28672,-4096,minecraft:plains,minecraft:savanna,0.0940493327187284,false
-424242,-24576,-4096,minecraft:plains,minecraft:savanna,0.12147908920413242,false
-424242,-20480,-4096,minecraft:forest,minecraft:plains,0.033113309007004155,false
-424242,-16384,-4096,minecraft:deep_lukewarm_ocean,,1.0,true
-424242,-12288,-4096,minecraft:plains,minecraft:savanna,0.08982933303645801,false
-424242,-8192,-4096,minecraft:plains,minecraft:savanna,0.12462309100568969,false
-424242,-4096,-4096,minecraft:forest,minecraft:plains,0.025888680943975784,false
-424242,0,-4096,minecraft:deep_lukewarm_ocean,,1.0,true
-424242,4096,-4096,minecraft:plains,minecraft:savanna,0.08863770200942922,false
-424242,8192,-4096,minecraft:plains,minecraft:savanna,0.1291976244103331,false
-424242,12288,-4096,minecraft:forest,minecraft:plains,0.08878707569874744,false
-424242,16384,-4096,minecraft:deep_lukewarm_ocean,,1.0,true
-424242,20480,-4096,minecraft:plains,minecraft:savanna,0.08678107499969512,false
-424242,24576,-4096,minecraft:plains,minecraft:savanna,0.10764222885453512,false
-424242,28672,-4096,minecraft:lukewarm_ocean,,1.0,true
-424242,32768,-4096,minecraft:deep_lukewarm_ocean,,1.0,true
-424242,-32768,0,minecraft:deep_lukewarm_ocean,,1.0,true
-424242,-28672,0,minecraft:deep_lukewarm_ocean,,1.0,true
-424242,-24576,0,minecraft:deep_lukewarm_ocean,,1.0,true
-424242,-20480,0,minecraft:deep_lukewarm_ocean,,1.0,true
-424242,-16384,0,minecraft:deep_lukewarm_ocean,,1.0,true
-424242,-12288,0,minecraft:deep_lukewarm_ocean,,1.0,true
-424242,-8192,0,minecraft:deep_lukewarm_ocean,,1.0,true
-424242,-4096,0,minecraft:deep_lukewarm_ocean,,1.0,true
-424242,0,0,minecraft:deep_lukewarm_ocean,,1.0,true
-424242,4096,0,minecraft:deep_lukewarm_ocean,,1.0,true
-424242,8192,0,minecraft:deep_lukewarm_ocean,,1.0,true
-424242,12288,0,minecraft:deep_lukewarm_ocean,,1.0,true
-424242,16384,0,minecraft:deep_lukewarm_ocean,,1.0,true
-424242,20480,0,minecraft:deep_lukewarm_ocean,,1.0,true
-424242,24576,0,minecraft:deep_lukewarm_ocean,,1.0,true
-424242,28672,0,minecraft:deep_lukewarm_ocean,,1.0,true
-424242,32768,0,minecraft:deep_lukewarm_ocean,,1.0,true
-424242,-32768,4096,minecraft:deep_lukewarm_ocean,,1.0,true
-424242,-28672,4096,minecraft:plains,minecraft:savanna,0.07218579327845898,false
-424242,-24576,4096,minecraft:plains,minecraft:savanna,0.113150429361492,false
-424242,-20480,4096,minecraft:forest,minecraft:plains,0.07140527632631499,false
-424242,-16384,4096,minecraft:deep_lukewarm_ocean,,1.0,true
-424242,-12288,4096,minecraft:plains,minecraft:savanna,0.12476685537239829,false
-424242,-8192,4096,minecraft:plains,minecraft:savanna,0.10520448677212446,false
-424242,-4096,4096,minecraft:forest,minecraft:plains,0.02796984396283564,false
-424242,0,4096,minecraft:deep_lukewarm_ocean,,1.0,true
-424242,4096,4096,minecraft:plains,minecraft:savanna,0.10199082050043762,false
-424242,8192,4096,minecraft:plains,minecraft:savanna,0.11392934234834329,false
-424242,12288,4096,minecraft:lukewarm_ocean,,1.0,true
-424242,16384,4096,minecraft:deep_lukewarm_ocean,,1.0,true
-424242,20480,4096,minecraft:plains,minecraft:savanna,0.09392794906781854,false
-424242,24576,4096,minecraft:plains,minecraft:savanna,0.11424505838194576,false
-424242,28672,4096,minecraft:forest,minecraft:plains,0.019176668053598633,false
-424242,32768,4096,minecraft:deep_lukewarm_ocean,,1.0,true
-424242,-32768,8192,minecraft:deep_lukewarm_ocean,,1.0,true
-424242,-28672,8192,minecraft:plains,minecraft:savanna,0.1975026448309547,false
-424242,-24576,8192,minecraft:plains,minecraft:forest,0.22752209160229375,false
-424242,-20480,8192,minecraft:forest,minecraft:plains,0.13474060030848334,false
-424242,-16384,8192,minecraft:deep_lukewarm_ocean,,1.0,true
-424242,-12288,8192,minecraft:plains,minecraft:savanna,0.20356763736940642,false
-424242,-8192,8192,minecraft:plains,minecraft:forest,0.16339418487843327,false
-424242,-4096,8192,minecraft:forest,minecraft:plains,0.1282204431631343,false
-424242,0,8192,minecraft:deep_lukewarm_ocean,,1.0,true
-424242,4096,8192,minecraft:plains,minecraft:savanna,0.22203812111353494,false
-424242,8192,8192,minecraft:plains,minecraft:savanna,0.010536596021300748,false
-424242,12288,8192,minecraft:forest,minecraft:plains,0.11545791118324655,false
-424242,16384,8192,minecraft:deep_lukewarm_ocean,,1.0,true
-424242,20480,8192,minecraft:plains,minecraft:savanna,0.17983541319666196,false
-424242,24576,8192,minecraft:plains,minecraft:forest,0.19792144353174912,false
-424242,28672,8192,minecraft:forest,minecraft:plains,0.16978931201141534,false
-424242,32768,8192,minecraft:deep_lukewarm_ocean,,1.0,true
-424242,-32768,12288,minecraft:deep_ocean,,1.0,true
-424242,-28672,12288,minecraft:plains,minecraft:savanna,0.23263706411565876,false
-424242,-24576,12288,minecraft:plains,minecraft:forest,0.12689037632950928,false
-424242,-20480,12288,minecraft:lukewarm_ocean,,1.0,true
-424242,-16384,12288,minecraft:deep_ocean,,1.0,true
-424242,-12288,12288,minecraft:lukewarm_ocean,,1.0,true
-424242,-8192,12288,minecraft:plains,minecraft:forest,0.03453966639674899,false
-424242,-4096,12288,minecraft:forest,minecraft:birch_forest,0.14938287317028032,false
-424242,0,12288,minecraft:deep_ocean,,1.0,true
-424242,4096,12288,minecraft:plains,minecraft:savanna,0.24576321527783662,false
-424242,8192,12288,minecraft:plains,minecraft:forest,0.16355916549158178,false
-424242,12288,12288,minecraft:forest,minecraft:birch_forest,0.15309596215919852,false
-424242,16384,12288,minecraft:deep_lukewarm_ocean,,1.0,true
-424242,20480,12288,minecraft:lukewarm_ocean,,1.0,true
-424242,24576,12288,minecraft:plains,minecraft:forest,0.11677805567968069,false
-424242,28672,12288,minecraft:forest,minecraft:birch_forest,0.16024027900259952,false
-424242,32768,12288,minecraft:deep_ocean,,1.0,true
-424242,-32768,16384,minecraft:deep_ocean,,1.0,true
-424242,-28672,16384,minecraft:deep_ocean,,1.0,true
-424242,-24576,16384,minecraft:deep_ocean,,1.0,true
-424242,-20480,16384,minecraft:deep_ocean,,1.0,true
-424242,-16384,16384,minecraft:deep_ocean,,1.0,true
-424242,-12288,16384,minecraft:deep_ocean,,1.0,true
-424242,-8192,16384,minecraft:deep_ocean,,1.0,true
-424242,-4096,16384,minecraft:deep_ocean,,1.0,true
-424242,0,16384,minecraft:deep_ocean,,1.0,true
-424242,4096,16384,minecraft:deep_ocean,,1.0,true
-424242,8192,16384,minecraft:deep_ocean,,1.0,true
-424242,12288,16384,minecraft:deep_ocean,,1.0,true
-424242,16384,16384,minecraft:deep_ocean,,1.0,true
-424242,20480,16384,minecraft:deep_ocean,,1.0,true
-424242,24576,16384,minecraft:deep_ocean,,1.0,true
-424242,28672,16384,minecraft:deep_ocean,,1.0,true
-424242,32768,16384,minecraft:deep_ocean,,1.0,true
-424242,-32768,20480,minecraft:deep_ocean,,1.0,true
-424242,-28672,20480,minecraft:plains,minecraft:forest,0.11191599819863818,false
-424242,-24576,20480,minecraft:plains,minecraft:forest,0.1679426155229108,false
-424242,-20480,20480,minecraft:forest,minecraft:birch_forest,0.1184940498931829,false
-424242,-16384,20480,minecraft:deep_ocean,,1.0,true
-424242,-12288,20480,minecraft:plains,minecraft:forest,0.197693016064453,false
-424242,-8192,20480,minecraft:plains,minecraft:forest,0.014802582670517817,false
-424242,-4096,20480,minecraft:forest,minecraft:plains,0.04843417707842246,false
-424242,0,20480,minecraft:deep_ocean,,1.0,true
-424242,4096,20480,minecraft:plains,minecraft:forest,0.13327977597397622,false
-424242,8192,20480,minecraft:plains,minecraft:forest,0.09772342286220814,false
-424242,12288,20480,minecraft:forest,minecraft:plains,0.09623255823104471,false
-424242,16384,20480,minecraft:deep_ocean,,1.0,true
-424242,20480,20480,minecraft:plains,minecraft:forest,0.13018803109862886,false
-424242,24576,20480,minecraft:plains,minecraft:forest,0.0915184151094961,false
-424242,28672,20480,minecraft:forest,minecraft:birch_forest,0.04226783260096911,false
-424242,32768,20480,minecraft:deep_ocean,,1.0,true
-424242,-32768,24576,minecraft:deep_ocean,,1.0,true
-424242,-28672,24576,minecraft:plains,minecraft:forest,0.2903106022412387,false
-424242,-24576,24576,minecraft:plains,minecraft:forest,0.08251256497791715,false
-424242,-20480,24576,minecraft:forest,minecraft:plains,0.1305503953217455,false
-424242,-16384,24576,minecraft:deep_ocean,,1.0,true
-424242,-12288,24576,minecraft:plains,minecraft:forest,0.39392066392707237,false
-424242,-8192,24576,minecraft:plains,minecraft:forest,0.15799902628017604,false
-424242,-4096,24576,minecraft:forest,minecraft:birch_forest,0.08368710994091544,false
-424242,0,24576,minecraft:deep_ocean,,1.0,true
-424242,4096,24576,minecraft:plains,minecraft:forest,0.3436071956608884,false
-424242,8192,24576,minecraft:plains,minecraft:forest,0.09732060850602475,false
-424242,12288,24576,minecraft:forest,minecraft:birch_forest,0.08961009581825807,false
-424242,16384,24576,minecraft:deep_ocean,,1.0,true
-424242,20480,24576,minecraft:plains,minecraft:forest,0.3459549730978315,false
-424242,24576,24576,minecraft:plains,minecraft:forest,0.10948228624117384,false
-424242,28672,24576,minecraft:forest,minecraft:birch_forest,0.08296512820731994,false
-424242,32768,24576,minecraft:deep_ocean,,1.0,true
-424242,-32768,28672,minecraft:deep_ocean,,1.0,true
-424242,-28672,28672,minecraft:plains,minecraft:forest,0.3324268018770338,false
-424242,-24576,28672,minecraft:plains,minecraft:forest,0.12390393154139234,false
-424242,-20480,28672,minecraft:forest,minecraft:birch_forest,0.07811398824670424,false
-424242,-16384,28672,minecraft:deep_ocean,,1.0,true
-424242,-12288,28672,minecraft:plains,minecraft:forest,0.4181855487900369,false
-424242,-8192,28672,minecraft:plains,minecraft:forest,0.10660144110622016,false
-424242,-4096,28672,minecraft:birch_forest,minecraft:forest,0.017035988495242238,false
-424242,0,28672,minecraft:deep_ocean,,1.0,true
-424242,4096,28672,minecraft:plains,minecraft:forest,0.3368735030951321,false
-424242,8192,28672,minecraft:plains,minecraft:forest,0.09012609441405184,false
-424242,12288,28672,minecraft:forest,minecraft:birch_forest,0.10759402048135325,false
-424242,16384,28672,minecraft:deep_ocean,,1.0,true
-424242,20480,28672,minecraft:plains,minecraft:forest,0.3679168719803665,false
-424242,24576,28672,minecraft:plains,minecraft:forest,0.0103128659629379,false
-424242,28672,28672,minecraft:ocean,,1.0,true
-424242,32768,28672,minecraft:deep_ocean,,1.0,true
-424242,-32768,32768,minecraft:deep_ocean,,1.0,true
-424242,-28672,32768,minecraft:deep_ocean,,1.0,true
-424242,-24576,32768,minecraft:deep_ocean,,1.0,true
-424242,-20480,32768,minecraft:deep_ocean,,1.0,true
-424242,-16384,32768,minecraft:deep_ocean,,1.0,true
-424242,-12288,32768,minecraft:deep_ocean,,1.0,true
-424242,-8192,32768,minecraft:deep_ocean,,1.0,true
-424242,-4096,32768,minecraft:deep_ocean,,1.0,true
-424242,0,32768,minecraft:deep_ocean,,1.0,true
-424242,4096,32768,minecraft:deep_ocean,,1.0,true
-424242,8192,32768,minecraft:deep_ocean,,1.0,true
-424242,12288,32768,minecraft:deep_ocean,,1.0,true
-424242,16384,32768,minecraft:deep_ocean,,1.0,true
-424242,20480,32768,minecraft:deep_ocean,,1.0,true
-424242,24576,32768,minecraft:deep_ocean,,1.0,true
-424242,28672,32768,minecraft:deep_ocean,,1.0,true
-424242,32768,32768,minecraft:deep_ocean,,1.0,true
987654321012345,-32768,-32768,minecraft:deep_ocean,,1.0,true
987654321012345,-28672,-32768,minecraft:deep_ocean,,1.0,true
987654321012345,-24576,-32768,minecraft:deep_ocean,,1.0,true
987654321012345,-20480,-32768,minecraft:deep_ocean,,1.0,true
987654321012345,-16384,-32768,minecraft:deep_ocean,,1.0,true
987654321012345,-12288,-32768,minecraft:deep_ocean,,1.0,true
987654321012345,-8192,-32768,minecraft:deep_ocean,,1.0,true
987654321012345,-4096,-32768,minecraft:deep_ocean,,1.0,true
987654321012345,0,-32768,minecraft:deep_ocean,,1.0,true
987654321012345,4096,-32768,minecraft:deep_ocean,,1.0,true
987654321012345,8192,-32768,minecraft:deep_ocean,,1.0,true
987654321012345,12288,-32768,minecraft:deep_ocean,,1.0,true
987654321012345,16384,-32768,minecraft:deep_ocean,,1.0,true
987654321012345,20480,-32768,minecraft:deep_ocean,,1.0,true
987654321012345,24576,-32768,minecraft:deep_ocean,,1.0,true
987654321012345,28672,-32768,minecraft:deep_ocean,,1.0,true
987654321012345,32768,-32768,minecraft:deep_ocean,,1.0,true
987654321012345,-32768,-28672,minecraft:deep_ocean,,1.0,true
987654321012345,-28672,-28672,minecraft:plains,minecraft:forest,0.3981641572628354,false
987654321012345,-24576,-28672,minecraft:plains,minecraft:forest,0.07778951519830923,false
987654321012345,-20480,-28672,minecraft:birch_forest,minecraft:forest,0.0022964640732572317,false
987654321012345,-16384,-28672,minecraft:deep_ocean,,1.0,true
987654321012345,-12288,-28672,minecraft:plains,minecraft:forest,0.30693674998246423,false
987654321012345,-8192,-28672,minecraft:plains,minecraft:forest,0.17698685689238802,false
987654321012345,-4096,-28672,minecraft:forest,minecraft:birch_forest,0.02787384882999988,false
987654321012345,0,-28672,minecraft:deep_ocean,,1.0,true
987654321012345,4096,-28672,minecraft:plains,minecraft:forest,0.3410723805306719,false
987654321012345,8192,-28672,minecraft:plains,minecraft:forest,0.0202843972876815,false
987654321012345,12288,-28672,minecraft:birch_forest,minecraft:forest,0.006185733608536248,false
987654321012345,16384,-28672,minecraft:deep_ocean,,1.0,true
987654321012345,20480,-28672,minecraft:ocean,,1.0,true
987654321012345,24576,-28672,minecraft:forest,minecraft:plains,0.034470094273750806,false
987654321012345,28672,-28672,minecraft:ocean,,1.0,true
987654321012345,32768,-28672,minecraft:deep_ocean,,1.0,true
987654321012345,-32768,-24576,minecraft:deep_ocean,,1.0,true
987654321012345,-28672,-24576,minecraft:plains,minecraft:forest,0.35526621920495094,false
987654321012345,-24576,-24576,minecraft:plains,minecraft:forest,0.16929326254505161,false
987654321012345,-20480,-24576,minecraft:forest,minecraft:plains,0.06579958186207513,false
987654321012345,-16384,-24576,minecraft:deep_ocean,,1.0,true
987654321012345,-12288,-24576,minecraft:plains,minecraft:forest,0.2969042125667274,false
987654321012345,-8192,-24576,minecraft:plains,minecraft:forest,0.24253897723383877,false
987654321012345,-4096,-24576,minecraft:forest,minecraft:plains,0.05402628465736725,false
987654321012345,0,-24576,minecraft:deep_ocean,,1.0,true
987654321012345,4096,-24576,minecraft:plains,minecraft:forest,0.4096501553475631,false
987654321012345,8192,-24576,minecraft:plains,minecraft:forest,0.24333182115200946,false
987654321012345,12288,-24576,minecraft:forest,minecraft:plains,0.02162735292303508,false
987654321012345,16384,-24576,minecraft:deep_ocean,,1.0,true
987654321012345,20480,-24576,minecraft:plains,minecraft:forest,0.24985593875913314,false
987654321012345,24576,-24576,minecraft:forest,minecraft:plains,0.042079038342083486,false
987654321012345,28672,-24576,minecraft:forest,minecraft:birch_forest,0.07729614556847042,false
987654321012345,32768,-24576,minecraft:deep_ocean,,1.0,true
987654321012345,-32768,-20480,minecraft:deep_ocean,,1.0,true
987654321012345,-28672,-20480,minecraft:plains,minecraft:forest,0.09749002340162605,false
987654321012345,-24576,-20480,minecraft:forest,minecraft:plains,0.005107081993491747,false
987654321012345,-20480,-20480,minecraft:forest,minecraft:plains,0.07302783491850584,false
987654321012345,-16384,-20480,minecraft:deep_ocean,,1.0,true
987654321012345,-12288,-20480,minecraft:plains,minecraft:forest,0.18088142260577356,false
987654321012345,-8192,-20480,minecraft:plains,minecraft:forest,0.12142638599277322,false
987654321012345,-4096,-20480,minecraft:forest,minecraft:birch_forest,0.0386345983632046,false
987654321012345,0,-20480,minecraft:deep_ocean,,1.0,true
987654321012345,4096,-20480,minecraft:plains,minecraft:forest,0.10553084243215316,false
987654321012345,8192,-20480,minecraft:plains,minecraft:forest,0.20251144769577645,false
987654321012345,12288,-20480,minecraft:forest,minecraft:plains,0.06240331079972705,false
987654321012345,16384,-20480,minecraft:deep_ocean,,1.0,true
987654321012345,20480,-20480,minecraft:plains,minecraft:forest,0.11689240803463408,false
987654321012345,24576,-20480,minecraft:plains,minecraft:forest,0.10805682205845157,false
987654321012345,28672,-20480,minecraft:forest,minecraft:plains,0.06477350446808705,false
987654321012345,32768,-20480,minecraft:deep_ocean,,1.0,true
987654321012345,-32768,-16384,minecraft:deep_ocean,,1.0,true
987654321012345,-28672,-16384,minecraft:deep_ocean,,1.0,true
987654321012345,-24576,-16384,minecraft:deep_ocean,,1.0,true
987654321012345,-20480,-16384,minecraft:deep_ocean,,1.0,true
987654321012345,-16384,-16384,minecraft:deep_ocean,,1.0,true
987654321012345,-12288,-16384,minecraft:deep_ocean,,1.0,true
987654321012345,-8192,-16384,minecraft:deep_ocean,,1.0,true
987654321012345,-4096,-16384,minecraft:deep_ocean,,1.0,true
987654321012345,0,-16384,minecraft:deep_ocean,,1.0,true
987654321012345,4096,-16384,minecraft:deep_ocean,,1.0,true
987654321012345,8192,-16384,minecraft:deep_ocean,,1.0,true
987654321012345,12288,-16384,minecraft:deep_ocean,,1.0,true
987654321012345,16384,-16384,minecraft:deep_ocean,,1.0,true
987654321012345,20480,-16384,minecraft:deep_ocean,,1.0,true
987654321012345,24576,-16384,minecraft:deep_ocean,,1.0,true
987654321012345,28672,-16384,minecraft:deep_ocean,,1.0,true
987654321012345,32768,-16384,minecraft:deep_ocean,,1.0,true
987654321012345,-32768,-12288,minecraft:deep_ocean,,1.0,true
987654321012345,-28672,-12288,minecraft:plains,minecraft:savanna,0.2583185112827192,false
987654321012345,-24576,-12288,minecraft:plains,minecraft:forest,0.03725050980122513,false
987654321012345,-20480,-12288,minecraft:forest,minecraft:plains,0.1482587688591792,false
987654321012345,-16384,-12288,minecraft:deep_ocean,,1.0,true
987654321012345,-12288,-12288,minecraft:lukewarm_ocean,,1.0,true
987654321012345,-8192,-12288,minecraft:plains,minecraft:forest,0.1719410231459847,false
987654321012345,-4096,-12288,minecraft:forest,minecraft:birch_forest,0.12948336356179424,false
987654321012345,0,-12288,minecraft:deep_ocean,,1.0,true
987654321012345,4096,-12288,minecraft:lukewarm_ocean,,1.0,true
987654321012345,8192,-12288,minecraft:forest,minecraft:plains,0.018203796292054375,false
987654321012345,12288,-12288,minecraft:forest,minecraft:plains,0.19052291920567943,false
987654321012345,16384,-12288,minecraft:deep_ocean,,1.0,true
987654321012345,20480,-12288,minecraft:plains,minecraft:savanna,0.22714675799832773,false
987654321012345,24576,-12288,minecraft:plains,minecraft:forest,0.06659804568614214,false
987654321012345,28672,-12288,minecraft:forest,minecraft:plains,0.18037841394296938,false
987654321012345,32768,-12288,minecraft:deep_ocean,,1.0,true
987654321012345,-32768,-8192,minecraft:deep_lukewarm_ocean,,1.0,true
987654321012345,-28672,-8192,minecraft:plains,minecraft:savanna,0.17819536372582545,false
987654321012345,-24576,-8192,minecraft:plains,minecraft:forest,0.2094604745958768,false
987654321012345,-20480,-8192,minecraft:forest,minecraft:plains,0.05186970903956467,false
987654321012345,-16384,-8192,minecraft:deep_lukewarm_ocean,,1.0,true
987654321012345,-12288,-8192,minecraft:plains,minecraft:savanna,0.20493109282509414,false
987654321012345,-8192,-8192,minecraft:plains,minecraft:savanna,0.2782222476549038,false
987654321012345,-4096,-8192,minecraft:forest,minecraft:plains,0.07085205331725786,false
987654321012345,0,-8192,minecraft:deep_lukewarm_ocean,,1.0,true
987654321012345,4096,-8192,minecraft:plains,minecraft:savanna,0.19633385893089794,false
987654321012345,8192,-8192,minecraft:plains,minecraft:forest,0.16816940229753452,false
987654321012345,12288,-8192,minecraft:forest,minecraft:plains,0.09284897170068884,false
987654321012345,16384,-8192,minecraft:deep_lukewarm_ocean,,1.0,true
987654321012345,20480,-8192,minecraft:plains,minecraft:savanna,0.21164168094653224,false
987654321012345,24576,-8192,minecraft:plains,minecraft:forest,0.14296411207256565,false
987654321012345,28672,-8192,minecraft:forest,minecraft:plains,0.14317138443709354,false
987654321012345,32768,-8192,minecraft:deep_lukewarm_ocean,,1.0,true
987654321012345,-32768,-4096,minecraft:deep_lukewarm_ocean,,1.0,true
987654321012345,-28672,-4096,minecraft:plains,minecraft:savanna,0.10845411364272028,false
987654321012345,-24576,-4096,minecraft:plains,minecraft:savanna,0.1132072131750218,false
987654321012345,-20480,-4096,minecraft:forest,minecraft:plains,0.09946391857778192,false
987654321012345,-16384,-4096,minecraft:deep_lukewarm_ocean,,1.0,true
987654321012345,-12288,-4096,minecraft:plains,minecraft:savanna,0.09493585221822931,false
987654321012345,-8192,-4096,minecraft:plains,minecraft:savanna,0.11132328323367768,false
987654321012345,-4096,-4096,minecraft:forest,minecraft:plains,0.03536784026868478,false
987654321012345,0,-4096,minecraft:deep_lukewarm_ocean,,1.0,true
987654321012345,4096,-4096,minecraft:plains,minecraft:savanna,0.0977794080298181,false
987654321012345,8192,-4096,minecraft:plains,minecraft:savanna,0.14369340730208224,false
987654321012345,12288,-4096,minecraft:forest,minecraft:plains,0.10364238517890956,false
987654321012345,16384,-4096,minecraft:deep_lukewarm_ocean,,1.0,true
987654321012345,20480,-4096,minecraft:plains,minecraft:savanna,0.06917543658042025,false
987654321012345,24576,-4096,minecraft:plains,minecraft:forest,0.10818717412127521,false
987654321012345,28672,-4096,minecraft:forest,minecraft:plains,0.043904922730181095,false
987654321012345,32768,-4096,minecraft:deep_lukewarm_ocean,,1.0,true
987654321012345,-32768,0,minecraft:deep_lukewarm_ocean,,1.0,true
987654321012345,-28672,0,minecraft:deep_lukewarm_ocean,,1.0,true
987654321012345,-24576,0,minecraft:deep_lukewarm_ocean,,1.0,true
987654321012345,-20480,0,minecraft:deep_lukewarm_ocean,,1.0,true
987654321012345,-16384,0,minecraft:deep_lukewarm_ocean,,1.0,true
987654321012345,-12288,0,minecraft:deep_lukewarm_ocean,,1.0,true
987654321012345,-8192,0,minecraft:deep_lukewarm_ocean,,1.0,true
987654321012345,-4096,0,minecraft:deep_lukewarm_ocean,,1.0,true
987654321012345,0,0,minecraft:deep_lukewarm_ocean,,1.0,true
987654321012345,4096,0,minecraft:deep_lukewarm_ocean,,1.0,true
987654321012345,8192,0,minecraft:deep_lukewarm_ocean,,1.0,true
987654321012345,12288,0,minecraft:deep_lukewarm_ocean,,1.0,true
987654321012345,16384,0,minecraft:deep_lukewarm_ocean,,1.0,true
987654321012345,20480,0,minecraft:deep_lukewarm_ocean,,1.0,true
987654321012345,24576,0,minecraft:deep_lukewarm_ocean,,1.0,true
987654321012345,28672,0,minecraft:deep_lukewarm_ocean,,1.0,true
987654321012345,32768,0,minecraft:deep_lukewarm_ocean,,1.0,true
987654321012345,-32768,4096,minecraft:deep_lukewarm_ocean,,1.0,true
987654321012345,-28672,4096,minecraft:lukewarm_ocean,,1.0,true
987654321012345,-24576,4096,minecraft:plains,minecraft:savanna,0.1383060116004322,false
987654321012345,-20480,4096,minecraft:forest,minecraft:plains,0.16542105202275137,false
987654321012345,-16384,4096,minecraft:deep_lukewarm_ocean,,1.0,true
987654321012345,-12288,4096,minecraft:plains,minecraft:forest,0.06566212568009555,false
987654321012345,-8192,4096,minecraft:plains,minecraft:savanna,0.10750895365099544,false
987654321012345,-4096,4096,minecraft:forest,minecraft:plains,0.11482348345975901,false
987654321012345,0,4096,minecraft:deep_lukewarm_ocean,,1.0,true
987654321012345,4096,4096,minecraft:plains,minecraft:savanna,0.10111488657549594,false
987654321012345,8192,4096,minecraft:plains,minecraft:forest,0.09490301116182864,false
987654321012345,12288,4096,minecraft:plains,minecraft:forest,0.007167665127688849,false
987654321012345,16384,4096,minecraft:deep_lukewarm_ocean,,1.0,true
987654321012345,20480,4096,minecraft:plains,minecraft:savanna,0.07055366973461263,false
987654321012345,24576,4096,minecraft:plains,minecraft:forest,0.05876175219050006,false
987654321012345,28672,4096,minecraft:forest,minecraft:plains,0.19298335903831743,false
987654321012345,32768,4096,minecraft:deep_lukewarm_ocean,,1.0,true
987654321012345,-32768,8192,minecraft:deep_lukewarm_ocean,,1.0,true
987654321012345,-28672,8192,minecraft:plains,minecraft:savanna,0.17299473075830452,false
987654321012345,-24576,8192,minecraft:plains,minecraft:savanna,0.049480332116167425,false
987654321012345,-20480,8192,minecraft:forest,minecraft:plains,0.05870103042256791,false
987654321012345,-16384,8192,minecraft:deep_lukewarm_ocean,,1.0,true
987654321012345,-12288,8192,minecraft:plains,minecraft:savanna,0.22170053117027955,false
987654321012345,-8192,8192,minecraft:plains,minecraft:forest,0.16175861197466324,false
987654321012345,-4096,8192,minecraft:forest,minecraft:plains,0.03432378994210228,false
987654321012345,0,8192,minecraft:deep_lukewarm_ocean,,1.0,true
987654321012345,4096,8192,minecraft:plains,minecraft:savanna,0.2285862977053973,false
987654321012345,8192,8192,minecraft:plains,minecraft:forest,0.2398682941388467,false
987654321012345,12288,8192,minecraft:forest,minecraft:plains,0.15336313764394205,false
987654321012345,16384,8192,minecraft:deep_lukewarm_ocean,,1.0,true
987654321012345,20480,8192,minecraft:plains,minecraft:savanna,0.19509321968785898,false
987654321012345,24576,8192,minecraft:plains,minecraft:forest,0.19304084809675437,false
987654321012345,28672,8192,minecraft:forest,minecraft:plains,0.03062811813234545,false
987654321012345,32768,8192,minecraft:deep_lukewarm_ocean,,1.0,true
987654321012345,-32768,12288,minecraft:deep_ocean,,1.0,true
987654321012345,-28672,12288,minecraft:plains,minecraft:savanna,0.23709625022404168,false
987654321012345,-24576,12288,minecraft:plains,minecraft:forest,0.16098569045017985,false
987654321012345,-20480,12288,minecraft:forest,minecraft:birch_forest,0.1442983807547703,false
987654321012345,-16384,12288,minecraft:deep_ocean,,1.0,true
987654321012345,-12288,12288,minecraft:plains,minecraft:savanna,0.22820257875324867,false
987654321012345,-8192,12288,minecraft:forest,minecraft:plains,0.0022890256522395402,false
987654321012345,-4096,12288,minecraft:forest,minecraft:birch_forest,0.17304115945518495,false
987654321012345,0,12288,minecraft:deep_lukewarm_ocean,,1.0,true
987654321012345,4096,12288,minecraft:plains,minecraft:savanna,0.25241106581823325,false
987654321012345,8192,12288,minecraft:forest,minecraft:plains,0.02032603704777136,false
987654321012345,12288,12288,minecraft:forest,minecraft:plains,0.19182458679696524,false
987654321012345,16384,12288,minecraft:deep_ocean,,1.0,true
987654321012345,20480,12288,minecraft:plains,minecraft:savanna,0.23067269604519225,false
987654321012345,24576,12288,minecraft:plains,minecraft:forest,0.1815055584552836,false
987654321012345,28672,12288,minecraft:forest,minecraft:plains,0.17278267678057246,false
987654321012345,32768,12288,minecraft:deep_ocean,,1.0,true
987654321012345,-32768,16384,minecraft:deep_ocean,,1.0,true
987654321012345,-28672,16384,minecraft:deep_ocean,,1.0,true
987654321012345,-24576,16384,minecraft:deep_ocean,,1.0,true
987654321012345,-20480,16384,minecraft:deep_ocean,,1.0,true
987654321012345,-16384,16384,minecraft:deep_ocean,,1.0,true
987654321012345,-12288,16384,minecraft:deep_ocean,,1.0,true
987654321012345,-8192,16384,minecraft:deep_ocean,,1.0,true
987654321012345,-4096,16384,minecraft:deep_ocean,,1.0,true
987654321012345,0,16384,minecraft:deep_ocean,,1.0,true
987654321012345,4096,16384,minecraft:deep_ocean,,1.0,true
987654321012345,8192,16384,minecraft:deep_ocean,,1.0,true
987654321012345,12288,16384,minecraft:deep_ocean,,1.0,true
987654321012345,16384,16384,minecraft:deep_ocean,,1.0,true
987654321012345,20480,16384,minecraft:deep_ocean,,1.0,true
987654321012345,24576,16384,minecraft:deep_ocean,,1.0,true
987654321012345,28672,16384,minecraft:deep_ocean,,1.0,true
987654321012345,32768,16384,minecraft:deep_ocean,,1.0,true
987654321012345,-32768,20480,minecraft:deep_ocean,,1.0,true
987654321012345,-28672,20480,minecraft:ocean,,1.0,true
987654321012345,-24576,20480,minecraft:plains,minecraft:forest,0.22341822736512207,false
987654321012345,-20480,20480,minecraft:ocean,,1.0,true
987654321012345,-16384,20480,minecraft:deep_ocean,,1.0,true
987654321012345,-12288,20480,minecraft:plains,minecraft:forest,0.12457831232837402,false
987654321012345,-8192,20480,minecraft:plains,minecraft:forest,0.1766433378848059,false
987654321012345,-4096,20480,minecraft:ocean,,1.0,true
987654321012345,0,20480,minecraft:deep_ocean,,1.0,true
987654321012345,4096,20480,minecraft:plains,minecraft:forest,0.08763659221148434,false
987654321012345,8192,20480,minecraft:plains,minecraft:forest,0.13845451186616786,false
987654321012345,12288,20480,minecraft:forest,minecraft:plains,0.04954051022323602,false
987654321012345,16384,20480,minecraft:deep_ocean,,1.0,true
987654321012345,20480,20480,minecraft:plains,minecraft:forest,0.21768132548024877,false
987654321012345,24576,20480,minecraft:plains,minecraft:forest,0.14395310218938395,false
987654321012345,28672,20480,minecraft:forest,minecraft:plains,0.12706160514469278,false
987654321012345,32768,20480,minecraft:deep_ocean,,1.0,true
987654321012345,-32768,24576,minecraft:deep_ocean,,1.0,true
987654321012345,-28672,24576,minecraft:plains,minecraft:forest,0.30966445754390903,false
987654321012345,-24576,24576,minecraft:plains,minecraft:forest,0.20159663392967886,false
987654321012345,-20480,24576,minecraft:forest,minecraft:plains,0.08545257012402618,false
987654321012345,-16384,24576,minecraft:deep_ocean,,1.0,true
987654321012345,-12288,24576,minecraft:plains,minecraft:forest,0.2724922029142164,false
987654321012345,-8192,24576,minecraft:plains,minecraft:forest,0.14818760160009659,false
987654321012345,-4096,24576,minecraft:forest,minecraft:birch_forest,0.12326079638525189,false
987654321012345,0,24576,minecraft:deep_ocean,,1.0,true
987654321012345,4096,24576,minecraft:plains,minecraft:forest,0.38335689858124866,false
987654321012345,8192,24576,minecraft:plains,minecraft:forest,0.22067622134003817,false
987654321012345,12288,24576,minecraft:forest,minecraft:birch_forest,0.11695981734104954,false
987654321012345,16384,24576,minecraft:deep_ocean,,1.0,true
987654321012345,20480,24576,minecraft:plains,minecraft:forest,0.3524928480827969,false
987654321012345,24576,24576,minecraft:plains,minecraft:forest,0.18515966064963973,false
987654321012345,28672,24576,minecraft:forest,minecraft:birch_forest,0.11012208877765861,false
987654321012345,32768,24576,minecraft:deep_ocean,,1.0,true
987654321012345,-32768,28672,minecraft:deep_ocean,,1.0,true
987654321012345,-28672,28672,minecraft:plains,minecraft:forest,0.3601261626710246,false
987654321012345,-24576,28672,minecraft:forest,minecraft:plains,0.026399834516193765,false
987654321012345,-20480,28672,minecraft:forest,minecraft:birch_forest,0.02988737255286522,false
987654321012345,-16384,28672,minecraft:deep_ocean,,1.0,true
987654321012345,-12288,28672,minecraft:plains,minecraft:forest,0.31078811423426245,false
987654321012345,-8192,28672,minecraft:forest,minecraft:plains,0.010915488866729883,false
987654321012345,-4096,28672,minecraft:forest,minecraft:birch_forest,9.305915614421512E-4,false
987654321012345,0,28672,minecraft:deep_ocean,,1.0,true
987654321012345,4096,28672,minecraft:plains,minecraft:forest,0.3468601883228595,false
987654321012345,8192,28672,minecraft:plains,minecraft:forest,0.12209696170606676,false
987654321012345,12288,28672,minecraft:birch_forest,minecraft:forest,0.0050575040459645,false
987654321012345,16384,28672,minecraft:deep_ocean,,1.0,true
987654321012345,20480,28672,minecraft:plains,minecraft:forest,0.3009469459888656,false
987654321012345,24576,28672,minecraft:plains,minecraft:forest,0.01197016602146106,false
987654321012345,28672,28672,minecraft:forest,minecraft:birch_forest,0.07286542138816976,false
987654321012345,32768,28672,minecraft:deep_ocean,,1.0,true
987654321012345,-32768,32768,minecraft:deep_ocean,,1.0,true
987654321012345,-28672,32768,minecraft:deep_ocean,,1.0,true
987654321012345,-24576,32768,minecraft:deep_ocean,,1.0,true
987654321012345,-20480,32768,minecraft:deep_ocean,,1.0,true
987654321012345,-16384,32768,minecraft:deep_ocean,,1.0,true
987654321012345,-12288,32768,minecraft:deep_ocean,,1.0,true
987654321012345,-8192,32768,minecraft:deep_ocean,,1.0,true
987654321012345,-4096,32768,minecraft:deep_ocean,,1.0,true
987654321012345,0,32768,minecraft:deep_ocean,,1.0,true
987654321012345,4096,32768,minecraft:deep_ocean,,1.0,true
987654321012345,8192,32768,minecraft:deep_ocean,,1.0,true
987654321012345,12288,32768,minecraft:deep_ocean,,1.0,true
987654321012345,16384,32768,minecraft:deep_ocean,,1.0,true
987654321012345,20480,32768,minecraft:deep_ocean,,1.0,true
987654321012345,24576,32768,minecraft:deep_ocean,,1.0,true
987654321012345,28672,32768,minecraft:deep_ocean,,1.0,true
987654321012345,32768,32768,minecraft:deep_ocean,,1.0,true
