seed,x,z,temperatureC,rainfallMm,evaporationMm,rainfallOverEvaporation,rainfallMinusEvaporation,moistureIndex,rainShadow,coastDistance,latitudeDegrees,elevationBlocks
8675309,-32768,-32768,16.12902395379376,1444.3309715314167,810.3224311682877,1.782415142388497,634.008540363129,0.6403160032488825,0.13006518600178,5277.5751953125,-22.21258134490239,0.0
8675309,-28672,-32768,16.12480846586713,1205.498492940888,810.2465523856083,1.4878168742483873,395.2519405552796,0.597744616125102,0.0,3337.83154296875,-22.21258134490239,0.0
8675309,-24576,-32768,16.050790889697556,1214.738614796632,808.9142360145561,1.5016902419489293,405.8243787820759,0.599973775410407,0.058446097829230464,1863.7081298828125,-22.21258134490239,0.0
8675309,-20480,-32768,16.20226742622837,1292.212649860978,811.6408136721107,1.5920991503798505,480.57183618886734,0.6139204805696746,0.10981323907938277,2842.061279296875,-22.21258134490239,0.0
8675309,-16384,-32768,16.257389667341933,1294.5911661120442,812.6330140121547,1.5930821709056,481.9581520998895,0.6140671273563411,0.127944086590598,5521.83154296875,-22.21258134490239,0.0
8675309,-12288,-32768,15.92268191798724,1241.569191999502,806.6082745237703,1.5392467833689618,434.96091747573166,0.6058866117174344,0.0,3270.894775390625,-22.21258134490239,0.0
8675309,-8192,-32768,15.986320379165193,1389.4488847224418,807.7537668249735,1.7201391584763872,581.6951178974683,0.6320840727511384,0.057958874059987245,1683.5771484375,-22.21258134490239,0.0
8675309,-4096,-32768,16.025434145844265,1289.1284955541262,808.4578146251968,1.594552581759346,480.6706809289294,0.6142842394907126,0.11576039174234545,2575.9501953125,-22.21258134490239,0.0
8675309,0,-32768,15.976916973539671,1304.2154979023794,807.5845055237141,1.6149585448727781,496.63099237866527,0.6172924535154666,0.12222436439989204,5252.6806640625,-22.21258134490239,0.0
8675309,4096,-32768,16.19606595152625,1275.5751935970773,811.5291871274725,1.5718167797663127,464.0460064696048,0.6108771215519726,0.0,2575.9501953125,-22.21258134490239,0.0
8675309,8192,-32768,16.16361384621897,1422.5708445515918,810.9450492319414,1.7542136127459322,611.6257953196504,0.6366349187800416,0.053831625155314373,1583.2725830078125,-22.21258134490239,0.0
8675309,12288,-32768,16.056784986094865,1398.8660867960627,809.0221297497076,1.7290825990493475,589.8439570463552,0.6332896686748553,0.10444963194164537,2715.2900390625,-22.21258134490239,0.0
8675309,16384,-32768,16.053844840945754,1373.6272111547382,808.9692071370235,1.6979969064781382,564.6580040177147,0.6290664335442231,0.18987524928023244,2534.270751953125,-22.21258134490239,0.0
8675309,20480,-32768,16.032315775367596,1150.2251835114412,808.5816839566168,1.422521937280433,341.6434995548244,0.5869074155237841,0.0,2626.34033203125,-22.21258134490239,0.0
8675309,24576,-32768,15.928153166462396,1458.6252466279434,806.7067569963231,1.8081232541784595,651.9184896316203,0.6436061637462398,0.11670158129233008,2176.0,-22.21258134490239,0.0
8675309,28672,-32768,16.18616264205057,1371.0742403896506,811.3509275569102,1.689865869159902,559.7233128327405,0.6279465220596961,0.10456901212308015,2715.2900390625,-22.21258134490239,0.0
8675309,32768,-32768,15.89009325783455,1214.5360060312387,806.0216786410219,1.5068279653209635,408.51432739021675,0.6007921590563674,0.0,2626.34033203125,-22.21258134490239,0.0
8675309,-32768,-28672,16.674023427505507,1232.8043238438963,820.1324216950991,1.5031771592395555,412.67190214879724,0.600215331130065,0.3299720621278856,2748.276611328125,-20.054712758020393,0.0
8675309,-28672,-28672,16.15427325780082,515.4205683259254,813.3098051232613,0.6337321461995786,-297.8892367973359,0.3876128413830064,0.3036878905787569,128.0,-20.054712758020393,97.70587533148407
8675309,-24576,-28672,15.676925994383613,690.5151573294675,831.3229184754298,0.8306220627187918,-140.80776114596233,0.45343964555423605,0.4088058610441232,1668.915771484375,-20.054712758020393,178.7733640076744
8675309,-20480,-28672,16.01883567063782,1077.613860077189,815.3656903809608,1.3216325788416468,262.24816969622816,0.568968054494842,0.4358135890506991,362.0386657714844,-20.054712758020393,115.8292786425968
8675309,-16384,-28672,16.92515289595041,1167.4361422638456,824.6527521271074,1.4156699765477814,342.78339013673815,0.5857421340058141,0.23663256070160438,3034.43701171875,-20.054712758020393,0.0
8675309,-12288,-28672,15.87957226662318,472.7618390068373,811.4222469293916,0.5826335681525578,-338.66040792255427,0.36785534786827095,0.30811359696123464,286.2167053222656,-20.054712758020393,105.2332617268104
8675309,-8192,-28672,15.306717115767883,738.8651834288738,834.2169297654178,0.8856990994376523,-95.35174633654401,0.46939430747325595,0.471481572808368,2335.78076171875,-20.054712758020393,218.66157313137606
8675309,-4096,-28672,15.934530246643991,1056.8582780593838,815.7056982695394,1.2956367477895914,241.15257978984437,0.5640897729738595,0.45544085151379454,461.51055908203125,-20.054712758020393,121.49010325720648
8675309,0,-28672,16.85488307322762,1147.5036965974502,823.3878953180972,1.3936368303715934,324.11580127935304,0.5819304171192976,0.22847701768198303,2921.654296875,-20.054712758020393,0.0
8675309,4096,-28672,16.015277995498643,516.6991750029449,817.1591577489231,0.6323115516765753,-300.4599827459782,0.3870816567760769,0.3059034501189435,461.51055908203125,-20.054712758020393,120.87898577531728
8675309,8192,-28672,15.473740666047725,659.6484383080187,835.0291318738695,0.7899705688443671,-175.38069356585072,0.44103652515682196,0.4311066635617647,2176.0,-20.054712758020393,201.91473911816036
8675309,12288,-28672,15.932911681209031,1255.7560369826817,809.3252967446091,1.5516085337178684,446.43074023807264,0.6077960322681243,0.18170338362117205,128.0,-20.054712758020393,99.78921401638895
8675309,16384,-28672,16.891795849445923,1216.0157214055616,824.0523252900266,1.4756535284062002,391.96339611553503,0.595774218980227,0.21748393465010377,2626.34033203125,-20.054712758020393,0.0
8675309,20480,-28672,16.034896083629725,536.9058271757483,817.5122833352825,0.6567556697561565,-280.6064561595342,0.39611823319471484,0.29118265155889267,461.51055908203125,-20.054712758020393,116.91443365342279
8675309,24576,-28672,15.615202765756885,783.572425461802,834.1821828289853,0.939330090705667,-50.609757367183306,0.48405880758490094,0.46658035008489623,1936.991455078125,-20.054712758020393,187.64927818071868
8675309,28672,-28672,16.07034227531409,1108.1406420966418,819.6503002093459,1.351967591317435,288.4903418872959,0.5745260503825219,0.46016204142485745,543.0579833984375,-20.054712758020393,123.07898474098741
8675309,32768,-28672,16.738093038860775,1287.3488806860914,821.2856746994939,1.5674800137688127,466.0632059865975,0.610223641530558,0.23374321449044255,2591.802490234375,-20.054712758020393,0.0
8675309,-32768,-24576,17.35014776548949,1029.9743151191606,832.3026597788107,1.2374997280350903,197.67165534034984,0.5527757434857797,0.255880807813976,1920.0,-17.754944772668892,0.0
8675309,-28672,-24576,16.08343429574859,590.8706334805332,847.7660460619289,0.6969736948362879,-256.8954125813957,0.41043038280208355,0.40813342922533863,2304.0,-17.754944772668892,207.85335146807046
8675309,-24576,-24576,18.49535384524818,685.293273918602,862.7316294549336,0.7943296043887534,-177.43835553633153,0.44240300619192097,0.44670357060634486,512.0,-17.754944772668892,119.96381090905558
8675309,-20480,-24576,16.39858777034301,937.3046003456142,848.0985698441684,1.105183564356012,89.20603050144575,0.5246881644562003,0.5735203928355569,1924.261962890625,-17.754944772668892,195.8809606314622
8675309,-16384,-24576,17.432517354078833,1059.3124420682016,833.785312373419,1.2704858509114372,225.52712969478262,0.5592702063999261,0.2621997839754377,2145.6708984375,-17.754944772668892,0.0
8675309,-12288,-24576,16.424016180398418,522.2105506363878,849.463389034049,0.614753451858837,-327.2528383976612,0.38043306246621433,0.4095862450105837,1987.0943603515625,-17.754944772668892,191.6761474151533
8675309,-8192,-24576,15.312899916197635,639.9744783736354,870.6965547928453,0.7350143684970674,-230.72207641920988,0.4233556536656576,0.7187890006719272,5893.5625,-17.754944772668892,396.48757809882557
8675309,-4096,-24576,16.129821756421588,928.5770105651147,848.6010203540429,1.094244513372969,79.9759902110718,0.5222069975103247,0.5970364140356913,2304.0,-17.754944772668892,212.5145549425008
8675309,0,-24576,17.4870853496015,1131.625144635955,834.767536292827,1.3556170974993373,296.85760834312794,0.5751902787915876,0.27615353875240267,1810.193359375,-17.754944772668892,0.0
8675309,4096,-24576,16.36817308870938,551.0549992962548,848.039698733718,0.6497985885791467,-296.9846994374632,0.39358409118442217,0.42056366717266974,1958.0234375,-17.754944772668892,195.52587017256153
8675309,8192,-24576,14.991394923420719,606.0567603001981,863.843438788092,0.7015817138698773,-257.78667848789394,0.4120311906109272,0.7045064580905405,5752.88427734375,-17.754944772668892,404.4876177478073
8675309,12288,-24576,15.961643352102646,802.1365247526411,845.2321922118331,0.949013220442518,-43.095667459191986,0.48662445270728155,0.6038027280990274,2278.97509765625,-17.754944772668892,213.60461053603086
8675309,16384,-24576,17.649545029737215,1264.127022020528,837.69181053527,1.5090597832307489,426.43521148525815,0.6011583130459646,0.2855808065207442,1782.833740234375,-17.754944772668892,0.0
8675309,20480,-24576,16.38862537482891,577.6311792475807,846.0461696618307,0.6827419116836886,-268.41499041425004,0.40544701555742185,0.40969615038234375,1796.5655517578125,-17.754944772668892,189.32561097188352
8675309,24576,-24576,15.240484963298174,648.5254258014172,868.9090111265174,0.7463674763375066,-220.38358532510017,0.4271013683761681,0.7337775757465792,5829.2724609375,-17.754944772668892,398.9126471578924
8675309,28672,-24576,15.914377151184286,910.5860973349994,847.630351785505,1.0742726418619628,62.955745549494395,0.5176089035492103,0.6247542858262106,2521.3076171875,-17.754944772668892,225.98427398753833
8675309,32768,-24576,17.31226072534673,1114.8983579257008,831.6206930562412,1.340633256525162,283.2776648694596,0.5724710920612394,0.2680604611872295,1536.0,-17.754944772668892,0.0
8675309,-32768,-20480,18.087310266918216,1091.18734210906,845.5715848045279,1.2904730500863644,245.61575730453205,0.5631182119475898,0.0,2712.271484375,-15.298804780876495,0.0
8675309,-28672,-20480,17.302084127418407,654.0024032898165,843.5784865169383,0.775271552964959,-189.57608322712179,0.4364144823534694,0.2662957774159833,640.0,-15.298804780876495,121.79768933688658
8675309,-24576,-20480,17.201580864286942,689.5092456144192,862.7369886025263,0.7992114105728748,-173.22774298810702,0.4439149636580505,0.3678476963346612,1936.991455078125,-15.298804780876495,192.8434353931277
8675309,-20480,-20480,17.317613799625605,777.7798456215546,845.3588967916784,0.9200587449583827,-67.57905117012376,0.4788875637963585,0.28375407168531286,724.0773315429688,-15.298804780876495,133.42723125936084
8675309,-16384,-20480,18.198926018335708,1402.944811139242,847.5806683300427,1.6552345559077142,555.3641428091992,0.6231085652514735,0.33218769798572145,2715.2900390625,-15.298804780876495,0.0
8675309,-12288,-20480,17.21707274397004,641.5177230120619,842.0482816148677,0.7618538473610666,-200.53055860280585,0.432124756334613,0.2747334864849564,640.0,-15.298804780876495,131.7073134018654
8675309,-8192,-20480,17.039973931547404,632.4166818200231,859.6435207458476,0.7356731791235082,-227.2268389258245,0.4235707848439033,0.38466301321383667,1924.261962890625,-15.298804780876495,193.57574451485266
8675309,-4096,-20480,17.282191155571663,744.4207038363957,846.4011492307724,0.8795128698879264,-101.98044539437672,0.46765327564892045,0.29955073854144515,819.5999145507812,-15.298804780876495,138.44968762720654
8675309,0,-20480,18.357982589032595,1282.1348261942696,850.4436866025867,1.5076069660958196,431.69113959168294,0.6009316359835055,0.1660484066230631,2307.552734375,-15.298804780876495,0.0
8675309,4096,-20480,17.397783246749547,576.2880568151385,852.122075534166,0.6762975321979345,-275.83401871902754,0.4031649445970984,0.309990995016643,1031.968994140625,-15.298804780876495,148.33945719811663
8675309,8192,-20480,16.964186716356974,641.4585987042348,863.6195896328799,0.7427559615419509,-222.1609909286451,0.4259132119909921,0.40902987856260503,2304.0,-15.298804780876495,209.812009323825
8675309,12288,-20480,17.360767130483996,790.5838911998234,842.8779476024042,0.937957735694316,-52.29405640258085,0.48369675720246974,0.26721273180700417,543.0579833984375,-15.298804780876495,117.33135440056141
8675309,16384,-20480,18.044515066169087,1334.6359460089118,844.8012711910435,1.5798223694991305,489.8346748178683,0.6120955629819999,0.1671326228248975,2575.9501953125,-15.298804780876495,0.0
8675309,20480,-20480,17.37853400747017,634.5703852512341,841.6977659644106,0.7539171551966144,-207.12738071317642,0.42955666831986183,0.27994534525064796,461.51055908203125,-15.298804780876495,117.86009452438478
8675309,24576,-20480,16.933253078105583,584.0386927279461,864.7880127292999,0.6753547506801123,-280.7493200013538,0.40283344935610915,0.416693399962563,2432.0,-15.298804780876495,221.3746985271586
8675309,28672,-20480,17.330704812114288,900.4970473567689,840.8368404480048,1.0709533693563864,59.66020690876417,0.5168338018675261,0.2608921443081659,461.51055908203125,-15.298804780876495,114.44441911932793
8675309,32768,-20480,18.272227608953273,1230.8821308975746,848.9000969611589,1.4499728946949257,381.98203393641575,0.5915477912189956,0.17593449888470372,2380.937744140625,-15.298804780876495,0.0
8675309,-32768,-16384,19.16783747504943,1469.7247637952307,865.0210745508898,1.6990623778250686,604.7036892443409,0.6292314598903036,0.19022678523109518,2626.34033203125,-12.6697827880121,0.0
8675309,-28672,-16384,18.87892248721555,1135.4903560249456,859.82060476988,1.3206131019956717,275.66975125506565,0.5687943303045601,0.0,2550.3818359375,-12.6697827880121,0.0
8675309,-24576,-16384,19.142019563485608,1208.2942203213013,864.5563521427409,1.3975887370749527,343.73786817856035,0.5826332120378704,0.04968959709988401,2176.0,-12.6697827880121,0.0
8675309,-20480,-16384,18.938093331575068,1487.1479295937763,860.8856799683513,1.727462733087218,626.262249625425,0.633089251486269,0.10945432174652514,2575.9501953125,-12.6697827880121,0.0
8675309,-16384,-16384,19.005156563546986,1501.149243801353,862.0928181438458,1.7412849431148798,639.0564256575071,0.6349388956248713,0.2565632892871853,2534.270751953125,-12.6697827880121,0.0
8675309,-12288,-16384,19.126000665891173,1142.7295622829483,864.2680119860411,1.3221935168663916,278.46155029690726,0.5690891149103895,0.0,2472.090576171875,-12.6697827880121,0.0
8675309,-8192,-16384,19.125562642309017,1400.7913565022202,864.2601275615623,1.6207983127191532,536.5312289406579,0.6181639589185928,0.07086342877775548,2023.857666015625,-12.6697827880121,0.0
8675309,-4096,-16384,18.841877565919475,1314.757246665456,859.1537961865506,1.5302932402803222,455.6034504789054,0.6045108148153899,0.10440904350413245,2514.801025390625,-12.6697827880121,0.0
8675309,0,-16384,19.059011872423206,1142.4992463033984,863.0622137036178,1.3237739159042148,279.43703259978065,0.569381635735894,0.0,2626.34033203125,-12.6697827880121,0.0
8675309,4096,-16384,18.88686875657487,1166.9734758505635,859.9636376183477,1.3570032787461497,307.0098382322159,0.5754485521764447,0.0,2691.0458984375,-12.6697827880121,0.0
8675309,8192,-16384,18.88014021202306,1470.2939601108985,859.8425238164151,1.7099572530851253,610.4514362944834,0.6307198099503226,0.06965205335176078,1796.5655517578125,-12.6697827880121,0.0
8675309,12288,-16384,18.838570820114565,1496.8384011765768,859.0942747620622,1.7423447520834037,637.7441264145145,0.6350789805994211,0.10055962496348105,2810.17578125,-12.6697827880121,0.0
8675309,16384,-16384,19.176164434417824,1501.1931047785854,865.1709598195208,1.7351404225261353,636.0221449590646,0.6341200862290838,0.17005500266346682,5252.6806640625,-12.6697827880121,0.0
8675309,20480,-16384,18.840155742861725,1268.6903787565718,859.122803371511,1.4767276270374483,409.56757538506076,0.5959613503935167,0.0,2769.0634765625,-12.6697827880121,0.0
8675309,24576,-16384,19.064768663977553,1441.302664250613,863.1658359515959,1.6697865047701417,578.136828299017,0.62516692989915,0.05828959815568558,1557.187255859375,-12.6697827880121,0.0
8675309,28672,-16384,18.851723136996693,1309.3580808933343,859.3310164659405,1.523694659920646,450.02706442739384,0.603477282753069,0.11018492953425232,2985.447265625,-12.6697827880121,0.0
8675309,32768,-16384,18.851191915543332,1326.2867120679052,859.32145447978,1.5434116129112811,466.96525758812527,0.6065497844371021,0.11595836669929503,2715.2900390625,-12.6697827880121,0.0
8675309,-32768,-12288,20.03946532275119,1298.0034023054923,880.7103758095215,1.4738141368124658,417.2930264959708,0.5954925895949457,0.34647963840416185,2591.802490234375,-9.848959817611854,0.0
8675309,-28672,-12288,18.89817954284447,471.66853575611424,876.1680121774289,0.538331152473755,-404.4994764213146,0.3496854652097945,0.3369620111941724,858.6500854492188,-9.848959817611854,133.4414554133702
8675309,-24576,-12288,19.297194545724444,744.3848628674147,894.4524655679702,0.83222406055389,-150.06760270055554,0.45393823518925097,0.3700164862157166,1536.0,-9.848959817611854,170.86519743887555
8675309,-20480,-12288,19.066939938967515,1108.618122536107,872.0890727313629,1.2712212057237922,236.5290498047441,0.5594257946802668,0.4633068615485733,461.51055908203125,-9.848959817611854,123.47657826830452
8675309,-16384,-12288,19.914529019066805,1320.29735432172,878.4615223432024,1.5029654922164006,441.8358319785175,0.6002009439886596,0.2355842486367126,2955.109375,-9.848959817611854,0.0
8675309,-12288,-12288,19.17369412463011,475.13068592654236,877.2674664667489,0.54160299348631,-402.1367805402066,0.3510649730726628,0.30492631003506687,640.0,-9.848959817611854,128.2863522477858
8675309,-8192,-12288,18.53782939096255,721.1091031559567,888.608578428815,0.8115036481315306,-167.49947527285826,0.44769428646642995,0.4603041765432238,2063.93798828125,-9.848959817611854,208.45880041225348
8675309,-4096,-12288,19.028728631259177,1066.0979478317688,877.8388237931476,1.2144575051091409,188.25912403862117,0.5481401572458764,0.49377454944156535,819.5999145507812,-9.848959817611854,137.84838468245346
8675309,0,-12288,19.74016216882519,1312.285418305511,875.3229190388533,1.4992014829755211,436.9624992666577,0.5995981080369205,0.23259156219278057,2635.681396484375,-9.848959817611854,0.0
8675309,4096,-12288,19.169903995243146,558.215999412085,875.4424111680689,0.6376387438978185,-317.2264117559839,0.3890933167752113,0.28504279715796027,543.0579833984375,-9.848959817611854,121.96396410134018
8675309,8192,-12288,18.815698371518202,779.5427584370426,885.1984596490595,0.8806417927411391,-105.65570121201688,0.46798551297945257,0.4081709656834911,1498.2015380859375,-9.848959817611854,170.70954434610118
8675309,12288,-12288,21.224819842458647,1180.6179987518333,902.0467571642557,1.3088212882260293,278.57124158757756,0.5666065020295317,0.17650975263678656,362.0386657714844,-9.848959817611854,0.0
8675309,16384,-12288,20.00422055911954,1210.774756043531,880.0759700641518,1.3757616356179723,330.6987859793792,0.5788055241859564,0.22690436593884225,3280.8974609375,-9.848959817611854,0.0
8675309,20480,-12288,19.09240866624277,488.00660689244916,869.2533021225441,0.5614089767629686,-381.246695230095,0.3592880888653706,0.28936181059967814,286.2167053222656,-9.848959817611854,106.35161986379202
8675309,24576,-12288,18.83984213404949,760.3973225735059,890.3698722401326,0.8540240929989901,-129.97254966662672,0.4603538107313592,0.41323747755522905,1810.193359375,-9.848959817611854,183.59869422628142
8675309,28672,-12288,21.153465078050157,1262.0808811248057,900.7623714049028,1.401125225908761,361.318509719903,0.5832589212038953,0.1785898916653102,128.0,-9.848959817611854,0.0
8675309,32768,-12288,19.741018073179085,1155.1460042727676,875.3383253172235,1.319656606894416,279.80767895554413,0.568621666161662,0.23711444039091273,3238.17236328125,-9.848959817611854,0.0
8675309,-32768,-8192,20.862180330425016,1102.4281311347202,895.5192459476502,1.2310490658055218,206.90888518706993,0.5515043286150961,0.25117566687035686,1792.0,-6.81455190771961,0.0
8675309,-28672,-8192,19.513015695809667,537.6590851257045,910.6783149679984,0.5903940791042093,-373.01922984229395,0.3709688890184878,0.4364435093203616,2391.2373046875,-6.81455190771961,214.68252353613758
8675309,-24576,-8192,22.074720263004984,684.7995294935417,931.7625592367324,0.734950683202495,-246.96302974319065,0.42335285567374037,0.48027554871514144,768.0,-6.81455190771961,129.76684323883802
8675309,-20480,-8192,19.788678204769795,894.656401079776,905.2599851593445,0.988286697464373,-10.603584079568577,0.49677842231648506,0.553367948451913,1664.0,-6.81455190771961,182.99368604930902
8675309,-16384,-8192,20.906462297034384,1122.5201571575003,896.3163213466189,1.2523705419879385,226.2038358108814,0.5557480365880079,0.25921808091882814,2304.0,-6.81455190771961,0.0
8675309,-12288,-8192,19.96288991698058,609.6209625624634,910.3829314205608,0.6696313622787406,-300.76196885809736,0.40080171061630915,0.4427465971101873,1796.5655517578125,-6.81455190771961,179.7680226648718
8675309,-8192,-8192,19.021411136333846,625.8218596368372,936.5577375816468,0.6682149263459366,-310.73587794480966,0.4003006440344238,0.722554903831591,5775.623046875,-6.81455190771961,387.80280362884014
8675309,-4096,-8192,19.613155445620812,856.4984523379848,914.589416302708,0.9364841064971428,-58.09096396472319,0.48332730419004283,0.6186819826775156,2550.3818359375,-6.81455190771961,223.3587938980442
8675309,0,-8192,20.6678307250806,1195.159107492788,892.0209530514508,1.3398329976491625,303.1381544413373,0.57234485190003,0.26833465350766955,1619.086181640625,-6.81455190771961,0.0
8675309,4096,-8192,19.61885869689657,472.7626832597534,904.724169588268,0.52254897033966,-431.9614863285146,0.3429577019780802,0.41193016111656555,1832.68115234375,-6.81455190771961,191.8343423213003
8675309,8192,-8192,19.108541361776645,667.9615715336989,935.5351268456084,0.713988766820439,-267.57355531190944,0.41630598069064456,0.7080185543795913,5445.64404296875,-6.81455190771961,371.9774810915122
8675309,12288,-8192,19.898070714448814,831.4695580574225,909.7499859042083,0.913953911448559,-78.28042784678576,0.4772472912149436,0.5658921566019565,1832.68115234375,-6.81455190771961,188.26435724732926
8675309,16384,-8192,20.706887841595627,1035.8319834989934,892.7239811487214,1.1603048706792063,143.10800235027205,0.5368240167566783,0.2764881574206007,2304.0,-6.81455190771961,0.0
8675309,20480,-8192,19.90851905743225,594.8573848466123,909.4042559486908,0.6541176610461943,-314.5468711020785,0.39518537423986977,0.47944655495643906,1796.5655517578125,-6.81455190771961,184.8301612441627
8675309,24576,-8192,18.816255090333613,666.5050896990323,932.4715066508463,0.7147726069324258,-265.96641695181404,0.4165717743744314,0.7182285715516351,5724.333984375,-6.81455190771961,391.159446516403
8675309,28672,-8192,19.855727115366562,944.3498484273596,914.7277701167535,1.0323834907808966,29.62207831060607,0.5076937860079754,0.5893412273787642,2235.423828125,-6.81455190771961,208.40029695295692
8675309,32768,-8192,20.56001380394279,1227.9848107543576,890.0802484709702,1.3796338171348692,337.90456228338735,0.579493680672209,0.26127814819445455,1810.193359375,-6.81455190771961,0.0
8675309,-32768,-4096,21.671275516892997,1154.8588215802351,910.0829593040739,1.2689599445564144,244.7758622761612,0.5589987250685774,0.16157459543601144,2985.447265625,-3.5413464494312943,0.0
8675309,-28672,-4096,20.795130723866134,696.2979506138036,901.3390013390705,0.7725150576856782,-205.04105072526693,0.4355572725647403,0.28954353244523384,362.0386657714844,-3.5413464494312943,110.53024387232612
8675309,-24576,-4096,20.536314350975843,654.8017052154013,925.2463993552628,0.7077052184928092,-270.44469413986155,0.4141567251005393,0.38924928798992964,2111.030029296875,-3.5413464494312943,201.61389964881175
8675309,-20480,-4096,21.153827538514445,1032.6646501587572,903.3017821761065,1.1432111289219513,129.36286798265076,0.5331350264619503,0.0,128.0,-3.5413464494312943,96.70159109061498
8675309,-16384,-4096,21.4910224256661,1290.5138581408542,906.8384036619898,1.4230913169639798,383.67545447886437,0.5870368823795866,0.24949030997200156,2715.2900390625,-3.5413464494312943,0.0
8675309,-12288,-4096,20.826389528826024,602.1897879169292,898.4413299535138,0.6702605588592936,-296.2515420365846,0.40102378057464083,0.2740038776480846,181.0193328857422,-3.5413464494312943,105.49972689444687
8675309,-8192,-4096,20.706152677941258,649.90004447648,928.789408637063,0.6997280959848211,-278.889364160583,0.4114100041597019,0.39821580795019823,2145.6708984375,-3.5413464494312943,206.19279738620563
8675309,-4096,-4096,21.18167108023075,1014.3326807512485,904.8363978787988,1.1210122439030314,109.49628287244968,0.5282517524315767,0.0,181.0193328857422,-3.5413464494312943,104.4164427396381
8675309,0,-4096,21.56975246428207,1281.4954538151533,908.2555443570773,1.4109415150581652,373.239909458076,0.5849571470625006,0.16664126725748157,2700.162841796875,-3.5413464494312943,0.0
8675309,4096,-4096,20.70702769553814,684.742652046027,906.7626370221087,0.7551509337601121,-222.01998497608167,0.4299782592538254,0.2924891396222204,746.36181640625,-3.5413464494312943,133.6508322579901
8675309,8192,-4096,20.464901577876127,694.9977413834948,925.7433493310475,0.7507455947544295,-230.74560794755268,0.42855036809684427,0.4012614133233291,2239.08544921875,-3.5413464494312943,207.5812369728274
8675309,12288,-4096,23.069878658928438,965.7479276278966,935.2578158607118,1.0326007559093477,30.49011176718477,0.5077523719021728,0.0,128.0,-3.5413464494312943,0.0
8675309,16384,-4096,21.699360040124873,1281.4618188014624,910.5884807222477,1.407289731784275,370.8733380792147,0.5843285122460584,0.26738365399191777,2672.718505859375,-3.5413464494312943,0.0
8675309,20480,-4096,21.046175534646494,742.8727276748533,914.1528680541194,0.8126351222374265,-171.28014037926607,0.4480465980672871,0.3128138100743117,819.5999145507812,-3.5413464494312943,137.70831471353517
8675309,24576,-4096,20.5350802131298,606.3338902304059,927.8956725747906,0.6534504989638628,-321.5617823443847,0.39494672648336887,0.405617189185001,2304.0,-3.5413464494312943,208.9831957046418
8675309,28672,-4096,20.784171356783908,919.4136245369599,902.9992382520579,1.018177630267635,16.41438628490198,0.5042267954228766,0.25833599139403185,461.51055908203125,-3.5413464494312943,114.30951166831841
8675309,32768,-4096,21.81429379247836,1355.0991370903985,912.6572882646105,1.48478421693983,442.44184882578793,0.5972871842680759,0.2260388452848034,2635.681396484375,-3.5413464494312943,0.0
8675309,-32768,0,22.662085372446438,1432.0554576250663,927.9175367040359,1.54330034833885,504.1379209210304,0.6065530868268154,0.11876354690354024,2715.2900390625,0.0,0.0
8675309,-28672,0,22.68817748384419,1304.4940278462798,928.3871947091955,1.4051185058136164,376.1068331370843,0.5839585447403458,0.0,2663.507568359375,0.0,0.0
8675309,-24576,0,22.502809636173062,1414.764137267972,925.050573451115,1.529391125060187,489.713563816857,0.604389630152898,0.050522029141020865,1810.193359375,0.0,0.0
8675309,-20480,0,22.613114992890033,1345.8931379824378,927.0360698720206,1.4518239168064317,418.85706811041723,0.5918799641314871,0.11404405626350483,2715.2900390625,0.0,0.0
8675309,-16384,0,22.366430192425817,1411.0318978477421,922.5957434636647,1.5294151396692564,488.43615438407744,0.60439269752462,0.12478660265115554,2534.270751953125,0.0,0.0
8675309,-12288,0,22.599605115116226,1353.2391545357532,926.7928920720921,1.4601311318974697,426.4462624636611,0.5932574058081184,0.0,2575.9501953125,0.0,0.0
8675309,-8192,0,22.34373283962494,1264.3173069032325,922.1871911132489,1.3709985554852153,342.1301157899836,0.5779724375651121,0.0698300111673929,1920.0,0.0,0.0
8675309,-4096,0,22.40107452614882,1383.0210197739636,923.2193414706787,1.4980416436800659,459.8016783032849,0.599426502329342,0.11031645518486402,2918.84912109375,0.0,0.0
8675309,0,0,22.330036861073662,1354.4170962910514,921.9406634993259,1.4690935652520352,432.47643279172553,0.5947318072746377,0.21053830795106865,4978.8544921875,0.0,0.0
8675309,4096,0,22.31912382832261,1171.28961123627,921.7442289098069,1.2707317002913194,249.54538232646314,0.5593460758755276,0.0,2635.681396484375,0.0,0.0
8675309,8192,0,22.340855298800644,1230.1749404151087,922.1353953784117,1.3340502344672374,308.03954503669706,0.5712947734316125,0.03589912206659597,1810.193359375,0.0,0.0
8675309,12288,0,22.486123733904087,1331.2933996865972,924.7502272102736,1.4396248419454372,406.54317247632366,0.5898394624817002,0.11243249290448164,2807.25927734375,0.0,0.0
8675309,16384,0,22.500714411217082,1261.0395022784958,925.0128594019075,1.3632669961949022,336.0266428765883,0.5765931919936232,0.11905493770290082,2715.2900390625,0.0,0.0
8675309,20480,0,22.506637564607086,1159.9539010448075,925.1194761629275,1.2538422667911946,234.83442488187995,0.5560465483709095,0.0,2748.276611328125,0.0,0.0
8675309,24576,0,22.446519226820392,1465.7404750337298,924.037346082767,1.5862351032102568,541.7031289509628,0.6130810073975117,0.05478561249755383,1832.68115234375,0.0,0.0
8675309,28672,0,22.40295726508984,1471.1832914104318,923.2532307716172,1.593477544812789,547.9300606388147,0.6141608336464298,0.09779170726939945,2918.84912109375,0.0,0.0
8675309,32768,0,22.373211906198836,1396.5605679786217,922.7178143115791,1.5135294304690183,473.84275366704264,0.601893539429594,0.1879952310606463,2534.270751953125,0.0,0.0
8675309,-32768,4096,21.820454069843,1280.747725362053,912.768173257174,1.4031467823771284,367.97955210487896,0.5836128715986473,0.1661054258653738,2575.9501953125,3.5413464494312943,0.0
8675309,-28672,4096,20.7817866558459,707.7902764741416,903.8874200456925,0.7830513632310118,-196.09714357155087,0.438891340781581,0.29486593878143535,512.0,3.5413464494312943,115.97907871602952
8675309,-24576,4096,20.754869088464044,625.956224467817,924.5708471394954,0.6770235362757175,-298.6146226716784,0.403445248183362,0.3608543969457452,1792.0,3.5413464494312943,186.18321757809667
8675309,-20480,4096,21.149340034328628,914.925868753786,907.7147689273953,1.0079442354286157,7.211099826390637,0.5017029396302246,0.2490888132727193,362.0386657714844,3.5413464494312943,110.0469304899468
8675309,-16384,4096,21.825418669020078,1199.5126250353483,912.8575360423614,1.3140195240494619,286.65508899298686,0.5675828338674275,0.17478476400010168,2691.0458984375,3.5413464494312943,0.0
8675309,-12288,4096,21.00649704498402,577.0380414881658,910.4855217517526,0.633769596223736,-333.4474802635867,0.3876579825395478,0.2977637291685666,652.6744995117188,3.5413464494312943,128.70477649928603
8675309,-8192,4096,20.788814626003404,632.9413571357406,927.0607788192184,0.6827398716424045,-294.11942168347775,0.40547116660319765,0.38157553699895946,1920.0,3.5413464494312943,199.39968908569438
8675309,-4096,4096,20.70161972786223,866.9431168897737,908.6299355077485,0.9541212357320366,-41.686818617974836,0.4879861910096047,0.30200184020309334,858.6500854492188,3.5413464494312943,137.36793149777628
8675309,0,4096,21.710301069936225,1161.0118443570548,910.785419258852,1.27473696856261,250.22642509820275,0.5601183795137393,0.25818986710985076,2099.356201171875,3.5413464494312943,0.0
8675309,4096,4096,21.131372882167362,625.1921545860805,910.468965276356,0.6866704725034917,-285.2768106902755,0.406851026882263,0.29959536107551105,527.7575073242188,3.5413464494312943,121.1110573697437
8675309,8192,4096,20.60408596013554,689.6344303341427,919.9373247559279,0.7496537120255582,-230.30289442178514,0.42819230385396595,0.36023562114112123,1664.0,3.5413464494312943,182.24221995464717
8675309,12288,4096,20.8220052687469,796.292902251002,900.3860409676184,0.8843905458543643,-104.09313871661641,0.4690479936926793,0.24345497843995673,286.2167053222656,3.5413464494312943,108.8940292368467
8675309,16384,4096,21.576589061726175,1354.3062076321398,908.3786031110711,1.4909050070023977,445.9276045210687,0.5982750784052375,0.24837342546922306,2807.25927734375,3.5413464494312943,0.0
8675309,20480,4096,21.10795631965713,612.9727989635521,905.5331598840027,0.6769192185541532,-292.56036092045053,0.40340269506310567,0.2772722569839714,286.2167053222656,3.5413464494312943,107.84982983185364
8675309,24576,4096,20.77881190757286,665.1036762538666,928.9462637278006,0.7159764802593092,-263.8425874739339,0.41697984469471283,0.3806205131431754,2063.93798828125,3.5413464494312943,198.69962289335731
8675309,28672,4096,20.831811506627155,1151.3298739282748,897.5054936021353,1.2828109489418458,253.82438032613948,0.5616694355875848,0.0,128.0,3.5413464494312943,98.8367642157808
8675309,32768,4096,21.535288672691955,1404.1806930322678,907.6351961084551,1.547076070928919,496.5454969238126,0.6071303382276403,0.2966324292491639,2921.654296875,3.5413464494312943,0.0
8675309,-32768,8192,20.820560185679643,1184.7556757845512,894.7700833422336,1.3240895039305904,289.9855924423175,0.5694501356627297,0.29110024968465076,1792.0,6.81455190771961,0.0
8675309,-28672,8192,19.831433119301543,523.8219833809399,906.3258020702036,0.5779621215510367,-382.50381868926377,0.3660152981446388,0.44865451347202895,1683.5771484375,6.81455190771961,176.58396183434593
8675309,-24576,8192,18.691331611159395,664.6075897215931,929.4377118413814,0.7150641525023632,-264.83012211978837,0.4166700400736884,0.6936424983496607,5623.26611328125,6.81455190771961,408.51943715508196
8675309,-20480,8192,19.717565788435465,902.2059370045148,912.6907959140951,0.9885121456724242,-10.484858909580339,0.49683768941774537,0.6093429925860115,2268.165771484375,6.81455190771961,215.26137769960178
8675309,-16384,8192,20.81276328898857,1190.9340969676305,894.6297392017943,1.3312033400881627,296.30435776583613,0.5707633173370734,0.27996322678005603,1707.7330322265625,6.81455190771961,0.0
8675309,-12288,8192,19.935869051210027,633.7187670756346,913.5470115534736,0.6936903728665315,-279.828244477839,0.4093087736116939,0.478677516969613,2048.0,6.81455190771961,196.80091735398753
8675309,-8192,8192,19.006981685470972,631.1129034273365,936.9492995069336,0.6735827688429433,-305.8363960795971,0.4022229980730564,0.731443925237234,5861.50537109375,6.81455190771961,395.25989508485117
8675309,-4096,8192,19.67085248106796,869.0507945659559,911.0437398335793,0.9539067737018925,-41.99294526762333,0.4879307514460153,0.6035992079340092,2209.62255859375,6.81455190771961,211.35877713606482
8675309,0,8192,20.65273991921185,1238.255250225546,891.7493185458134,1.388568765317123,346.5059316797326,0.581066445549419,0.2925314179960452,1810.193359375,6.81455190771961,0.0
8675309,4096,8192,19.658033847115394,533.4083593585303,905.097323075319,0.5893381250384518,-371.68896371678863,0.37054967261863686,0.4663752206033456,1810.193359375,6.81455190771961,185.6075970690548
8675309,8192,8192,19.051829278826855,634.6573449804066,936.2777499607707,0.6778515723640749,-301.6204049803641,0.40374271623737484,0.699274288539606,5668.2470703125,6.81455190771961,381.15351271527237
8675309,12288,8192,19.5657852108054,845.4456751148849,908.2627942286177,0.9308381676394848,-62.817119113732815,0.48181546387087054,0.5840709129016948,2145.6708984375,6.81455190771961,205.36918926809926
8675309,16384,8192,20.70980493704568,1080.9604556407676,892.7764888668222,1.2107850835238754,188.18396677394537,0.5473946586391082,0.26023844458976664,1924.261962890625,6.81455190771961,0.0
8675309,20480,8192,19.645651105684415,538.6924961426981,904.8744337295612,0.5953229266544805,-366.1819375868631,0.3729093370497785,0.39351813100713223,1810.193359375,6.81455190771961,185.40973340901598
8675309,24576,8192,18.83789428458482,603.0547040005928,933.308539196717,0.6461472049957154,-330.2538351961242,0.39226559283829254,0.6890473957561368,5782.7109375,6.81455190771961,400.90855524079353
8675309,28672,8192,19.711399074218377,886.035867040477,912.8748355533785,0.9705995088618782,-26.838968512901488,0.49226656953792686,0.5849346069742009,2289.733642578125,6.81455190771961,210.96555692636358
8675309,32768,8192,20.75396866743786,1090.1369516548955,893.5714360138815,1.2199773937692884,196.56551564101403,0.5492680730469235,0.26425547903153207,1810.193359375,6.81455190771961,0.0
8675309,-32768,12288,20.02379244579065,1162.8139391794455,880.4282640242318,1.3207367217682162,282.3856751552137,0.5688239570424273,0.2274823868239892,2638.78759765625,9.848959817611854,0.0
8675309,-28672,12288,19.251714574631965,502.709636322231,875.4150161733229,0.5742529280794286,-372.7053798510919,0.3645135596790093,0.3014992682970939,461.51055908203125,9.848959817611854,114.11833052201396
8675309,-24576,12288,18.80471829695832,592.2734723257802,896.2595410675066,0.6608280806922756,-303.9860687417264,0.3976235954492404,0.43302809877926224,2268.165771484375,9.848959817611854,211.28851130548438
8675309,-20480,12288,19.057807247971617,977.4261700547578,868.6304765936635,1.125249684869148,108.79569346109429,0.5291803972706238,0.4423243121463396,286.2167053222656,9.848959817611854,111.67491498243065
8675309,-16384,12288,19.868807706143173,1227.0288053618367,877.6385387105771,1.3981026940368666,349.3902666512596,0.5827268057397575,0.24762588417439393,2635.681396484375,9.848959817611854,0.0
8675309,-12288,12288,19.34205755652189,472.09448402355594,871.7233544520394,0.5415645704712271,-399.6288704284835,0.3510471608249143,0.3146855588162429,181.0193328857422,9.848959817611854,106.59101509108609
8675309,-8192,12288,18.864328077620847,771.0686221901568,898.4903223571181,0.8581824456019954,-127.42170016696127,0.46156325384802155,0.4798057252933548,2353.25146484375,9.848959817611854,216.97107162942973
8675309,-4096,12288,19.203332702844737,1058.6529409625941,872.6866369606853,1.2130963121534386,185.96630400190884,0.5478607140574887,0.4426468265576335,362.0386657714844,9.848959817611854,113.82583723934081
8675309,0,12288,19.725941129709167,1204.2260814834972,875.0669403347649,1.376153098667868,329.15914114873226,0.5788732975852382,0.24844635329872614,2715.2900390625,9.848959817611854,0.0
8675309,4096,12288,19.137675858236637,554.8084847482829,873.362319278207,0.6352558067845269,-318.5538345299241,0.3882030637522032,0.29884338268305943,461.51055908203125,9.848959817611854,115.10587070124458
8675309,8192,12288,18.84990250000303,667.506777146312,896.6733659293318,0.7444257881514005,-229.16658878301985,0.4264728121547936,0.5038920517341771,2239.08544921875,9.848959817611854,208.27997481572135
8675309,12288,12288,19.30663442245232,986.8809425729719,870.0523060869882,1.134277716027688,116.82863648598368,0.5311713665088682,0.4131610816320323,128.0,9.848959817611854,99.39765213256653
8675309,16384,12288,20.063479310557376,1210.4384168993734,881.1426275900328,1.3737145145389007,329.29578930934053,0.578442789629074,0.22501550890462307,2712.271484375,9.848959817611854,0.0
8675309,20480,12288,19.040204887437238,559.8119323534319,876.3655363722877,0.6387881644350958,-316.5536040188558,0.3895217845641512,0.29901329841450963,724.0773315429688,9.848959817611854,131.96574959521226
8675309,24576,12288,18.62643170274254,662.2323970444764,889.9771392810588,0.7441004581077677,-227.7447422365824,0.42636384953644785,0.47848441618742693,2048.0,9.848959817611854,194.92115944881928
8675309,28672,12288,18.988945734155884,976.1395264833376,870.6851770447535,1.1211165094098803,105.45434943858413,0.5282641392441467,0.4473310385300188,461.51055908203125,9.848959817611854,112.8379186654146
8675309,32768,12288,19.734368989854655,1328.6571451841214,875.2186418173837,1.5180859749801223,453.4385033667377,0.6025995446169841,0.2383792190691706,2715.2900390625,9.848959817611854,0.0
8675309,-32768,16384,18.90982672764949,1279.889725528249,860.3768810976908,1.4875919537672062,419.5128444305583,0.59772553383486,0.13114340781257758,2626.34033203125,12.6697827880121,0.0
8675309,-28672,16384,19.104772333725904,1319.2664350922475,863.8859020070663,1.5271304138974784,455.38053308518124,0.6040175919433867,0.0,2715.2900390625,12.6697827880121,0.0
8675309,-24576,16384,19.10416748872473,1261.8126072244206,863.8750147970452,1.4606425531601526,397.9375924273754,0.593322965798352,0.04728684583939262,1664.0,12.6697827880121,0.0
8675309,-20480,16384,18.872358700714166,1266.324080524123,859.702456612855,1.472979483521913,406.621623911268,0.5953494507071933,0.12155907069427709,2739.319580078125,12.6697827880121,0.0
8675309,-16384,16384,19.176164434417824,1435.4190286455648,865.1709598195208,1.6591160537161358,570.248068826044,0.6236640912758036,0.13883523214662338,5521.83154296875,12.6697827880121,0.0
8675309,-12288,16384,18.885103311641323,1157.6709211816064,859.9318596095438,1.3462356444233297,297.7390615720626,0.5735011029400647,0.0,2739.319580078125,12.6697827880121,0.0
8675309,-8192,16384,18.970352546366076,1351.5741900914977,861.4663458345894,1.5689227984664813,490.10784425690827,0.6104559370798341,0.061520619657088826,1031.968994140625,12.6697827880121,0.0
8675309,-4096,16384,18.935987147512588,1333.6122451896617,860.8477686552266,1.5491847615205698,472.7644765344352,0.6074409175205698,0.11300086081726925,2591.802490234375,12.6697827880121,0.0
8675309,0,16384,19.210015842496045,1318.0946811268507,865.7802851649287,1.5224355459604364,452.31439596192195,0.6032815156301377,0.13139186264984554,2534.270751953125,12.6697827880121,0.0
8675309,4096,16384,19.10145885180314,1142.466749835464,863.8262593324565,1.322565431986675,278.6404905030075,0.5691579378882252,0.0,2715.2900390625,12.6697827880121,0.0
8675309,8192,16384,18.87846166074797,1254.5619447696504,859.8123098934634,1.4591114017954676,394.749634876187,0.5930685513469327,0.03499013854802161,1810.193359375,12.6697827880121,0.0
8675309,12288,16384,19.010822619155523,1499.5232819224007,862.1948071447994,1.7391931260733824,637.3284747776013,0.6346602622043716,0.10627176675253897,3278.399658203125,12.6697827880121,0.0
8675309,16384,16384,19.005156563546986,1353.5398896576237,862.0928181438458,1.5700628298608292,491.4470715137779,0.6106288537987469,0.1115496935202854,5159.8447265625,12.6697827880121,0.0
8675309,20480,16384,18.870830635641713,1333.6193170224715,859.6749514415508,1.5513064732038364,473.9443655809207,0.6077668506858872,0.0,2955.109375,12.6697827880121,0.0
8675309,24576,16384,19.042270568458758,1391.4328312094801,862.7608702322576,1.6127676616058197,528.6719609772225,0.6169903854910298,0.05965676874954298,2176.0,12.6697827880121,0.0
8675309,28672,16384,19.160792626258768,1333.5974394254997,864.8942672726578,1.5419196194129512,468.70317215284194,0.6063207400892978,0.10857887383091765,2638.78759765625,12.6697827880121,0.0
8675309,32768,16384,18.999693713247694,1396.6834952878191,861.9944868384584,1.6202928401670436,534.6890084493607,0.6180896155715023,0.11390678666558975,2534.270751953125,12.6697827880121,0.0
8675309,-32768,20480,18.412917613063875,1114.761109847443,851.4325170351498,1.3092771153834406,263.3285928122933,0.5666758445196889,0.1740147343788811,2715.2900390625,15.298804780876495,0.0
8675309,-28672,20480,17.24793627878526,665.9998806810075,843.486455265644,0.7895798166329302,-177.48657458463651,0.44091751433395937,0.2903028273660758,689.3010864257812,15.298804780876495,128.75993239359912
8675309,-24576,20480,16.742408766153936,601.8660194762646,861.753582984603,0.6984200952106957,-259.8875635083384,0.4109367500373501,0.41837091019071065,2462.129150390625,15.298804780876495,223.1121546194195
8675309,-20480,20480,19.199400972271555,1114.3717683380207,865.589217500888,1.2874141056833086,248.7825508371327,0.5625409971747123,0.012634815999409446,128.0,15.298804780876495,0.0
8675309,-16384,20480,18.30679985372972,1336.5078529452012,849.522397367135,1.5732461640650628,486.9854555780662,0.6111062491039302,0.14490773195587522,2924.456787109375,15.298804780876495,0.0
8675309,-12288,20480,17.427506078887845,589.8587001929511,838.7074197695493,0.7032949587533468,-248.84871957659823,0.4126137937631202,0.2732331891153361,256.0,15.298804780876495,105.17716688994469
8675309,-8192,20480,17.116240743782516,655.8408155455768,866.7883550696812,0.756633163920221,-210.9475395241044,0.43044648146290165,0.4147090657046044,2335.78076171875,15.298804780876495,219.62486718078583
8675309,-4096,20480,17.544392611574615,764.5502238910079,846.7185634542062,0.9029567283514007,-82.16833956319829,0.47420766927450586,0.2753626715169257,572.4334106445312,15.298804780876495,122.39062599972631
8675309,0,20480,18.13605756432585,1178.8386530138805,846.4490361578653,1.3926870994676441,332.3896168560152,0.5817725978958773,0.1475129690472113,2833.40087890625,15.298804780876495,0.0
8675309,4096,20480,17.489009533056578,623.9158531777308,838.3684900296638,0.7442024128980026,-214.452636851933,0.42638046123705553,0.2664103901144817,181.0193328857422,15.298804780876495,102.30335894018425
8675309,8192,20480,16.9585195820589,722.9539251484902,852.3563162219904,0.8481827510270972,-129.4023910735002,0.4586368255274021,0.3598938590825365,1536.0,15.298804780876495,177.62898746521574
8675309,12288,20480,17.314104827260714,861.0164719516187,838.6805352001728,1.0266322345803756,22.335936751445843,0.5062727036802334,0.2589247551775737,362.0386657714844,15.298804780876495,114.89205683980185
8675309,16384,20480,18.159295349733643,1163.5348155788329,846.8673162952056,1.3739281150546159,316.6674992836273,0.5784695149421756,0.16312557729326205,2807.25927734375,15.298804780876495,0.0
8675309,20480,20480,17.395955999937254,626.0186170793183,842.011361828818,0.7434800116231551,-215.9927447494997,0.42614420812882914,0.281213689760044,461.51055908203125,15.298804780876495,119.54202283809224
8675309,24576,20480,17.21280779595072,668.0899758650181,856.9335040720431,0.7796287257883329,-188.84352820702497,0.43779796618370026,0.3354573827218097,1536.0,15.298804780876495,171.54213162225622
8675309,28672,20480,17.399218268982473,1097.0958319630606,836.7522472763299,1.3111358057706592,260.34358468673076,0.5670191079778939,0.0,181.0193328857422,15.298804780876495,103.82831162711419
8675309,32768,20480,18.319071977369227,1241.0630502229872,849.7432955926461,1.4605152599143705,391.3197546303411,0.5932972967146604,0.2548511860756946,2472.090576171875,15.298804780876495,0.0
8675309,-32768,24576,17.564131855907004,1030.913479955833,836.154373406326,1.2329224276566266,194.759106549507,0.551860832089364,0.26389800176181066,2051.99609375,17.754944772668892,0.0
8675309,-28672,24576,16.378166390947637,498.0807847114709,849.5083636687506,0.5863165167208265,-351.42757895727965,0.36933471199120305,0.39345197517729397,2048.0,17.754944772668892,200.33512876069278
8675309,-24576,24576,15.332872808958447,660.3822641007644,867.9941030279167,0.7608142288030325,-207.61183892715235,0.4317983972386047,0.6843697694411004,5498.04345703125,17.754944772668892,381.97324524329616
8675309,-20480,24576,16.390778882763918,950.7986950874861,846.0849328046609,1.1237627077647072,104.7137622828252,0.528843291265859,0.5537332292385416,1796.5655517578125,17.754944772668892,190.70558346731093
8675309,-16384,24576,17.414794685156302,1026.7885617381357,833.4663043328135,1.2319496977866142,193.32225740532226,0.5516646755130609,0.2732877353493448,2176.0,17.754944772668892,0.0
8675309,-12288,24576,16.12913501751916,509.70544779461613,843.4329633607063,0.6043224179473209,-333.7275155660901,0.3764057230750482,0.44394908225096286,1936.991455078125,17.754944772668892,191.82928260483806
8675309,-8192,24576,15.127951291790724,597.8210878856061,864.4362526921994,0.6915733647492833,-266.6151648065934,0.40855498982123045,0.7083438505823781,5514.40869140625,17.754944772668892,381.5178483654815
8675309,-4096,24576,16.28147115093217,823.071133672455,845.9285962679362,0.9729794421227469,-22.857462595481252,0.4928570459719976,0.5712107900070338,1920.0,17.754944772668892,194.9767973749257
8675309,0,24576,17.510963188852536,1250.284554308459,835.1973373993457,1.49699298395948,415.0872169091134,0.5992309635072316,0.2603148691713797,2179.761474609375,17.754944772668892,0.0
8675309,4096,24576,16.467038853998925,708.408083687979,843.5096631169109,0.8398339872839052,-135.10157942893193,0.4561787545705626,0.5930958395940042,1536.0,17.754944772668892,168.66969157254678
8675309,8192,24576,18.85738515841381,810.62287305505,864.4452432010168,0.9377376756141731,-53.822370145966715,0.4836455423218638,0.5489066710485514,256.0,17.754944772668892,107.2511284849693
8675309,12288,24576,15.975425707953782,920.6289589381568,845.8218914816224,1.0884430495473405,74.80706745653436,0.5208795247231358,0.6086416132571627,2304.0,17.754944772668892,212.25916260006198
8675309,16384,24576,17.343747155371904,1065.4205613293157,832.1874487966943,1.2802651167953398,233.23311253262136,0.5611587835124555,0.2781827456620381,1796.5655517578125,17.754944772668892,0.0
8675309,20480,24576,16.203545646442745,486.6028396988483,846.3651902676625,0.5749324822125074,-359.76235056881416,0.36477848701596277,0.3910632733155492,2048.0,17.754944772668892,196.55602863491362
8675309,24576,24576,15.1071270968693,606.7527313632198,863.5460609854592,0.7026292618031369,-256.7933296222394,0.4123925979675699,0.6826567717199519,5450.1552734375,17.754944772668892,392.476850113374
8675309,28672,24576,16.222424156436162,866.2034985753003,842.9868383629935,1.0275409521901808,23.216660212306806,0.5064953764889354,0.55324231494685,1792.0,17.754944772668892,188.57185373142295
8675309,32768,24576,17.55682392704848,986.136587957356,836.0228306868726,1.1795570070103836,150.11375727048346,0.5408943276560451,0.26944602345185603,1792.0,17.754944772668892,0.0
8675309,-32768,28672,16.908087389927765,1103.5200542799375,824.3455730186997,1.3386619524611736,279.1744812612378,0.5721083100150474,0.2264906132681438,2715.2900390625,20.054712758020393,0.0
8675309,-28672,28672,16.135686353408385,591.2470019733793,819.3265081912984,0.7216256230725216,-228.07950621791917,0.4188566856177422,0.29185137147206197,461.51055908203125,20.054712758020393,113.24335546537439
8675309,-24576,28672,15.790122629414698,789.1023263461327,830.1319678695868,0.9505745554785094,-41.029641523454075,0.48702976425276856,0.4193506677612468,1459.424560546875,20.054712758020393,168.12704934496185
8675309,-20480,28672,17.748037994202488,1377.102304085194,839.4646838956448,1.640452934475542,537.6376201895491,0.620996935627675,0.17801375143573492,128.0,20.054712758020393,0.0
8675309,-16384,28672,16.601457927668843,1236.7638021655137,818.8262426980391,1.5104105580328824,417.93755946747456,0.6013662301120243,0.22913774241775525,2807.25927734375,20.054712758020393,0.0
8675309,-12288,28672,15.947823701627616,607.1260218899885,809.5937131121435,0.7499144472801637,-202.46769122215505,0.42824121503046964,0.3592481776216427,128.0,20.054712758020393,97.49505702891393
8675309,-8192,28672,15.474129038935247,721.8381542449869,825.0502116625664,0.8749020896442218,-103.21205741757956,0.4663373471521384,0.41461923979307336,1498.2015380859375,20.054712758020393,169.18878965373304
8675309,-4096,28672,16.00430514674914,992.8987580304159,816.961646471432,1.2153554115041754,175.93711155898393,0.5483022079239476,0.4358287273068389,461.51055908203125,20.054712758020393,122.56711635216378
8675309,0,28672,16.916389422530447,1294.8906044017,824.495009605548,1.5705257027828428,470.39559479615207,0.610686375085581,0.2084451409705734,2626.34033203125,20.054712758020393,0.0
8675309,4096,28672,17.677414009641346,528.7543789003279,838.1934521735443,0.6308261864002865,-309.4390732732164,0.3865310992782838,0.2869071358740754,128.0,20.054712758020393,0.0
8675309,8192,28672,15.561646879712972,767.049148433306,838.3738725732878,0.9149249201659169,-71.32472413998187,0.4774888920308603,0.4736999789240516,2304.0,20.054712758020393,209.51669952287628
8675309,12288,28672,15.861719824797438,975.7524278222122,811.1009029765282,1.202997585431672,164.65152484568398,0.5457676035350649,0.4199689675626268,286.2167053222656,20.054712758020393,107.97979123846275
8675309,16384,28672,16.843858985703722,1295.348633307489,823.1894617426669,1.573572905762515,472.15917156482215,0.6111466627245672,0.2424904813988206,2769.0634765625,20.054712758020393,0.0
8675309,20480,28672,16.02355984894149,537.1051844638538,817.3082311108943,0.6571635571733011,-280.20304664704054,0.3962666875597511,0.32421724475757163,461.51055908203125,20.054712758020393,114.80749128828155
8675309,24576,28672,15.558847680444979,664.5766033723122,837.383940288165,0.7936342833893071,-172.80733691585283,0.44217834338733103,0.4839339114038292,2235.423828125,20.054712758020393,208.4210951033886
8675309,28672,28672,17.735255155080214,1283.6613077306292,839.2345927914439,1.5295619589046525,444.42671493918533,0.6043899361616987,0.17444660194562392,128.0,20.054712758020393,0.0
8675309,32768,28672,16.94909296906425,1267.6735330107817,825.0836734431565,1.536418152259217,442.58985956762524,0.6054539318614496,0.23013783479077826,2715.2900390625,20.054712758020393,0.0
8675309,-32768,32768,15.89009325783455,1214.5349874635913,806.0216786410219,1.5068267016233803,408.51330882256934,0.6007919579142484,0.0,2534.270751953125,22.21258134490239,0.0
8675309,-28672,32768,16.083608035056464,1328.1596922351805,809.5049446310163,1.6407060896219408,518.6547476041642,0.6210228893957606,0.0,2575.9501953125,22.21258134490239,0.0
8675309,-24576,32768,15.927637292684103,1232.94991432037,806.6974712683138,1.5283919415067575,426.25244305205615,0.6041954739596963,0.05190470820390122,1740.98828125,22.21258134490239,0.0
8675309,-20480,32768,15.96141775142356,1473.5786746878618,807.305519525624,1.8253048431450618,666.2731551622378,0.6457727690233515,0.10797436394284525,2739.319580078125,22.21258134490239,0.0
8675309,-16384,32768,15.94694987648077,1360.164452026719,807.0450977766538,1.6853636256187734,553.119354250065,0.627321493049446,0.11234005261628995,2715.2900390625,22.21258134490239,0.0
8675309,-12288,32768,16.22586202269134,1127.3477490771113,812.0655164084442,1.3882472858385602,315.2822326686671,0.5809833240832909,0.0,3263.37255859375,22.21258134490239,0.0
8675309,-8192,32768,16.200890030500172,1254.332381054688,811.6160205490031,1.545475137622613,442.716360505685,0.6068522949491552,0.05635206673716702,2445.4365234375,22.21258134490239,0.0
8675309,-4096,32768,16.181655097936915,1264.9764029693454,811.2697917628645,1.5592549060905994,453.70661120648083,0.6089679722014949,0.11320757479358538,2626.34033203125,22.21258134490239,0.0
8675309,0,32768,16.117800991013507,1413.1343654738141,810.1204178382432,1.7443510055513436,603.013947635571,0.6353293588828736,0.1265917002454282,2534.270751953125,22.21258134490239,0.0
8675309,4096,32768,16.204740399148374,1299.7544986536436,811.6853271846708,1.6013034301874594,488.06917146897285,0.6152859280324544,0.0,2591.802490234375,22.21258134490239,0.0
8675309,8192,32768,16.233806424511208,1380.634068346083,812.2085156412018,1.6998517520542555,568.4255527048813,0.629322303442937,0.05550295839867611,1810.193359375,22.21258134490239,0.0
8675309,12288,32768,16.00399665547453,1336.9033963428308,808.0719397985415,1.6544361095821876,528.8314565442893,0.6229817155059598,0.12103548167825914,2763.14013671875,22.21258134490239,0.0
8675309,16384,32768,16.26822904507791,1324.8374402483048,812.8281228114024,1.6299109283595765,512.0093174369024,0.6194691975836141,0.12869472011587615,2715.2900390625,22.21258134490239,0.0
8675309,20480,32768,16.168064055180558,1153.5401682898175,811.02515299325,1.4223235420411409,342.5150152965675,0.5868745015997829,0.0,2635.681396484375,22.21258134490239,0.0
8675309,24576,32768,15.92320064994326,1239.871675556099,806.6176116989786,1.5371244782822897,433.2540638571204,0.6055571002368009,0.058312429515003796,1810.193359375,22.21258134490239,0.0
8675309,28672,32768,16.122809713798034,1338.9164523140712,810.2105748483646,1.6525536618238499,528.7058774657066,0.6227150467854289,0.1087204668124829,2715.2900390625,22.21258134490239,0.0
8675309,32768,32768,16.12902395379376,1439.3953215906222,810.3224311682877,1.7763241719908511,629.0728904223345,0.6395272440652428,0.11459480143848207,2534.270751953125,22.21258134490239,0.0
4303642605,-32768,-32768,16.219362610664852,1441.917433483605,811.9485269919674,1.7758729593678664,629.9689064916377,0.639469245071885,0.13504113230334613,2534.270751953125,-22.21258134490239,0.0
4303642605,-28672,-32768,15.96786297003259,1137.311116766981,807.4215334605866,1.4085716935149064,329.88958330639446,0.584515615048123,0.0,2118.777099609375,-22.21258134490239,0.0
4303642605,-24576,-32768,15.9457361166403,1444.023576486889,807.0232500995254,1.7893209102820842,637.0003263873635,0.6412049516198103,0.06386301788883687,1832.68115234375,-22.21258134490239,0.0
4303642605,-20480,-32768,16.260021688668996,1493.7910440356347,812.680390396042,1.838103960288335,681.1106536395928,0.6473714134639118,0.11867698645859738,2807.25927734375,-22.21258134490239,0.0
4303642605,-16384,-32768,15.886785481673602,1474.8934473518882,805.9621386701249,1.8299785766432293,668.9313086817633,0.6463570509837075,0.1364624848726953,2715.2900390625,-22.21258134490239,0.0
4303642605,-12288,-32768,16.027499540255388,1185.9905331676148,808.494991724597,1.466911416034605,377.4955414430178,0.5943368259870877,0.0,2757.204345703125,-22.21258134490239,0.0
4303642605,-8192,-32768,16.1240015307673,1247.2664125627825,810.2320275538113,1.5393941119908958,437.0343850089712,0.6059107882987451,0.06305330345287179,1536.0,-22.21258134490239,0.0
4303642605,-4096,-32768,16.1491986757957,1377.7713493939252,810.6855761643226,1.699513831136249,567.0857732296026,0.6292753848275109,0.12425293650795897,2638.78759765625,-22.21258134490239,0.0
4303642605,0,-32768,15.91024313157158,1447.524887141853,806.3843763682885,1.7950805218487338,641.1405107735645,0.6419437405159885,0.13388660980280204,2626.34033203125,-22.21258134490239,0.0
4303642605,4096,-32768,16.05550667381994,1336.6734685440813,808.9991201287589,1.6522557754220284,527.6743484153224,0.6226722582648092,0.0,2691.0458984375,-22.21258134490239,0.0
4303642605,8192,-32768,16.257154512953853,1456.5130852580594,812.6287812331693,1.792347402522209,643.8843040248901,0.6415956230564883,0.057583588109406884,1583.2725830078125,-22.21258134490239,0.0
4303642605,12288,-32768,16.008242449020173,1388.6048825146236,808.1483640823631,1.7182548950542735,580.4565184322605,0.6318292941506273,0.10687241627252646,2721.3173828125,-22.21258134490239,0.0
4303642605,16384,-32768,16.015715865560523,1340.4959915194265,808.2828855800894,1.6584490596474497,532.2131059393371,0.6235506385326594,0.17672999827707675,2715.2900390625,-22.21258134490239,0.0
4303642605,20480,-32768,16.05236182183983,1305.3216890579213,808.942512793117,1.6136148965034687,496.3791762648043,0.6170962889248787,0.0,2862.1669921875,-22.21258134490239,0.0
4303642605,24576,-32768,15.87846742255111,1364.2215712897275,805.81241360592,1.6929766137319593,558.4091576838075,0.6283741207097225,0.06419982959846278,1936.991455078125,-22.21258134490239,0.0
4303642605,28672,-32768,16.19180426806321,1514.9181232214041,811.4524768251378,1.8669215591634187,703.4656463962664,0.650914007073523,0.10780833596728581,2635.681396484375,-22.21258134490239,0.0
4303642605,32768,-32768,16.00251696597601,1253.6503980764753,808.0453053875682,1.5514605303909024,445.6050926889071,0.6077728265837388,0.11735221494603702,2626.34033203125,-22.21258134490239,0.0
4303642605,-32768,-28672,16.746020174555976,1211.2038606144615,821.4283631420076,1.474509421590389,389.77549747245394,0.5955864814027972,0.25019156245315194,2550.3818359375,-20.054712758020393,0.0
4303642605,-28672,-28672,15.891790347155222,531.6374545130454,827.4781677416833,0.6424791314603101,-295.8407132286378,0.39087666211180233,0.3121849527240074,1180.1016845703125,-20.054712758020393,155.08245683701674
4303642605,-24576,-28672,15.35330388953678,727.0658228843394,833.0698529652826,0.8727549320100522,-106.00403008094327,0.46572878586522976,0.4502222851099153,2191.007080078125,-20.054712758020393,204.31095489223242
4303642605,-20480,-28672,16.09245300319958,996.6740863292185,818.54830788754,1.2176118094989101,178.12577844167856,0.548762139208746,0.4410969718402948,461.51055908203125,-20.054712758020393,114.87644367599628
4303642605,-16384,-28672,16.67608632291901,1114.6047214293349,820.1695538125422,1.3589930475328138,294.4351676167927,0.5757927128616603,0.23440248324799476,2807.25927734375,-20.054712758020393,0.0
4303642605,-12288,-28672,15.974030672157959,485.68282841143787,819.6735243222503,0.5925320435511521,-333.9906959108124,0.37178433541131056,0.30314601027648314,640.0,-20.054712758020393,129.74136027751305
4303642605,-8192,-28672,15.186339295346118,724.4043560254561,834.5256703804179,0.8680432271127585,-110.12131435496178,0.46438259650306607,0.5079034210558889,2521.3076171875,-20.054712758020393,226.4442106054254
4303642605,-4096,-28672,16.151757219887095,982.8918864858745,817.7582782674477,1.2019344989919134,165.13360821842673,0.5455509097796739,0.4392452811171018,362.0386657714844,-20.054712758020393,108.66521528457291
4303642605,0,-28672,16.73815155824215,1152.4085977901977,821.2867280483588,1.403174504632129,331.12186974183896,0.5835880516407391,0.24925842591758357,2807.25927734375,-20.054712758020393,0.0
4303642605,4096,-28672,15.765960511500122,509.98371658834424,814.7067856528654,0.6259720988817697,-304.72306906452116,0.38469289455281364,0.31061047754771587,572.4334106445312,-20.054712758020393,127.30484607513556
4303642605,8192,-28672,15.144870342851432,692.2826618443485,832.9978913651579,0.8310737266210861,-140.71522952080943,0.4535749737416209,0.5060244769953173,2462.129150390625,-20.054712758020393,224.9026230389927
4303642605,12288,-28672,16.187898298085937,1090.0377471559282,814.9484878001922,1.3375541687282473,275.089259355736,0.5719022137539325,0.42102268859403097,181.0193328857422,-20.054712758020393,100.22234511933057
4303642605,16384,-28672,16.687362846115427,1221.3270297294632,820.3725312300777,1.4887468597933051,400.9544984993855,0.5978985128658642,0.23075042674321064,2807.25927734375,-20.054712758020393,0.0
4303642605,20480,-28672,16.133940351660556,554.4412530970224,817.43757463937,0.6782673934968378,-262.9963215423477,0.40385301447993566,0.29960020465275017,362.0386657714844,-20.054712758020393,112.19228630448661
4303642605,24576,-28672,15.529967449567472,666.3591644724513,830.3865218617572,0.8024686660116418,-164.02735738930585,0.44490808456500486,0.4496909368024538,1782.833740234375,-20.054712758020393,187.78614581298694
4303642605,28672,-28672,16.021492196384134,953.8568742474605,817.271013364862,1.1671243181869968,136.58586088259847,0.5382551005010368,0.4559576059394926,461.51055908203125,-20.054712758020393,114.88930552281082
4303642605,32768,-28672,16.61868474620739,1337.3594460845027,819.136325431733,1.6326457569558226,518.2231206527697,0.6198665433048052,0.23137770884459874,3012.76220703125,-20.054712758020393,0.0
4303642605,-32768,-24576,17.53602270258316,1155.8008562535854,835.6484086464968,1.3831185990357366,320.15244760708856,0.5800904829120187,0.2716934564496982,1792.0,-17.754944772668892,0.0
4303642605,-28672,-24576,16.29452930267644,541.2176868292014,851.9975491297718,0.6352338541137822,-310.77986230057036,0.3881880450524122,0.4314221123031554,2335.78076171875,-17.754944772668892,217.7439626633369
4303642605,-24576,-24576,15.32446150800466,656.594942715953,867.4216894777127,0.7569501093652597,-210.82674676175964,0.430549365072479,0.6952002795622575,5445.64404296875,-17.754944772668892,382.64990789646686
4303642605,-20480,-24576,16.208630720291264,892.7258658294979,846.5135129041699,1.054591394255226,46.21235292532799,0.512990268315336,0.5961658328246715,2051.99609375,-17.754944772668892,201.55227324382173
4303642605,-16384,-24576,17.665592811326448,1115.202395905713,837.9806706038761,1.330821145435326,277.22172530183695,0.5706744751900862,0.2738707628525107,1936.991455078125,-17.754944772668892,0.0
4303642605,-12288,-24576,16.272296294841308,528.4260797047971,849.403133192154,0.6221145873560785,-320.9770534873569,0.38324259071546796,0.4421812185423125,2176.0,-17.754944772668892,201.68435623725372
4303642605,-8192,-24576,15.024394525443963,709.2553638386344,865.8341073591095,0.8191584944625735,-156.5787435204751,0.45000958181621387,0.7166011033890695,5937.87548828125,-17.754944772668892,407.50410655426776
4303642605,-4096,-24576,16.23610078731988,840.1916167998183,850.0244258940146,0.9884323217137501,-9.83280909419625,0.4967973313814652,0.6023001192615058,2268.165771484375,-17.754944772668892,209.6041111750945
4303642605,0,-24576,17.339524662035696,1119.795526081169,832.1114439166425,1.3457278280063476,287.68408216452656,0.5733993186999705,0.2672828350899208,1792.0,-17.754944772668892,0.0
4303642605,4096,-24576,16.064564523884435,544.7355017393306,843.8635300616129,0.6455255883609023,-299.12802832228226,0.3920091258507458,0.43144881807834173,2048.0,-17.754944772668892,196.74853945842648
4303642605,8192,-24576,14.98731732746601,624.7556348019349,863.1052949307998,0.7238463701604625,-238.3496601288649,0.41961987337130585,0.7111802855673723,5666.8017578125,-17.754944772668892,396.05876983173283
4303642605,12288,-24576,16.309678414594924,932.2906040477047,848.3323714016358,1.0989685593482081,83.95823264606895,0.5232816465069289,0.5802496131183559,2051.99609375,-17.754944772668892,200.63314194535386
4303642605,16384,-24576,17.673412232054122,1054.7977885176256,838.1214201769742,1.2585262267785722,216.67636834065138,0.5569391680887243,0.2549129600642574,2048.0,-17.754944772668892,0.0
4303642605,20480,-24576,16.377961201637564,615.7975877910096,841.9062653744064,0.7314324802145956,-226.1086775833968,0.42215394609037105,0.45295620907627365,1536.0,-17.754944772668892,172.55055682961023
4303642605,24576,-24576,15.025908709856083,628.2083212512324,863.1845218150083,0.7277798725240182,-234.97620056377593,0.42094032021791794,0.6956262428797217,5588.193359375,-17.754944772668892,383.56435508087327
4303642605,28672,-24576,16.04481287970206,839.4878884918951,845.4650510244647,0.9929303257120717,-5.9771625325696505,0.4979307955847892,0.5993119492446882,2187.264892578125,-17.754944772668892,213.0984779378544
4303642605,32768,-24576,17.636374439283667,1160.12440107478,837.4547399071059,1.3852980296027293,322.6696611676741,0.5804745868131197,0.2590319183669434,1796.5655517578125,-17.754944772668892,0.0
4303642605,-32768,-20480,18.39412712664697,1273.3710514364825,851.0942882796455,1.4961574398653334,422.276763156837,0.5991022425265945,0.1516013229126452,2635.681396484375,-15.298804780876495,0.0
4303642605,-28672,-20480,17.67656493050049,635.8614378384107,848.5623080027012,0.749339714764218,-212.70087016429056,0.4280673710910405,0.295313632990449,543.0579833984375,-15.298804780876495,115.05598654717929
4303642605,-24576,-20480,16.9526646529319,747.4483018096257,858.0100793039313,0.8711416332265003,-110.5617774943056,0.4652771030965104,0.37488027247690225,1920.0,-15.298804780876495,193.97347737498563
4303642605,-20480,-20480,19.406554309431545,1052.2591277822555,869.3179775697679,1.2104421568778676,182.94115021248763,0.5473169969896147,0.0,181.0193328857422,-15.298804780876495,0.0
4303642605,-16384,-20480,18.41936527648887,1342.1113370749513,851.5485749767996,1.5760831225764391,490.56276209815167,0.6115349944220897,0.3433111295650128,2462.129150390625,-15.298804780876495,0.0
4303642605,-12288,-20480,17.262827646780487,619.8009816590944,844.767036144471,0.733694563282056,-224.96605448537662,0.42290837008573984,0.28428496370961154,746.36181640625,-15.298804780876495,132.98014075528957
4303642605,-8192,-20480,17.08210472520354,655.9526213895415,860.3400006048208,0.7624341782648784,-204.38737921527934,0.43231780862899283,0.38704296609981265,1920.0,-15.298804780876495,194.18282758102112
4303642605,-4096,-20480,17.308778534848393,904.6772405585559,840.4421674572186,1.0764300930969257,64.23507310133732,0.5181073163756869,0.27613438080427183,461.51055908203125,-15.298804780876495,123.53880781843931
4303642605,0,-20480,18.390990528295337,1075.355671314319,851.037829509316,1.2635815166222848,224.3178418050029,0.5579326021670127,0.0,2638.78759765625,-15.298804780876495,0.0
4303642605,4096,-20480,17.471395955438165,705.3601279703823,846.6260994212939,0.833142432595129,-141.2659714509116,0.4541959970598532,0.27161240746534987,640.0,-15.298804780876495,126.22081798774632
4303642605,8192,-20480,17.145385287725883,699.2886283989689,857.7551857555907,0.8152543289877873,-158.46655735662182,0.4488247519396131,0.49670679199858453,1668.915771484375,-15.298804780876495,181.98288507417675
4303642605,12288,-20480,17.445286017096358,859.015251023198,839.6050944379087,1.0231181977263772,19.4101565852892,0.5054159614629391,0.24092894172103121,286.2167053222656,-15.298804780876495,109.52518631129533
4303642605,16384,-20480,18.05110551151732,1219.1930797242433,844.9198992073118,1.442968831563877,374.27318051693146,0.5903759707883041,0.32094035539931537,2715.2900390625,-15.298804780876495,0.0
4303642605,20480,-20480,19.184383436112824,611.2023512697721,865.3189018500309,0.7063319083438906,-254.11655058025883,0.41366738378836265,0.2616914788759884,128.0,-15.298804780876495,0.0
4303642605,24576,-20480,16.92394186972785,713.9078405078859,857.2437429925927,0.8327944605529243,-143.33590248470682,0.45409606045641754,0.3699932013835168,1902.8568115234375,-15.298804780876495,189.1995179745449
4303642605,28672,-20480,19.479137392970937,1063.0795403406664,870.6244730734768,1.221054051682909,192.45506726718963,0.5494791621715127,0.0,181.0193328857422,-15.298804780876495,0.0
4303642605,32768,-20480,18.0820565631375,1182.4270676703022,845.477018136475,1.3985324761121272,336.95004953382727,0.5827910131099764,0.0,2946.78125,-15.298804780876495,0.0
4303642605,-32768,-16384,18.99899650106918,1269.5129709524606,861.9819370192452,1.4727837283255236,407.53103393321544,0.5953181722529602,0.13061783175469444,2626.34033203125,-12.6697827880121,0.0
4303642605,-28672,-16384,19.190879988775603,1276.226629968763,865.4358397979609,1.474663483160927,410.7907901708022,0.5956265384662796,0.0,2691.0458984375,-12.6697827880121,0.0
4303642605,-24576,-16384,18.9673406112779,1399.2506025926157,861.4121310030023,1.6243683507955367,537.8384715896134,0.6186822561152036,0.04959668548200425,1936.991455078125,-12.6697827880121,0.0
4303642605,-20480,-16384,19.174436888823102,1476.066268838894,865.1398639988158,1.7061591197708519,610.9264048400782,0.6302034001809054,0.11189930671252471,2921.654296875,-12.6697827880121,0.0
4303642605,-16384,-16384,19.134996287509118,1401.7947332035349,864.4299331751641,1.6216406667623824,537.3648000283707,0.6182866453383011,0.1263111658538525,2715.2900390625,-12.6697827880121,0.0
4303642605,-12288,-16384,18.95501946947924,1334.7838518078404,861.1903504506263,1.5499289455686558,473.5935013572141,0.6075555418155099,0.0,2807.25927734375,-12.6697827880121,0.0
4303642605,-8192,-16384,19.14309893400177,1269.1553711580889,864.5757808120319,1.4679515657564053,404.579590346057,0.5945270297792764,0.035374574389697176,1792.0,-12.6697827880121,0.0
4303642605,-4096,-16384,19.134130533027054,1345.1982522472601,864.414349594487,1.5561961146044345,480.7839026527731,0.6085183134876383,0.116816933257941,2807.25927734375,-12.6697827880121,0.0
4303642605,0,-16384,19.19583303451905,1279.1623009259313,865.5249946213429,1.4779033637099641,413.6373063045884,0.596155042526675,0.11655759681013067,2715.2900390625,-12.6697827880121,0.0
4303642605,4096,-16384,19.014872340863814,1256.2737389856222,862.2677021355487,1.4569416619389226,394.00603685007354,0.5927101563633937,0.0,2638.78759765625,-12.6697827880121,0.0
4303642605,8192,-16384,19.2254204933279,1289.6951731075314,866.0575688799022,1.489156401895468,423.63760422762925,0.5979800781053306,0.06195645226405129,2111.030029296875,-12.6697827880121,0.0
4303642605,12288,-16384,19.06387077738507,1460.9169978069394,863.1496739929312,1.692541909966479,597.7673238140083,0.6283333787912502,0.10093217259663527,2721.3173828125,-12.6697827880121,0.0
4303642605,16384,-16384,18.96885406734502,1297.5059152422614,861.4393732122104,1.5062068853481911,436.066542030051,0.6007123986787088,0.0,2534.270751953125,-12.6697827880121,0.0
4303642605,20480,-16384,19.14428423457296,1199.680380248934,864.5971162223133,1.387560006550451,335.08326402662067,0.5808809626303096,0.0,2715.2900390625,-12.6697827880121,0.0
4303642605,24576,-16384,19.06205959945077,1444.9748289436425,863.1170727901139,1.6741353803518382,581.8577561535286,0.6257762317119985,0.05311551675467728,2176.0,-12.6697827880121,0.0
4303642605,28672,-16384,18.89215976192789,1516.7022862309739,860.058875714702,1.7634865810443574,656.6434105162718,0.6378699048940163,0.11791112075220447,2715.2900390625,-12.6697827880121,0.0
4303642605,32768,-16384,18.925350772953927,1325.5961177317456,860.6563139131706,1.5402154103821304,464.939803818575,0.6060553864534215,0.1306614362257818,2626.34033203125,-12.6697827880121,0.0
4303642605,-32768,-12288,20.03390520168352,1229.2383813642682,880.6102936303034,1.395893723086918,348.6280877339648,0.5823432043831515,0.23837981958687054,2715.2900390625,-9.848959817611854,0.0
4303642605,-28672,-12288,21.2016295827511,557.1688264437148,901.6293324895198,0.6179577420194359,-344.460506045805,0.3816752494405615,0.3067893782539439,128.0,-9.848959817611854,0.0
4303642605,-24576,-12288,18.84294220010591,659.7560626503384,895.2516200360268,0.7369504258744468,-235.49555738568836,0.42400565883537567,0.48209110370932656,2145.6708984375,-9.848959817611854,199.46484347021106
4303642605,-20480,-12288,19.375270238044806,1054.2815355510706,874.3448104149808,1.2057960692311864,179.93672513608988,0.5463656410760983,0.4166507041309718,286.2167053222656,-9.848959817611854,104.36439242879129
4303642605,-16384,-12288,19.72797444401594,1193.6006766447383,875.1035399922869,1.3639536604494351,318.49713665245145,0.5767010894842595,0.229956345462957,2524.5546875,-9.848959817611854,0.0
4303642605,-12288,-12288,18.9429998052192,559.813750114144,871.0782498912891,0.6426675791572215,-311.26449977714515,0.3909608756191248,0.2993260587730087,527.7575073242188,-9.848959817611854,123.29951224373016
4303642605,-8192,-12288,18.82677899527619,710.0222515559218,896.2067039551267,0.7922527787646105,-186.18445239920493,0.4417679566569014,0.42567315716228427,2235.423828125,-9.848959817611854,213.0791829587348
4303642605,-4096,-12288,19.015568901853968,1031.0309557110543,875.9220886317888,1.177080666297101,155.10886707926545,0.540385917131505,0.4965189722002381,724.0773315429688,-9.848959817611854,133.09346278756794
4303642605,0,-12288,19.804211166438407,1292.4200036368775,876.4758009958913,1.4745643886213078,415.9442026409862,0.5956138543046796,0.2332275961320168,2672.718505859375,-9.848959817611854,0.0
4303642605,4096,-12288,19.14224382425272,571.4174785159979,874.3756490770153,0.6535148584240448,-302.95817056101737,0.3949545153470892,0.3045366177412795,512.0,-9.848959817611854,125.75049102262003
4303642605,8192,-12288,18.802392026942893,727.3534977699846,892.2741542718496,0.815168179295241,-164.92065650186498,0.44880975395772715,0.4918833272887729,1987.0943603515625,-9.848959817611854,199.974632950064
4303642605,12288,-12288,19.286671682618906,965.2035331988764,879.3010625105472,1.0976940371743253,85.90247068832912,0.523002508605429,0.4790671478550922,640.0,-9.848959817611854,127.45070188375045
4303642605,16384,-12288,19.90785119723156,1312.414403361719,878.3413215501681,1.4941963575679935,434.0730818115509,0.5987959280519185,0.23331618839380236,2635.681396484375,-9.848959817611854,0.0
4303642605,20480,-12288,19.144455226223215,488.52679448472526,872.4285966600249,0.5599619227922883,-383.9018021752997,0.35869515085520454,0.2899672868110848,404.77154541015625,-9.848959817611854,117.2019273276232
4303642605,24576,-12288,18.948888549949743,810.1486644084969,886.271653521463,0.9141087398987622,-76.12298911296614,0.4772822946979275,0.4699125392296124,1413.80615234375,-9.848959817611854,165.1509857792922
4303642605,28672,-12288,21.202246720141392,1416.113780742907,901.6404409625451,1.5705970100799123,514.4733397803619,0.6107218123796451,0.23625168546033548,256.0,-9.848959817611854,0.0
4303642605,32768,-12288,19.75269238107009,1162.2539812748741,875.5484628592617,1.3274581940094141,286.70551841561246,0.5700669942881468,0.2265067579046649,2715.2900390625,-9.848959817611854,0.0
4303642605,-32768,-8192,20.703137068231733,1052.633954103436,892.6564672281712,1.1792150650877131,159.97748687526484,0.5408411522588946,0.2586578586091229,1792.0,-6.81455190771961,0.0
4303642605,-28672,-8192,19.640687646706766,616.0104209871394,912.5586692193609,0.6750365119144605,-296.54824823222157,0.40273461652129394,0.4632165435230087,2360.203369140625,-6.81455190771961,218.7018863725006
4303642605,-24576,-8192,18.655253017077534,682.6002526291965,929.262659699376,0.7345611550237294,-246.66240707017948,0.4232227348099236,0.709568121813412,5684.12255859375,-6.81455190771961,414.8361622336812
4303642605,-20480,-8192,19.782394893090828,885.2742505159814,910.784476707328,0.9719909299688865,-25.510226191346646,0.49262399559075387,0.5812238912559236,2048.0,-6.81455190771961,197.87922417672274
4303642605,-16384,-8192,20.680841506830987,1005.6158851537015,892.2551471229577,1.1270496879690424,113.36073803074373,0.5295861951972664,0.261405373078793,1792.0,-6.81455190771961,0.0
4303642605,-12288,-8192,19.586945476099228,535.4655555480714,909.4305674080879,0.5887921241466172,-373.9650118600165,0.3703347336275465,0.4234736336072244,2202.1953125,-6.81455190771961,211.7077302951917
4303642605,-8192,-8192,18.872149027722138,635.5514955958815,932.8629795539841,0.681291368106116,-297.3114839581026,0.4049608982580537,0.7082940420977736,5645.07568359375,-6.81455190771961,395.8060477496596
4303642605,-4096,-8192,19.641400618330035,838.6084767313098,901.3772129537925,0.9303635200441877,-62.768736222482744,0.48168602516370573,0.5409694308978563,1583.2725830078125,-6.81455190771961,175.00843477498137
4303642605,0,-8192,20.635730208074655,1242.953495615961,891.4431437453438,1.394316064167332,351.5103518706171,0.582071486254529,0.2578701368055203,2391.2373046875,-6.81455190771961,0.0
4303642605,4096,-8192,19.85723560320363,580.7440584881243,906.7902467804412,0.6404392422062942,-326.04618829231686,0.39014489382785494,0.4312402015870043,1683.5771484375,-6.81455190771961,175.94907375352818
4303642605,8192,-8192,18.8778050557476,705.5163249581302,933.0100544037952,0.7561722637694015,-227.49372944566494,0.43031715368477613,0.7271657988097979,5650.87744140625,-6.81455190771961,382.0626911174004
4303642605,12288,-8192,19.459132690401177,843.5565688588471,911.9426592675437,0.9250105368865811,-68.38609040869665,0.48024875579287646,0.6270106585960884,2560.0,-6.81455190771961,228.37886557494528
4303642605,16384,-8192,20.75337252980947,1039.8536427493266,893.5607055365705,1.163719080647027,146.2929372127561,0.5375547610421473,0.2711471706809099,1546.6298828125,-6.81455190771961,0.0
4303642605,20480,-8192,19.618500912802784,548.9839761844445,905.173759210077,0.6064956817390833,-356.18978302563255,0.3772676754081263,0.45762588402335336,1863.7081298828125,-6.81455190771961,189.36840892283533
4303642605,24576,-8192,19.024083413468713,689.9169034066131,933.2120170380962,0.7392927767864875,-243.2951136314831,0.4247919575360459,0.70350167886535,5346.96923828125,-6.81455190771961,385.66250766490606
4303642605,28672,-8192,19.813925334368133,830.7744698403942,907.7015689335367,0.9152506707865179,-76.92709909314249,0.4776004103085923,0.5609642154793018,1796.5655517578125,-6.81455190771961,190.98591288461316
4303642605,32768,-8192,20.80072191244737,1184.8215680607987,894.4129944240526,1.3246918095412417,290.40857363674604,0.5695615241800055,0.26011036190930914,2235.423828125,-6.81455190771961,0.0
4303642605,-32768,-4096,21.47915261911269,1316.8327084119624,906.6247471440283,1.4524561706043608,410.207961267934,0.5919792734731478,0.16551161882012447,2691.0458984375,-3.5413464494312943,0.0
4303642605,-28672,-4096,21.035626069734967,628.7793627034998,911.6648715027388,0.6897044981749204,-282.885508799239,0.4079157382085169,0.284251789625587,689.3010864257812,-3.5413464494312943,125.1487171467759
4303642605,-24576,-4096,20.621960613134842,610.7897615044684,927.2739514705476,0.6586939712215873,-316.48418996607916,0.3968580094217214,0.37919289294731306,2145.6708984375,-3.5413464494312943,203.82678084961543
4303642605,-20480,-4096,20.91955611918132,806.4077910593423,911.8737185757461,0.8843415207961791,-105.46592751640378,0.4690376686657321,0.2953416618024194,819.5999145507812,-3.5413464494312943,139.49435454825405
4303642605,-16384,-4096,21.5267932243501,1239.0845697161355,907.4822780383018,1.365409110131226,331.6022916778337,0.5769713622706371,0.14488505443759803,2715.2900390625,-3.5413464494312943,0.0
4303642605,-12288,-4096,21.10808453310707,608.5070868045916,902.4784080787738,0.6742622109929498,-293.9713212741822,0.402455637877354,0.2670861965515827,128.0,-3.5413464494312943,97.92392352563665
4303642605,-8192,-4096,20.811550439593812,614.8432713702891,925.5911114598313,0.6642709331991808,-310.74784008954214,0.39887735619431186,0.3654075933612686,1792.0,-3.5413464494312943,190.7362634134336
4303642605,-4096,-4096,21.064962350852387,841.5988079656076,906.195970624823,0.9287161223916329,-64.59716265921531,0.4812450370214142,0.25061496188451604,362.0386657714844,-3.5413464494312943,116.47971931399528
4303642605,0,-4096,21.490352556958825,1329.7560032869164,906.8263460252589,1.4663843955520424,422.92965726165755,0.5942824869420689,0.16505986395166455,2445.4365234375,-3.5413464494312943,0.0
4303642605,4096,-4096,20.842017221898914,674.8317132999493,902.1829583036605,0.7479987369400206,-227.35124500371114,0.42764603234909854,0.2839471289824825,362.0386657714844,-3.5413464494312943,111.13254070094553
4303642605,8192,-4096,20.535712665408475,622.2275042730332,929.5873220871607,0.6693588536426828,-307.3598178141275,0.40070940443783487,0.41155652052363384,2428.629150390625,-3.5413464494312943,218.84350475871875
4303642605,12288,-4096,20.839543729563932,762.3887570113294,903.9959409620983,0.8433541816569882,-141.6071839507689,0.4572362682336906,0.2630195290598394,461.51055908203125,-3.5413464494312943,119.17049800847732
4303642605,16384,-4096,21.550839869624863,1157.2274169070047,907.9151176532475,1.2745986870426524,249.31229925375715,0.5600907960366363,0.16423680972505486,2462.129150390625,-3.5413464494312943,0.0
4303642605,20480,-4096,21.049038565435353,606.1820650951972,906.7110967658434,0.6685503985309035,-300.5290316706462,0.4004127109934316,0.28477180988958234,404.77154541015625,-3.5413464494312943,111.6134963416794
4303642605,24576,-4096,20.82363747457318,656.0280648578415,930.6894920571303,0.7048839279444354,-274.6614271992888,0.41318940009238325,0.39043579894722535,2130.344482421875,-3.5413464494312943,202.1615811441782
4303642605,28672,-4096,23.09958607816972,1168.2583657495766,935.792549407055,1.2484159726317745,232.46581634252152,0.5549786740729021,0.0,128.0,-3.5413464494312943,0.0
4303642605,32768,-4096,21.56938260757397,1258.982749385205,908.2488869363315,1.3861649240572755,350.7338624488734,0.580649561741984,0.1398992330271007,2810.17578125,-3.5413464494312943,0.0
4303642605,-32768,0,22.496292045140162,1321.9084106591383,924.9332568125229,1.4291932968381516,396.9751538466154,0.5880789691677889,0.12796821016910986,2626.34033203125,0.0,0.0
4303642605,-28672,0,22.676898401904293,1316.2930745481335,928.1841712342773,1.4181378171939285,388.1089033138562,0.5861974673849283,0.0,2715.2900390625,0.0,0.0
4303642605,-24576,0,22.559322193273495,1205.8989073420169,926.0677994789229,1.3021712967674164,279.83110786309396,0.5653622738159555,0.059868932132799646,1920.0,0.0,0.0
4303642605,-20480,0,22.647381983809552,1474.2816211276709,927.652875708572,1.5892600128055074,546.6287454190989,0.6135338366770892,0.24320326391049663,2353.25146484375,0.0,0.0
4303642605,-16384,0,22.551104853407548,1259.2298326286004,925.9198873613359,1.3599770885331377,333.30994526726454,0.576003473647906,0.1215516650262504,2534.270751953125,0.0,0.0
4303642605,-12288,0,22.46175368550038,1165.0242772068605,924.3115663390068,1.2604237787711163,240.71271086785362,0.5573383247500616,0.0,2715.2900390625,0.0,0.0
4303642605,-8192,0,22.51385408807932,1377.7061396912395,925.2493735854277,1.489010615973183,452.45676610581177,0.5979742802116335,0.0434792059563961,1792.0,0.0,0.0
4303642605,-4096,0,22.67387969416816,1382.2800229536572,928.1298344950269,1.489317519574966,454.1501884586303,0.5980246292102461,0.1170644823741989,2663.507568359375,0.0,0.0
4303642605,0,0,22.51767138243844,1392.6797866069203,925.318084883892,1.5050822083323623,467.3617017230283,0.6005524212541038,0.13695816514496645,2626.34033203125,0.0,0.0
4303642605,4096,0,22.407508685090523,1203.3090116954716,923.3351563316294,1.3032201833147632,279.9738553638422,0.565559330727404,0.0,2810.17578125,0.0,0.0
4303642605,8192,0,22.672371373943157,1334.595051318066,928.1026847309768,1.4379821040006113,406.49236658708924,0.5895641587058389,0.0545923511305287,1664.0,0.0,0.0
4303642605,12288,0,22.652155336501558,1467.0688409455229,927.738796057028,1.5813382464770205,539.3300448884949,0.6123483447865646,0.16221919158544698,2700.162841796875,0.0,0.0
4303642605,16384,0,22.305799654136617,1277.9704092903075,921.5043937744591,1.3868305109819092,356.4660155158484,0.5807702989874649,0.21056927839702894,2715.2900390625,0.0,0.0
4303642605,20480,0,22.37622196283543,1341.174107248418,922.7719953310377,1.4534187361930957,418.40211191738035,0.5921439391961729,0.0,2748.276611328125,0.0,0.0
4303642605,24576,0,22.357945807135028,1411.5020140070903,922.4430245284304,1.5301779909156727,489.0589894786599,0.6045118795996952,0.04079933071263084,1920.0,0.0,0.0
4303642605,28672,0,22.69354281161412,1445.889791088338,928.4837706090541,1.557259089342922,517.4060204792838,0.6086999596203031,0.11308316317866489,3328.0,0.0,0.0
4303642605,32768,0,22.528359599481355,1204.6034579866975,925.5104727906644,1.3015557288665707,279.09298519603317,0.5652459216703148,0.128858018699076,5340.83740234375,0.0,0.0
4303642605,-32768,4096,21.82481754059186,1121.5430364155393,912.8467157306534,1.2286214290838993,208.6963206848859,0.5510212652063033,0.149381363329336,2521.3076171875,3.5413464494312943,0.0
4303642605,-28672,4096,21.120692867282873,723.0048137151638,902.7053580939382,0.8009311202514494,-179.70054437877445,0.44445828534476634,0.26709493104208654,128.0,3.5413464494312943,102.15961045180606
4303642605,-24576,4096,20.719879133879726,669.9480482425664,923.1809849795038,0.7256952419329135,-253.2329367369374,0.4202596115375055,0.3615996259890492,1740.98828125,3.5413464494312943,177.13861582308616
4303642605,-20480,4096,21.004136329103094,774.8873739687325,910.2154261472626,0.8513230513447313,-135.32805217853013,0.45957303072827127,0.27534140465680224,640.0,3.5413464494312943,124.58815346276167
4303642605,-16384,4096,21.577886375161455,1333.9172476724634,908.4019547529062,1.468421815577556,425.51529291955717,0.5946176746627478,0.14046446932765305,2462.129150390625,3.5413464494312943,0.0
4303642605,-12288,4096,20.878559298234855,571.5478790555931,901.4040134984017,0.6340640495235674,-329.85613444280864,0.38776562650578894,0.2604997404790202,286.2167053222656,3.5413464494312943,108.64058238198146
4303642605,-8192,4096,20.504705786933762,614.0002284307185,927.3973161581487,0.6620681532423297,-313.3970877274302,0.3980816946868149,0.41277236472235485,2307.552734375,3.5413464494312943,213.40292493794027
4303642605,-4096,4096,20.840970663732453,914.0828176481685,902.9658745351912,1.012311587211089,11.11694311297731,0.5027823630787434,0.25118813190647843,404.77154541015625,3.5413464494312943,112.39719697190363
4303642605,0,4096,21.68682487431297,1214.5755510380438,910.3628477376335,1.3341664305133027,304.21270330041034,0.5713126738467657,0.13286011424109187,2721.3173828125,3.5413464494312943,0.0
4303642605,4096,4096,21.106816534356465,630.9478492475904,903.4890160530617,0.6983458991055791,-272.54116680547133,0.4109239940152441,0.2544293300052965,181.0193328857422,3.5413464494312943,105.36165920686706
4303642605,8192,4096,20.73798680526437,619.970153277339,929.9421816845863,0.6666760208191285,-309.9720284072473,0.39974545259681565,0.4021054864071257,2187.264892578125,3.5413464494312943,210.23666166647536
4303642605,12288,4096,21.07340712532667,778.1059613169688,908.2054820858276,0.8567510069746924,-130.09952076885884,0.46115135670968044,0.2588146998697802,461.51055908203125,3.5413464494312943,111.87755793216564
4303642605,16384,4096,21.637431510503323,1085.3231658086856,909.4737671890598,1.193352909081841,175.84939861962584,0.5438044060817843,0.1812005632023013,2807.25927734375,3.5413464494312943,0.0
4303642605,20480,4096,20.943222735881154,641.1427500738934,909.1189814692677,0.7052352476875072,-267.9762313953744,0.4133040460142716,0.2914098504665827,640.0,3.5413464494312943,131.23368194494947
4303642605,24576,4096,20.7091987369825,700.7382988345524,922.6335966314056,0.7594979213774492,-221.89529779685313,0.43139031202798706,0.35947000354914044,1717.3001708984375,3.5413464494312943,180.4593989483614
4303642605,28672,4096,21.12117479201742,874.9960668367356,905.1934566058817,0.9666398496931536,-30.19738976914607,0.49124254062845346,0.23733827615561587,256.0,3.5413464494312943,100.80758379230625
4303642605,32768,4096,21.7501220518539,1120.8617381551067,911.5021969333702,1.229686271658038,209.35954122173644,0.5512351816677299,0.1482036782902282,2807.25927734375,3.5413464494312943,0.0
4303642605,-32768,8192,20.838373775096084,1053.4472013995385,895.0907279517295,1.1769166728049816,158.35647344780898,0.5403573767605977,0.2618946710382991,2048.0,6.81455190771961,0.0
4303642605,-28672,8192,19.89452870193294,485.7437991576888,912.8596765737201,0.5321122310724188,-427.1158774160313,0.3470581543846534,0.3810532897862337,2051.99609375,6.81455190771961,201.49134223154923
4303642605,-24576,8192,18.981510229254813,672.4474493856934,934.6609269670988,0.7194560401361085,-262.2134775814054,0.418160529025296,0.7031460418979892,5623.26611328125,6.81455190771961,397.34884206527363
4303642605,-20480,8192,19.5639172729982,877.3975465429282,910.6076629246955,0.963529720060665,-33.21011638176731,0.49043878793624424,0.6068606467753935,2318.1787109375,6.81455190771961,210.8222773527305
4303642605,-16384,8192,20.602537949186985,1235.6193303461914,890.8456830853657,1.3870183734479493,344.77364726082567,0.5807941952254072,0.24628134847711775,1792.0,6.81455190771961,0.0
4303642605,-12288,8192,19.76844541126128,455.4127349604434,908.6941329538602,0.5011727471817709,-453.28139799341676,0.3336095844688348,0.3753928126133403,1920.0,6.81455190771961,190.37610117655504
4303642605,-8192,8192,18.82992038639627,691.4711111979168,933.8462243121342,0.7404550055414643,-242.37511311421736,0.4251760072280453,0.7188612769500018,5872.67578125,6.81455190771961,393.48858172981676
4303642605,-4096,8192,19.843242691189953,840.0184965262902,915.874390123015,0.9171765316131,-75.85589359672485,0.4781273251827827,0.5937769547800003,2335.78076171875,6.81455190771961,209.7188615030325
4303642605,0,8192,20.6461672047783,1135.4639483071992,891.6310096860094,1.2734684370242533,243.83293862118978,0.5598672507083869,0.255535659082664,1792.0,6.81455190771961,0.0
4303642605,4096,8192,19.662551986187363,546.2044597543161,906.7880513025297,0.6023507466488297,-360.5835915482136,0.3756583721035146,0.4536643863829116,1920.0,6.81455190771961,189.12331883130952
4303642605,8192,8192,18.91440192322206,624.831826218128,934.7288632968637,0.6684631776687584,-309.8970370787357,0.4003893154660458,0.733066223946607,5788.37451171875,6.81455190771961,391.9348904838063
4303642605,12288,8192,19.772113925369137,792.0751030541109,914.9243422352837,0.8657274339416573,-122.84923918117283,0.46374435614638376,0.6070958958124412,2360.203369140625,6.81455190771961,216.44859005354175
4303642605,16384,8192,20.59282286137088,1217.8418472739174,890.6708115046758,1.3673310403161494,327.1710357692416,0.5773095706280554,0.25213697771097093,1683.5771484375,6.81455190771961,0.0
4303642605,20480,8192,19.823044194253296,540.9634502995237,907.0379560662282,0.5964066296030779,-366.0745057667044,0.37333535214180164,0.3769577398295181,1740.98828125,6.81455190771961,181.95985850469657
4303642605,24576,8192,21.921724624184954,754.2909336319758,929.9127516658116,0.811141617620327,-175.62181803383578,0.4475962996121073,0.4943527891847673,819.5999145507812,6.81455190771961,135.9420571459932
4303642605,28672,8192,19.62636893463136,910.5656732605161,909.7764407083749,1.0008675016375743,0.7892325521411294,0.4999421395227612,0.5908938856766957,2176.0,6.81455190771961,212.33519814442002
4303642605,32768,8192,20.710539874696572,992.1698790032427,892.7897177445383,1.1113141866259049,99.38016125870445,0.5260822557992109,0.2685314876096884,1792.0,6.81455190771961,0.0
4303642605,-32768,12288,19.753517014120128,1251.9401684033585,875.5633062541623,1.4298682453464306,376.3768621491962,0.5881785880592925,0.2410079644300274,3270.894775390625,9.848959817611854,0.0
4303642605,-28672,12288,21.202246720141392,544.9355014472789,901.6404409625451,0.6043822755615683,-356.70493951526623,0.3764469175552255,0.3129144732088933,128.0,9.848959817611854,0.0
4303642605,-24576,12288,18.508419508279413,733.1561162954137,894.829821989352,0.8193246338901496,-161.67370569393836,0.45006902703370627,0.446804471062664,2560.0,9.848959817611854,226.4544132261643
4303642605,-20480,12288,19.092327182989322,919.4712795056838,876.6854915413172,1.0488040333474027,42.78578796436659,0.5116255266756786,0.4862497122468453,689.3010864257812,9.848959817611854,129.9528141040248
4303642605,-16384,12288,19.814448929450887,1151.4683698954332,876.660080730116,1.3134718863170392,274.8082891653172,0.5674694322779088,0.2302582783974421,2712.271484375,9.848959817611854,0.0
4303642605,-12288,12288,19.29532754846977,499.59007133803215,878.2353923183191,0.5688566820556398,-378.64532098028695,0.36233017485275165,0.2847966671916855,572.4334106445312,9.848959817611854,124.99208068386083
4303642605,-8192,12288,18.70892890675919,693.1262862468503,888.8014631012924,0.7798437727907499,-195.67517685444204,0.43787613587056207,0.43567222181063336,1863.7081298828125,9.848959817611854,193.06633565365098
4303642605,-4096,12288,19.093633066496558,1109.4115473240893,876.7089974444475,1.2654273545246544,232.70254987964177,0.5583010805483446,0.48065969440992184,689.3010864257812,9.848959817611854,136.18537134315892
4303642605,0,12288,19.689201428531295,1223.0887875559679,874.4056257135633,1.3987659177716976,348.6831618424046,0.5828410977994223,0.22479482357227465,2757.204345703125,9.848959817611854,0.0
4303642605,4096,12288,19.016856049854518,508.0029718935388,875.3270111448908,0.5803579295800462,-367.32403925135196,0.3669666756610562,0.2851863504197991,689.3010864257812,9.848959817611854,132.31266461962093
4303642605,8192,12288,18.697297324615256,722.8410656801382,890.9088110329006,0.8113524714634842,-168.06774535276247,0.4476489369062798,0.552616883080324,2023.857666015625,9.848959817611854,200.57113891025756
4303642605,12288,12288,18.83745885118262,1124.134271609399,875.8769999549116,1.2834385098218897,248.25727165448745,0.5617830781785631,0.5888443435532948,905.0966796875,9.848959817611854,145.861479894081
4303642605,16384,12288,19.868511378595326,1117.20269904561,877.6332048147158,1.2729722313565741,239.56949423089418,0.5597668109310628,0.23299900211266403,2591.802490234375,9.848959817611854,0.0
4303642605,20480,12288,19.259183561847884,505.76168732808407,881.9870125437444,0.5734343931770759,-376.22532521566035,0.3641851743045824,0.30652621621512793,819.5999145507812,9.848959817611854,131.09300230512164
4303642605,24576,12288,18.839024996451585,689.608280222496,900.2740130003164,0.7659982075060225,-210.66573277782038,0.4334753634258423,0.5114854478384471,2521.3076171875,9.848959817611854,220.99779903677123
4303642605,28672,12288,19.2937567891047,1139.5897028135846,875.1160247918917,1.3022155583136379,264.4736780216929,0.5653551940676088,0.4543313227864497,404.77154541015625,9.848959817611854,114.12234458647639
4303642605,32768,12288,19.800502665414154,1107.6969217215365,876.4090479774547,1.2639040232159167,231.2878737440817,0.558003924540865,0.2353408560504662,2591.802490234375,9.848959817611854,0.0
4303642605,-32768,16384,19.074822187773645,1450.1235053866044,863.3467993799256,1.6796535371743018,586.7767060066788,0.6265466022182922,0.1342399145271107,5166.19140625,12.6697827880121,0.0
4303642605,-28672,16384,18.90129909413404,1304.3452834522866,860.2233836944126,1.5162867089830758,444.12189975787396,0.6023107478604501,0.0,2721.3173828125,12.6697827880121,0.0
4303642605,-24576,16384,19.190706155829975,1381.9280120482006,865.4327108049396,1.5968058461331653,516.495301243261,0.6146380329463113,0.049628073053765986,1498.2015380859375,12.6697827880121,0.0
4303642605,-20480,16384,18.869773991499148,1505.0311147476507,859.6559318469847,1.7507366133262956,645.375182900666,0.6361919751448597,0.10828202213280222,2626.34033203125,12.6697827880121,0.0
4303642605,-16384,16384,18.96885406734502,1434.0900450170966,861.4393732122104,1.664760271717714,572.6506718048862,0.6244596884471104,0.11582670594577367,2534.270751953125,12.6697827880121,0.0
4303642605,-12288,16384,18.88419054529479,1254.9080192429317,859.9154298153062,1.4593388788388906,394.9925894276255,0.5931062063810175,0.0,2807.25927734375,12.6697827880121,0.0
4303642605,-8192,16384,19.0816462613396,1316.3859479275661,863.4696327041128,1.5245306818782536,452.91631522345335,0.6036098674384841,0.04668762058916215,2209.62255859375,12.6697827880121,0.0
4303642605,-4096,16384,19.15013852115674,1522.8360631362941,864.7024933808214,1.7611098323335421,658.1335697554728,0.6375597576104617,0.1049310490407826,2638.78759765625,12.6697827880121,0.0
4303642605,0,16384,19.00448736096322,1437.756362129933,862.080772497338,1.6677745380690214,575.675589632595,0.6248840217727298,0.12461961692945621,2534.270751953125,12.6697827880121,0.0
4303642605,4096,16384,19.1176326073483,1213.0466604137553,864.1173869322694,1.4037984639103616,348.9292734814859,0.5837107335019626,0.0,2921.654296875,12.6697827880121,0.0
4303642605,8192,16384,19.173433321173867,1285.1275336776418,865.1217997811295,1.485487400736834,420.0057338965123,0.59738660400253,0.044881240764904615,1664.0,12.6697827880121,0.0
4303642605,12288,16384,18.993301844318424,1380.7433021863,861.8794331977316,1.6020144454120315,518.8638689885685,0.6154079651675324,0.12058986015187964,2428.629150390625,12.6697827880121,0.0
4303642605,16384,16384,19.134996287509118,1411.578928139842,864.4299331751641,1.6329593341995088,547.1489949646779,0.6199268488242222,0.13535556347516411,2626.34033203125,12.6697827880121,0.0
4303642605,20480,16384,18.8407375107477,1317.2372644811228,859.1332751934586,1.533216443263135,458.10398928766415,0.6049669729976187,0.0,2472.090576171875,12.6697827880121,0.0
4303642605,24576,16384,19.200833316807824,1344.0691295926247,865.6149997025409,1.5527331782079785,478.4541298900838,0.607987867548113,0.06773017351668041,1536.0,12.6697827880121,0.0
4303642605,28672,16384,18.976819867114774,1510.795874366579,861.582757608066,1.7535121972042065,649.213116758513,0.6365591456891144,0.11593644957175195,2550.3818359375,12.6697827880121,0.0
4303642605,32768,16384,18.922436932654495,1300.8270817696805,860.6038647877809,1.5115282826326322,440.22321698189955,0.6015577440012899,0.12569483220981276,2715.2900390625,12.6697827880121,0.0
4303642605,-32768,20480,18.12770743813751,1324.242292426894,846.2987338864752,1.564745685421918,477.94355854041873,0.609816842684784,0.17252823842678366,2955.109375,15.298804780876495,0.0
4303642605,-28672,20480,17.63045259690806,626.570273532177,849.489118967752,0.7375848136743028,-222.918845435575,0.4242011368762256,0.28927564530382166,640.0,15.298804780876495,123.3703587212709
4303642605,-24576,20480,17.093057271935923,610.3135572978603,865.4496426171033,0.7051982313520676,-255.13608531924308,0.41327787510753516,0.3921640447654395,2268.165771484375,15.298804780876495,203.36362670584288
4303642605,-20480,20480,19.184383436112824,985.3472064044621,865.3189018500309,1.138709907177358,120.0283045544312,0.5321408660081367,0.0,128.0,15.298804780876495,0.0
4303642605,-16384,20480,18.18620540034518,1141.2276859247252,847.3516972062132,1.3468170178775174,293.87598871851196,0.5736024888480756,0.0,2626.34033203125,15.298804780876495,0.0
4303642605,-12288,20480,17.48081354415824,650.1377208509731,838.2209622294938,0.7756161562957596,-188.0832413785207,0.4365219260052801,0.25920958252928533,181.0193328857422,15.298804780876495,103.4068990801021
4303642605,-8192,20480,16.927550607253984,704.8705700386473,855.6791144777143,0.8237557258469294,-150.80854443906696,0.451391702119909,0.37281035134386387,1792.0,15.298804780876495,187.28020002170024
4303642605,-4096,20480,17.611786057762316,1158.1748402868127,839.5450355225681,1.3795267570916145,318.62980476424457,0.5794583094430931,0.0,128.0,15.298804780876495,101.27760797125447
4303642605,0,20480,18.11186539397209,1202.6641108226709,846.0135770914976,1.4215659693752185,356.65053373117325,0.58675767312789,0.1470314902489956,2715.2900390625,15.298804780876495,0.0
4303642605,4096,20480,17.375887402306564,723.8178401232908,838.3559193716925,0.8633777413604445,-114.53807924840169,0.4630437503999144,0.31801574813459027,286.2167053222656,15.298804780876495,112.07181473405751
4303642605,8192,20480,16.843963349393587,713.9122540261596,862.1237572490273,0.8280855828682885,-148.2115032228677,0.4526924235857444,0.43391517875508917,2353.25146484375,15.298804780876495,218.13326295299328
4303642605,12288,20480,17.39329403521504,816.1246359872732,841.9634464638182,0.96931124434788,-25.83881047654495,0.4919115775827604,0.25470353158382736,461.51055908203125,15.298804780876495,110.91396595759404
4303642605,16384,20480,18.387716666109974,1090.6617525149277,850.9788999899795,1.2816554588225049,239.6828525249482,0.5614325794678451,0.17096275671470923,3034.43701171875,15.298804780876495,0.0
4303642605,20480,20480,17.541457300051665,608.4553641318638,845.8504847982734,0.7193415090102763,-237.39512066640964,0.41809449510504443,0.2973037365943827,527.7575073242188,15.298804780876495,125.11376900964481
4303642605,24576,20480,16.948302296067563,663.9839743160277,865.1037747902052,0.767519451035859,-201.1198004741775,0.4339515656562046,0.4088218890740041,2435.3662109375,15.298804780876495,214.9930761903072
4303642605,28672,20480,17.61554859052664,831.2120646582025,850.7217230278969,0.9770669328858144,-19.50965836969442,0.49390657596877485,0.29793182874950297,724.0773315429688,15.298804780876495,125.72160696313114
4303642605,32768,20480,18.37390389578393,1292.8475120196877,850.7302701241108,1.5196914432480197,442.11724189557685,0.6028447756869466,0.24151733538118408,2635.681396484375,15.298804780876495,0.0
4303642605,-32768,24576,17.291378266906037,1058.0286497529853,831.2448088043086,1.2728243696040527,226.7838409486767,0.5597225337758804,0.263389225806058,2048.0,17.754944772668892,0.0
4303642605,-28672,24576,16.091661374236708,531.7975772977287,844.8571373722714,0.6294526657509926,-313.0595600745427,0.38601659155582696,0.4289379319123015,2083.68896484375,17.754944772668892,204.54566697308033
4303642605,-24576,24576,14.84356350094464,650.7766288997371,860.6522484089838,0.7561435296343834,-209.8756195092467,0.43028577321120465,0.7332783685580482,5684.12255859375,17.754944772668892,412.4064346284642
4303642605,-20480,24576,16.12587199991171,791.5259393742658,846.3443564325313,0.9352291810754982,-54.81841705826548,0.48297045922392945,0.5949838584785505,2145.6708984375,17.754944772668892,200.66990296199006
4303642605,-16384,24576,17.434036262196134,1227.2416658350032,833.8126527195304,1.471843419300823,393.4290131154728,0.595154868032419,0.25783435293353996,2048.0,17.754944772668892,0.0
4303642605,-12288,24576,16.280668112806286,553.1607426251713,838.9617865706354,0.6593396165113637,-285.801043945464,0.39706539161669335,0.3974566381904203,1459.424560546875,17.754944772668892,167.51582397859363
4303642605,-8192,24576,15.077330726887583,615.458241942944,862.3831567302313,0.7136714546657945,-246.92491478728732,0.4161759621384258,0.7062458368189601,5372.95166015625,17.754944772668892,379.80216858484175
4303642605,-4096,24576,16.116810126687415,941.8464120518387,847.8771940026303,1.1108288071832686,93.9692180492084,0.5259585615934469,0.5938964620347907,2268.165771484375,17.754944772668892,207.85241799199275
4303642605,0,24576,17.33643358987258,1145.6806085607714,832.0558046177064,1.3769276077428028,313.624803943065,0.5789960708917492,0.2572414153390914,1792.0,17.754944772668892,0.0
4303642605,4096,24576,16.293499569700934,527.2523269955673,844.2661958017594,0.6245095795821374,-317.01386880619214,0.38414951655513957,0.40302619638702364,1792.0,17.754944772668892,183.49239711959666
4303642605,8192,24576,15.11369289654562,727.8367054371788,863.8092334408279,0.8425896335212496,-135.97252800364913,0.4569984374241572,0.7136900225740946,5468.16259765625,17.754944772668892,389.89688921423453
4303642605,12288,24576,16.198280649313748,796.0208272562307,848.1231812278319,0.9385674685884988,-52.10235397160113,0.4838608797473806,0.6043756310074985,2179.761474609375,17.754944772668892,205.07821095103924
4303642605,16384,24576,17.318466856057803,1226.3177646747858,831.7324034090404,1.4744138374896174,394.5853612657454,0.5955744953101411,0.2505997873020253,1920.0,17.754944772668892,0.0
4303642605,20480,24576,16.340316927285052,497.3757274627326,841.5561288095166,0.591019078152673,-344.18040134678404,0.37119479258180654,0.3819623414950311,1557.187255859375,17.754944772668892,181.2691599020573
4303642605,24576,24576,18.484744081273952,738.3801190839702,865.7489957104406,0.8528801335519304,-127.36887662647041,0.4600129125304315,0.4539968527583753,689.3010864257812,17.754944772668892,129.12100698069014
4303642605,28672,24576,16.586924090794007,857.3852728040587,850.6053764139191,1.0079706719215944,6.779896390139584,0.5016910263355696,0.6229598238257693,1863.7081298828125,17.754944772668892,188.25049658570217
4303642605,32768,24576,17.277815889282575,1115.3196421387995,831.0006860070864,1.3421404589902932,284.3189561317131,0.5727458528616787,0.3700012206652645,1378.6021728515625,17.754944772668892,0.0
4303642605,-32768,28672,16.750111621867045,1067.0583836085589,821.5020091936068,1.298911471508137,245.55637441495207,0.5647125054447935,0.23404972820753453,2521.3076171875,20.054712758020393,0.0
4303642605,-28672,28672,15.917839580032767,494.0001633597688,821.6672185576045,0.6012168335338499,-327.66705519783574,0.37518979367468636,0.30885564074178523,809.5430908203125,20.054712758020393,130.0563624248901
4303642605,-24576,28672,15.417521373922023,682.4571612655752,830.4393747085908,0.8218025084673473,-147.98221344301555,0.45079511383281284,0.46831347411165386,1924.261962890625,20.054712758020393,193.14665860146857
4303642605,-20480,28672,16.19513159533312,1128.61139435367,815.0786871506416,1.384665569282738,313.5327072030284,0.5803554021732011,0.42149317363765887,181.0193328857422,20.054712758020393,103.40227430598296
4303642605,-16384,28672,16.60780141976908,1088.375247023993,818.9404255558434,1.3290041779110793,269.4348214681497,0.5703329185326175,0.2328735190265089,3034.43701171875,20.054712758020393,0.0
4303642605,-12288,28672,16.0777106479543,531.612313405831,818.282945493125,0.6496680840457495,-286.67063208729405,0.3935259302331998,0.2899701764815028,461.51055908203125,20.054712758020393,116.25527511163241
4303642605,-8192,28672,15.560842172645302,674.2952502204093,833.926256894493,0.8085789896236834,-159.63100667408366,0.4467834887334884,0.4536657593026963,1987.0943603515625,20.054712758020393,199.3576106362073
4303642605,-4096,28672,15.839978994320072,1016.0260497001962,812.5590219540738,1.250402767366753,203.4670277461223,0.5553314057058457,0.4464631028165119,384.0,20.054712758020393,116.43465416683355
4303642605,0,28672,16.752988126732966,1151.9886500816024,821.5537862811934,1.4022072191963715,330.43486380040895,0.5834205580324837,0.22464563237705445,2023.857666015625,20.054712758020393,0.0
4303642605,4096,28672,16.146822093171437,488.1632282189635,817.6694459865658,0.5970178176707657,-329.5062177676023,0.37354684945854716,0.28015427309842983,362.0386657714844,20.054712758020393,109.42446554852006
4303642605,8192,28672,15.663280333574788,638.3617092045038,827.4033189832974,0.7715242307571529,-189.0416097787936,0.4352174321971695,0.40860318384450034,1431.08349609375,20.054712758020393,173.92180090639056
4303642605,12288,28672,16.04388670475644,1037.7674155737286,817.6741145155634,1.2691699506576175,220.09330105816525,0.5590089419750341,0.5189377610874593,461.51055908203125,20.054712758020393,119.4418841766446
4303642605,16384,28672,16.87754001848188,1304.8793523330032,823.7957203326739,1.5839841360259228,481.0836320003293,0.6127128823927626,0.2946529792821722,2715.2900390625,20.054712758020393,0.0
4303642605,20480,28672,16.141850595476697,556.8228204598335,817.5799590280606,0.6810622182101732,-260.7571385682271,0.40484346023145035,0.36975444065623314,362.0386657714844,20.054712758020393,107.57180478711399
4303642605,24576,28672,15.52981147487928,699.5986574635969,832.3987220989841,0.8404609941008591,-132.80006463538723,0.45635998260037297,0.45897987783915917,1920.0,20.054712758020393,192.14972301369852
4303642605,28672,28672,16.186649688258317,1064.5310605107,818.3863426981297,1.300768359600257,246.1447178125702,0.5650624909019423,0.4351184608065617,362.0386657714844,20.054712758020393,111.22337299787475
4303642605,32768,28672,16.675296760453772,1224.039012502263,820.1553416881679,1.4924477721290708,403.883670814095,0.5984952041327075,0.23558790856318632,2485.310546875,20.054712758020393,0.0
4303642605,-32768,32768,16.00251696597601,1153.2096421277267,808.0453053875682,1.427159633796282,345.16433674015855,0.5876961317325143,0.0,2534.270751953125,22.21258134490239,0.0
4303642605,-28672,32768,15.967958967795703,1165.4326777181147,807.4232614203227,1.4433974513788774,358.0094162977921,0.5904345168304487,0.0,2715.2900390625,22.21258134490239,0.0
4303642605,-24576,32768,15.89783272456523,1224.9037678866894,806.1609890421742,1.5194282339834342,418.7427788445152,0.6027877624027754,0.042570076647772376,1031.968994140625,22.21258134490239,0.0
4303642605,-20480,32768,16.12052696414527,1478.728048574897,810.1694853546148,1.8252082746953264,668.5585632202822,0.645761666915012,0.1102212235203493,2591.802490234375,22.21258134490239,0.0
4303642605,-16384,32768,16.247906775213657,1283.295581831082,812.4623219538458,1.5795139628690167,470.8332598772362,0.6120380323901783,0.12258560049611145,5159.8447265625,22.21258134490239,0.0
4303642605,-12288,32768,16.17119280312576,1326.053390001586,811.0814704562637,1.6349200891688862,514.9719195453223,0.620191651389862,0.0,2977.2041015625,22.21258134490239,0.0
4303642605,-8192,32768,15.931869579808833,1291.3349094447879,806.773652436559,1.600616115244706,484.56125700822884,0.6151825269520201,0.057672587739461004,1936.991455078125,22.21258134490239,0.0
4303642605,-4096,32768,16.137374323653955,1375.336151329885,810.4727378257712,1.6969554768979085,564.8634135041139,0.6289237976624985,0.09475367207901067,2748.276611328125,22.21258134490239,0.0
4303642605,0,32768,15.886263413435179,1486.919848073725,805.9527414418333,1.8449218814165893,680.9671066318917,0.6482137913282039,0.23016915599898727,2715.2900390625,22.21258134490239,0.0
4303642605,4096,32768,16.123491281004387,1142.662658865787,810.222843058079,1.410306644222666,332.4398158077081,0.5848155676167719,0.0,2807.25927734375,22.21258134490239,0.0
4303642605,8192,32768,16.111639018065247,1188.211665730971,810.0095023251745,1.4669107736639477,378.20216340579645,0.5943372772939756,0.024159357252593557,1536.0,22.21258134490239,0.0
4303642605,12288,32768,16.042304187911373,1451.715228505825,808.7614753824048,1.7949856325926181,642.9537531234203,0.6419324267235846,0.11116452817615269,2663.507568359375,22.21258134490239,0.0
4303642605,16384,32768,16.27188459180056,1620.1853767710334,812.8939226524101,1.993107995548169,807.2914541186233,0.6656255517865848,0.2571349195362609,2534.270751953125,22.21258134490239,0.0
4303642605,20480,32768,16.243018332269042,1121.8765707957466,812.3743299808427,1.380984762064309,309.50224081490387,0.5797060062576657,0.0,2591.802490234375,22.21258134490239,0.0
4303642605,24576,32768,16.26627482192787,1381.4666074320075,812.7929467947017,1.6996537837587111,568.6736606373058,0.629295339939261,0.06145640195288248,2179.761474609375,22.21258134490239,0.0
4303642605,28672,32768,15.924480155437589,1269.9322558720935,806.6406427978766,1.5743469749642975,463.2916130742169,0.6112576154054976,0.11490568707783759,2575.9501953125,22.21258134490239,0.0
4303642605,32768,32768,16.219362610664852,1447.7830619498168,811.9485269919674,1.783097097686021,635.8345349578494,0.6404046676887915,0.1341958592315766,3720.817138671875,22.21258134490239,0.0
42,-32768,-32768,16.157334240055835,1152.762515333028,810.8320163210051,1.421703253114581,341.9304990120229,0.5867686674066497,0.0,2715.2900390625,-22.21258134490239,0.0
42,-28672,-32768,16.028447693489973,1136.929749839023,808.5120584828195,1.4062001152740782,328.4176913562036,0.58410672488547,0.0,2807.25927734375,-22.21258134490239,0.0
42,-24576,-32768,16.190112866263675,1451.5891089303348,811.4220315927462,1.7889446581589608,640.1670773375886,0.6411581122321497,0.05270426039915392,2209.62255859375,-22.21258134490239,0.0
42,-20480,-32768,15.973179512962924,1374.6553572727303,807.5172312333326,1.702323249713445,567.1381260393977,0.6296594985252183,0.11268370515577265,3320.607177734375,-22.21258134490239,0.0
42,-16384,-32768,16.25198042493037,1337.932238942126,812.5356476487466,1.6466135889714277,525.3965912933795,0.6218694907234513,0.12635611363625948,2715.2900390625,-22.21258134490239,0.0
42,-12288,-32768,16.049929046999704,1267.7260210023856,808.8987228459946,1.5672246539617132,458.82729815639095,0.610180459563732,0.0,2807.25927734375,-22.21258134490239,0.0
42,-8192,-32768,15.974596141005998,1330.1398441881952,807.5427305381079,1.6471448430993287,522.5971136500873,0.6219435553022259,0.06545854114963778,1664.0,-22.21258134490239,0.0
42,-4096,-32768,16.216538229964595,1379.9744721744657,811.8976881393627,1.6996901116161232,568.0767840351031,0.6293000098906694,0.10188456719489639,2712.271484375,-22.21258134490239,0.0
42,0,-32768,16.242809839477598,1467.855113653271,812.3705771105967,1.8068787263000985,655.4845365426743,0.6434501941637174,0.19139667698269808,2715.2900390625,-22.21258134490239,0.0
42,4096,-32768,16.151578073078305,1346.253996527425,810.7284053154094,1.6605486963339742,535.5255912120156,0.6238484592727798,0.0,2807.25927734375,-22.21258134490239,0.0
42,8192,-32768,15.986410567522679,1295.0639583611026,807.7553902154082,1.603287299656077,487.3085681456944,0.6155775491072324,0.06364676775206982,2111.030029296875,-22.21258134490239,0.0
42,12288,-32768,15.954049973450088,1327.6292052634963,807.1728995221016,1.6447891226892508,520.4563057413947,0.6216068437655042,0.09698581083799995,2721.3173828125,-22.21258134490239,0.0
42,16384,-32768,16.05834623209488,1295.988812147838,809.0502321777078,1.601864458600358,486.93857997013015,0.6153678943606079,0.0,2626.34033203125,-22.21258134490239,0.0
42,20480,-32768,16.161966681373507,1239.3538476562303,810.9154002647231,1.5283392660339705,428.4384473915072,0.6041887718603332,0.0,2807.25927734375,-22.21258134490239,0.0
42,24576,-32768,16.018184246661338,1205.5053323861723,808.327316439904,1.4913579039930873,397.17801594626826,0.5983153653424015,0.04997237275177541,2048.0,-22.21258134490239,0.0
42,28672,-32768,15.992774978566144,1523.193313307132,807.8699496141905,1.8854437079068902,715.3233636929415,0.6531526556441108,0.10919017205736871,2672.718505859375,-22.21258134490239,0.0
42,32768,-32768,16.102445659286523,1457.988393734933,809.8440218671574,1.8003323533504996,648.1443718677756,0.6426161684348203,0.11486225563978608,4917.599609375,-22.21258134490239,0.0
42,-32768,-28672,16.58094162855491,1135.2648869649015,818.4569493139884,1.3870795378015353,316.8079376509131,0.580780787268459,0.22519354483020995,2807.25927734375,-20.054712758020393,0.0
42,-28672,-28672,15.856568826568383,584.7334011387043,814.3023927081784,0.7180789426321325,-229.56899156947418,0.41765603687319336,0.360478602533947,461.51055908203125,-20.054712758020393,115.53762318630999
42,-24576,-28672,15.582192000756434,844.728111447763,831.4626595607584,1.0159543567404608,13.265451887004588,0.50365654644034,0.567460267011991,1792.0,-20.054712758020393,187.09867063122638
42,-20480,-28672,17.815185332500818,1310.9008429546805,840.6733359850148,1.5593462845097867,470.2275069696657,0.6089921805158871,0.18473467440681746,181.0193328857422,-20.054712758020393,0.0
42,-16384,-28672,16.958534260823917,1254.175035049377,825.2536166948305,1.5197449725484289,428.9214183545464,0.6028445311007858,0.22778276754666799,2638.78759765625,-20.054712758020393,0.0
42,-12288,-28672,15.994999071946879,552.5960263722001,815.7383858830509,0.6774181967347354,-263.14235951085084,0.4035508210606434,0.3059804785789269,404.77154541015625,-20.054712758020393,112.90267523187367
42,-8192,-28672,15.439975423079956,603.3975881088038,837.9538910764282,0.7200844754520854,-234.55630296762445,0.4183429606559257,0.4452715153479838,2435.3662109375,-20.054712758020393,220.76700648397323
42,-4096,-28672,15.86121454552442,1103.4949616948095,820.1057086363479,1.3455521039228886,283.3892530584616,0.5733630766661513,0.47764996893371586,778.5936279296875,-20.054712758020393,128.33405514319742
42,0,-28672,16.892482613890714,1212.5684336368713,824.0646870500328,1.47144811893056,388.5037465868385,0.5950867314269528,0.22444053712728568,2691.0458984375,-20.054712758020393,0.0
42,4096,-28672,15.78024219463482,621.3379239518727,812.9285133333742,0.7643204952968207,-191.59058938150156,0.43290772208615863,0.37998550535007264,461.51055908203125,-20.054712758020393,120.16642467700478
42,8192,-28672,15.347926604209778,671.0015720306367,829.6752620127252,0.8087520536683727,-158.6736899820885,0.44683486940656975,0.47285964559042365,1958.0234375,-20.054712758020393,193.78725697304097
42,12288,-28672,16.16919147256188,1126.769734563383,816.6353926362882,1.379770880277316,310.13434192709485,0.5794932953021754,0.41639542301129423,286.2167053222656,-20.054712758020393,108.95908456024101
42,16384,-28672,16.957946291366707,1231.852468920202,825.2430332446007,1.492714775278912,406.6094356756013,0.5985399937099521,0.2126326345164679,2721.3173828125,-20.054712758020393,0.0
42,20480,-28672,17.88237916773838,498.8721031404055,841.8828250192909,0.5925671462996936,-343.01072187888536,0.3718056797634728,0.2855642317181016,128.0,-20.054712758020393,0.0
42,24576,-28672,15.257286310746464,730.6109372744406,827.7396866387977,0.8826578561688062,-97.12874936435708,0.46853538009363793,0.49357564618349,1936.991455078125,-20.054712758020393,197.6237988160147
42,28672,-28672,16.03358684345116,1007.6463578708374,814.1945093122953,1.2375990581439074,193.4518485585421,0.5527889877891374,0.43254965799504264,286.2167053222656,-20.054712758020393,108.44734625398313
42,32768,-28672,16.72044873064619,1086.0324665681615,820.9680771516314,1.3228680831734376,265.06438941653005,0.5691992437543326,0.2312558236387803,2380.937744140625,-20.054712758020393,0.0
42,-32768,-24576,17.297249078286196,1208.4101702214161,831.3504834091516,1.4535508120065572,377.05968681226454,0.592137136744391,0.2797186734571657,2179.761474609375,-17.754944772668892,0.0
42,-28672,-24576,16.29866085621782,624.2696336130488,844.6286092391625,0.7391054799521743,-220.35897562611376,0.4247026191430144,0.4790158848006546,1810.193359375,-17.754944772668892,182.59904398460384
42,-24576,-24576,15.319467494408226,656.7628617426187,868.7441577398603,0.7559911118726419,-211.98129599724155,0.43023900536354986,0.6916847727713807,5623.26611328125,-17.754944772668892,391.79800871886164
42,-20480,-24576,16.133216334907114,827.8118521575543,845.3817481980277,0.9792166129941597,-17.569896040473395,0.49445407746256786,0.5954074581159278,2067.9033203125,-17.754944772668892,209.21048817924498
42,-16384,-24576,17.4766585377807,962.9963298639399,834.5798536800526,1.1538696095018817,128.4164761838873,0.5354214843245673,0.2646650121446213,1796.5655517578125,-17.754944772668892,0.0
42,-12288,-24576,16.081038908649717,540.7019926374761,847.3813122296804,0.6380858119407291,-306.67931959220425,0.3892509475442767,0.5087365632745511,2278.97509765625,-17.754944772668892,206.69810732986235
42,-8192,-24576,18.367115339770994,868.1629595678229,859.4922299458254,1.0100882001254903,8.670729621997452,0.5022186985780998,0.5839711397997751,461.51055908203125,-17.754944772668892,115.93299355776824
42,-4096,-24576,16.258794972767717,968.6741997060378,843.5054172793616,1.1483912016005717,125.16878242667622,0.5342406183213994,0.5653746775959659,1782.833740234375,-17.754944772668892,188.12311578604144
42,0,-24576,17.44288565138642,1241.4778744297805,833.9719417249555,1.488632665341181,407.505932704825,0.5978848440116917,0.2650725859141389,2209.62255859375,-17.754944772668892,0.0
42,4096,-24576,16.286768986126102,531.4961926359625,843.3850023199386,0.6301940290305745,-311.8888096839761,0.3862951209628224,0.4501443575517367,1740.98828125,-17.754944772668892,182.95633020238472
42,8192,-24576,15.025051900719536,626.1182742712907,864.4164884985615,0.724324770064046,-238.29821422727082,0.41978121455819023,0.7040463517081672,5748.61083984375,-17.754944772668892,402.0700380104843
42,12288,-24576,16.20067043036854,790.3770113776542,852.002292940466,0.9276700519782312,-61.62528156281178,0.48094618771264236,0.6159488528610345,2462.129150390625,-17.754944772668892,221.2822331273174
42,16384,-24576,17.642940075828776,1276.3514829673552,837.572921364918,1.523869086989344,438.7785616024372,0.6034974490590961,0.3957629561221114,1664.0,-17.754944772668892,0.0
42,20480,-24576,16.16567072229596,687.4872482515601,849.9144899612701,0.8088899017157459,-162.42724170970996,0.4468840818200179,0.5698152058383749,2353.25146484375,-17.754944772668892,212.70873974508964
42,24576,-24576,18.237818696294337,847.6600888007664,860.421708756705,0.985168179944717,-12.761619955938613,0.4959739726982038,0.46635294810078637,640.0,-17.754944772668892,125.22227744787463
42,28672,-24576,16.185054454391835,994.0284570997843,840.3947576525413,1.182811349128813,153.63369944724298,0.5415799740954675,0.5442725239478692,1664.0,-17.754944772668892,179.19079863309997
42,32768,-24576,17.369167243872635,1102.8807136563723,832.6450103897074,1.3245509189326494,270.2357032666649,0.5695151373213203,0.27870678778492347,1408.0,-17.754944772668892,0.0
42,-32768,-20480,18.117435618046297,1134.9098185851499,846.1138411248334,1.3413204741768412,288.7959774603165,0.5726015494442754,0.1697410369009768,2575.9501953125,-15.298804780876495,0.0
42,-28672,-20480,17.25976741644539,569.1605981650355,844.7119519984392,0.6737925239704519,-275.5513538334037,0.4022698709500545,0.30190177993263717,746.36181640625,-15.298804780876495,136.64936290146213
42,-24576,-20480,17.08944625562824,640.3649494840807,867.5545267111165,0.7381264574939084,-227.18957722703578,0.4243864298834471,0.4053725470372733,2428.629150390625,-15.298804780876495,212.45839782214819
42,-20480,-20480,17.592275204579522,851.1543298831458,845.545107512379,1.0066338534998676,5.609222370766815,0.5013574906927688,0.2579337309669085,461.51055908203125,-15.298804780876495,119.4262283138103
42,-16384,-20480,18.18766245603072,1174.5603075263405,847.3779242085529,1.386111525885424,327.1823833177875,0.5806209448713741,0.0,2635.681396484375,-15.298804780876495,0.0
42,-12288,-20480,17.748098256160283,654.885212209964,841.9986550937316,0.7777746534964025,-187.11344288376756,0.4372069333978521,0.2465101811698075,128.0,-15.298804780876495,101.64936256795319
42,-8192,-20480,17.173407704992567,696.4369731216341,858.481344612642,0.8112429903015255,-162.04437149100795,0.44760509930610215,0.35606921910529205,1683.5771484375,-15.298804780876495,179.3717423480228
42,-4096,-20480,17.471452356509758,785.9090766583226,843.3702962471232,0.9318671527269875,-57.46121958880053,0.48207018362607007,0.259372796251062,461.51055908203125,-15.298804780876495,120.99459580335522
42,0,-20480,18.393472341384577,1237.9365696484108,851.0825021449224,1.4545435566217468,386.8540675034884,0.5923087431858715,0.17150549677972513,2591.802490234375,-15.298804780876495,0.0
42,4096,-20480,17.220117834710717,655.0308615589804,845.2838294552753,0.7749241600671585,-190.25296789629488,0.4363048370068608,0.292147177772029,819.5999145507812,-15.298804780876495,137.8656145803838
42,8192,-20480,16.81404328576609,584.1794425270305,862.6871126047787,0.6771625934728198,-278.50767007774823,0.4034760250911719,0.5550853208627861,2435.3662109375,-15.298804780876495,219.42338209561132
42,12288,-20480,17.308597101922267,804.002308569103,841.9388870882931,0.9549414107116639,-37.93657851919011,0.48817912302459343,0.2707832776372171,543.0579833984375,-15.298804780876495,123.28292909871507
42,16384,-20480,18.13411585038268,1186.703015868795,846.4140853068882,1.4020359968826923,340.2889305619069,0.5833995570770739,0.15547825674381424,2445.4365234375,-15.298804780876495,0.0
42,20480,-20480,17.58884245916974,666.5791664803223,843.6258125745354,0.7901360491164786,-177.0466460942131,0.441091166134998,0.2643038936712359,362.0386657714844,-15.298804780876495,116.32360399014422
42,24576,-20480,17.276735396762398,712.4199848624447,862.2339509689649,0.8262490523156023,-149.81396610652018,0.4521424207825998,0.36533395413725467,1810.193359375,-15.298804780876495,183.18975648807296
42,28672,-20480,17.598749032289522,903.5613690586869,847.1616218349038,1.0665749554395823,56.39974722378304,0.5158129303296758,0.25934152250476294,543.0579833984375,-15.298804780876495,117.83045277449249
42,32768,-20480,18.383404915445396,1265.0388962754434,850.9012884780171,1.4867046429535704,414.1376077974263,0.5975789516333312,0.16618781862638202,2712.271484375,-15.298804780876495,0.0
42,-32768,-16384,19.067193184336627,1293.8221200410662,863.2094773180593,1.498850689245089,430.61264272300696,0.5995380798058615,0.11215932138166752,2626.34033203125,-12.6697827880121,0.0
42,-28672,-16384,18.994364333167475,1134.4619183939008,861.8985579970146,1.316236009293602,272.5633603968862,0.5679805582434427,0.0,2663.507568359375,-12.6697827880121,0.0
42,-24576,-16384,19.107835367015234,1376.648436889089,863.9410366062742,1.5934518428443074,512.7074002828148,0.614139410077818,0.03474966283106015,1664.0,-12.6697827880121,0.0
42,-20480,-16384,18.883838018565765,1489.764050658196,859.9090843341837,1.7324669291192578,629.8549663240124,0.6337606145581893,0.11739413425549693,2918.84912109375,-12.6697827880121,0.0
42,-16384,-16384,19.105727656522937,1534.363959719286,863.9030978174128,1.7760834098126779,670.4608619018732,0.6395136193361487,0.22938441339997903,5166.19140625,-12.6697827880121,0.0
42,-12288,-16384,19.20200828838863,1160.4052984207365,865.6361491909954,1.3405231511013327,294.76914922974106,0.5724625413002435,0.0,2700.162841796875,-12.6697827880121,0.0
42,-8192,-16384,19.141753509440942,1278.2521625569186,864.551563169937,1.478514662410788,413.7005993869816,0.5962542872825393,0.055105438894466556,2111.030029296875,-12.6697827880121,0.0
42,-4096,-16384,19.045259257004368,1516.1168300824138,862.8146666260786,1.7571755427048845,653.3021634563352,0.637042214105424,0.11936996416566939,2862.1669921875,-12.6697827880121,0.0
42,0,-16384,19.147665848351885,1226.7213495341248,864.6579852703339,1.4187359284614625,362.06336426379085,0.5862805702240252,0.0,5068.54150390625,-12.6697827880121,0.0
42,4096,-16384,18.903024078620742,1198.9539750059803,860.2544334151734,1.3937201930435676,338.6995415908069,0.5819576165718118,0.0,2635.681396484375,-12.6697827880121,0.0
42,8192,-16384,19.213330015110795,1441.2295905055369,865.8399402719942,1.664545054427485,575.3896502335426,0.624430751018156,0.05980548084707352,1664.0,-12.6697827880121,0.0
42,12288,-16384,19.152159077264788,1413.161784257035,864.7388633907663,1.634206399277376,548.4229208662687,0.6201067983001582,0.10676762388765833,2575.9501953125,-12.6697827880121,0.0
42,16384,-16384,19.01449066962395,1128.6106353026178,862.2608320532311,1.3088970220474352,266.3498032493867,0.5666081641305979,0.0,3738.388916015625,-12.6697827880121,0.0
42,20480,-16384,18.860099879077044,1258.227378039666,859.4817978233868,1.4639372017256107,398.7455802162792,0.5938650723628122,0.0,2712.271484375,-12.6697827880121,0.0
42,24576,-16384,19.173279779294496,1276.2082505180917,865.1190360273009,1.4751822551247362,411.0892144907908,0.5957111495209678,0.033091921523117095,2111.030029296875,-12.6697827880121,0.0
42,28672,-16384,19.03123228747816,1322.2031763437371,862.5621811746068,1.532878678431284,459.6409951691303,0.6049154232387182,0.10525429884356935,2748.276611328125,-12.6697827880121,0.0
42,32768,-16384,19.091916046305847,1324.855787521806,863.6544888335052,1.534011349042164,461.20129868830077,0.6050922901933938,0.09218194652796753,3624.909423828125,-12.6697827880121,0.0
42,-32768,-12288,19.705825213931682,1089.3670863617574,874.7048538507703,1.245411045298269,214.6622325109871,0.5543649899371824,0.23777096180959775,2485.310546875,-9.848959817611854,0.0
42,-28672,-12288,19.070861729013387,491.63104758689855,875.4164833456479,0.5615967450235728,-383.7854357587493,0.3593669346062649,0.3032911860914624,640.0,-9.848959817611854,125.93202395743742
42,-24576,-12288,18.826575598159806,735.6049390582014,893.5797293985696,0.8232113093627422,-157.97479034036826,0.45124025105362353,0.43963968500988443,2048.0,-9.848959817611854,200.5416949745727
42,-20480,-12288,19.008312817729294,1058.6450247714324,874.2906029425343,1.2108617217300863,184.35442182889813,0.5474044790326436,0.48509385479745004,640.0,-9.848959817611854,124.66269439394351
42,-16384,-12288,20.06384560308528,1210.4574958213009,881.1492208555351,1.3737258879330678,329.3082749657658,0.5784448105679254,0.23501220699311462,2712.271484375,-9.848959817611854,0.0
42,-12288,-12288,19.041170383930663,564.0143903951063,871.6252207406994,0.6470836054007384,-307.6108303455932,0.39259281591797196,0.2957149389928645,461.51055908203125,-9.848959817611854,118.54550315337528
42,-8192,-12288,18.797937476727018,730.3688476901368,890.9756639185777,0.819740512864201,-160.60681622844083,0.4501934345411654,0.5309842804984376,1902.8568115234375,-9.848959817611854,196.29052677791617
42,-4096,-12288,19.22574968650824,1102.0704536514859,880.6673411740567,1.2514037958785516,221.4031124774292,0.5555524810416823,0.5570100418268618,778.5936279296875,-9.848959817611854,129.9501518890375
42,0,-12288,19.840963261433057,1346.4935781329955,877.137338705795,1.5351000564173105,469.35623942720053,0.6052660546704836,0.3073914201169731,2591.802490234375,-9.848959817611854,0.0
42,4096,-12288,19.346815916424774,540.6798316610723,875.2693348051259,0.6177296635000377,-334.58950314405365,0.3815802602216855,0.3017534320006795,362.0386657714844,-9.848959817611854,113.9311865696464
42,8192,-12288,18.992162788818778,791.1774917157167,885.3212330320112,0.8936614894077769,-94.1437413162945,0.4716411881831377,0.4196889920489662,1305.3489990234375,-9.848959817611854,168.88710059963722
42,12288,-12288,19.313760344332,1019.8386689281853,872.6599965475441,1.1686552299439827,147.17867238064116,0.5386001519425192,0.43002870016201356,256.0,-9.848959817611854,105.24626008540102
42,16384,-12288,19.955218619416158,1180.035773572131,879.1939351494908,1.3421791556961633,300.8418384226401,0.572769030839938,0.23892562832257827,2179.761474609375,-9.848959817611854,0.0
42,20480,-12288,19.179945225033375,543.0947464745465,878.2626162981102,0.6183739765261771,-335.1678698235637,0.38182721212612186,0.2946719976171193,689.3010864257812,-9.848959817611854,129.1525099182525
42,24576,-12288,18.715071410162068,747.395924563924,887.9221982978275,0.8417358254999183,-140.5262737339035,0.4567546579859457,0.43676225675358415,1796.5655517578125,-9.848959817611854,190.124718431668
42,28672,-12288,19.36463900681697,1157.4849230181671,874.1534482528797,1.324120982799491,283.33147476528745,0.5694495092574535,0.426929583525698,286.2167053222656,-9.848959817611854,106.97769624002942
42,32768,-12288,19.711392494701766,1139.502136036014,874.8050649046318,1.3025783477376627,264.69707113138224,0.565423542130029,0.2291514049210321,3200.0,-9.848959817611854,0.0
42,-32768,-8192,20.677502078998426,1127.1514184851585,892.1950374219716,1.2633464334682936,234.95638106318688,0.557900064708986,0.2785247701403929,1431.08349609375,-6.81455190771961,0.0
42,-28672,-8192,19.445982428621548,567.1993612902289,912.1199939669236,0.6218473063214064,-344.9206326766947,0.3831601331671424,0.444148783631442,2591.802490234375,-6.81455190771961,227.1817367782295
42,-24576,-8192,18.8569251375432,681.6030865070873,932.7694754176649,0.730730480006206,-251.16638891057767,0.421947916271985,0.6970102030699554,5668.2470703125,-6.81455190771961,385.31216901577807
42,-20480,-8192,19.69245701469538,894.4599211012354,903.528003738005,0.9899636949831617,-9.068082636769645,0.4972017370161978,0.5485692729370044,1664.0,-6.81455190771961,183.54674691934622
42,-16384,-8192,20.705983719470975,1186.9051583895412,892.7077069504776,1.3295563028620565,294.19745143906357,0.5704593959605139,0.2629790842162328,2391.2373046875,-6.81455190771961,0.0
42,-12288,-8192,19.957838847839522,525.2408800010477,908.6011051838873,0.5780764265026365,-383.3602251828396,0.366061828009131,0.3784264613614331,1683.5771484375,-6.81455190771961,179.57372803539167
42,-8192,-8192,18.816290336860177,603.5946953107076,931.8575231184687,0.6477328135858935,-328.26282780776114,0.3928496363706026,0.7161144110217363,5645.07568359375,-6.81455190771961,386.58621529566284
42,-4096,-8192,19.76479160356586,766.8469623401548,915.7557061875849,0.8373925023439304,-148.90874384743006,0.4554797736277881,0.613202765056862,2432.0,-6.81455190771961,218.4031671625836
42,0,-8192,20.854701832620698,1109.3223888958275,895.3846329871726,1.238933915132001,213.93775590865494,0.5530829661524405,0.25629473277798887,1668.915771484375,-6.81455190771961,0.0
42,4096,-8192,19.62483303496449,545.4131147657849,907.9483632610539,0.6007093980618449,-362.535248495269,0.37501895024458276,0.4313439497953497,2048.0,-6.81455190771961,195.17693326519088
42,8192,-8192,22.33960209395051,788.8410038405842,927.7027838212836,0.8503165211936561,-138.86177998069934,0.45928436265048694,0.541163984121685,286.2167053222656,-6.81455190771961,109.48621597551454
42,12288,-8192,19.909178243183582,915.7215029693158,911.2273239284616,1.0049320064520004,4.494179040854192,0.5009557650054088,0.569880691469887,1920.0,-6.81455190771961,190.85283174782035
42,16384,-8192,20.644262795966245,1122.8670715307128,891.5967303273924,1.2593889516826722,231.2703412033204,0.5571258935514071,0.2705002006495821,2176.0,-6.81455190771961,0.0
42,20480,-8192,19.600658213269448,472.55222576775645,905.7358378168444,0.5217329446815097,-433.18361204908797,0.3426058981034397,0.4201295806769961,1924.261962890625,-6.81455190771961,188.9651596860773
42,24576,-8192,19.127810349609874,727.5446129754954,938.0132593437468,0.7756229517315144,-210.46864636825137,0.43655526463237554,0.7183407152822099,5715.7412109375,-6.81455190771961,394.43541761147833
42,28672,-8192,19.508515544075944,950.2746870118779,906.0809291848561,1.0487746253160632,44.19375782702173,0.5116277565400934,0.5884437845644727,2063.93798828125,-6.81455190771961,205.85633771210988
42,32768,-8192,20.57175585018139,1141.0635714359025,890.291605303265,1.2816739646188349,250.77196613263754,0.5614488965785466,0.2643118442236066,1920.0,-6.81455190771961,0.0
42,-32768,-4096,21.640515348647853,1263.8249396368367,909.5292762756613,1.3895373932458166,354.29566336117534,0.5812415154751844,0.1697363411959016,2349.767578125,-3.5413464494312943,0.0
42,-28672,-4096,20.88665970527478,611.4345967239915,902.9865230044261,0.6771248309328249,-291.5519262804346,0.403475039884338,0.289545335307987,362.0386657714844,-3.5413464494312943,110.51423361247443
42,-24576,-4096,20.568434599039783,617.2874028577212,926.8902419725438,0.6659768059959859,-309.6028391148226,0.399492838200833,0.39223335654085306,2187.264892578125,-3.5413464494312943,203.40284370266772
42,-20480,-4096,20.920629705755605,819.2040139716788,903.5979830130809,0.9066023047550557,-84.3939690414021,0.47523092292769953,0.2460792223507999,362.0386657714844,-3.5413464494312943,114.09704228902926
42,-16384,-4096,21.512540812617576,1238.5912831862445,907.2257346271164,1.3652514869359658,331.3655485591281,0.5769431082895974,0.15276451286954912,2807.25927734375,-3.5413464494312943,0.0
42,-12288,-4096,23.145954326402133,592.6866797009731,936.6271778752384,0.6327882573784558,-343.9404981742654,0.3872974663117148,0.2678537588356821,128.0,-3.5413464494312943,0.0
42,-8192,-4096,20.845795140809827,629.8752373424284,932.0898613728787,0.675766643802651,-302.2146240304503,0.40300019358088024,0.3930849123323804,2202.1953125,-3.5413464494312943,204.64404028592116
42,-4096,-4096,21.020008177769817,1061.6507737727352,901.9264656345022,1.177092384162236,159.72430813823303,0.5403965557969419,0.0,181.0193328857422,-3.5413464494312943,105.89280760205168
42,0,-4096,21.62662221240944,1324.176729767809,909.2791998233699,1.4562927756678412,414.89752994443916,0.592617071669023,0.17637195346753287,2769.0634765625,-3.5413464494312943,0.0
42,4096,-4096,21.01794823305089,676.7601775852078,907.2072220248635,0.7459819114696818,-230.44704443965577,0.42698681231658275,0.29099590141281273,461.51055908203125,-3.5413464494312943,114.45476083890317
42,8192,-4096,20.483166146413645,599.9558589378009,928.6414847452538,0.646057567740883,-328.6856258074529,0.3922312374661895,0.4136460497106641,2428.629150390625,-3.5413464494312943,221.03096044734264
42,12288,-4096,21.074942760712528,912.9678762899498,904.9389158229998,1.0088723783744542,8.028960466950025,0.5019321936938794,0.2440271696818369,286.2167053222656,-3.5413464494312943,111.46324625115119
42,16384,-4096,21.6272165127436,1122.004561377157,909.2898972293848,1.2339349252597174,212.71466414777217,0.5520875956855523,0.16723478650321738,2626.34033203125,-3.5413464494312943,0.0
42,20480,-4096,20.782840199637505,658.0310443166532,904.4752628471674,0.7275279616219235,-246.44421853051426,0.42086881344937627,0.2839092383930023,543.0579833984375,-3.5413464494312943,121.58833106451631
42,24576,-4096,20.652420809347372,629.9820201837998,927.3363156059504,0.6793457881266625,-297.3542954221506,0.40427042775218786,0.3972406890547619,2111.030029296875,-3.5413464494312943,204.17237123803932
42,28672,-4096,21.120618214488996,973.0269103213609,902.7040143436484,1.0779024961230996,70.3228959777125,0.5184690557038928,0.0,128.0,-3.5413464494312943,97.01708999414218
42,32768,-4096,21.73570921629498,1242.0833236057044,911.2427658933096,1.363065222677587,330.8405577123948,0.5765530713572472,0.1657057396003873,2876.442138671875,-3.5413464494312943,0.0
42,-32768,0,22.31657947470772,1234.8532387907449,921.6984305447389,1.3397584262576279,313.1548082460059,0.5723400539330185,0.12812230564064261,2534.270751953125,0.0,0.0
42,-28672,0,22.631006888416866,1149.488063080561,927.3581239915036,1.2395298357154334,222.12993908905742,0.5532113350027742,0.0,2700.162841796875,0.0,0.0
42,-24576,0,22.50174555738862,1231.821032838022,925.0314200329951,1.3316531808120462,306.78961280502676,0.5708550791779519,0.06230139049796028,1796.5655517578125,0.0,0.0
42,-20480,0,22.33028096230288,1308.0737875054585,921.9450573214518,1.4188196759857201,386.1287301840067,0.5863122987681186,0.11145860053116487,2763.14013671875,0.0,0.0
42,-16384,0,22.589262795525716,1531.9275802701573,926.6067303194629,1.6532661917337899,605.3208499506943,0.6228526976323867,0.19313791156162602,2715.2900390625,0.0,0.0
42,-12288,0,22.3430321906432,1264.8012283550981,922.1745794315776,1.3715420665083973,342.6266489235205,0.5780691102039892,0.0,2663.507568359375,0.0,0.0
42,-8192,0,22.370133320191226,1443.8713731843343,922.6623997634421,1.5648967309760569,521.2089734208922,0.6098630522962274,0.061702796597764065,1920.0,0.0,0.0
42,-4096,0,22.43034104750721,1470.4646440641102,923.7461388551297,1.5918492995127114,546.7185052089804,0.613918680790145,0.11951972958063432,2807.25927734375,0.0,0.0
42,0,0,22.489362740167326,1256.6599110503223,924.808529323012,1.3588325271721224,331.85138172731035,0.5757975179862657,0.13621387785276212,2715.2900390625,0.0,0.0
42,4096,0,22.594502751063207,1164.0838074619455,926.7010495191378,1.2561589393537267,237.38275794280776,0.5565026458514385,0.0,2560.0,0.0,0.0
42,8192,0,22.482170998655455,1410.8145999051062,924.6790779757982,1.52573431529726,486.13552192930797,0.6038169986338898,0.05811787855594961,1459.424560546875,0.0,0.0
42,12288,0,22.631754334617973,1299.083655933045,927.3715780231234,1.4008232371131102,371.7120779099216,0.5832142599902002,0.114286132160468,2462.129150390625,0.0,0.0
42,16384,0,22.32527346002976,1242.1108720846244,921.8549222805357,1.3474038507185293,320.2559498040887,0.5737323311608499,0.1296425276027533,2534.270751953125,0.0,0.0
42,20480,0,22.456991235950404,1279.4958955977265,924.2258422471073,1.3843974460688493,355.27005335061926,0.5803434844564389,0.0,2748.276611328125,0.0,0.0
42,24576,0,22.51689412914557,1410.272597081628,925.3040943246202,1.5241179691428757,484.96850275700774,0.6035635818282804,0.06233457658675699,1810.193359375,0.0,0.0
42,28672,0,22.61319736097244,1340.8410847838759,927.0375524975038,1.4463719200711518,413.80353228637205,0.5909708270648187,0.11411365913462117,2985.447265625,0.0,0.0
42,32768,0,22.488484619129082,1222.8395318279697,924.7927231443234,1.3222849847588312,298.0468086836463,0.5691246275383399,0.13219892520841495,5377.5234375,0.0,0.0
42,-32768,4096,21.54855108594106,1182.6540668073596,907.8739195469391,1.3026633339104459,274.78014726042056,0.5654497929376602,0.15822824073289862,2591.802490234375,3.5413464494312943,0.0
42,-28672,4096,21.041792879787483,568.2154606112919,907.6364256661222,0.6260386257573054,-339.4209650548304,0.3847477637338085,0.2864204172979728,461.51055908203125,3.5413464494312943,117.76271315776471
42,-24576,4096,20.468895507085083,645.2851661125025,924.9942486677159,0.6976099224853745,-279.7090825552134,0.41067499519349415,0.39637155237718735,2179.761474609375,3.5413464494312943,208.60181118353734
42,-20480,4096,20.76435138857688,818.5779586741693,912.1756417341475,0.8973907230387795,-93.59768305997818,0.4726873144546448,0.3050454532415803,999.7119750976562,3.5413464494312943,136.1700425502181
42,-16384,4096,21.764582243887766,1314.2206031246485,911.7624803899798,1.4414067604125682,402.4581227346687,0.5901349735672636,0.1642619395144464,2462.129150390625,3.5413464494312943,0.0
42,-12288,4096,21.045948162727743,680.0102768401557,908.9313203264429,0.748142639199549,-228.9210434862872,0.42769512921228536,0.281541909067273,527.7575073242188,3.5413464494312943,122.16058315432214
42,-8192,4096,20.85535804616025,672.4632068746577,930.1546047698117,0.7229585312229618,-257.69139789515407,0.41934131810687714,0.38530707119620233,2051.99609375,3.5413464494312943,200.70752665878263
42,-4096,4096,21.065698518106476,1151.8178795525077,901.7154598087631,1.277362905363502,250.1024197437447,0.5606226277693764,0.0,128.0,3.5413464494312943,98.4899145438841
42,0,4096,21.832112809899744,1145.5662862002264,912.9780305781953,1.2547577793024562,232.58825562203106,0.5562231785291919,0.16399392357392212,2807.25927734375,3.5413464494312943,0.0
42,4096,4096,20.998947663121328,608.7496499736119,905.0077062456639,0.6726458192261703,-296.25805627205204,0.40187931583511616,0.2661142679293479,362.0386657714844,3.5413464494312943,113.81184173139755
42,8192,4096,20.66152894843441,696.1869517087792,931.5348016798544,0.7473547423599549,-235.3478499710751,0.4274437608881498,0.4175104215276413,2404.901611328125,3.5413464494312943,228.6129536468886
42,12288,4096,21.058891898280937,742.183236279377,915.0608345752853,0.8110752949270882,-172.87759829590834,0.4475717714442689,0.30287589582014735,858.6500854492188,3.5413464494312943,137.64399140198896
42,16384,4096,21.576712846679435,1116.9569800884005,908.3808312402298,1.2296131112359534,208.57614884817076,0.5512195320266139,0.1566102262139117,2575.9501953125,3.5413464494312943,0.0
42,20480,4096,20.91364706481813,607.3423205444793,903.8850472230388,0.671924292154613,-296.54272667855946,0.4016210349645312,0.28693632673224917,384.0,3.5413464494312943,115.73853310113972
42,24576,4096,20.872327222924206,671.8485235846913,922.8048537575659,0.7280504874340372,-250.95633017287457,0.42104916589324165,0.35968849810195463,1536.0,3.5413464494312943,172.14862652660167
42,28672,4096,20.86712429030497,817.9992732297886,902.6348855349695,0.9062349420995185,-84.63561230518087,0.47512955587305994,0.2576497517359748,362.0386657714844,3.5413464494312943,113.51968206936819
42,32768,4096,21.72476124817073,1242.872017864204,911.0457024670732,1.3642257622186893,331.8263153971309,0.5767607765892501,0.1646674210103773,2739.319580078125,3.5413464494312943,0.0
42,-32768,8192,20.868154220236548,1129.2078155296824,895.6267759642578,1.2608017601014043,233.5810395654246,0.5574037585649846,0.27925450326550944,1668.915771484375,6.81455190771961,0.0
42,-28672,8192,19.648122217143403,560.9596585800475,910.9908819487366,0.6157686862683812,-350.0312233686891,0.3808407975319151,0.4170980314298416,2235.423828125,6.81455190771961,214.63924414212846
42,-24576,8192,19.049121206114403,716.4287962432774,937.1106237842495,0.7645082427410623,-220.6818275409721,0.4330079945942648,0.7336355779011188,5782.7109375,6.81455190771961,407.76791865627456
42,-20480,8192,19.92189275355717,861.1485002991745,912.6606978772516,0.9435582164347729,-51.51219757807701,0.48520624142808366,0.5945943189712642,2003.5169677734375,6.81455190771961,197.71758088758668
42,-16384,8192,20.570947384647173,1072.092736781531,890.2770529236491,1.204223711327618,181.81568385788182,0.5460472817718748,0.26686729779893964,2051.99609375,6.81455190771961,0.0
42,-12288,8192,19.7429627901207,471.38550027959036,906.9580432663023,0.519743447648307,-435.57254298671194,0.34174626218773224,0.4049223565187678,1832.68115234375,6.81455190771961,190.46737766247287
42,-8192,8192,18.81365574699346,704.6712102481748,932.5237198083871,0.7556603604602884,-227.8525095602123,0.4301510139723388,0.6894832497550045,5737.19921875,6.81455190771961,408.36869971758216
42,-4096,8192,19.74358344812209,810.4314119779667,912.7091841063531,0.8879404591194862,-102.27777212838635,0.4700494923781333,0.5929312393725877,2235.423828125,6.81455190771961,212.10999283286526
42,0,8192,20.795043725571812,1152.7987801988102,894.3107870602926,1.2890359781840481,258.4879931385176,0.5628599165920363,0.2655172387360635,1683.5771484375,6.81455190771961,0.0
42,4096,8192,19.604538620865263,464.52536465589463,907.5830638072679,0.5118268323642277,-443.05769915137324,0.3383020270116686,0.4003376882399037,2048.0,6.81455190771961,194.28852234376131
42,8192,8192,18.82896060696808,596.7267910696404,931.994786391854,0.6402683789464341,-335.26799532221355,0.3900884970583224,0.7085700260522851,5633.45458984375,6.81455190771961,384.4227658036176
42,12288,8192,19.62836949580877,822.987765793428,908.068810863485,0.9063055089523961,-85.08104507005703,0.47515062549625137,0.5919951738492286,2051.99609375,6.81455190771961,199.61404533683515
42,16384,8192,20.75864315019368,1165.0917114477152,893.6555767034863,1.3037368554734494,271.43613474422887,0.5656478919282784,0.34915862827256977,2048.0,6.81455190771961,0.0
42,20480,8192,20.00415977249864,609.674817183024,907.1778396499056,0.6720565588532312,-297.5030224668817,0.4016693019829335,0.49358076715489707,1536.0,6.81455190771961,167.85177230061169
42,24576,8192,21.951069293186205,731.0363547467117,929.5368417799943,0.786452265137583,-198.50048703328264,0.43996638623856255,0.424602455467756,768.0,6.81455190771961,127.99031477271883
42,28672,8192,19.780279593832265,976.3521225842953,916.0344900123802,1.0658464645486219,60.31763257191517,0.5156644269525504,0.6849030177172154,2432.0,6.81455190771961,221.57171990826478
42,32768,8192,20.871998777672324,1119.507047113074,895.6959779981019,1.2498739244260024,223.81106911497204,0.5552551172525609,0.3655683678626223,1541.3240966796875,6.81455190771961,0.0
42,-32768,12288,19.86927451143179,1191.1835851857059,877.6469412057722,1.3572468942342295,313.5366439799336,0.5754981241205305,0.23066566182380727,3042.525146484375,9.848959817611854,0.0
42,-28672,12288,19.41372380967932,570.2382724100161,871.9799150570742,0.6539580356878885,-301.74164264705814,0.3951157748440024,0.2924331766072686,128.0,9.848959817611854,96.84628064769052
42,-24576,12288,18.749931424395648,704.5120555167905,893.5774260732421,0.7884174722415661,-189.06537055645163,0.44057075206089696,0.4524306240265372,2145.6708984375,9.848959817611854,198.71248629268462
42,-20480,12288,19.187283307155898,1047.9188482802845,876.2905959746693,1.1958576904670748,171.6282523056152,0.5443142050894227,0.45984593856084455,572.4334106445312,9.848959817611854,126.07203365141841
42,-16384,12288,20.028032657573746,1158.7703523160974,880.5045878363275,1.3160298859584083,278.2657644797699,0.5679481375336248,0.2269997878856079,2462.129150390625,9.848959817611854,0.0
42,-12288,12288,19.20635516732907,499.9615092932642,880.8604991289379,0.5675830733557292,-380.8989898356737,0.361813248194051,0.3069277497075154,809.5430908203125,9.848959817611854,130.96468266935744
42,-8192,12288,18.966268796733623,749.7375935061636,897.4714987753257,0.8353887499817463,-147.73390526916205,0.4548801465889012,0.45197149499296707,2145.6708984375,9.848959817611854,202.70800635126363
42,-4096,12288,19.3294839888016,1085.819240959997,874.9573601079088,1.2409967507743263,210.86188085208812,0.5534877112760568,0.4343250999631658,362.0386657714844,9.848959817611854,116.59763697321164
42,0,12288,19.92838815729404,1228.006912912843,878.7109868312928,1.3975094556870642,349.2959260815503,0.5826239427306261,0.2156583714855347,2769.0634765625,9.848959817611854,0.0
42,4096,12288,19.357523286746094,625.7250128141653,870.9683056442763,0.7184245497329567,-245.24329283011093,0.41779248468452596,0.350677368440003,128.0,9.848959817611854,98.91819807592806
42,8192,12288,18.761702572838974,744.1824884071433,884.8960056275059,0.8409829897236585,-140.71351722036263,0.45653168919810605,0.4301200465645746,1541.3240966796875,9.848959817611854,176.68438560122925
42,12288,12288,18.963490525998857,1077.5609284897814,873.4838016913864,1.2336358457972851,204.07712679839506,0.5520165146982947,0.4607521471584093,640.0,9.848959817611854,133.46497057981196
42,16384,12288,19.711566586602476,1230.7072367923972,874.8081985588447,1.4068309359924371,355.8990382335526,0.5842384138937906,0.2193643012269892,2876.442138671875,9.848959817611854,0.0
42,20480,12288,19.08832260848908,650.0029519376569,867.1561253874488,0.7495800731929709,-217.1531734497919,0.42815207025795904,0.36863587951604815,181.0193328857422,9.848959817611854,104.77872456018751
42,24576,12288,18.7959913476405,722.6260092851163,889.9125573016587,0.8120191173346526,-167.28654801654238,0.4478517119139798,0.45326489145632015,1832.68115234375,9.848959817611854,188.53730160889188
42,28672,12288,19.193948344597704,1173.73763347219,868.0239566856052,1.3521949762238108,305.71367678658487,0.5745837591265477,0.1650698292591086,128.0,9.848959817611854,98.5592749557405
42,32768,12288,19.860100509131023,1219.9397735086236,877.4818091643584,1.3902735769193826,342.4579643442652,0.5813606682193275,0.22925758233464544,2575.9501953125,9.848959817611854,0.0
42,-32768,16384,18.875342810057024,1344.5484156022792,859.7561705810265,1.5638717831982856,484.7922450212527,0.6096883052010847,0.12671165951500477,2626.34033203125,12.6697827880121,0.0
42,-28672,16384,18.90019234427952,1288.2289095024457,860.2034621970314,1.4975862875652717,428.02544730541433,0.5993344691668017,0.0,2063.93798828125,12.6697827880121,0.0
42,-24576,16384,18.924673736599196,1391.8367873723937,860.6441272587856,1.617203607495116,531.1926601136081,0.6176385956213841,0.05655498587772872,1782.833740234375,12.6697827880121,0.0
42,-20480,16384,18.979268690489054,1278.8885770596446,861.626836428803,1.48427198758139,417.2617406308416,0.5971885931824247,0.11620109362939157,2810.17578125,12.6697827880121,0.0
42,-16384,16384,19.01449066962395,1224.371702724852,862.2608320532311,1.4199551425864445,362.1108706716209,0.5864881306110722,0.12839786776594225,4890.873046875,12.6697827880121,0.0
42,-12288,16384,19.006429477959216,1253.6104914746973,862.1157306032659,1.4541092883173385,391.49476087143137,0.5922402615885034,0.0,2862.1669921875,12.6697827880121,0.0
42,-8192,16384,19.03019604539842,1395.6362195932861,862.5435288171716,1.6180472903288237,533.0926907761145,0.6177623628997407,0.049520560630846464,1920.0,12.6697827880121,0.0
42,-4096,16384,18.95917626861017,1347.693497236009,861.2651728349831,1.5647834601274708,486.428324401026,0.609827466679599,0.10627467563220697,2715.2900390625,12.6697827880121,0.0
42,0,16384,18.92960105003114,1366.9962957850155,860.7328189005605,1.5881772668214515,506.26347688445503,0.6133523750273564,0.17750925497880632,2626.34033203125,12.6697827880121,0.0
42,4096,16384,18.836478908833357,1271.0433453765022,859.0566203590004,1.4795804086176907,411.98672501750184,0.5964259611528029,0.0,3093.259765625,12.6697827880121,0.0
42,8192,16384,19.11534586606603,1353.4738213122178,864.0762255891885,1.5663824338984944,489.3975957230292,0.6100713496198028,0.041281446098852814,2048.0,12.6697827880121,0.0
42,12288,16384,19.193936626840813,1309.48455851746,865.4908592831346,1.5129964048402254,443.9936992343255,0.6017919815661542,0.10713454444519192,2715.2900390625,12.6697827880121,0.0
42,16384,16384,19.105727656522937,1404.1457255616695,863.9030978174128,1.6253509555749246,540.2426277442567,0.6188256996033283,0.12322168035337723,2534.270751953125,12.6697827880121,0.0
42,20480,16384,18.86015268501682,1287.7098858393304,859.4827483303028,1.49823820005804,428.22713750902756,0.5994387399699304,0.0,2924.456787109375,12.6697827880121,0.0
42,24576,16384,19.016252231004685,1377.5399571525809,862.2925401580843,1.597532035821667,515.2474169944966,0.614744724920687,0.12110174076505312,2048.0,12.6697827880121,0.0
42,28672,16384,19.13802921253124,1327.163937189711,864.4845258255623,1.5352084364058465,462.6794113641488,0.6052789398646372,0.09901572486087776,2715.2900390625,12.6697827880121,0.0
42,32768,16384,19.189834834749927,1569.5935646196162,865.4170270254987,1.8136846348105995,704.1765375941176,0.6443295320648094,0.2553151717751778,2626.34033203125,12.6697827880121,0.0
42,-32768,20480,18.187443667768616,1254.4099898568684,847.373986019835,1.4803498933793156,407.0360038370334,0.5965472460545423,0.15115378778570687,2415.09912109375,15.298804780876495,0.0
42,-28672,20480,17.598146710586075,674.6724242939721,844.5950433785564,0.7988117259072959,-169.9226190845843,0.4437853460923359,0.29306683076336526,404.77154541015625,15.298804780876495,116.99186446941354
42,-24576,20480,17.531509563135373,701.6459732165915,863.3991739602886,0.812655367734766,-161.7532007436971,0.4480368745955079,0.3700625199430364,1583.2725830078125,15.298804780876495,173.764985026187
42,-20480,20480,17.632576708062064,873.9119282265061,846.2705345750646,1.0326625972689938,27.64139365144149,0.5077392705965866,0.2529879583802444,461.51055908203125,15.298804780876495,110.25190390585865
42,-16384,20480,18.396613787602732,1130.8053476710654,851.1390481768492,1.3285788615776295,279.6662994942162,0.5702657876029492,0.15145641567832138,2524.5546875,15.298804780876495,0.0
42,-12288,20480,17.33920152721066,623.3216726249082,840.9897813197394,0.7411762740407483,-217.6681086948313,0.4253851090475774,0.27872190317910106,461.51055908203125,15.298804780876495,118.02048494715379
42,-8192,20480,17.104561545864215,709.5503092236676,863.9607682596763,0.8212760755942121,-154.41045903600877,0.45064802615285104,0.39657593040579553,2145.6708984375,15.298804780876495,205.1312081485129
42,-4096,20480,17.304278953039766,862.5014809755202,841.8611604084081,1.0245174876069814,20.6403205671121,0.5057584000289738,0.27539681888825607,543.0579833984375,15.298804780876495,122.9387702601008
42,0,20480,18.18130223645094,1219.102594466518,847.2634402561168,1.4388707650338353,371.83915421040115,0.5896887991729423,0.2371476005230645,2715.2900390625,15.298804780876495,0.0
42,4096,20480,17.52867622750713,602.4013106917599,841.1061182253027,0.7162013182864494,-238.70480753354275,0.4170288768562278,0.2640153695406604,286.2167053222656,15.298804780876495,111.0483714052499
42,8192,20480,17.082130635087523,688.192051419672,862.2365113705026,0.7981476571037436,-174.04445995083063,0.4435860392965755,0.40508871182468337,2051.99609375,15.298804780876495,202.20725586307617
42,12288,20480,17.75417469316167,1070.6204348658614,843.1414629115554,1.2697992946151295,227.47897195430596,0.5591402440734783,0.0,181.0193328857422,15.298804780876495,101.03359521906143
42,16384,20480,18.065184239048616,1235.622623327457,845.173316302875,1.4619754309477762,390.4493070245819,0.5935368591154369,0.1515064334720959,2715.2900390625,15.298804780876495,0.0
42,20480,20480,17.59992070410091,650.7898631055992,844.6269752618234,0.7705056577240654,-193.83711215622418,0.4348987838279106,0.27512979610992494,404.77154541015625,15.298804780876495,117.87281546595054
42,24576,20480,17.069938650319685,610.4928900907346,862.0170556446815,0.7082143979554579,-251.5241655539469,0.41431202541767903,0.3892172179617351,2051.99609375,15.298804780876495,201.7153618816253
42,28672,20480,17.29371820275258,729.1488086763425,845.3230661519686,0.8625682154818418,-116.17425747562618,0.4628129643734848,0.2967077243572823,746.36181640625,15.298804780876495,131.42616500804854
42,32768,20480,18.25837593790423,1259.4957515768813,848.6507668822761,1.484115493354167,410.84498469460516,0.5971589648010842,0.4162788489274812,2575.9501953125,15.298804780876495,0.0
42,-32768,24576,17.450253789590118,1129.1836121131653,834.1045682126221,1.353767447327209,295.0790439005432,0.5748563899243564,0.39046583581066674,1408.0,17.754944772668892,0.0
42,-28672,24576,15.970001956182621,649.1926617163468,850.830384025644,0.763010670404996,-201.63772230929715,0.4325001295336114,0.5622839256521812,2691.0458984375,17.754944772668892,234.1818066763361
42,-24576,24576,18.240305634395227,774.6414601379528,861.3491036666235,0.8993350742926761,-86.7076435286707,0.47321070583179575,0.45231867770860784,689.3010864257812,17.754944772668892,128.46836660895963
42,-20480,24576,16.272875992924284,924.8427023011519,843.134928442306,1.0969094875594838,81.70777385884594,0.5228119825983686,0.5596559970650494,1740.98828125,17.754944772668892,185.61475926909935
42,-16384,24576,17.583724698010712,1129.2824025691239,836.5070445641928,1.3499974804844141,292.77535800493104,0.5741755449293788,0.2752020917709929,1668.915771484375,17.754944772668892,0.0
42,-12288,24576,16.262397557023473,578.060716463835,850.6457679004079,0.6795551547744999,-272.58505143657294,0.4043212524988198,0.44208648687726226,2278.97509765625,17.754944772668892,217.8468825418463
42,-8192,24576,15.010661488002848,651.8730107266593,862.2894539628053,0.7559793381803064,-210.41644323614594,0.4302330779163421,0.7009945064825,5509.9501953125,17.754944772668892,402.32156421176336
42,-4096,24576,16.421942874151203,931.2808658781532,841.0592447136728,1.1072714219973827,90.22162116448044,0.5251563759911526,0.5456740737280983,1431.08349609375,17.754944772668892,173.01439505605168
42,0,24576,17.295463952634353,1222.484470000891,831.3183511474183,1.4705370912521898,391.16611885347265,0.5949400387321426,0.24826707743929713,2432.0,17.754944772668892,0.0
42,4096,24576,16.556528764139593,453.5047725973088,845.8495195783646,0.536153017883571,-392.34474698105583,0.34875477808323474,0.37702341636005293,1583.2725830078125,17.754944772668892,172.6553430247081
42,8192,24576,15.008317505466835,627.8134949165213,862.9485996812302,0.7275213090888996,-235.1351047647089,0.42085363154760214,0.6918509570612013,5598.4453125,17.754944772668892,381.1217886584289
42,12288,24576,16.301509666000612,933.9542263594149,850.7518560281663,1.0977986351034112,83.20237033124852,0.523016769428634,0.5887100451104015,2235.423828125,17.754944772668892,208.70750788851302
42,16384,24576,17.55782340252924,1263.370960809148,836.0408212455263,1.5111354956651388,427.33013956362174,0.6014872757823171,0.3402798540297005,1920.0,17.754944772668892,0.0
42,20480,24576,16.35655787543545,791.1422299309112,844.6412023275069,0.936660711969564,-53.49897239659572,0.48335180717176535,0.5859159950983558,1740.98828125,17.754944772668892,181.19305104195115
42,24576,24576,18.5682646163456,738.4972305368462,866.3697353176277,0.8524042339337939,-127.87250478078147,0.4598744766780201,0.509690847538615,640.0,17.754944772668892,124.40138365226355
42,28672,24576,16.122664439078967,930.5626036943268,841.0550676729641,1.1064229198083457,89.50753602136263,0.5249652075151359,0.5768392443068802,1782.833740234375,17.754944772668892,185.95497554965434
42,32768,24576,17.499621378967944,1190.6395679134641,834.993184821423,1.425927288458171,355.6463830920411,0.5874964599810832,0.27607190890924027,974.8189697265625,17.754944772668892,0.0
42,-32768,28672,16.910234812184353,1175.290731461637,824.3842266193183,1.4256589263981143,350.9065048423188,0.5874471146422376,0.224302795220873,2700.162841796875,20.054712758020393,0.0
42,-28672,28672,15.929945702911974,499.62078094505756,817.123161906108,0.6114387698662087,-317.5023809610504,0.3791486074783559,0.28874803611357647,543.0579833984375,20.054712758020393,123.63237745074652
42,-24576,28672,15.306765916379396,698.5044106121039,830.2799464337563,0.8412878254043606,-131.7755358216524,0.4566031855371913,0.4704708160244064,2051.99609375,20.054712758020393,197.87231915234975
42,-20480,28672,16.128292305604514,1003.8140059206456,820.4135148982248,1.223546403968214,183.40049102242085,0.5499665079947372,0.4565181995820125,527.7575073242188,20.054712758020393,123.03546466543602
42,-16384,28672,16.742296380432798,1292.3702165130746,821.3613348477904,1.5734490554666403,471.0088816652842,0.6111273157490902,0.2291039638911714,2715.2900390625,20.054712758020393,0.0
42,-12288,28672,16.2463425628247,585.5722128909961,814.9670526136912,0.7185225599157659,-229.3948397226951,0.41780649840026746,0.30300099508621253,128.0,20.054712758020393,97.67098363416889
42,-8192,28672,15.642214348264853,784.2487785730692,834.1726476062587,0.9401516350644546,-49.923869033189476,0.4842771411412861,0.45045656339918033,1902.8568115234375,20.054712758020393,187.47798565357357
42,-4096,28672,15.847550124369725,1074.991195234744,810.2682125882232,1.3267103146017807,264.7229826465209,0.5699063399108232,0.40755144613049127,256.0,20.054712758020393,110.45798446204486
42,0,28672,16.583887967343706,1168.391526059588,818.5099834121868,1.4274615456598618,349.88154264740115,0.5877512142792491,0.2617789838177145,2715.2900390625,20.054712758020393,0.0
42,4096,28672,15.913915866063457,664.7375288479493,816.8346248428345,0.8137969530562568,-152.0970959948852,0.44836774196326357,0.36554964549418395,543.0579833984375,20.054712758020393,120.73435105263546
42,8192,28672,15.680566051263742,700.1969721061521,833.23339246989,0.8403371473514903,-133.03642036373788,0.4563237200403123,0.5042154666698189,1792.0,20.054712758020393,191.3239115968783
42,12288,28672,15.966363618402998,1082.4962120469365,815.222947719261,1.3278529696390693,267.2732643276755,0.5701191808588647,0.43133644528828946,404.77154541015625,20.054712758020393,117.30812962323999
42,16384,28672,16.732331241190476,1286.2038257672295,821.1819623414285,1.5662835823864036,465.02186342580103,0.6100419728787053,0.21207186890113214,2842.061279296875,20.054712758020393,0.0
42,20480,28672,17.815185332500818,557.142316727408,840.6733359850148,0.6627334219832318,-283.5310192576068,0.39829574086268016,0.29535740672882815,128.0,20.054712758020393,0.0
42,24576,28672,15.65194004045775,769.2465071345368,833.3196337723692,0.9231109840196868,-64.07312663783239,0.4797098713368224,0.5325718813993516,1832.68115234375,20.054712758020393,187.6932437393093
42,28672,28672,15.936890411086901,1074.1138987126576,810.4303458342097,1.32536238830868,263.6835528784479,0.5696572232760244,0.4835349303224442,181.0193328857422,20.054712758020393,104.09947251910204
42,32768,28672,16.79212376571171,1312.0679107413705,822.2582277828108,1.5956883937535216,489.80968295855973,0.6144578512246373,0.3114918029493149,2721.3173828125,20.054712758020393,0.0
42,-32768,32768,16.102445659286523,1469.9019219014033,809.8440218671574,1.8150432456270182,660.0579000342459,0.6444829709847604,0.12474257431092808,5178.86181640625,22.21258134490239,0.0
42,-28672,32768,15.933118537212568,1168.4458676900454,806.7961336698263,1.4482541734244612,361.64973402021906,0.5912463488206536,0.0,2876.442138671875,22.21258134490239,0.0
42,-24576,32768,15.997728856480233,1315.0475139027383,807.9591194166442,1.627616400755793,507.0883944860941,0.6191353140209319,0.06837900594931423,2048.0,22.21258134490239,0.0
42,-20480,32768,16.238077765212417,1284.594533589495,812.2853997738234,1.5814571257186005,472.30913381567166,0.6123298636686202,0.09717887578392531,2663.507568359375,22.21258134490239,0.0
42,-16384,32768,16.190628478688396,1378.9013523762928,811.4313126163911,1.6993445174430637,567.4700397599017,0.6292524062661643,0.09765633154759316,2534.270751953125,22.21258134490239,0.0
42,-12288,32768,16.209415806512883,1329.1232756430102,811.7694845172318,1.6373161359144393,517.3537911257783,0.6205367982772276,0.0,2715.2900390625,22.21258134490239,0.0
42,-8192,32768,15.993782416482208,1207.1299185260098,807.8880834966798,1.4941796310465951,399.24183502933,0.5987694144173739,0.046993507799403936,1664.0,22.21258134490239,0.0
42,-4096,32768,16.069465128023957,1390.2947866818972,809.2503723044313,1.7180032710060753,581.044414377466,0.6317956171016869,0.0986910291339065,2591.802490234375,22.21258134490239,0.0
42,0,32768,16.254728500151458,1184.876288396513,812.5851130027263,1.4581565296194856,372.2911753937867,0.5928942573356243,0.0,2534.270751953125,22.21258134490239,0.0
42,4096,32768,15.903313619678434,1144.6171242308278,806.2596451542117,1.4196631706798362,338.3574790766161,0.5864187443510853,0.0,2715.2900390625,22.21258134490239,0.0
42,8192,32768,16.18799809360917,1372.28937613644,811.383965684965,1.691294669568633,560.9054104514751,0.6281439654462645,0.06669899630460455,2307.552734375,22.21258134490239,0.0
42,12288,32768,15.959010823297096,1404.6113142281527,807.2621948193478,1.7399691491095801,597.3491194088049,0.6347454151741134,0.10659441561556597,2807.25927734375,22.21258134490239,0.0
42,16384,32768,15.979817062675256,1427.6183396430517,807.6367071281546,1.7676491509647534,619.9816325148971,0.6383969224370466,0.10544760798432046,2715.2900390625,22.21258134490239,0.0
42,20480,32768,16.154771200542346,1204.40854670237,810.7858816097622,1.485482880277954,393.6226650926077,0.597367262695318,0.0,2924.456787109375,22.21258134490239,0.0
42,24576,32768,15.882667852044216,1491.697476245558,805.8880213367959,1.850998447366361,685.8094549087621,0.6489632331773264,0.07537400069403327,2209.62255859375,22.21258134490239,0.0
42,28672,32768,15.95410633213534,1458.0057456897523,807.1739139784361,1.8063092977118973,650.8318317113162,0.6433760622064854,0.11661934181324582,2721.3173828125,22.21258134490239,0.0
42,32768,32768,16.157334240055835,1252.9862679207351,810.8320163210051,1.5453093152462334,442.15425159973006,0.6068264105772714,0.13650071165589042,2626.34033203125,22.21258134490239,0.0
-987654321,-32768,-32768,16.251595741402216,1427.4064994229168,812.5287233452399,1.7567458951434731,614.8777760776769,0.6369691033102182,0.12240515258457363,2534.270751953125,-22.21258134490239,0.0
-987654321,-28672,-32768,15.943608362830275,1118.6820624494435,806.984950530945,1.3862489773984281,311.69711191849854,0.580630723893974,0.0,2757.204345703125,-22.21258134490239,0.0
-987654321,-24576,-32768,16.033204145113285,1395.017523767316,808.5976746120391,1.7252306895844565,586.419849155277,0.6327714354835319,0.050913654949469166,1920.0,-22.21258134490239,0.0
-987654321,-20480,-32768,16.271473242161456,1272.2986734562908,812.8865183589062,1.5651614889921752,459.4121550973846,0.6098685190787205,0.10909687843531525,2921.654296875,-22.21258134490239,0.0
-987654321,-16384,-32768,16.265050966800924,1371.6432080201625,812.7709174024167,1.6876135435601944,558.8722906177459,0.6276353721997366,0.11210477022165352,2715.2900390625,-22.21258134490239,0.0
-987654321,-12288,-32768,16.162505936593078,1213.12069575082,810.9251068586755,1.4959713116420226,402.19558889214454,0.5990583986730472,0.0,2691.0458984375,-22.21258134490239,0.0
-987654321,-8192,-32768,16.155778237130658,1380.6554464596197,810.8040082683518,1.7028226703125326,569.8514381912679,0.6297290668168474,0.06909265315637712,1810.193359375,-22.21258134490239,0.0
-987654321,-4096,-32768,16.09810054387302,1349.6291226903727,809.7658097897144,1.6666906732464462,539.8633129006583,0.6247140753755738,0.11501916091275277,2985.447265625,-22.21258134490239,0.0
-987654321,0,-32768,16.264337029779238,1243.5148227358372,812.7580665360263,1.5299938246515297,430.756756199811,0.6044481649568415,0.1272474171205124,5159.8447265625,-22.21258134490239,0.0
-987654321,4096,-32768,15.956997534524882,1295.8879399845018,807.2259556214478,1.6053596034171802,488.661984363054,0.6158829817581276,0.0,3053.2763671875,-22.21258134490239,0.0
-987654321,8192,-32768,16.20100590045815,1471.701133240359,811.6181062082467,1.813292633546481,660.0830270321123,0.644262460266106,0.13619735973339842,1920.0,-22.21258134490239,0.0
-987654321,12288,-32768,16.10999549159753,1391.7110684947043,809.9799188487556,1.718204409897936,581.7311496459487,0.6318231093200993,0.10244245093292943,2462.129150390625,-22.21258134490239,0.0
-987654321,16384,-32768,15.899492823226007,1391.870498027916,806.1908708180681,1.7264776226199878,585.6796272098479,0.6329384517169419,0.1112190904138215,3712.0,-22.21258134490239,0.0
-987654321,20480,-32768,16.131784556989107,1143.6986188296344,810.372122025804,1.411325226700255,333.3264968038304,0.5849909135918073,0.0,2591.802490234375,-22.21258134490239,0.0
-987654321,24576,-32768,16.159108213060737,1232.5871944759226,810.8639478350933,1.5200912529984572,421.7232466408293,0.6028939351823419,0.040358451873519746,2048.0,-22.21258134490239,0.0
-987654321,28672,-32768,16.256178909444415,1453.4109121002773,812.6112203699995,1.7885685991863463,640.7996917302778,0.6411101556015942,0.10554929474655582,2524.5546875,-22.21258134490239,0.0
-987654321,32768,-32768,16.020778254490544,1266.259970530196,808.3740085808298,1.5664283575287439,457.8859619493661,0.6100593762068411,0.18361825934665615,2626.34033203125,-22.21258134490239,0.0
-987654321,-32768,-28672,16.859731838410454,1085.7115686427567,823.4751730913881,1.3184508824557677,262.23639555136856,0.5683798054514313,0.24609102312027864,2862.1669921875,-20.054712758020393,0.0
-987654321,-28672,-28672,15.824887241802498,565.2564806680471,817.8715725999543,0.6911311012695279,-252.61509193190727,0.40838452723607893,0.3047275702196709,689.3010864257812,-20.054712758020393,128.659277745064
-987654321,-24576,-28672,15.283308529342726,743.1221605399991,831.8099364817896,0.8933797589424058,-88.6877759417905,0.4715445303413506,0.5518039431249687,2191.007080078125,-20.054712758020393,210.8622485330617
-987654321,-20480,-28672,16.047523479633124,1398.5179895991196,812.4217410680417,1.7214187150636473,586.0962485310779,0.632258632642446,0.22768875253169094,181.0193328857422,-20.054712758020393,99.52337547921755
-987654321,-16384,-28672,16.71016135915905,1160.0635076601766,820.7829044648629,1.4133621708611477,339.2806031953137,0.5853448080349959,0.21014395415544432,2807.25927734375,-20.054712758020393,0.0
-987654321,-12288,-28672,17.65394805084438,608.1444896915714,837.7710649151988,0.7259077272537805,-229.62657522362747,0.42030406526167136,0.2849808812536928,362.0386657714844,-20.054712758020393,0.0
-987654321,-8192,-28672,15.308666759137111,666.0057468714825,828.4799916424623,0.803888752402005,-162.4742447709798,0.4453440977199077,0.41776816034101333,1924.261962890625,-20.054712758020393,195.77395781419534
-987654321,-4096,-28672,16.15138769722738,1051.1480564909918,816.3149246802672,1.2876746764157274,234.8331318107247,0.5625736592501674,0.4246542404696243,286.2167053222656,-20.054712758020393,109.56839734343876
-987654321,0,-28672,16.601607722487035,1114.469596330793,818.8289390047667,1.3610530151576692,295.64065732602626,0.5761621466241023,0.2293553654389038,3095.906982421875,-20.054712758020393,0.0
-987654321,4096,-28672,15.8958623887485,563.8714931760886,811.7154691276473,0.6946664374674081,-247.84397595155872,0.409615599026481,0.3045082213595649,286.2167053222656,-20.054712758020393,109.87744056623151
-987654321,8192,-28672,15.279239021788523,788.3401903083576,831.5281022772039,0.9480619935146235,-43.187911968846265,0.48636906151752807,0.5132051138886068,2176.0,-20.054712758020393,204.31446113947788
-987654321,12288,-28672,16.171511483989764,1086.6351291755589,814.6535251464611,1.3338616916684918,271.98160402909775,0.571225153820222,0.41660481502185776,181.0193328857422,-20.054712758020393,103.83007102161977
-987654321,16384,-28672,16.698760334753384,1143.3017255622956,820.577686025561,1.3932888317982872,322.7240395367346,0.5818686474191165,0.23340686054913334,2575.9501953125,-20.054712758020393,0.0
-987654321,20480,-28672,17.674647690172115,577.2005087914698,838.143658423098,0.6886653654069609,-260.9431496316282,0.4075284257544638,0.3258144517619018,128.0,-20.054712758020393,0.0
-987654321,24576,-28672,15.41629161858678,771.4334660098099,830.6017821799234,0.9287645205686585,-59.168316170113485,0.4812330027558471,0.47443112172834984,1936.991455078125,-20.054712758020393,194.8548605235391
-987654321,28672,-28672,17.510436956808466,1341.7716060062144,835.1878652225523,1.6065506479176068,506.58374078366205,0.6160682160211228,0.17114270669400183,286.2167053222656,-20.054712758020393,0.0
-987654321,32768,-28672,16.589470465837863,1265.3570442542994,818.6104683850815,1.5457376775922982,446.74657586921785,0.6068953288641277,0.21828452910735727,2715.2900390625,-20.054712758020393,0.0
-987654321,-32768,-24576,17.441917958908775,1176.8215141198455,833.954523260358,1.411133918332913,342.8669908594875,0.5849664635892267,0.28088981375807964,1958.0234375,-17.754944772668892,0.0
-987654321,-28672,-24576,16.24092949573988,522.7646885775202,847.038099555011,0.6171678568557344,-324.2734109774907,0.38135659855907633,0.42570384561477465,2048.0,-17.754944772668892,196.2638293148936
-987654321,-24576,-24576,15.110434720040622,626.57440554254,866.4828389645317,0.7231238489285164,-239.90843342199162,0.41937777675263255,0.7021098831471912,5818.01904296875,-17.754944772668892,389.8897467631135
-987654321,-20480,-24576,16.063246240271077,843.4951280966951,844.1222864945792,0.9992570289780068,-0.6271583978840454,0.49951819802880637,0.5953100135401214,2067.9033203125,-17.754944772668892,207.98146287042988
-987654321,-16384,-24576,17.292779536389016,1212.6708029524875,831.2700316550023,1.4588169388690004,381.4007712974852,0.5930102144912422,0.2575771151699317,1810.193359375,-17.754944772668892,0.0
-987654321,-12288,-24576,16.474111241519566,522.8163169320643,847.5849152622625,0.6168306060169709,-324.7685983301982,0.3812278308190855,0.36708083055042706,1796.5655517578125,-17.754944772668892,181.92423801671046
-987654321,-8192,-24576,18.247400967427843,926.7821750815165,865.0993806472662,1.0713013970581036,61.68279443425024,0.5169232580480152,0.5797405217947939,896.0,-17.754944772668892,137.1932836715264
-987654321,-4096,-24576,16.756401420892374,965.837536095211,846.7150955155713,1.1406877487014746,119.12244057963971,0.5325665874043932,0.5578646435077617,1408.0,-17.754944772668892,163.01406176478912
-987654321,0,-24576,17.42052665371352,1188.6348450012074,833.5694797668434,1.425957732202094,355.065365234364,0.5875011388864433,0.2861732185465842,1920.0,-17.754944772668892,0.0
-987654321,4096,-24576,16.19740803210141,603.5615248124144,843.5940873574523,0.7154643848951848,-240.03256254503788,0.41677946744138805,0.47976079659097276,1863.7081298828125,-17.754944772668892,190.84393334231981
-987654321,8192,-24576,15.162575891796838,662.8609112252757,867.4533941083813,0.7641458500564199,-204.59248288310562,0.4328705798127089,0.6955971225348705,5822.24169921875,-17.754944772668892,401.9727857065663
-987654321,12288,-24576,15.957789865420576,823.5051804153178,846.5458494219909,0.9727827275718085,-23.040669006673056,0.49280672206371406,0.6114503646318582,2380.937744140625,-17.754944772668892,218.49866616587707
-987654321,16384,-24576,17.595134933870522,997.7366719090495,836.7124288096694,1.1924487285655092,161.0242430993801,0.5435926670580836,0.2585774106023443,1707.7330322265625,-17.754944772668892,0.0
-987654321,20480,-24576,16.32668171778245,576.4715100199055,852.1444996585384,0.6764950196250784,-275.6729896386329,0.4032352086974518,0.4191912111536217,2304.0,-17.754944772668892,209.41417715637493
-987654321,24576,-24576,15.171148791207667,710.6765354193498,865.2374976324439,0.8213658531489672,-154.56096221309417,0.4506755095862652,0.6931008055750397,5517.37890625,-17.754944772668892,372.0903225154483
-987654321,28672,-24576,16.551914910550106,908.2510224405839,843.8442289300241,1.0763254535641327,64.40679351055985,0.518084240848005,0.5247822298556318,1459.424560546875,-17.754944772668892,172.70359381648433
-987654321,32768,-24576,17.393930778464014,1179.822358239092,833.0907540123522,1.4161990786199492,346.7316042267397,0.5858357796380378,0.254838977196281,1498.2015380859375,-17.754944772668892,0.0
-987654321,-32768,-20480,18.049207838603063,1088.4812057610147,844.8857410948551,1.28831764204056,243.59546466615961,0.5627066816511923,0.1650808224858689,2404.901611328125,-15.298804780876495,0.0
-987654321,-28672,-20480,17.178928563609546,689.1022756090588,843.256852647394,0.8171914327712027,-154.15457703833522,0.4494069672984052,0.282523346108262,746.36181640625,-15.298804780876495,138.25921892979852
-987654321,-24576,-20480,17.148805696537835,637.6509408293766,864.2712435753787,0.7377903008683905,-226.62030274600204,0.42427408913517606,0.5454998465974473,2111.030029296875,-15.298804780876495,199.65696846060376
-987654321,-20480,-20480,17.617694835123004,803.3082134541424,842.7084531623884,0.9532457048930852,-39.40023970824598,0.487735327599556,0.24339639270898658,286.2167053222656,-15.298804780876495,112.20248106068148
-987654321,-16384,-20480,18.306219584321973,1470.432800556101,849.5119525177955,1.7309147872469735,620.9208480383055,0.6335492469644682,0.3399526915505485,2638.78759765625,-15.298804780876495,0.0
-987654321,-12288,-20480,17.456328378115078,673.3120736993438,841.6533108623839,0.7999874354553985,-168.3412371630401,0.4441473931767917,0.26127304826575626,384.0,-15.298804780876495,115.32707318579116
-987654321,-8192,-20480,17.048408107736474,704.616685730441,858.4560589833862,0.8207952851598167,-153.83937325294528,0.4505012238796874,0.37473488468296456,1832.68115234375,-15.298804780876495,188.091896378936
-987654321,-4096,-20480,17.319761414073977,739.9287457394328,847.077413883814,0.8735078206688228,-107.14866814438119,0.46594828442918657,0.2958563931093442,819.5999145507812,-15.298804780876495,138.63200487920247
-987654321,0,-20480,18.281553573963404,1158.320709917109,849.0679643313413,1.3642261380445684,309.2527455857678,0.5767413074815106,0.2732918016433919,1810.193359375,-15.298804780876495,0.0
-987654321,4096,-20480,17.379455740453633,594.1913731541365,850.8251948817846,0.6983706838120781,-256.63382172764807,0.4109160201125552,0.29070409116008766,974.8189697265625,-15.298804780876495,143.56203740906878
-987654321,8192,-20480,16.915442871111424,584.4314517318926,860.979771565016,0.6787981216673217,-276.5483198331234,0.40405622019425164,0.4042026942396511,2176.0,-15.298804780876495,204.83953096613834
-987654321,12288,-20480,17.37260307834224,838.3038805087708,846.3487038085779,0.9904946705021166,-8.044823299807035,0.49731711522767014,0.2805550399191992,724.0773315429688,-15.298804780876495,127.39521698656499
-987654321,16384,-20480,18.256055306116824,1327.1148261464618,848.6089955101029,1.5638707969961205,478.50583063635895,0.6096845235683046,0.4203980081124116,2540.7275390625,-15.298804780876495,0.0
-987654321,20480,-20480,17.52161628462234,678.3333850898047,847.530065346609,0.8003649815212053,-169.19668025680437,0.44426591316723246,0.2780264235214053,640.0,-15.298804780876495,125.94905379025515
-987654321,24576,-20480,17.12324902441996,655.8917529036222,859.8031954836889,0.7628393990029838,-203.9114425800667,0.4324480368323415,0.39491649900423614,1832.68115234375,-15.298804780876495,188.2374917671837
-987654321,28672,-20480,17.471204280359856,816.8084404486403,840.0716231766518,0.9723080960168088,-23.26318272801143,0.49268246742923155,0.25550769401503903,286.2167053222656,-15.298804780876495,108.40988866140502
-987654321,32768,-20480,18.298304656246568,1335.488357511066,849.3694838124381,1.5723291017198529,486.1188736986278,0.6109676175018078,0.14720261811350965,2807.25927734375,-15.298804780876495,0.0
-987654321,-32768,-16384,19.07589100824195,1223.2884574866441,863.3660381483551,1.4168827628548002,359.92241933828905,0.5859630796400331,0.0,4900.91259765625,-12.6697827880121,0.0
-987654321,-28672,-16384,18.882345146970735,1259.29514957888,859.8822126454733,1.4644972660901912,399.41293693340674,0.5939574546997846,0.0,2862.1669921875,-12.6697827880121,0.0
-987654321,-24576,-16384,18.85809843703742,1473.973967608651,859.4457718666736,1.715028470507514,614.5281957419775,0.6314091432160078,0.05941731024466388,1936.991455078125,-12.6697827880121,0.0
-987654321,-20480,-16384,19.021611023000062,1265.964772890096,862.3889984140011,1.467974168522907,403.5757744760948,0.5945300353331007,0.11137367346146212,2591.802490234375,-12.6697827880121,0.0
-987654321,-16384,-16384,19.050768249509368,1388.7176673326794,862.9138284911686,1.6093352794692084,525.8038388415108,0.616486837686156,0.1251343206077437,2534.270751953125,-12.6697827880121,0.0
-987654321,-12288,-16384,19.149110882999793,1235.2334911319035,864.6839958939963,1.4285374738025494,370.5494952379072,0.5879495500227971,0.0,3077.32861328125,-12.6697827880121,0.0
-987654321,-8192,-16384,18.93586659950134,1343.3038646118302,860.8455987910241,1.560446921606352,482.4582658208061,0.6091668101893303,0.04919910093394364,1792.0,-12.6697827880121,0.0
-987654321,-4096,-16384,18.886104332611914,1328.9772887675035,859.9498779870145,1.5454124976195083,469.02741078048905,0.6068591270718167,0.11400324871390383,2514.801025390625,-12.6697827880121,0.0
-987654321,0,-16384,19.078005565013765,1381.0237167605167,863.4041001702478,1.5995102600140578,517.6196165902688,0.6150381260744393,0.11678089265315686,4639.8896484375,-12.6697827880121,0.0
-987654321,4096,-16384,19.115583102684493,1141.6004509546049,864.0804958483209,1.3211737291140053,277.519955106284,0.56889983072467,0.0,2591.802490234375,-12.6697827880121,0.0
-987654321,8192,-16384,18.89776499905586,1248.2309071936645,860.1597699830054,1.4511616919939494,388.0711372106591,0.5917495135914647,0.064677674482886,1832.68115234375,-12.6697827880121,0.0
-987654321,12288,-16384,18.936270116270073,1344.501329883666,860.8528620928613,1.5618247775990235,483.6484677908046,0.609376923602287,0.10868362686062509,2575.9501953125,-12.6697827880121,0.0
-987654321,16384,-16384,19.064743820443514,1158.1026144312768,863.1653887679832,1.3416925997047502,294.9372256632936,0.5726751412765965,0.0,2626.34033203125,-12.6697827880121,0.0
-987654321,20480,-16384,19.166013122384456,1131.6312357147024,864.9882362029202,1.308261995194614,266.64299951178214,0.5664898904035955,0.0,2672.718505859375,-12.6697827880121,0.0
-987654321,24576,-16384,19.041790639592893,1411.3811752599786,862.7522315126721,1.6359055632755535,548.6289437473065,0.6203509521940815,0.054733633241384874,2176.0,-12.6697827880121,0.0
-987654321,28672,-16384,19.133032927794773,1437.1493945790442,864.3945927003059,1.6626080342422016,572.7548018787382,0.624157194181188,0.12027413203352275,2807.25927734375,-12.6697827880121,0.0
-987654321,32768,-16384,18.83534819900051,1307.5578826433098,859.0362675820093,1.5221218614247642,448.5216150613005,0.6032300292503514,0.13884385671900712,2626.34033203125,-12.6697827880121,0.0
-987654321,-32768,-12288,19.99737617892352,1202.385327971199,879.9527712206234,1.3664202981068114,322.4325567505757,0.5771436371454224,0.21787837069247729,2862.1669921875,-9.848959817611854,0.0
-987654321,-28672,-12288,19.222560920221344,505.0815651014833,871.0184069135523,0.5798747317995682,-365.936841812069,0.3667718941003425,0.27923719745963216,256.0,-9.848959817611854,105.94745567530157
-987654321,-24576,-12288,18.977214482049774,809.7347612531493,890.6536381503842,0.9091466385684128,-80.9188768972349,0.47592587414903215,0.45972966904861956,1664.0,-9.848959817611854,183.60242744294374
-987654321,-20480,-12288,19.3209744656503,966.473270370865,874.8041886911855,1.1047881147172234,91.6690816796795,0.5246078790232394,0.4488095103158435,362.0386657714844,-9.848959817611854,110.78079887817432
-987654321,-16384,-12288,20.040587335417296,1155.5290509926406,880.7305720375114,1.3120119678818476,274.7984789551292,0.5671977385356243,0.2301604619068403,2638.78759765625,-9.848959817611854,0.0
-987654321,-12288,-12288,19.105626798999932,528.9520428185507,870.9279306914788,0.6073430695908281,-341.97588787292807,0.37758555538003324,0.3001109647603858,362.0386657714844,-9.848959817611854,110.02920129710166
-987654321,-8192,-12288,18.735437949795525,734.927332611708,895.5504950896604,0.8206430978949197,-160.6231624779524,0.45046725130623827,0.4972015660631219,2307.552734375,-9.848959817611854,216.31996839543234
-987654321,-4096,-12288,19.123390284063873,1041.6244199137893,871.2476734226298,1.1955548940771887,170.37674649115957,0.5442497560523724,0.44067900220573947,362.0386657714844,-9.848959817611854,109.66755506305327
-987654321,0,-12288,19.693781893302138,1109.29269643772,874.4880740794385,1.2685052310238274,234.80462235828145,0.558899357004895,0.23585967536473001,2663.507568359375,-9.848959817611854,0.0
-987654321,4096,-12288,19.204757255759507,464.97546155077816,877.8266028270781,0.5296894170822629,-412.8511412762999,0.3460148439093588,0.2968682028908076,640.0,-9.848959817611854,129.44956969343127
-987654321,8192,-12288,18.95573162345371,701.9756482393034,895.0342670090442,0.784300304596282,-193.05861876974086,0.4392811593601464,0.4473101143292178,1987.0943603515625,-9.848959817611854,202.02130449073638
-987654321,12288,-12288,18.963938286380678,1052.5164647164584,877.3516695610806,1.1996517488169924,175.16479515537776,0.5451001267418357,0.5030241460530107,858.6500854492188,-9.848959817611854,138.09711275406846
-987654321,16384,-12288,19.753643317828416,1298.428782086311,875.5655797209115,1.4829600570869723,422.8632023653995,0.5969802979201448,0.23331059316755273,2575.9501953125,-9.848959817611854,0.0
-987654321,20480,-12288,19.209424717110867,615.1030888973254,879.8057834104178,0.6991350824189659,-264.7026945130924,0.41119021371161735,0.3809234820152201,746.36181640625,-9.848959817611854,126.4888605276359
-987654321,24576,-12288,18.813384411236672,810.8350484497867,891.7494524476215,0.9092632983673321,-80.91440399783482,0.4759582210466565,0.5274286569216365,1936.991455078125,-9.848959817611854,192.95680705717677
-987654321,28672,-12288,19.03981731965011,1037.3659358619295,869.743360063182,1.1927264794370729,167.62257579874756,0.5436616959402119,0.45057922752654733,362.0386657714844,-9.848959817611854,117.4799345481448
-987654321,32768,-12288,19.853686873144024,1098.1215514377784,877.3663637165924,1.2516111818853526,220.75518772118596,0.5555923428714772,0.2214559964128404,2862.1669921875,-9.848959817611854,0.0
-987654321,-32768,-8192,20.712946912373592,1140.3309898007076,892.8330444227247,1.2772051806595113,247.4979453779829,0.5605894955448091,0.2623321770272007,1792.0,-6.81455190771961,0.0
-987654321,-28672,-8192,19.616130193969962,477.5074142521941,911.5474955021873,0.5238426045909182,-434.0400812499932,0.34351694375624936,0.4058649603625684,2318.1787109375,-6.81455190771961,211.89840174601778
-987654321,-24576,-8192,18.84284294505369,684.1861096061157,932.1649158514787,0.7339753920915928,-247.978806245363,0.42302882852072266,0.6871432000220384,5623.26611328125,-6.81455190771961,405.59930598346114
-987654321,-20480,-8192,19.741942992153227,975.5294623629712,903.18697568261,1.0800969108591123,72.34248668036128,0.5189769279122066,0.5388166799495876,1583.2725830078125,-6.81455190771961,177.22902079154397
-987654321,-16384,-8192,20.638875921721315,1127.842708104606,891.4997665909837,1.2651071266315377,236.34294151362224,0.5582433286586924,0.2686327591646279,1557.187255859375,-6.81455190771961,0.0
-987654321,-12288,-8192,19.529509669669125,508.5695335903541,912.2283834647418,0.5575024224292958,-403.65884987438767,0.3576946677793217,0.41206106138995174,2485.310546875,-6.81455190771961,217.93473900866405
-987654321,-8192,-8192,18.925150581533693,634.7516835094042,934.1208158595869,0.679517759086976,-299.36913235018267,0.40433327150105636,0.7013235582233636,5684.12255859375,-6.81455190771961,390.45551877320275
-987654321,-4096,-8192,19.62283205235493,901.2276908308303,903.0789963081093,0.9979500071590112,-1.85130547727897,0.4992102988656742,0.5639919655049707,1717.3001708984375,-6.81455190771961,186.5086356383149
-987654321,0,-8192,20.60887532405444,1075.9426251790587,890.9597558329799,1.2076220257256556,184.98286934607881,0.5467459339246954,0.2632386399686471,1740.98828125,-6.81455190771961,0.0
-987654321,4096,-8192,19.652283133868632,621.4755323775922,912.0537084029763,0.6814023413882149,-290.5781760253841,0.4049942587353151,0.46109237125418867,2307.552734375,-6.81455190771961,212.295728882057
-987654321,8192,-8192,18.82986615184261,734.5118040226976,933.4326047369675,0.7868932371712857,-198.92080071426994,0.4401056141639708,0.7157605622244313,5818.01904296875,-6.81455190771961,396.47172278075345
-987654321,12288,-8192,19.719885569607705,812.1884207038702,907.881930230933,0.8945969664769936,-95.69350952706282,0.4719089026562617,0.569743966027825,1924.261962890625,-6.81455190771961,195.50178362432226
-987654321,16384,-8192,20.821587368759676,1140.566778911926,894.7885726376742,1.27467740848516,245.77820627425172,0.56010203624038,0.2643595698506349,2176.0,-6.81455190771961,0.0
-987654321,20480,-8192,19.692314864763627,525.8526747719185,906.5024103453723,0.5800896597413036,-380.64973557345377,0.3668683916720386,0.42032156367053336,1863.7081298828125,-6.81455190771961,187.03964012525887
-987654321,24576,-8192,18.965883670983466,710.435977877698,932.8577736599068,0.76156944599435,-222.42179578220885,0.43206147150614554,0.6688961179125242,5432.08837890625,-6.81455190771961,376.5106828644616
-987654321,28672,-8192,19.923636056908517,858.0625520631761,912.4565468112309,0.940387303989274,-54.39399474805475,0.48436539725051475,0.5675560546023273,1987.0943603515625,-6.81455190771961,197.96812342613708
-987654321,32768,-8192,20.73329224024405,1192.7162831661703,893.199260324393,1.3353305764415864,299.51702284177736,0.571521107735505,0.26208087075881203,2048.0,-6.81455190771961,0.0
-987654321,-32768,-4096,21.448906038788554,1193.103213114537,906.0803086981939,1.316774243586335,287.0229044163432,0.5680947406371107,0.16153699553528977,2807.25927734375,-3.5413464494312943,0.0
-987654321,-28672,-4096,21.147494086006574,662.7708140152545,904.2212119827637,0.7329741939607232,-241.45039796750928,0.42268761768313495,0.2768717789987185,181.0193328857422,-3.5413464494312943,104.32256933755477
-987654321,-24576,-4096,20.625745682845224,705.8509796564532,927.3420827253345,0.7611549101514421,-221.49110306888133,0.4319263102412737,0.39153809201216727,2145.6708984375,-3.5413464494312943,202.12385265082088
-987654321,-20480,-4096,20.938241268823006,824.1445393063165,902.4782889689884,0.9132015134101872,-78.33374966267195,0.47703962104336417,0.24159528810017025,286.2167053222656,-3.5413464494312943,112.23220678876035
-987654321,-16384,-4096,21.692015042555614,1158.2632383855757,910.4562707660011,1.272178879509595,247.8069676195746,0.5596232886940188,0.15364767395038623,2807.25927734375,-3.5413464494312943,0.0
-987654321,-12288,-4096,20.779274154449176,675.5577836224995,906.1679070034921,0.7455106039414129,-230.6101233809926,0.42683188099089125,0.27514466586054526,640.0,-3.5413464494312943,124.47854473748761
-987654321,-8192,-4096,20.736366550607237,685.2948250362454,926.1785878889245,0.739916506381631,-240.88376285267918,0.42499604616305564,0.3749993997391038,1924.261962890625,-3.5413464494312943,192.07343541978292
-987654321,-4096,-4096,20.992695723626312,870.6573064616226,906.7526768552211,0.9601927059991886,-36.0953703935985,0.4895706359215288,0.26348858414835885,461.51055908203125,-3.5413464494312943,123.26137393651435
-987654321,0,-4096,21.562854186368572,1206.285125263078,908.1313753546343,1.3283156578441218,298.15374990844373,0.570235282229687,0.1621009464661871,2304.0,-3.5413464494312943,0.0
-987654321,4096,-4096,21.032034298628766,627.4820967716428,902.1429358099631,0.6955462065534836,-274.6608390383203,0.4099515449014377,0.28257667398251723,181.0193328857422,-3.5413464494312943,106.13313909025825
-987654321,8192,-4096,20.82364539679302,713.8594903047658,931.3274170272847,0.7664968057993424,-217.46792672251888,0.43364425213520064,0.39838806025610124,2176.0,-3.5413464494312943,205.90282529522506
-987654321,12288,-4096,21.034903486166264,782.5697535647439,904.218208881167,0.8654655987663148,-121.64845531642311,0.46366591715149946,0.24040742638468968,286.2167053222656,-3.5413464494312943,108.65714790100732
-987654321,16384,-4096,21.77908518995805,1254.6880146685683,912.0235334192448,1.3757189027399859,342.66448124932344,0.5788076442990566,0.14856728162425492,2715.2900390625,-3.5413464494312943,0.0
-987654321,20480,-4096,21.04039233196315,741.4929312247915,901.2599484581832,0.822729260845652,-159.7670172333917,0.4510975709242869,0.2809200304754227,128.0,-3.5413464494312943,100.23740678584387
-987654321,24576,-4096,20.776215557429047,636.8988535101937,925.2245938609647,0.6883721614580229,-288.32574035077096,0.4074526900490952,0.3764380667060671,1810.193359375,-3.5413464494312943,187.992497871941
-987654321,28672,-4096,22.83326879023731,1165.0850675934344,930.9988382242716,1.2514355762415816,234.08622936916277,0.5555738920895195,0.0,286.2167053222656,-3.5413464494312943,0.0
-987654321,32768,-4096,21.802260184452063,1026.1908101842637,912.4406833201372,1.124665777122321,113.75012686412651,0.5290648319646576,0.0,2807.25927734375,-3.5413464494312943,0.0
-987654321,-32768,0,22.457105502900443,1281.6040178662506,924.2278990522079,1.3866753202110977,357.3761188140427,0.5807438292155194,0.127466868491653,2715.2900390625,0.0,0.0
-987654321,-28672,0,22.306880097367625,1157.8098444405198,921.5238417526173,1.2564079104437684,236.2860026879025,0.5565500631580069,0.0,2591.802490234375,0.0,0.0
-987654321,-24576,0,22.35782328310671,1369.4556324197824,922.4408190959208,1.484599991750125,447.01481332386163,0.5972601298739476,0.06697195153389959,1740.98828125,0.0,0.0
-987654321,-20480,0,22.495152854310845,1348.2716010864335,924.9127513775952,1.457728417170456,423.3588497088383,0.5928594133653284,0.11065530092919827,2739.319580078125,0.0,0.0
-987654321,-16384,0,22.425542005060137,1464.9211129016555,923.6597560910825,1.585996470281638,541.261356810573,0.613045213037361,0.11747222439784406,2715.2900390625,0.0,0.0
-987654321,-12288,0,22.49827148174255,1185.1901152709092,924.9688866713659,1.281329709949474,260.22122859954334,0.56139310879973,0.0,2807.25927734375,0.0,0.0
-987654321,-8192,0,22.490168392555514,1233.0222261026286,924.8230310659992,1.3332520760013762,308.19919503662936,0.5711489612366956,0.06352741743327317,2063.93798828125,0.0,0.0
-987654321,-4096,0,22.567268254905002,1424.5241049491733,926.21082858829,1.5380127946899533,498.31327636088326,0.6057332757337639,0.11143854506716024,2691.0458984375,0.0,0.0
-987654321,0,0,22.391502151403397,1462.7602972202305,923.0470387252611,1.5847082931334895,539.7132584949694,0.6128522713965867,0.11304619609385398,4699.53515625,0.0,0.0
-987654321,4096,0,22.69474153451521,1276.8648441679654,928.5053476212738,1.375183080462756,348.3594965466916,0.5787174105776426,0.0,2769.0634765625,0.0,0.0
-987654321,8192,0,22.528429282746416,1447.590312511267,925.5117270894355,1.5640972125374066,522.0785854218316,0.6097422471170344,0.06728417660850258,1924.261962890625,0.0,0.0
-987654321,12288,0,22.659854282622643,1476.6276006856506,927.8773770872076,1.591403818165154,548.750223598443,0.613853479552052,0.10581840478614644,2918.84912109375,0.0,0.0
-987654321,16384,0,22.346729079070073,1304.5937615102405,922.2411234232613,1.4145907489656573,382.35263808697914,0.5855881736716683,0.0,2626.34033203125,0.0,0.0
-987654321,20480,0,22.665144247002388,1205.2333776009386,927.972596446043,1.2987812164031043,277.26078115489565,0.5647221459677195,0.0,2715.2900390625,0.0,0.0
-987654321,24576,0,22.623597769932147,1362.735985991504,927.2247598587786,1.4696932663867348,435.5112261327255,0.5948316611098149,0.06176816652881093,2176.0,0.0,0.0
-987654321,28672,0,22.645779442662402,1395.1540844948597,927.6240299679232,1.5040081319832814,467.5300545269365,0.600381798852338,0.08933728661257767,2715.2900390625,0.0,0.0
-987654321,32768,0,22.48975365047344,1526.9292820379985,924.815565708522,1.651063561920245,602.1137163294766,0.6225389825773673,0.1707262847562456,2626.34033203125,0.0,0.0
-987654321,-32768,4096,21.690701258055395,1161.0781564089564,910.4326226449971,1.2753037704600056,250.6455337639593,0.560227801053444,0.30788707791743414,2672.718505859375,3.5413464494312943,0.0
-987654321,-28672,4096,20.76781637683065,677.9691039141097,906.8442970304611,0.7476135717390265,-228.8751931163514,0.42752136128392254,0.28364059574101785,689.3010864257812,3.5413464494312943,129.96627275533422
-987654321,-24576,4096,20.743109977555267,631.8382057588707,931.8331316067228,0.6780593910300412,-299.9949258478521,0.40381528738340944,0.412931147483459,2318.1787109375,3.5413464494312943,217.74184075041683
-987654321,-20480,4096,21.056128163087234,912.6115700245142,904.0226172851384,1.009500816213171,8.588952739375827,0.5020875907793659,0.23514479651578454,256.0,3.5413464494312943,101.12658014083476
-987654321,-16384,4096,21.62247881637047,1392.273034792299,909.2046186946684,1.531308801302797,483.0684160976307,0.6046847111344525,0.2513370801324506,2807.25927734375,3.5413464494312943,0.0
-987654321,-12288,4096,21.003480718978246,603.4235520357079,907.8779131820746,0.6646527504130298,-304.45436114636675,0.39901009548305266,0.27945572949957614,512.0,3.5413464494312943,119.32163020276471
-987654321,-8192,4096,20.677303312524785,700.6936324757111,919.2944233703763,0.7622080746522785,-218.60079089466524,0.4322632914836492,0.3547087029905758,1536.0,3.5413464494312943,176.58166522843078
-987654321,-4096,4096,21.067156790003228,844.9595109881315,902.7751406547035,0.9359578846791866,-57.81562966657202,0.48318337501595277,0.2340028371193143,181.0193328857422,3.5413464494312943,100.72967887880239
-987654321,0,4096,21.46232526830051,1170.8049461720345,906.3218548294092,1.291820273265293,264.48309134262536,0.5633943730516476,0.16777347531669373,3207.6708984375,3.5413464494312943,0.0
-987654321,4096,4096,21.04077912754974,656.3575069093724,905.7606726053754,0.7246478311112723,-249.40316569600293,0.41990267627309613,0.2888044986826665,362.0386657714844,3.5413464494312943,113.29556089360017
-987654321,8192,4096,20.63251422990718,703.181870284747,923.9980454758205,0.7610209499118991,-220.8161751910735,0.4318821670001202,0.3762953402338097,1902.8568115234375,3.5413464494312943,198.88781152241813
-987654321,12288,4096,20.72884403698698,861.4485909908041,907.5367871684084,0.9492161675105166,-46.088196177604345,0.4866981397816472,0.29730361271894906,768.0,3.5413464494312943,135.5306935316067
-987654321,16384,4096,21.647228035461634,1131.7733319556885,909.6501046383094,1.2441853479538691,222.12322731737913,0.554132562169902,0.14282832251159086,2635.681396484375,3.5413464494312943,0.0
-987654321,20480,4096,20.971888477747793,618.0992538222216,902.5063029490284,0.6848697364245783,-284.4070491268068,0.40621516599465424,0.271988105010447,256.0,3.5413464494312943,106.27465541122093
-987654321,24576,4096,20.748880849350876,683.1028333940782,926.4038452663101,0.7373704641712805,-243.30101187223192,0.4241539898252889,0.3694612435871813,1924.261962890625,3.5413464494312943,194.79745719452657
-987654321,28672,4096,21.03609942966417,831.4411042632867,913.7958958509697,0.9098761638549597,-82.35479158768305,0.47613302444564254,0.30077016631606635,809.5430908203125,3.5413464494312943,137.67073678463578
-987654321,32768,4096,21.442704973176706,1336.8401404441277,905.9686895171808,1.4755919888981723,430.87145092694686,0.595790569407457,0.16789553979129307,2462.129150390625,3.5413464494312943,0.0
-987654321,-32768,8192,20.61384845452166,1057.6435262767548,891.0492721813898,1.18696413239587,166.59425409536493,0.5424667553335377,0.264981632701556,1792.0,6.81455190771961,0.0
-987654321,-28672,8192,19.769580653378206,545.5570267335593,908.7145673119649,0.6003612645358503,-363.1575405784056,0.3748833062953973,0.45231795585723494,1920.0,6.81455190771961,191.22020044824336
-987654321,-24576,8192,18.92537864916957,716.3605827953094,933.4557002678796,0.7674285802633493,-217.09511747257022,0.4339432498606442,0.7002216514484431,5598.4453125,6.81455190771961,385.8297640060161
-987654321,-20480,8192,19.56542924937669,870.7049416346665,907.8793820256676,0.9590535470603405,-37.1744403910011,0.48927433786546226,0.5999426748183236,2118.777099609375,6.81455190771961,207.91331565960095
-987654321,-16384,8192,20.867572955425643,1218.9156627298653,895.6163131976616,1.3609797463133655,323.2993495322037,0.576174539831972,0.29347046688128886,1920.0,6.81455190771961,0.0
-987654321,-12288,8192,19.648357931608103,623.347330155371,903.8936033386146,0.689624672475809,-280.54627318324367,0.40788550842583754,0.4826981424257437,1740.98828125,6.81455190771961,185.8353950297343
-987654321,-8192,8192,18.904959362020353,729.1794270049886,932.9148263436263,0.7816141478454813,-203.73539933863765,0.4384474454991333,0.7026616051277331,5576.453125,6.81455190771961,380.4816538455615
-987654321,-4096,8192,19.86542412162869,969.1596801123017,913.6562946234368,1.0607486489344886,55.503385488864865,0.5144662180966244,0.5962733080537524,2145.6708984375,6.81455190771961,208.21949588601063
-987654321,0,8192,20.71033225345463,1247.6087318506477,892.7859805621833,1.397433157569336,354.82275128846436,0.5826150240395879,0.2707147537067203,1796.5655517578125,6.81455190771961,0.0
-987654321,4096,8192,19.996914976806572,530.5088617886565,907.374893700904,0.5846633684395581,-376.8660319122474,0.36869473281957943,0.420429198035546,1557.187255859375,6.81455190771961,172.4286497008726
-987654321,8192,8192,19.02784134059416,613.9250266089228,932.8867271552426,0.6580917154658573,-318.9617005463198,0.3966406283683412,0.7059397779681661,5299.26171875,6.81455190771961,367.50474873591696
-987654321,12288,8192,19.59120015667787,944.7029769446041,907.8488354562123,1.0405950198414604,36.85414148839175,0.509671739750817,0.6094503606744098,2083.68896484375,6.81455190771961,205.91215094154637
-987654321,16384,8192,20.75403169519964,1028.2318577131068,893.5725705135935,1.1506976508042497,134.6592871995133,0.5347563395521145,0.2679001238390302,1920.0,6.81455190771961,0.0
-987654321,20480,8192,19.6045066665407,506.8207925106789,907.6392799366598,0.5583945116897626,-400.8184874259809,0.358060818793979,0.3856226455350968,2051.99609375,6.81455190771961,200.31349426502015
-987654321,24576,8192,18.874510003660347,674.9936097390291,933.9676221400765,0.7227162845242547,-258.9740124010474,0.41926078490175434,0.7072106274066151,5782.7109375,6.81455190771961,403.65530281680657
-987654321,28672,8192,19.70558502640952,957.8551663904901,912.0252125155267,1.0502507532095042,45.829953874963394,0.5119809781481532,0.6031609472112465,2235.423828125,6.81455190771961,210.76351388822425
-987654321,32768,8192,20.859524837253545,1150.7295818898974,895.4714470705638,1.2850544656162768,255.25813481933358,0.5620989661548876,0.26253567747384643,1863.7081298828125,6.81455190771961,0.0
-987654321,-32768,12288,19.74063250658322,1215.5026059644565,875.331385118498,1.3886199291253651,340.1712208459585,0.5810703005811584,0.2249255871422879,2626.34033203125,9.848959817611854,0.0
-987654321,-28672,12288,19.0802007487661,538.4366343638219,870.4702617872698,0.6185583333522403,-332.0336274234479,0.3818951704071392,0.29433531864952694,362.0386657714844,9.848959817611854,111.26709929953087
-987654321,-24576,12288,18.771107119144062,779.5719257041436,886.2604359577236,0.8796194595572928,-106.68851025358003,0.4676966584251423,0.43431857115673106,1619.086181640625,9.848959817611854,174.26398295584858
-987654321,-20480,12288,21.1607086557736,1286.386597590322,900.8927558039247,1.4279020330698478,385.4938417863973,0.5878530067904739,0.18229116687723138,128.0,9.848959817611854,0.0
-987654321,-16384,12288,20.042831457974998,1102.132634184569,880.77096624355,1.2513271627073688,221.36166794101905,0.5555373930198689,0.2465720021908066,2807.25927734375,9.848959817611854,0.0
-987654321,-12288,12288,19.027743160081503,544.156748573639,874.640349104874,0.6221491486535476,-330.48360053123497,0.38326374202580127,0.3146884588888801,640.0,9.848959817611854,124.61019107543957
-987654321,-8192,12288,18.847645763772242,761.1872272175467,899.7799104285389,0.8459704627712965,-138.59268321099216,0.45800377755702704,0.47905390337796144,2472.090576171875,9.848959817611854,221.66190941307877
-987654321,-4096,12288,19.263904949780247,940.6466191040214,873.7769374055246,1.0765294651711117,66.86968169849683,0.5181416841987945,0.4426020594787514,362.0386657714844,9.848959817611854,115.73894472200539
-987654321,0,12288,19.862587843183416,1312.616486895945,877.5265811773015,1.4958139332200295,435.0899057186434,0.5990555824591488,0.2291013338000795,2700.162841796875,9.848959817611854,0.0
-987654321,4096,12288,21.00688543495232,704.8605139237097,898.1239378291418,0.7848143048357338,-193.2634239054321,0.4394434828551053,0.3015961103149228,461.51055908203125,9.848959817611854,0.0
-987654321,8192,12288,18.982723068201572,651.7251565002258,892.7399281425386,0.7300280137085665,-241.01477164231278,0.4217016372458991,0.40122972585612987,1796.5655517578125,9.848959817611854,189.1470864864733
-987654321,12288,12288,20.991472650409694,1321.3371863257755,897.8465077073745,1.4716738050246165,423.49067861840103,0.5951476852464652,0.18040103708130906,128.0,9.848959817611854,0.0
-987654321,16384,12288,19.69932420476347,1116.4244910044247,874.5878356857424,1.2765149999245806,241.83665531868223,0.5604505936263068,0.24211519165172402,3053.2763671875,9.848959817611854,0.0
-987654321,20480,12288,19.360194576046823,473.8415148416245,871.0163888516893,0.5440098727261801,-397.1748740100648,0.3520739548664869,0.3082677329357852,128.0,9.848959817611854,100.92156887360356
-987654321,24576,12288,18.894836142775752,739.7674302069106,900.1413840309526,0.821834706559245,-160.37395382404202,0.45082787281540876,0.4886643017198313,2435.3662109375,9.848959817611854,219.08896901149637
-987654321,28672,12288,19.106798526978253,953.690198233379,879.244081916091,1.084670591305035,74.44611631728799,0.520024195281224,0.4764024248714926,819.5999145507812,9.848959817611854,133.12092028634254
-987654321,32768,12288,20.00450975753854,1276.4721150645603,880.0811756356936,1.450402701935476,396.39093942886666,0.5916294724058795,0.22003478559699155,2672.718505859375,9.848959817611854,0.0
-987654321,-32768,16384,19.2139994544976,1172.095254008982,865.8519901809568,1.3536900847961584,306.2432638280252,0.574853153924857,0.0,2534.270751953125,12.6697827880121,0.0
-987654321,-28672,16384,18.988558141318734,1135.8202655740588,861.7940465437372,1.3179718171984545,274.0262190303216,0.5683038786860818,0.0,2807.25927734375,12.6697827880121,0.0
-987654321,-24576,16384,18.941727540444116,1383.9578643452596,860.951095727994,1.6074755827739868,523.0067686172656,0.6162128069074179,0.061517736908490835,1796.5655517578125,12.6697827880121,0.0
-987654321,-20480,16384,19.091152222077376,1280.5961144269686,863.6407399973928,1.4827879870868927,416.95537442957584,0.5969485895162823,0.114970316189907,2715.2900390625,12.6697827880121,0.0
-987654321,-16384,16384,19.064743820443514,1245.8965947363813,863.1653887679832,1.4434042547914017,382.73120596839806,0.5904549745345451,0.14287746653920597,2534.270751953125,12.6697827880121,0.0
-987654321,-12288,16384,18.931217885842283,1118.0624633563605,860.761921945161,1.2989218445325141,257.30054141119945,0.5647280999552305,0.0,2626.34033203125,12.6697827880121,0.0
-987654321,-8192,16384,18.961460879048207,1409.6752335536432,861.3062958228677,1.6366712287954186,548.3689377307755,0.6204606927154437,0.051594647658446555,1536.0,12.6697827880121,0.0
-987654321,-4096,16384,18.868184385397047,1313.7458243749643,859.6273189371468,1.5282737012119332,454.1185054378175,0.6041952037605665,0.10237566457556724,2807.25927734375,12.6697827880121,0.0
-987654321,0,16384,19.177960464030726,1231.3576645514559,865.203288352553,1.423200398251032,366.1543761989028,0.5870426138733555,0.0,2626.34033203125,12.6697827880121,0.0
-987654321,4096,16384,18.969764058620807,1216.8459944892656,861.4557530551745,1.412546135043722,355.3902414340912,0.5852185696117963,0.0,2807.25927734375,12.6697827880121,0.0
-987654321,8192,16384,19.104509279367292,1232.7900260143522,863.8811670286112,1.4270365798743276,368.90885898574095,0.5876945967999966,0.052457631563662115,2176.0,12.6697827880121,0.0
-987654321,12288,16384,18.95580932507003,1264.167434959145,861.2045678512605,1.4679060958922836,402.96286710788456,0.5945184724442887,0.11462909631470908,2977.2041015625,12.6697827880121,0.0
-987654321,16384,16384,19.050768249509368,1390.0110291959713,862.9138284911686,1.6108341103148716,527.0972007048027,0.6167069077104584,0.13482565643721534,2626.34033203125,12.6697827880121,0.0
-987654321,20480,16384,19.164626358500847,1197.2678293602903,864.9632744530152,1.384183426882971,332.30455490727513,0.5802877957527276,0.0,2700.162841796875,12.6697827880121,0.0
-987654321,24576,16384,18.92390971475642,1338.676490624097,860.6303748656155,1.5554604272863675,478.0461157584814,0.6084044510428566,0.052307603321780485,1664.0,12.6697827880121,0.0
-987654321,28672,16384,19.144374124692714,1260.6775281107869,864.5987342444689,1.4581070711518356,396.07879386631794,0.5929039186631122,0.0975589570502205,2663.507568359375,12.6697827880121,0.0
-987654321,32768,16384,18.939877772207073,1341.5361204966794,860.9177998997272,1.5582627292093747,480.6183205969521,0.608833299429894,0.24700216994630678,4978.8544921875,12.6697827880121,0.0
-987654321,-32768,20480,18.28239442837185,1235.230321960658,849.0830997106932,1.4547814252592428,386.1472222499649,0.5923475623010364,0.16334221876684352,2521.3076171875,15.298804780876495,0.0
-987654321,-28672,20480,17.377924364224686,569.9727735230167,843.7221350019075,0.67554559715531,-273.7493614788908,0.4028944828233789,0.29431239430959766,572.4334106445312,15.298804780876495,124.66024841120505
-987654321,-24576,20480,17.14237181256409,823.0080445663854,865.116822166338,0.9513259059111715,-42.108777599952646,0.48723931591767455,0.5414728327406068,2179.761474609375,15.298804780876495,210.45659355751414
-987654321,-20480,20480,19.387062598633612,1120.3492258462175,868.967126775405,1.2892883877019035,251.3820990708125,0.5629000758449811,0.0,181.0193328857422,15.298804780876495,0.0
-987654321,-16384,20480,18.153148148869096,1163.30511361766,846.7566666796438,1.3738363799121727,316.54844693801624,0.5784531957271266,0.15093491916888627,2715.2900390625,15.298804780876495,0.0
-987654321,-12288,20480,17.486124808090274,648.918276234453,839.762556895193,0.7727401881713589,-190.84428066074008,0.4356089316603149,0.2775680610129617,256.0,15.298804780876495,106.7651873107138
-987654321,-8192,20480,17.195270203739096,686.6333517871902,866.0166635523141,0.7928639028384149,-179.38331176512384,0.44194853732045103,0.3897004616910867,2176.0,15.298804780876495,202.58185850789914
-987654321,-4096,20480,17.563303273625607,807.1415569668051,843.1661072347409,0.9572746698914613,-36.024550267935865,0.48878932403979414,0.25269602788855905,362.0386657714844,15.298804780876495,110.91376375295184
-987654321,0,20480,18.329429378459153,1112.841560507277,849.9297288122648,1.3093336105120346,262.9118316950123,0.5666859305662235,0.15663199963649124,2807.25927734375,15.298804780876495,0.0
-987654321,4096,20480,17.52168687270205,590.828554978287,838.9566821432823,0.7042420276919394,-248.12812716499525,0.4129400693055139,0.27836434499020035,181.0193328857422,15.298804780876495,103.23843293938795
-987654321,8192,20480,16.993716486746987,673.3442584124181,859.2994798983949,0.7835967251976407,-185.95522148597684,0.43904867968492695,0.3762912524862691,1958.0234375,15.298804780876495,197.80399450038354
-987654321,12288,20480,17.331977136656214,850.4217193033043,846.5794352767202,1.00453859834822,3.842284026584025,0.500836949968767,0.303497499681988,778.5936279296875,15.298804780876495,137.20177512003227
-987654321,16384,20480,18.3830228033457,1338.1450461672873,850.8944104602226,1.5726334897928473,487.2506357070647,0.6110141267627782,0.16740100893283363,2521.3076171875,15.298804780876495,0.0
-987654321,20480,20480,17.58611725970982,582.4834127114375,845.4342645047243,0.6889754025437688,-262.9508517932868,0.40763958763967434,0.27849321884803896,461.51055908203125,15.298804780876495,118.20312152275825
-987654321,24576,20480,17.09725838480638,687.079983361047,866.4466726081107,0.7929858871670105,-179.36668924706373,0.44198662063642274,0.41384663418871076,2335.78076171875,15.298804780876495,219.83148066377674
-987654321,28672,20480,17.343792113183394,922.0652343743633,837.7782041674753,1.1006078097849854,84.28703020688795,0.5236497545391822,0.24794773628476038,286.2167053222656,15.298804780876495,109.75862125062386
-987654321,32768,20480,18.409412145102465,1173.3203231162008,851.3694186118444,1.3781565293116784,321.95090450435646,0.5792201534847494,0.2684528937884249,3042.525146484375,15.298804780876495,0.0
-987654321,-32768,24576,17.443944530400262,1109.7124480815928,833.9910015472047,1.3306048219020046,275.72144653438806,0.5706332491431603,0.26355371379200804,1924.261962890625,17.754944772668892,0.0
-987654321,-28672,24576,16.134742395100425,503.82606753226503,845.1835230507348,0.5961143985789951,-341.3574555184698,0.3732018431918609,0.3818636663843576,2051.99609375,17.754944772668892,201.43319193264767
-987654321,-24576,24576,14.952101576264388,691.1910464664181,861.6121005672941,0.8022067540733597,-170.42105410087595,0.4448382330708599,0.7065369458674283,5557.3232421875,17.754944772668892,406.1174859427415
-987654321,-20480,24576,16.047945118689572,811.3314463301226,842.6941099232898,0.9627828612733247,-31.362663593167213,0.49022291122004524,0.5867776864287011,1987.0943603515625,17.754944772668892,197.60451920954654
-987654321,-16384,24576,17.53446853662676,1125.0179296953604,835.6204336592817,1.3463264951154588,289.3974960360787,0.5735093433692038,0.26169664545975396,2083.68896484375,17.754944772668892,0.0
-987654321,-12288,24576,16.296214712810542,609.0299960252553,838.5235244529574,0.7263123553064049,-229.49352842770213,0.42044010622693145,0.4288478678600406,1413.80615234375,17.754944772668892,169.12360237709186
-987654321,-8192,24576,15.208424285625593,666.9713232859486,865.5143984442675,0.7706068489268425,-198.54307515831886,0.43493807202418017,0.7131049577861378,5468.16259765625,17.754944772668892,392.00674889192453
-987654321,-4096,24576,16.07704922635634,866.599260209472,849.7771112682464,1.0197959543957587,16.82214894122569,0.5046064884797534,0.6161917718559909,2462.129150390625,17.754944772668892,225.84797227795283
-987654321,0,24576,17.380049682344858,1176.7850546630052,832.8408942822075,1.4129770316780967,343.9441603807977,0.5852829340436764,0.26217596317196884,1541.3240966796875,17.754944772668892,0.0
-987654321,4096,24576,16.16274952970569,450.5031412996227,840.6536787327898,0.5358962349141395,-390.1505374331671,0.34864432421470504,0.3742563611016025,1707.7330322265625,17.754944772668892,177.01649926161474
-987654321,8192,24576,15.47317228876974,730.7026181223674,867.6420897015075,0.8421705525762921,-136.9394715791401,0.45687625347295346,0.7033268153661173,5148.71923828125,17.754944772668892,356.39566862132114
-987654321,12288,24576,16.15168892210098,923.3833692342865,843.5925161489747,1.0945845909700094,79.79085308531182,0.5222827850019661,0.5729832213727576,1920.0,17.754944772668892,194.12145968230152
-987654321,16384,24576,17.376732800474464,1245.1798408359764,832.7811904085404,1.4952064902247901,412.398650427436,0.5989433289620544,0.30835602881034047,2063.93798828125,17.754944772668892,0.0
-987654321,20480,24576,16.159851979493286,514.6963232105556,840.2373415536549,0.6125606394246271,-325.54101834309927,0.3795881292615141,0.4376100542898842,1683.5771484375,17.754944772668892,178.2625889655655
-987654321,24576,24576,15.206248321704546,646.8162338220848,865.9402148434358,0.7469525294411125,-219.12398102135103,0.4272921409466479,0.7087079307226625,5526.2802734375,17.754944772668892,372.7476857944994
-987654321,28672,24576,15.992525585434613,805.5608234848289,846.1296892762774,0.9520536079685983,-40.5688657914485,0.48742388079604804,0.613657948048501,2304.0,17.754944772668892,213.46363013492444
-987654321,32768,24576,17.301140547639072,1112.4419279005538,831.4205298575033,1.3380015142171369,281.02139804305045,0.571990026062266,0.2841804150183256,1920.0,17.754944772668892,0.0
-987654321,-32768,28672,16.925411667368014,1060.604040808865,824.6574100126243,1.2861147282877488,235.9466307962407,0.5622783842329807,0.23881030373249582,2521.3076171875,20.054712758020393,0.0
-987654321,-28672,28672,15.730327837690057,565.8205083919157,815.286873301828,0.6940140052793943,-249.46636490991227,0.4093896869999453,0.30400900276110593,640.0,20.054712758020393,126.76947528462526
-987654321,-24576,28672,15.720935326024435,755.7589318965879,835.0175786480668,0.9050814632192505,-79.25864675147886,0.4747895994758658,0.4252963389312217,1863.7081298828125,20.054712758020393,185.34802375457258
-987654321,-20480,28672,16.05793145483965,1323.7859588890856,812.6090846217592,1.6290563124891242,511.1768742673264,0.6193454798672406,0.17020205532646135,181.0193328857422,20.054712758020393,102.99873056748066
-987654321,-16384,28672,16.87883192675753,1223.331276732243,823.8189746816356,1.4849515662163506,399.51230205060733,0.5972859051174363,0.21298890608155527,2807.25927734375,20.054712758020393,0.0
-987654321,-12288,28672,16.1631549946912,529.3967603168607,815.9491002540097,0.6488110105790378,-286.5523399371491,0.39321007760397364,0.28553387985898837,256.0,20.054712758020393,104.84329447616682
-987654321,-8192,28672,15.369524563324788,652.2761130457865,827.4985499093889,0.7882504605200948,-175.2224368636024,0.4404965383078895,0.4348944523329166,1782.833740234375,20.054712758020393,182.27745293504705
-987654321,-4096,28672,15.87718055901499,1160.6174673473593,811.3791961924442,1.4304254691194747,349.2382711549151,0.5882511049284118,0.42823386288720894,286.2167053222656,20.054712758020393,112.75156821754044
-987654321,0,28672,16.74176691358259,1299.2219698943652,821.3518044444866,1.5818093572864085,477.87016544987864,0.6123859493404811,0.22551636998745078,2626.34033203125,20.054712758020393,0.0
-987654321,4096,28672,17.813254421827832,725.1137366594786,840.6385795929009,0.862574897538764,-115.52484293342229,0.4628132533379157,0.2889799451894415,543.0579833984375,20.054712758020393,0.0
-987654321,8192,28672,15.381700760913994,698.7633200798037,827.8538172435944,0.8440660724454858,-129.0904971637907,0.4574204511112883,0.442648185554607,1792.0,20.054712758020393,187.7489921381606
-987654321,12288,28672,15.984951146738231,1011.9996496556774,813.3190667714624,1.244283690130239,198.68058288421503,0.5541199575698762,0.4205215679277749,286.2167053222656,20.054712758020393,110.665348036623
-987654321,16384,28672,16.77210454659467,1099.4344738883335,821.897881838704,1.3376777069053154,277.53659204962946,0.5719273624110233,0.21716401301084115,2638.78759765625,20.054712758020393,0.0
-987654321,20480,28672,15.980173968545204,552.6022674478651,813.233077563988,0.679512777693655,-260.6308101161229,0.40429322336778833,0.27243105278692614,286.2167053222656,20.054712758020393,109.50827638131884
-987654321,24576,28672,15.496677950123145,734.3732992227909,826.0431668471468,0.8890253302690673,-91.6698676243559,0.4703250639281381,0.4498062320736938,1536.0,20.054712758020393,170.2421499801921
-987654321,28672,28672,16.00635816786681,1369.3859877927316,811.680765456248,1.6870992218510883,557.7052223364836,0.6275637469631897,0.17809788444943514,181.0193328857422,20.054712758020393,102.21298095359546
-987654321,32768,28672,16.914806878219927,1204.59350034167,824.4665238079588,1.461058109161329,380.1269765337113,0.5933782676432249,0.24233214026460928,2810.17578125,20.054712758020393,0.0
-987654321,-32768,32768,16.020778254490544,1201.202001429045,808.3740085808298,1.485948321789636,392.8279928482151,0.5974417258779217,0.1117250757971717,2534.270751953125,22.21258134490239,0.0
-987654321,-28672,32768,16.21083023683974,1147.802590280302,811.7949442631153,1.413907044373365,336.00764601718663,0.5854350880572752,0.0,3093.259765625,22.21258134490239,0.0
-987654321,-24576,32768,16.1082348831489,1362.7090287388617,809.9482278966802,1.682464362293405,552.7608008421814,0.6269199178384304,0.05059855520421883,1902.8568115234375,22.21258134490239,0.0
-987654321,-20480,32768,16.097151052401394,1297.4810162491203,809.7487189432251,1.6023254941883918,487.73229730589526,0.615436256585549,0.10691915147188664,2663.507568359375,22.21258134490239,0.0
-987654321,-16384,32768,15.885618452660319,1200.778632320066,805.9411321478858,1.4899086104712294,394.83750017218017,0.598080794725988,0.11367552827008018,2626.34033203125,22.21258134490239,0.0
-987654321,-12288,32768,15.886160561092423,1101.6071522921634,805.9508900996636,1.3668415356622274,295.65626219249975,0.5771934244722349,0.0,2807.25927734375,22.21258134490239,0.0
-987654321,-8192,32768,16.072577601602724,1221.3369303443262,809.3063968288491,1.5091156268255874,412.03053351547715,0.6011571588422916,0.048029260230603686,1987.0943603515625,22.21258134490239,0.0
-987654321,-4096,32768,16.126954465747097,1386.2867026974711,810.2851803834478,1.710862713842853,576.0015223140233,0.6308265560596569,0.10291425997521454,2715.2900390625,22.21258134490239,0.0
-987654321,0,32768,15.97995943420885,1318.9668191406881,807.6392698157592,1.633113777938973,511.3275493249289,0.6199299889142627,0.0,2534.270751953125,22.21258134490239,0.0
-987654321,4096,32768,16.118472115776722,1221.3811407573507,810.132498083981,1.5076313364122549,411.2486426733698,0.6009214980980986,0.0,2626.34033203125,22.21258134490239,0.0
-987654321,8192,32768,16.1779423908285,1414.6394447319803,811.202963034913,1.7438785472866873,603.4364816970674,0.6352669770424388,0.046851165034531544,2307.552734375,22.21258134490239,0.0
-987654321,12288,32768,16.2504121709001,1408.3575295218022,812.5074190762018,1.7333472857676369,595.8501104456004,0.6338627963911467,0.10141068284155394,2591.802490234375,22.21258134490239,0.0
-987654321,16384,32768,15.895923223254938,1262.4121384059638,806.1266180185889,1.56602214861593,456.28552038737485,0.6099968577476536,0.10664666481915504,2715.2900390625,22.21258134490239,0.0
-987654321,20480,32768,16.08176574637386,1249.51269977821,809.4717834347296,1.5436148922650648,440.0409163434804,0.6065641318954773,0.0,2807.25927734375,22.21258134490239,0.0
-987654321,24576,32768,15.956565691131788,1312.5139336674251,807.2181824403722,1.625971716468835,505.29575122705296,0.6188966176813959,0.0627971390206907,2048.0,22.21258134490239,0.0
-987654321,28672,32768,16.170900193695456,1521.384329370532,811.0762034865181,1.8757600368876077,710.3081258840139,0.6519863130094489,0.11592678121036407,2985.447265625,22.21258134490239,0.0
-987654321,32768,32768,16.251595741402216,1428.072432852168,812.5287233452399,1.7575654765442505,615.5437095069282,0.637076952295435,0.13892449134531384,5197.80859375,22.21258134490239,0.0
0,-32768,-32768,16.05508510102392,1433.190099045879,808.9915318184305,1.7715761447148783,624.1985672274484,0.638909519998906,0.1255674601741891,2534.270751953125,-22.21258134490239,0.0
0,-28672,-32768,15.976365845451364,1215.7598832479205,807.5745852181245,1.5054459433236693,408.18529802979594,0.6005726337155993,0.0,2715.2900390625,-22.21258134490239,0.0
0,-24576,-32768,15.974545938556101,1408.9907601377924,807.5418268940098,1.7447898216704052,601.4489332437827,0.6353867214297608,0.1281490785947857,1792.0,-22.21258134490239,0.0
0,-20480,-32768,16.199855217845798,1265.1761836523633,811.5973939212244,1.5588716685494488,453.57878973113895,0.6089095545867076,0.10850483608408955,2700.162841796875,-22.21258134490239,0.0
0,-16384,-32768,16.045103327092512,1292.9202880163887,808.8118598876652,1.598542692234954,484.1084281287235,0.6148763594569743,0.12134939182181095,2626.34033203125,-22.21258134490239,0.0
0,-12288,-32768,16.2270301470085,1179.2981153522267,812.086542646153,1.4521828074007097,367.21157270607364,0.5919028289130631,0.0,2591.802490234375,-22.21258134490239,0.0
0,-8192,-32768,15.961334379925901,1475.7437361484351,807.3040188386663,1.8279900777297524,668.4397173097689,0.6461089672605244,0.06902289740078307,1796.5655517578125,-22.21258134490239,0.0
0,-4096,-32768,16.21063201224272,1364.4942948742296,811.7913762203689,1.6808435453295871,552.7029186538607,0.6266951153856858,0.10426063223908127,2816.0,-22.21258134490239,0.0
0,0,-32768,16.00439701171246,1402.9561559255044,808.0791462108243,1.7361618134858776,594.8770097146801,0.6342376880561373,0.11027734329966359,2715.2900390625,-22.21258134490239,0.0
0,4096,-32768,16.121315788841684,1327.030421794065,810.1836841991503,1.6379377265611155,516.8467375949147,0.6206256043651204,0.0,2807.25927734375,-22.21258134490239,0.0
0,8192,-32768,16.218208652122005,1325.9780082102302,811.9277557381961,1.6331231428400488,514.0502524720341,0.619932879026176,0.06409127231660267,2051.99609375,-22.21258134490239,0.0
0,12288,-32768,15.975080556641215,1510.6190710541653,807.5514500195418,1.870616505013532,703.0676210346235,0.651361793937771,0.10200803042643489,3161.36669921875,-22.21258134490239,0.0
0,16384,-32768,16.09773054119793,1274.2379852642018,809.7591497415627,1.5736012191660682,464.4788355226391,0.6111461564481617,0.11774575971461548,2534.270751953125,-22.21258134490239,0.0
0,20480,-32768,16.047623270522088,1279.1335433766635,808.8572188693976,1.5814083295993917,470.27632450726594,0.612321301986684,0.0,2715.2900390625,-22.21258134490239,0.0
0,24576,-32768,15.891309914250717,1314.2692011307383,806.0435784565129,1.630518791114772,508.2256226742254,0.6195546520897586,0.04201699427418084,1920.0,-22.21258134490239,0.0
0,28672,-32768,15.966414230139096,1499.338979484678,807.3954561425037,1.857006957467999,691.9435233421743,0.649701697187353,0.10850213718707306,2807.25927734375,-22.21258134490239,0.0
0,32768,-32768,16.19436404550761,1276.2660767331413,811.4985528191369,1.5727274833693876,464.7675239140044,0.6110147877248888,0.0,2626.34033203125,-22.21258134490239,0.0
0,-32768,-28672,16.843061838453693,1081.2522504011033,823.1751130921665,1.3135142610659092,258.0771373089368,0.5674591806107032,0.24004045926755307,2404.901611328125,-20.054712758020393,0.0
0,-28672,-28672,15.85537702960936,563.308649718205,815.7809257866609,0.6905146123329668,-252.47227606845593,0.40816817959959933,0.3068084920634873,543.0579833984375,-20.054712758020393,120.11998544051278
0,-24576,-28672,15.462412629079736,738.3345820101531,838.2679214332434,0.8807859195515588,-99.93333942309027,0.46801052888709754,0.5179535276230184,2428.629150390625,-20.054712758020393,213.86948904899606
0,-20480,-28672,15.972034890899339,1051.762362072074,818.4161244820513,1.2851193061936554,233.34623759002272,0.5620855357357973,0.4680086035829435,572.4334106445312,-20.054712758020393,126.40895517093173
0,-16384,-28672,16.916784965496163,1116.946612957568,824.5021293789309,1.3546922114063253,292.4444835786371,0.5750198646755716,0.24363587915831922,2591.802490234375,-20.054712758020393,0.0
0,-12288,-28672,16.044963472215127,503.7836126100456,813.8216528494404,0.61903441724135,-310.0380402393948,0.38205794092176276,0.3095938084863042,256.0,-20.054712758020393,107.811418548275
0,-8192,-28672,15.445697011833582,756.5021147553598,835.7971579352612,0.9051264503270261,-79.29504317990143,0.47480227206646924,0.454877383175888,2268.165771484375,-20.054712758020393,210.27641533319868
0,-4096,-28672,16.23968168444322,1213.5562055835208,814.8471568028244,1.489305319963429,398.7090487806963,0.5979866930724497,0.1764264972220986,128.0,-20.054712758020393,98.52829646267442
0,0,-28672,16.58622424765677,1229.2863749247838,818.5520364578218,1.501781585254325,410.73433846696196,0.5999918627527252,0.2217924819451988,3379.296875,-20.054712758020393,0.0
0,4096,-28672,17.616148046858722,641.4909549953197,837.090664843457,0.7663339013764822,-195.5997098481373,0.4335623979062541,0.29028333034790776,286.2167053222656,-20.054712758020393,0.0
0,8192,-28672,15.66206950782903,649.1341433649799,832.7643589104653,0.7794931860607781,-183.63021554548538,0.4377468467119705,0.4270225811866712,1782.833740234375,-20.054712758020393,182.44538478426682
0,12288,-28672,17.894923554436872,1251.638057018441,842.1086239798638,1.486314260864724,409.5294330385773,0.5975128488672153,0.17271457339514557,181.0193328857422,-20.054712758020393,0.0
0,16384,-28672,16.952856536712453,1133.2809929821888,825.1514176608241,1.3734218577662558,308.12957532136465,0.5783720769476749,0.22421182368414375,3303.29296875,-20.054712758020393,0.0
0,20480,-28672,17.528128155687863,707.2001086310754,835.5063068023815,0.8464329986181017,-128.30619817130605,0.4581182675415007,0.37447375205641853,181.0193328857422,-20.054712758020393,0.0
0,24576,-28672,15.568430567793824,809.5751872977942,832.8445395577802,0.9720603892386189,-23.26935225998602,0.4926162039242337,0.5431178954887924,1902.8568115234375,-20.054712758020393,194.90784140291345
0,28672,-28672,16.292014794107146,1009.2089395598678,816.822584728574,1.2355301609286706,192.38635483129372,0.5523763143347599,0.41285419025469117,181.0193328857422,-20.054712758020393,101.64116824868898
0,32768,-28672,16.889042865243308,1173.9560104747184,824.0027715743795,1.4246991041446393,349.9532389003389,0.5872837504289691,0.22373863077158151,2721.3173828125,-20.054712758020393,0.0
0,-32768,-24576,17.374118943025838,973.851211603248,832.7341409744652,1.1694623333968843,141.1170706287828,0.5387580786790976,0.27072179404149826,1541.3240966796875,-17.754944772668892,0.0
0,-28672,-24576,16.07730921405565,541.8149184965063,851.0698366933242,0.6366280358397247,-309.2549181968179,0.38870854744567285,0.4610282339444445,2560.0,-17.754944772668892,230.16028912441277
0,-24576,-24576,15.03327179052069,671.7756422657923,864.5644465149824,0.7770104877359779,-192.7888042491901,0.4369726953510725,0.6856849075859198,5748.61083984375,-17.754944772668892,391.1875847972148
0,-20480,-24576,16.504771404022478,831.9052708273955,846.4458911951804,0.9828215595125005,-14.540620367784868,0.495373028369758,0.5497207576687834,1683.5771484375,-17.754944772668892,177.93428541830073
0,-16384,-24576,17.50628627526338,1067.120236760151,835.1131529547408,1.2778151475456212,232.00708380541028,0.5606880598705805,0.2591732724106225,1920.0,-17.754944772668892,0.0
0,-12288,-24576,16.11940776905008,507.84923516211177,846.7034693830858,0.5997958595021872,-338.85423422097404,0.3746436663504726,0.4056557081526077,2179.761474609375,-17.754944772668892,205.38355077732643
0,-8192,-24576,15.232997302623893,726.1055253746497,867.806890967217,0.8367132514531734,-141.7013655925673,0.45526357305566945,0.6868068619040324,5702.8271484375,-17.754944772668892,384.86020369815094
0,-4096,-24576,16.36424738215607,985.3226550755919,844.2806400768968,1.167055844115825,141.0420149986951,0.5382502356926626,0.5459212857735438,1707.7330322265625,-17.754944772668892,179.58492146302268
0,0,-24576,17.62540580654184,1215.176067335672,837.257304517753,1.45137708656432,377.91876281791906,0.591777694855936,0.26213556932165555,2432.0,-17.754944772668892,0.0
0,4096,-24576,16.48055395914055,459.98897094789726,841.8416308868975,0.5464079632926794,-381.85265993900026,0.35306890266477337,0.38627261713960537,1413.80615234375,-17.754944772668892,171.54649679093035
0,8192,-24576,15.270691920095008,686.03490142218,866.4538368953389,0.7917731703749705,-180.41893547315885,0.4416091887252296,0.6800849053302329,5445.64404296875,-17.754944772668892,375.651737764404
0,12288,-24576,16.103519241546724,957.5940021811966,846.3651462328515,1.1314194664600992,111.22885594834509,0.5305350002090626,0.5958964465586365,2176.0,-17.754944772668892,205.2478808728693
0,16384,-24576,17.579119213296995,1128.2475681398619,836.4241458393459,1.3488940673845244,291.823422300516,0.5739755830620841,0.2629071563075146,1920.0,-17.754944772668892,0.0
0,20480,-24576,16.13212220398044,540.3045264199459,843.3021896496423,0.6407009646736722,-302.9976632296964,0.39022237878036625,0.4602607254758774,1924.261962890625,-17.754944772668892,194.74746501179797
0,24576,-24576,15.094379582736394,629.2978338784045,864.3591642984247,0.7280513238836165,-235.06133042002023,0.42103160433866565,0.7261123590822037,5580.85888671875,-17.754944772668892,378.80946986755254
0,28672,-24576,16.127920481996753,860.5799320638863,848.6151806692825,1.014099148432824,11.964751394603809,0.5032057018854066,0.5967922452112714,2307.552734375,-17.754944772668892,211.72623333561103
0,32768,-24576,17.34885066425369,1245.3851189272775,832.2793119565664,1.4963547706112748,413.1058069707111,0.5991275457567445,0.39074258296729086,1792.0,-17.754944772668892,0.0
0,-32768,-20480,18.216335075513353,1298.2486247617305,847.8940313592403,1.5311449034268312,450.3545934024902,0.6046401346742126,0.253626419545183,2807.25927734375,-15.298804780876495,0.0
0,-28672,-20480,17.526096197321106,697.4811207673645,844.3538853817274,0.8260530718728645,-146.87276461436295,0.45207758314239554,0.27568276437682654,461.51055908203125,-15.298804780876495,118.6897989906182
0,-24576,-20480,17.062781868663926,723.8863621911613,861.8882335748779,0.8398842610818316,-138.00187138371655,0.4561998686660939,0.38281526787087444,2051.99609375,-15.298804780876495,201.92644786070758
0,-20480,-20480,17.479502133119816,750.7610952303576,844.7352917935002,0.8887530833906309,-93.97419656314264,0.4702554301609818,0.2731202567970938,527.7575073242188,-15.298804780876495,124.31359848017692
0,-16384,-20480,18.213350162769963,1231.6394194391423,847.8403029298593,1.4526785471072778,383.79911650928307,0.5919978004095606,0.0,2715.2900390625,-15.298804780876495,0.0
0,-12288,-20480,17.305725037305358,605.8726943375352,840.387204501444,0.7209446920327238,-234.51451016390877,0.41863434122895166,0.26952674030561774,461.51055908203125,-15.298804780876495,119.99325992713064
0,-8192,-20480,17.286187131821425,649.6685457559648,860.2896189493105,0.7551742244076111,-210.62107319334564,0.42997123344092586,0.3663874391431508,1668.915771484375,-15.298804780876495,186.2627905419594
0,-4096,-20480,17.292990258586286,857.418328979182,839.1022272425603,1.0218282125132854,18.316101736621704,0.505100410028366,0.2596082369854612,404.77154541015625,-15.298804780876495,117.2045398113338
0,0,-20480,18.35338875191384,1195.3639583298122,850.3609975344491,1.4057135284845736,345.00296079536315,0.5840374178781884,0.0,3077.32861328125,-15.298804780876495,0.0
0,4096,-20480,17.331024895975432,702.96495039896,840.8426019575053,0.8360244221242332,-137.87765155854527,0.4550501771736227,0.26006694053163376,461.51055908203125,-15.298804780876495,116.71151772765938
0,8192,-20480,17.244682197401143,660.832113921488,861.3874831003632,0.7671717164300752,-200.55536917887514,0.43383903096672677,0.3582984942412768,1792.0,-15.298804780876495,187.92285590482743
0,12288,-20480,17.381047433911853,870.7967167796581,843.7783502562766,1.032020691826444,27.018366523381587,0.5075829869013935,0.27549579092144066,572.4334106445312,-15.298804780876495,125.64035648496547
0,16384,-20480,18.299822889382927,1252.0530270682468,849.3968120088928,1.4740495953911568,402.65621505935405,0.5955209983120594,0.16348651807271658,2763.14013671875,-15.298804780876495,0.0
0,20480,-20480,17.245090591857057,660.4586438211993,844.0534790518444,0.782484356990171,-183.59483523064512,0.43869367359248707,0.2814484960799251,724.0773315429688,-15.298804780876495,128.11070030517806
0,24576,-20480,17.123008510130575,618.4216510761808,864.2928136164709,0.7155233056821467,-245.87116254029013,0.41680637736741716,0.37706459001649967,2145.6708984375,-15.298804780876495,200.94752133724842
0,28672,-20480,17.350907998066383,775.3439481258082,850.7336607049584,0.9113827087590742,-75.38971257915023,0.4765254858881487,0.3069789169820784,999.7119750976562,-15.298804780876495,146.07835363216034
0,32768,-20480,18.27557724256174,1139.2542774212245,848.9603903661114,1.3419404372092376,290.29388705511315,0.572715602730022,0.14366001943704565,2638.78759765625,-15.298804780876495,0.0
0,-32768,-16384,18.939887777206128,1268.0196452176133,860.9179799897104,1.4728692798735235,407.1016652279029,0.5953318210875715,0.1309995443661641,2715.2900390625,-12.6697827880121,0.0
0,-28672,-16384,18.989921791186656,1224.2851070969566,861.8185922413597,1.4205833085045407,362.46651485559687,0.5865952455956535,0.0,2918.84912109375,-12.6697827880121,0.0
0,-24576,-16384,19.124927914099334,1290.9800664278043,864.248702453788,1.4937599128149504,426.7313639740163,0.5987212883248093,0.05356046799161801,1810.193359375,-12.6697827880121,0.0
0,-20480,-16384,19.141221629057558,1361.0313960514504,864.541989323036,1.5742802696225102,496.48940672841445,0.6112672526275342,0.11288319920355183,2715.2900390625,-12.6697827880121,0.0
0,-16384,-16384,19.17231188335476,1348.0864794941783,865.1016139003857,1.5582984216342095,482.9848655937926,0.6088400906480496,0.11508135099777676,2534.270751953125,-12.6697827880121,0.0
0,-12288,-16384,19.208693151217197,1277.1017649211585,865.7564767219096,1.4751281673996388,411.3452881992489,0.5957025236623755,0.0,2462.129150390625,-12.6697827880121,0.0
0,-8192,-16384,18.984795980758122,1414.457320960732,861.7263276536462,1.6414228921287468,552.7309933070858,0.6211432801308764,0.058954214818274515,1958.0234375,-12.6697827880121,0.0
0,-4096,-16384,18.938274198915906,1355.2359688847926,860.8889355804863,1.5742285826579643,494.34703330430625,0.6112582859699758,0.11958866814597341,2876.442138671875,-12.6697827880121,0.0
0,0,-16384,19.153301410155215,1353.4652308344514,864.7594253827939,1.56513498564682,488.7058054516575,0.6098820266090074,0.12486144943981901,2715.2900390625,-12.6697827880121,0.0
0,4096,-16384,19.13547960028423,1232.8666020982905,864.4386328051162,1.4262048863984944,368.4279692931743,0.5875535082268639,0.0,2404.901611328125,-12.6697827880121,0.0
0,8192,-16384,19.19706370056851,1360.416728543484,865.5471466102332,1.5717419136222937,494.86958193325074,0.6108840577620868,0.06572520921958507,2063.93798828125,-12.6697827880121,0.0
0,12288,-16384,18.890987408684314,1318.618083743479,860.0377733563176,1.5332094991566951,458.5803103871614,0.6049661828257622,0.10975367079149599,2757.204345703125,-12.6697827880121,0.0
0,16384,-16384,19.16945407114658,1313.489979754082,865.0501732806384,1.5183974529162498,448.4398064734436,0.6026454607524535,0.13179505706458652,5071.77294921875,-12.6697827880121,0.0
0,20480,-16384,19.104907322421337,1135.90721592267,863.888331803584,1.314877367947751,272.018884119086,0.5677277806888059,0.0,2862.1669921875,-12.6697827880121,0.0
0,24576,-16384,19.06313930549871,1245.06926216842,863.1365074989767,1.4424940335059295,381.9327546694433,0.5903024162335554,0.03500988242103792,1796.5655517578125,-12.6697827880121,0.0
0,28672,-16384,18.898290509566692,1470.170666937419,860.1692291722004,1.7091644493633706,610.0014377652185,0.630611893782944,0.10736248116967241,2235.423828125,-12.6697827880121,0.0
0,32768,-16384,18.945662167949497,1456.6856443881245,861.021919023091,1.6918101760299775,595.6637253650335,0.6282317215738455,0.11476951344498139,2626.34033203125,-12.6697827880121,0.0
0,-32768,-12288,19.722023683373394,1323.7529469835433,874.996426300721,1.5128666897304475,448.75652068282227,0.6017744398795564,0.23975792132301807,2380.937744140625,-9.848959817611854,0.0
0,-28672,-12288,19.119374316457524,472.91273951437887,871.1753860057155,0.5428444686467258,-398.2626464913366,0.3515849486304264,0.31019788562478384,362.0386657714844,-9.848959817611854,110.1029073071951
0,-24576,-12288,18.691438562411957,650.3386315777034,893.7705761635706,0.7276348639370331,-243.4319445858672,0.4209014018681594,0.4619592957131985,2235.423828125,-9.848959817611854,207.8164219026482
0,-20480,-12288,21.2431907846691,1177.2707106822209,902.3774341240438,1.304632259366084,274.89327655817704,0.5658192201410586,0.18370678455406284,128.0,-9.848959817611854,0.0
0,-16384,-12288,20.037082221262633,1223.285978467687,880.6674799827274,1.3890441128718407,342.6184984849597,0.5811463306025887,0.23397512017002717,2715.2900390625,-9.848959817611854,0.0
0,-12288,-12288,18.962519033428656,537.7282480149294,874.9671910001333,0.6145696130620371,-337.23894298520395,0.38037064644529844,0.30675371871918716,724.0773315429688,-9.848959817611854,133.51195269315315
0,-8192,-12288,18.615138376776258,654.6063560847142,889.7738594136657,0.7356996939830084,-235.1675033289515,0.4235891915269575,0.4608462884845206,2048.0,-9.848959817611854,201.83606570642354
0,-4096,-12288,19.288329664163996,1161.900314816127,877.2941873522955,1.3244135565548232,284.6061274638316,0.5695046788829203,0.5188140230056155,527.7575073242188,-9.848959817611854,114.31087079040432
0,0,-12288,19.69570151964942,1313.8042627335597,874.5226273536896,1.502310199461778,439.28163537987007,0.6000950651463482,0.35082201126225704,2700.162841796875,-9.848959817611854,0.0
0,4096,-12288,19.0191165203258,513.0770499921368,880.761414105628,0.5825380651048873,-367.68436411349114,0.3678397629534936,0.3453157178401161,999.7119750976562,-9.848959817611854,148.58535010137325
0,8192,-12288,18.920430189144906,706.4675775693448,887.6707071495385,0.795866723864227,-181.20312958019372,0.4428879830276583,0.4024528530626014,1536.0,-9.848959817611854,170.0702361739199
0,12288,-12288,19.294531402134655,1051.514988738242,875.1299678264309,1.2015529434443897,176.38502091181113,0.5454920446616817,0.42757160843330155,404.77154541015625,-9.848959817611854,109.40815085269301
0,16384,-12288,19.943692132175137,1113.344634684502,878.9864583791525,1.2666231931917415,234.3581763053494,0.5585347253944374,0.2201300932654333,3093.259765625,-9.848959817611854,0.0
0,20480,-12288,19.1690638574751,472.3722351773107,867.5760359173983,0.5444735857391584,-395.20380074008756,0.35226730617407076,0.2910214085081552,128.0,-9.848959817611854,98.88101276212647
0,24576,-12288,18.936797175182406,666.7638333079608,895.846203322983,0.7442838188460456,-229.0823700150222,0.42642591035333444,0.4747204926571681,2067.9033203125,-9.848959817611854,203.36637498883627
0,28672,-12288,19.08889648769996,1067.0190181085025,870.6267850880794,1.2255756845346246,196.39223302042308,0.5503939999504412,0.42185644885859624,362.0386657714844,-9.848959817611854,107.45301485852633
0,32768,-12288,19.78115765858298,1070.2180991405605,876.0608378544937,1.2216253174397858,194.15726128606684,0.5495967109838249,0.22348007958258595,2715.2900390625,-9.848959817611854,0.0
0,-32768,-8192,20.869394456692866,1006.3645817293086,895.6491002204716,1.1236147967787646,110.715481508837,0.5288267715964147,0.2846111364270739,1902.8568115234375,-6.81455190771961,0.0
0,-28672,-8192,19.670111546558754,562.2244046602056,911.3866898782129,0.6168889790735639,-349.16228521800736,0.38126961525146574,0.463317232646704,2235.423828125,-6.81455190771961,209.96449484810023
0,-24576,-8192,19.10244323832025,727.1114731748454,937.3120836817449,0.7757410640848293,-210.20061050689947,0.43659252337419474,0.7047707435789551,5684.12255859375,-6.81455190771961,379.00051762304867
0,-20480,-8192,19.72348667173968,894.0074281979576,906.6074731354439,0.9861019842535492,-12.60004493748636,0.4962255960118278,0.567335492589626,1832.68115234375,-6.81455190771961,187.4045645975043
0,-16384,-8192,20.625679862798204,1130.3080495490503,891.2622375303677,1.268210412101677,239.04581201868268,0.558847352188294,0.26315167054006516,2179.761474609375,-6.81455190771961,0.0
0,-12288,-8192,19.5915549606868,528.7882626607202,903.6311928395049,0.5851815064053891,-374.84293017878474,0.36889987828174636,0.42747362525527866,1792.0,-6.81455190771961,189.56609682301246
0,-8192,-8192,18.820891242844795,633.0160649921986,932.1208653130936,0.679113716416564,-299.10480032089504,0.40418947586454185,0.69652641001908,5668.2470703125,-6.81455190771961,398.58129394171027
0,-4096,-8192,19.6002901337022,868.3766497329251,910.5798341288963,0.953652406066795,-42.20318439597122,0.48786397735346965,0.6038409130869593,2268.165771484375,-6.81455190771961,209.30557009395653
0,0,-8192,20.80105542795358,1091.1757232564285,894.4189977031645,1.2199827218099437,196.756725553264,0.5492694165266649,0.26309188896001007,1792.0,-6.81455190771961,0.0
0,4096,-8192,19.849626994241813,466.669837723426,915.7504379070807,0.5096037287079933,-449.0806001836547,0.337330488748791,0.3743073566043693,2318.1787109375,-6.81455190771961,215.03925203406152
0,8192,-8192,22.041591123797602,740.0096555092122,928.8896124517638,0.7966604918274292,-188.87995694255164,0.4431462841544916,0.4538346654219321,640.0,-6.81455190771961,127.10830249533176
0,12288,-8192,19.618510265611675,850.6413851189352,907.8345534127033,0.9370004500503211,-57.19316829376805,0.4834629258009823,0.5808297667696943,2048.0,-6.81455190771961,195.91404978481464
0,16384,-8192,20.931294762735902,1121.7702132810314,896.7633057292462,1.2509100295632747,225.00690755178516,0.5554600618021842,0.2513723710648561,2083.68896484375,-6.81455190771961,0.0
0,20480,-8192,19.62710795186303,573.5372134376948,900.7183672519202,0.6367553214081215,-327.18115381422535,0.38877142438572726,0.4318969567904618,1557.187255859375,-6.81455190771961,175.4785793181494
0,24576,-8192,19.068975534630127,647.0063133489316,935.8671174506022,0.6913442103954277,-288.8608041016706,0.4084962224679311,0.715223681581752,5576.453125,-6.81455190771961,393.91833576515467
0,28672,-8192,19.707350347693428,910.9335390228134,913.7585978371209,0.9969083094583248,-2.8250588143074538,0.49895243597288913,0.6086886632680479,2360.203369140625,-6.81455190771961,215.18043374143485
0,32768,-8192,20.878422017348658,1008.8804448236492,895.8115963122759,1.1262194516981425,113.06884851137329,0.5294037142655464,0.2538834630907899,1664.0,-6.81455190771961,0.0
0,-32768,-4096,21.637622503268748,1447.2486370361394,909.4772050588374,1.5912973178283358,537.771431977302,0.6138324529497351,0.3655039944013653,2575.9501953125,-3.5413464494312943,0.0
0,-28672,-4096,20.6917995952028,691.007775648291,907.7741011441328,0.7612111590068106,-216.76632549584178,0.4319387446954753,0.2867038987326188,819.5999145507812,-3.5413464494312943,137.98597297587742
0,-24576,-4096,20.75095274607561,657.1682112224557,926.6256824747222,0.709205695084307,-269.4574712522665,0.4146710899354508,0.3813545224841674,1936.991455078125,-3.5413464494312943,197.3351858680166
0,-20480,-4096,20.947160192619474,855.5345304033544,905.933037297098,0.9443683972006249,-50.398506893743615,0.4854185949756781,0.26262952318475,461.51055908203125,-3.5413464494312943,117.00816452389874
0,-16384,-4096,21.538366957959088,1129.2234329880573,907.6906052432636,1.2440620476460944,221.53282774479374,0.5541074902099873,0.15193999611846,2977.2041015625,-3.5413464494312943,0.0
0,-12288,-4096,20.776345433423288,714.3973769952645,901.0008661110992,0.7928931079486606,-186.6034891158347,0.44196866709181093,0.2817565671240769,362.0386657714844,-3.5413464494312943,113.83343296422709
0,-8192,-4096,20.765954098994925,616.5040715539295,927.0786592140234,0.6649965085773857,-310.5745876600939,0.3991395600075168,0.3827689325220966,1949.637939453125,-3.5413464494312943,198.32380077545253
0,-4096,-4096,23.044069714347064,1011.1986484727337,934.7932548582471,1.081735071597273,76.40539361448657,0.519364588390296,0.0,128.0,-3.5413464494312943,0.0
0,0,-4096,21.816228883759923,1226.5359630455687,912.6921199076786,1.3438660598599628,313.8438431378901,0.5730865662472302,0.17132461016782294,2638.78759765625,-3.5413464494312943,0.0
0,4096,-4096,20.87680053838939,694.4192801249942,908.8060119385184,0.7641006672521576,-214.3867318135242,0.4328689265531799,0.29779187772015114,689.3010864257812,-3.5413464494312943,125.00817154526347
0,8192,-4096,20.604533695905566,650.5850858870385,927.4357360664845,0.7014880498851086,-276.850650179446,0.41201805374684786,0.39512136705712214,2179.761474609375,-3.5413464494312943,209.11746154185678
0,12288,-4096,22.89557677094191,1099.7929370958434,932.1203818769544,1.179882940528837,167.672555218889,0.540993522365997,0.0,128.0,-3.5413464494312943,0.0
0,16384,-4096,21.533350438176033,1149.276228790921,907.6003078871686,1.2662801222118991,241.6759209037525,0.558476763939459,0.0,2807.25927734375,-3.5413464494312943,0.0
0,20480,-4096,20.82532258387255,625.3962030457153,901.8824548191859,0.6934342715105795,-276.4862517734706,0.40921608099888807,0.2500366660540353,362.0386657714844,-3.5413464494312943,105.50367153859892
0,24576,-4096,20.637219600260888,733.7278285150097,918.6553121211005,0.7986976386397764,-184.92748360609073,0.44377362420226496,0.3463834061293529,1541.3240966796875,-3.5413464494312943,175.08819784441476
0,28672,-4096,21.031275275545966,785.8164649392877,908.6672083571709,0.8648011700125156,-122.85074341788322,0.4634762795512252,0.2649905252216577,527.7575073242188,-3.5413464494312943,121.03890419543289
0,32768,-4096,21.61472309511447,1115.1276242247586,909.0650157120605,1.22667532569306,206.06260851269815,0.5506279265658144,0.14866027358169542,2721.3173828125,-3.5413464494312943,0.0
0,-32768,0,22.31903241083417,1380.4485961684709,921.742583395015,1.4976508854391035,458.7060127734559,0.5993634433899236,0.10794971053218637,2626.34033203125,0.0,0.0
0,-28672,0,22.39928201031345,1250.6778111690376,923.1870761856421,1.3547392976258918,327.49073498339544,0.5750600041597321,0.0,2715.2900390625,0.0,0.0
0,-24576,0,22.345975092426517,1402.6736405222562,922.2275516636773,1.520962627923949,480.44608885857883,0.6030667361256186,0.062361406097421725,2176.0,0.0,0.0
0,-20480,0,22.544158804459613,1398.9934616576206,925.794858480273,1.5111268428884137,473.19860317734765,0.6015136672346328,0.10960935108043474,2833.40087890625,0.0,0.0
0,-16384,0,22.369665439355362,1478.890033845291,922.6539779083965,1.6028652878057814,556.2360559368946,0.6155516929597497,0.1981366044773091,2626.34033203125,0.0,0.0
0,-12288,0,22.36082699651828,1340.8620485183196,922.4948859373291,1.4535170535453927,418.36716258099057,0.5921601970586244,0.0,2715.2900390625,0.0,0.0
0,-8192,0,22.58718050305724,1417.8299889977793,926.5692490550304,1.5301932267272689,491.26073994274896,0.6045154129814103,0.06967304559825914,1810.193359375,0.0,0.0
0,-4096,0,22.556056374705268,1363.8193068111916,926.0090147446948,1.472792688942886,437.8102920664968,0.595338940931598,0.11097185794300789,2691.0458984375,0.0,0.0
0,0,0,22.4173431390131,1435.3385070344077,923.5121765022358,1.5542171977316996,511.82633053217194,0.6082327653389092,0.20280022870730582,4887.52197265625,0.0,0.0
0,4096,0,22.536816620564185,1120.0596023572866,925.6626991701553,1.2100083576462632,194.39690318713133,0.5472455161706113,0.0,2635.681396484375,0.0,0.0
0,8192,0,22.54635109827527,1281.4265910741747,925.8343197689549,1.38407765159749,355.5922713052198,0.5802876756012119,0.03991967969795015,1832.68115234375,0.0,0.0
0,12288,0,22.377315293885935,1361.1093855358833,922.7916752899469,1.4749909670654695,438.3177102459365,0.5956972968641094,0.10156719389941614,2807.25927734375,0.0,0.0
0,16384,0,22.43443981878317,1387.3065499533232,923.819916738097,1.5017066906846355,463.4866332152261,0.6000132648187341,0.22586300086704586,2715.2900390625,0.0,0.0
0,20480,0,22.623946550497593,1239.9915656384844,927.2310379089566,1.337305930175557,312.7605277295278,0.5718931089500346,0.0,3210.2236328125,0.0,0.0
0,24576,0,22.32757800598711,1244.368537576805,921.8964041077679,1.3497921588935287,322.4721334690371,0.5741653978906619,0.05887887964823606,2432.0,0.0,0.0
0,28672,0,22.481099592897497,1266.5993074194039,924.6597926721549,1.369800349768735,341.93951474724895,0.5777598584795496,0.1050944354077096,2977.2041015625,0.0,0.0
0,32768,0,22.53578980256154,1523.6684539887788,925.6442164461077,1.646062738703979,598.024237542671,0.6218261336086366,0.1844660443120902,2626.34033203125,0.0,0.0
0,-32768,4096,21.618868761075948,1148.0786073860447,909.1396376993671,1.2628187791826206,238.93896968667764,0.5578021719161284,0.1697897882815078,2289.733642578125,3.5413464494312943,0.0
0,-28672,4096,21.02287488998775,604.0205019179953,912.0535964181969,0.6622642619798831,-308.0330945002016,0.39814831891233105,0.2808093280085461,724.0773315429688,3.5413464494312943,127.38820564139837
0,-24576,4096,20.631975627715875,835.1579596954236,922.6282751261275,0.9051944127565934,-87.47031543070386,0.47484904257290816,0.501382373753625,1810.193359375,3.5413464494312943,186.22628031284364
0,-20480,4096,22.786625356817026,999.9590393366783,930.1592564227064,1.0750406797889798,69.79978291397185,0.517813456344195,0.0,128.0,3.5413464494312943,0.0
0,-16384,4096,21.769944679655566,1321.2338653861673,911.8590042338002,1.4489453514760748,409.3748611523671,0.5913961247326827,0.16015514003017028,2635.681396484375,3.5413464494312943,0.0
0,-12288,4096,20.862860243674348,643.9144405130751,904.4156382160858,0.7119673890017689,-260.5011977030107,0.41560830022821627,0.2672140054242263,461.51055908203125,3.5413464494312943,119.05876925838356
0,-8192,4096,20.510410003173448,640.7033266322658,927.4516087955764,0.6908213006005858,-286.7482821633106,0.40831106742023093,0.40674660757369174,2304.0,3.5413464494312943,210.51937445022196
0,-4096,4096,20.812938019581367,875.85215218809,911.7434571017415,0.9606344255787225,-35.891304913651425,0.4896870749536562,0.30180423633430226,923.0211181640625,3.5413464494312943,140.83779410697517
0,0,4096,21.453929163310296,1329.1710029416736,906.1707249395854,1.4667997611932229,423.0002780020882,0.5943505799540523,0.17770342561274194,2472.090576171875,3.5413464494312943,0.0
0,4096,4096,20.967576581952684,593.2373557502997,909.5573506985553,0.6522264432195325,-316.3199949482556,0.3944935789481555,0.29205196920013143,640.0,3.5413464494312943,130.39553338466766
0,8192,4096,20.603408269968323,609.6781006060585,926.9400092935504,0.6577319939730653,-317.2619086874919,0.3965081424840036,0.399192197103763,2145.6708984375,3.5413464494312943,204.70423143560862
0,12288,4096,20.718809101116115,886.553359466812,908.0846699371048,0.9762893139999995,-21.531310470292738,0.49372609899619574,0.29190563505868955,809.5430908203125,3.5413464494312943,134.21674945323275
0,16384,4096,21.609553054073945,1191.6745339582903,908.9719549733311,1.3110135328578467,282.70257898495925,0.567019496492049,0.23881321304323433,2638.78759765625,3.5413464494312943,0.0
0,20480,4096,21.009204652038285,663.6919864005075,900.6985702195356,0.7368635949302548,-237.00658381902804,0.4239785295712635,0.26432301659670626,128.0,3.5413464494312943,98.84421448069158
0,24576,4096,20.928774145726162,653.5129641311293,926.0779405458468,0.7056781459948578,-272.56497641471753,0.41346116961535156,0.3632822922220229,1683.5771484375,3.5413464494312943,176.40205396804623
0,28672,4096,20.816461697974876,1151.5193835112282,897.2291970463942,1.2834171996430084,254.29018646483394,0.5617856718788232,0.0,128.0,3.5413464494312943,100.96698289129327
0,32768,4096,21.734713729803218,1301.588520700552,911.2248471364579,1.4283944569672562,390.36367356409403,0.587939588589737,0.25350512392237384,3124.878173828125,3.5413464494312943,0.0
0,-32768,8192,20.727172819771294,1138.5865944810819,893.0891107558832,1.2748857653380379,245.49748372519866,0.5601417833388961,0.2695753406790163,1810.193359375,6.81455190771961,0.0
0,-28672,8192,19.81570424425802,612.8497835833799,911.6103257881335,0.6722716562622743,-298.7605422047536,0.40174749888141803,0.5026138966583146,2063.93798828125,6.81455190771961,199.6614094690825
0,-24576,8192,22.62618549419794,856.0654382322934,932.8612850257373,0.9176770994507237,-76.79584679344384,0.4782684269186619,0.5238508504020623,286.2167053222656,6.81455190771961,106.34015811742562
0,-20480,8192,19.812152363362856,797.9146615163663,908.6594853201584,0.8781228550486412,-110.74482380379209,0.46727965693003376,0.5662906749535445,1863.7081298828125,6.81455190771961,193.6364463984537
0,-16384,8192,20.608856520593488,1079.5963527670906,890.9594173706828,1.2117233756315138,188.6369353964078,0.5475860075171233,0.26475723174173665,1920.0,6.81455190771961,0.0
0,-12288,8192,19.518707541703026,578.2091943994207,907.2007532654676,0.6373552847240896,-328.99155886604694,0.3889971237798646,0.42815823822993904,2130.344482421875,6.81455190771961,207.12537625703868
0,-8192,8192,18.81394916035739,661.8356849274301,931.6219884929641,0.7104122628084883,-269.786303565534,0.4150851389536577,0.7031989157515539,5620.3515625,6.81455190771961,391.8465160019509
0,-4096,8192,19.64227310994826,860.4512732622467,903.2851031771561,0.9525799442897392,-42.833829914909415,0.48758062946394576,0.5648116207676243,1707.7330322265625,6.81455190771961,182.41409226567757
0,0,8192,20.660131645736293,1115.5677123842065,891.8823696232532,1.2508013953179071,223.6853427609533,0.5554371116205133,0.27408768938135186,1619.086181640625,6.81455190771961,0.0
0,4096,8192,19.627578705142326,628.73027201541,911.0710284148187,0.6901001704656814,-282.34075639940863,0.4080540896738946,0.4686400998333303,2268.165771484375,6.81455190771961,217.71736250534448
0,8192,8192,18.86451426812686,625.2817831925804,932.5549996667958,0.6705039203221206,-307.27321647421536,0.4011207523892433,0.7009855673317207,5623.26611328125,6.81455190771961,391.04136605888925
0,12288,8192,19.8586980900461,998.5416296198936,905.2885674446817,1.1030092122321098,93.25306217521188,0.524215560609386,0.5544787462477175,1583.2725830078125,6.81455190771961,175.89530478301947
0,16384,8192,20.789687221574646,1111.4930847074622,894.2143699883436,1.2429828036894004,217.27871471911862,0.5538889498349684,0.2696952743478261,2391.2373046875,6.81455190771961,0.0
0,20480,8192,19.96694319073079,521.2475713812167,902.4585618255553,0.5775861556754487,-381.21099044433856,0.3658632185487802,0.4484507939953281,1280.0,6.81455190771961,161.8590219785934
0,24576,8192,19.091901295892754,717.8186662003109,933.020806060032,0.7693490450995637,-215.20213985972111,0.43455715779576487,0.7257211348665816,5177.27978515625,6.81455190771961,371.17141890665033
0,28672,8192,19.862303122680416,911.591596127943,915.5911084256952,0.995631770272836,-3.999512297752176,0.49863265518120825,0.6206666789645604,2289.733642578125,6.81455190771961,212.7308282959221
0,32768,8192,20.683698128229214,1072.859903346059,892.3065663081259,1.2023445123630139,180.55333703793303,0.5456607667278329,0.26225207355237956,1664.0,6.81455190771961,0.0
0,-32768,12288,19.820948900953308,1214.4524929929776,876.7770802171596,1.385132572913725,337.675412775818,0.5804585254617285,0.2320314453596293,2521.3076171875,9.848959817611854,0.0
0,-28672,12288,18.919469754336482,530.213857146829,877.3531962116812,0.604333419466911,-347.13933906485215,0.3764207432529506,0.30210660646671533,905.0966796875,9.848959817611854,142.58451553298187
0,-24576,12288,18.702474564148993,766.5885408165718,893.6129373290379,0.8578530018912491,-127.02439651246607,0.46146632476652416,0.4613935179513583,2209.62255859375,9.848959817611854,210.88536925503143
0,-20480,12288,19.14539164879534,986.3227153809308,867.1499361611626,1.1374304191814177,119.17277921976824,0.5318615588969461,0.4232513815539596,128.0,9.848959817611854,102.52289102055131
0,-16384,12288,19.675471630493714,1347.8787997492902,874.1584893488869,1.5419158152353492,473.7203104004034,0.6063230726534894,0.22429104750191836,2807.25927734375,9.848959817611854,0.0
0,-12288,12288,21.171761936511462,526.5884383551007,901.0917148572064,0.5843893908607825,-374.5032765021057,0.3685838549454867,0.2868845457437312,181.0193328857422,9.848959817611854,0.0
0,-8192,12288,18.93477174408475,790.416350533502,892.8666341731524,0.8852569020741542,-102.45028363965037,0.46928951827603127,0.44905789603616164,1863.7081298828125,9.848959817611854,189.0791109961129
0,-4096,12288,19.181112205645466,1042.731704191549,870.8499658317927,1.1973723891641694,171.88173835975624,0.5446263904630594,0.4503839948328237,286.2167053222656,9.848959817611854,111.7501497738509
0,0,12288,19.89502820503186,1226.3538022085284,878.1105076905735,1.3965825388353832,348.24329451795484,0.5824624033960936,0.24013450537856418,2807.25927734375,9.848959817611854,0.0
0,4096,12288,19.34414349384367,568.4331558373208,871.7609013238314,0.6520516749192518,-303.3277454865106,0.39441819303433295,0.30441661982404983,181.0193328857422,9.848959817611854,100.01938465570439
0,8192,12288,18.850748074861407,790.2864418192252,892.1755808986625,0.8857969874306497,-101.88913907943731,0.46944120577388304,0.44801557613212856,1920.0,9.848959817611854,193.88752327522752
0,12288,12288,19.105687116097393,1120.4077889014625,867.4686865243984,1.2915829773527507,252.93910237706405,0.5633370411611708,0.42064009040517325,181.0193328857422,9.848959817611854,102.50395614192958
0,16384,12288,19.909926370400957,1293.4750934474541,878.3786746672172,1.4725711481298205,415.09641878023695,0.5952886072815516,0.21998514767936467,2626.34033203125,9.848959817611854,0.0
0,20480,12288,19.38093129076453,482.6852839613481,874.4467093639358,0.5519893651523359,-391.76142540258775,0.35540380930098664,0.30241057470285104,286.2167053222656,9.848959817611854,105.15507150471382
0,24576,12288,18.83453229122477,651.1213569420652,893.7229498737389,0.7285494425694815,-242.60159293167374,0.42120759126336127,0.4689162584136937,2048.0,9.848959817611854,202.49265053310367
0,28672,12288,19.116594535393176,943.1692946316049,871.1253499465572,1.0827021561127426,72.04394468504768,0.5195681579564062,0.44700680610596055,362.0386657714844,9.848959817611854,110.53056593247966
0,32768,12288,20.05848787899324,1240.9664287319467,881.0527818218784,1.4085040696038933,359.91364691006834,0.5845290624611068,0.24091173145694336,2663.507568359375,9.848959817611854,0.0
0,-32768,16384,18.95511484981743,1249.0180541217082,861.1920672967137,1.4503362275994742,387.8259868249945,0.5916123845041782,0.13428243802183348,2534.270751953125,12.6697827880121,0.0
0,-28672,16384,19.216419881239467,1113.0876060602614,865.8955578623104,1.285475593393976,247.19204819795095,0.5621702377787436,0.0,2638.78759765625,12.6697827880121,0.0
0,-24576,16384,18.967016076505576,1352.4841863610284,861.4062893771004,1.5700885900647834,491.077896983928,0.6106325351867807,0.05815732811967955,1796.5655517578125,12.6697827880121,0.0
0,-20480,16384,18.896761887758593,1479.7647800743935,860.1417139796547,1.7203732315549516,619.6230660947388,0.632133228658653,0.11153477346987639,2721.3173828125,12.6697827880121,0.0
0,-16384,16384,19.16945407114658,1299.0164505754935,865.0501732806384,1.5016660197281624,433.9662772948551,0.5999891348663702,0.12354235069503311,2626.34033203125,12.6697827880121,0.0
0,-12288,16384,18.91634855312954,1152.1091836372698,860.4942739563318,1.3388923302652178,291.614909680938,0.5721628949793927,0.0,2807.25927734375,12.6697827880121,0.0
0,-8192,16384,18.893632286593967,1245.3791013127304,860.0853811586915,1.4479714788722233,385.29372015403897,0.5912177070517619,0.06534018995729247,1683.5771484375,12.6697827880121,0.0
0,-4096,16384,19.133858151175488,1280.997821147371,864.4094467211588,1.4819340834443648,416.5883744262122,0.5968102327660557,0.10654198783533492,2807.25927734375,12.6697827880121,0.0
0,0,16384,19.057353479866396,1191.9046607529842,863.0323626375952,1.381066009054737,328.87229811538907,0.5797379234833453,0.0,2626.34033203125,12.6697827880121,0.0
0,4096,16384,18.95131605168429,1170.5571682779334,861.1236889303173,1.3593368563951511,309.4334793476162,0.5758686436815341,0.0,2807.25927734375,12.6697827880121,0.0
0,8192,16384,19.118052270472315,1347.7364943772027,864.1249408685017,1.5596546640843858,483.61155350870104,0.6090469438849239,0.02576368898280637,2235.423828125,12.6697827880121,0.0
0,12288,16384,19.073680976168816,1488.0561413356556,863.3262575710387,1.723631278773206,624.7298837646169,0.6325740840550638,0.24442266630181178,3263.37255859375,12.6697827880121,0.0
0,16384,16384,19.17231188335476,1341.7948296631105,865.1016139003857,1.551025692361747,476.6932157627248,0.6077254363875342,0.12351473097432401,2534.270751953125,12.6697827880121,0.0
0,20480,16384,19.05278482565142,1193.3427197612195,862.9501268617255,1.3828640643475267,330.39259289949405,0.5800548627387183,0.0,2626.34033203125,12.6697827880121,0.0
0,24576,16384,18.844557565863717,1264.2131153401835,859.2020361855468,1.471380492710068,405.0110791546367,0.5950876006661129,0.05808924035904035,2051.99609375,12.6697827880121,0.0
0,28672,16384,18.859387137509476,1426.3820099010484,859.4689684751706,1.6596085050419773,566.9130414258777,0.6237319455392989,0.11974111123391228,3124.878173828125,12.6697827880121,0.0
0,32768,16384,19.15417828787743,1425.3310688639074,864.7752091817937,1.6482099090380762,560.5558596821137,0.6221147759586717,0.13966123486541157,4978.8544921875,12.6697827880121,0.0
0,-32768,20480,18.179634446789066,1324.9764013755685,847.2334200422032,1.5638859020806422,477.74298133336526,0.6096863672883516,0.22692133846049994,2807.25927734375,15.298804780876495,0.0
0,-28672,20480,17.63058701940824,625.7981438474313,839.8834528321948,0.7451011705697494,-214.08530898476351,0.4266762092496121,0.26122534385314444,128.0,15.298804780876495,97.03693726494068
0,-24576,20480,17.054873986081688,594.154024799527,860.4003148864196,0.6905553316515936,-266.2462900868926,0.4081977625979411,0.37699453869223704,1958.0234375,15.298804780876495,196.11402419805526
0,-20480,20480,17.21639254935514,905.6606027992095,843.53691428681,1.0736466744492428,62.12368851239955,0.5174619401283824,0.29634398500234277,724.0773315429688,15.298804780876495,132.52578376701143
0,-16384,20480,18.196283692324748,1304.6148810152947,847.5331064618455,1.5393084601280131,457.08177455344924,0.6059104569695285,0.2977902980422504,2691.0458984375,15.298804780876495,0.0
0,-12288,20480,17.47962248499454,667.9137981380408,841.6598530393818,0.7935673725271397,-173.74605490134104,0.44215904177689896,0.2625899762761165,362.0386657714844,15.298804780876495,109.06126662721663
0,-8192,20480,16.76278711400431,594.7252300055952,861.6746621618857,0.6901969572987887,-266.9494321562905,0.40807278304453914,0.40649971991535705,2428.629150390625,15.298804780876495,216.034685106874
0,-4096,20480,17.415301676183127,1165.6561794391,836.0083166541427,1.3943117026685428,329.6478627849573,0.5820526512119422,0.0,128.0,15.298804780876495,101.63172434728023
0,0,20480,18.285441572609162,1031.4323229322135,849.137948306965,1.2146816956993998,182.29437462524857,0.5481763496682615,0.0,2807.25927734375,15.298804780876495,0.0
0,4096,20480,19.11204780174254,677.2610841179275,864.0168604313658,0.783851699120548,-186.75577631343833,0.4391303697958583,0.25021725388513355,128.0,15.298804780876495,0.0
0,8192,20480,17.054327486373033,643.3673323175675,858.2306085819564,0.7496438904464096,-214.8632762643889,0.4281699813407293,0.37348376150923285,1810.193359375,15.298804780876495,184.10594454596378
0,12288,20480,17.3692064342247,806.559023440176,837.6580261656128,0.9628738676715214,-31.099002725436776,0.4902447513739515,0.2383511839576166,256.0,15.298804780876495,108.89430521363116
0,16384,20480,18.421656951392084,1204.6285296936228,851.5898251250576,1.414564258698982,353.0387045685652,0.5855618227749074,0.1353582071628617,2977.2041015625,15.298804780876495,0.0
0,20480,20480,17.565342549444935,584.2594030186269,841.7661120201832,0.6940875792878415,-257.50670900155626,0.4094246366735335,0.2731843850937652,286.2167053222656,15.298804780876495,109.5157764046189
0,24576,20480,17.062658217486902,694.217907052016,860.9589457016418,0.8063310225393622,-166.7410386496258,0.4461047636222041,0.3897068009729717,1987.0943603515625,15.298804780876495,194.5421492928086
0,28672,20480,19.35235624115301,1155.980593757098,868.3424123407542,1.331249720534748,287.63818141634374,0.5707635721693113,0.0,181.0193328857422,15.298804780876495,0.0
0,32768,20480,18.315475381951217,1118.4289792536817,849.6785568751219,1.3162965808704743,268.75042237855985,0.5679877603091571,0.17324419074178427,2635.681396484375,15.298804780876495,0.0
0,-32768,24576,17.458360604091403,1186.57897529372,834.2504908736453,1.422329370224414,352.3284844200748,0.5868838075364642,0.26940205369640935,2176.0,17.754944772668892,0.0
0,-28672,24576,16.27600719719877,489.9964395154137,844.5528425937075,0.5801844654392316,-354.5564030782938,0.3668875765794306,0.3841129530517359,1832.68115234375,17.754944772668892,191.80986258082072
0,-24576,24576,15.163331906169887,642.8964092039922,864.0181901478015,0.7440774008403879,-221.1217809438093,0.4263480236084681,0.7147638709998236,5383.61376953125,17.754944772668892,366.58662153913946
0,-20480,24576,16.234278961612045,925.6039084354495,843.8017343531465,1.0969447806895207,81.80217408230305,0.5228202430362315,0.5700989612154321,1832.68115234375,17.754944772668892,186.68810234771462
0,-16384,24576,17.478160480589473,1119.610667568282,834.6068886506105,1.341482658235022,285.0037789176715,0.5726271554831202,0.3622553561645227,2176.0,17.754944772668892,0.0
0,-12288,24576,16.371431370270535,708.807268026036,847.6097546428639,0.8362424619861629,-138.80248661682788,0.4551171957857336,0.5608946184285131,1924.261962890625,17.754944772668892,191.75555422437208
0,-8192,24576,18.210822141275777,779.7104978967737,863.1165069734463,0.9033664535403926,-83.4060090766726,0.4743263710759708,0.4863948448843209,819.5999145507812,17.754944772668892,134.09924601651312
0,-4096,24576,16.440503358283337,973.6164782854485,847.1817742763418,1.149241529796963,126.43470400910667,0.5344260688121536,0.5507094490904575,1810.193359375,17.754944772668892,185.97523510230704
0,0,24576,17.433104082223068,1067.147704854212,833.7958734800152,1.279866858059942,233.35183137419676,0.5610827350561305,0.2616236576385365,1796.5655517578125,17.754944772668892,0.0
0,4096,24576,16.1269573705476,537.8368192112692,847.2536278442128,0.6348002552432422,-309.41680863294357,0.3880243315678381,0.4239951191768812,2209.62255859375,17.754944772668892,212.5888999099733
0,8192,24576,15.189191922681417,729.6018971615589,865.8797268028005,0.842613442233556,-136.27782964124162,0.4570061353727469,0.7019715005474854,5557.3232421875,17.754944772668892,390.40301163985885
0,12288,24576,16.48821337367948,870.0573230814078,846.1478466490064,1.0282568543158148,23.909476432401448,0.5066705705399193,0.5623650555555274,1683.5771484375,17.754944772668892,181.03482636734756
0,16384,24576,17.399266317213726,1225.9875394803273,833.186793709847,1.4714437971604133,392.80074577048026,0.5950892212028915,0.24547124525468395,2307.552734375,17.754944772668892,0.0
0,20480,24576,16.10856457202254,539.6322279146204,840.9373658435483,0.6417032347864728,-301.3051379289278,0.3905935903284495,0.3887203829998964,1792.0,17.754944772668892,188.15764733753394
0,24576,24576,18.19608630296224,743.8308308467375,861.1714018517378,0.8637430704820339,-117.34057100500024,0.46315678502944563,0.4926155058503028,724.0773315429688,17.754944772668892,130.044273164964
0,28672,24576,16.240869011719177,804.6876907344955,844.9484315484366,0.9523512449864425,-40.260740813941084,0.4875015637132444,0.5858945149199631,1902.8568115234375,17.754944772668892,192.79927377017975
0,32768,24576,17.40763216440148,1148.0368277342131,833.3373789592267,1.3776375051939005,314.6994487749864,0.5791221575915858,0.3307163321113131,1557.187255859375,17.754944772668892,0.0
0,-32768,28672,16.592360963429606,1413.6564456444132,818.6624973417329,1.7267878402084822,594.9939483026803,0.6329845766472696,0.2545903842888149,2807.25927734375,20.054712758020393,0.0
0,-28672,28672,17.899906874367463,658.1072460723606,842.1983237386144,0.7814160008665744,-184.0910776662538,0.4383566272622441,0.3241605758583888,362.0386657714844,20.054712758020393,0.0
0,-24576,28672,15.448772242638354,712.8395964078064,829.1288132824008,0.859745295288651,-116.28921687459433,0.4619923466553203,0.45184845347784725,1796.5655517578125,20.054712758020393,185.4240302961154
0,-20480,28672,15.843380103486064,1014.64867752825,813.0092444507562,1.2480161627359048,201.63943307749378,0.5548597500565765,0.43503283949011795,404.77154541015625,20.054712758020393,112.7103312867371
0,-16384,28672,16.61505242580773,1112.2805698247903,819.0709436645391,1.3579783026466863,293.2096261602512,0.5756098525864468,0.21099699860442742,3093.259765625,20.054712758020393,0.0
0,-12288,28672,16.262341372487807,523.9201102420038,816.2884631394259,0.6418320653792161,-292.368352897422,0.39063283715903063,0.2819741609296563,181.0193328857422,20.054712758020393,105.43964543157257
0,-8192,28672,15.60277233869732,788.0663983682612,824.0065831542091,0.9563836193536552,-35.94018478594796,0.48854974783872374,0.4378981982904753,1286.384033203125,20.054712758020393,163.21020217747326
0,-4096,28672,16.03691879685756,1287.8920138782707,811.1974248262826,1.5876431241803708,476.69458905198815,0.6132557928926641,0.17736885491430446,128.0,20.054712758020393,97.43623728867902
0,0,28672,16.910089611606097,1159.6662753109497,824.3816130089098,1.406710505197083,335.2846623020399,0.5842006543693457,0.2327246255474135,2575.9501953125,20.054712758020393,0.0
0,4096,28672,16.147400049556293,497.02456212757664,817.6798492014933,0.6078473899203298,-320.65528707391667,0.37776308861464036,0.29757601584567916,362.0386657714844,20.054712758020393,111.89671033737372
0,8192,28672,15.453165639298346,776.614989811958,833.3642141433809,0.9319034542540855,-56.74922433142285,0.48207635946211014,0.48566729708068307,2083.68896484375,20.054712758020393,206.96743797450748
0,12288,28672,15.907730717819021,1015.7591876227535,818.4801251441494,1.2410309748741422,197.27906247860415,0.5534750593868555,0.5531620982488364,640.0,20.054712758020393,127.82991825836848
0,16384,28672,16.754847190514816,1059.4186137351048,821.5872494292666,1.2894779154265756,237.83136430583818,0.5629199326477214,0.24040775029932648,2691.0458984375,20.054712758020393,0.0
0,20480,28672,15.959211370026646,530.8848264633839,819.4067768838866,0.647889230892476,-288.52195042050266,0.3928721418443914,0.2964028684825072,640.0,20.054712758020393,128.2244725886002
0,24576,28672,15.62486490551036,675.938034104502,832.230771846329,0.8122002417729797,-156.29273774182707,0.4478876262477719,0.47672647343249475,1792.0,20.054712758020393,192.47866061336418
0,28672,28672,15.94198258700095,1154.1164392012442,812.5456326961914,1.4203712293322548,341.5708065050528,0.5865419960493107,0.4425367384685623,286.2167053222656,20.054712758020393,107.55581318953325
0,32768,28672,16.94812351926747,1220.1943635495684,825.0662233468145,1.4789047582143753,395.1281402027539,0.5963044840736874,0.26351529916115485,2721.3173828125,20.054712758020393,0.0
0,-32768,32768,16.19436404550761,1265.5804642889284,811.4985528191369,1.5595597304422983,454.0819114697915,0.6090146014034437,0.0,2715.2900390625,22.21258134490239,0.0
0,-28672,32768,16.022564523155477,1249.9137178750054,808.4061614167986,1.5461457093355504,441.50755645820686,0.6069546214961263,0.0,2807.25927734375,22.21258134490239,0.0
0,-24576,32768,16.200822161821986,1480.4440158825478,811.6147989127958,1.824072229665707,668.829216969752,0.6456197313084087,0.059176787940887675,2304.0,22.21258134490239,0.0
0,-20480,32768,16.012549930973485,1312.3826270746274,808.2258987575227,1.6237819514224174,504.1567283171047,0.6185790691804827,0.09585987515974341,3095.906982421875,22.21258134490239,0.0
0,-16384,32768,16.044580783750398,1228.5310395123465,808.8024541075072,1.518950682299795,419.72858540483935,0.6027134634041714,0.07606815342980494,2626.34033203125,22.21258134490239,0.0
0,-12288,32768,16.146537312904215,1171.4612839389983,810.6376716322759,1.4451108367319998,360.82361230672245,0.5907225560519413,0.0,2715.2900390625,22.21258134490239,0.0
0,-8192,32768,15.953748519608418,1384.5927249750655,807.1674733529514,1.7153722996585894,577.425251622114,0.6314382785818621,0.06037397891715226,2051.99609375,22.21258134490239,0.0
0,-4096,32768,16.051399347293753,1452.2804770720682,808.9251882512875,1.7953211226016692,643.3552888207806,0.6419754398698677,0.1086921276474605,2591.802490234375,22.21258134490239,0.0
0,0,32768,16.07287085211812,1322.5955801297985,809.3116753381262,1.6342227851553297,513.2839047916723,0.6200905251455215,0.12335286908399103,2715.2900390625,22.21258134490239,0.0
0,4096,32768,15.88324589160195,1326.4775456479697,805.8984260488351,1.6459612064902942,520.5791195991346,0.6217739222931908,0.0,2575.9501953125,22.21258134490239,0.0
0,8192,32768,16.017227474990996,1220.9755238886387,808.3100945498379,1.510528610395026,412.6654293388008,0.6013811617439863,0.05232373495818733,1924.261962890625,22.21258134490239,0.0
0,12288,32768,15.924728434648038,1304.3821034865875,806.6451118236647,1.6170458165148216,497.73699166292283,0.617597204255238,0.1055563420216871,2591.802490234375,22.21258134490239,0.0
0,16384,32768,15.917936575064008,1214.4684653749498,806.5228583511521,1.5058078674394895,407.9456070237977,0.6006299092999774,0.10948208880751716,2534.270751953125,22.21258134490239,0.0
0,20480,32768,16.064884200208784,1363.8395070653867,809.167915603758,1.6854839159654054,554.6715914616286,0.6273389376890572,0.0,2715.2900390625,22.21258134490239,0.0
0,24576,32768,16.164922546942137,1335.3596108277873,810.9686058449585,1.646623064324986,524.3910049828288,0.621870285343201,0.06938665755189037,2048.0,22.21258134490239,0.0
0,28672,32768,16.27122804123761,1310.8405115459318,812.882104742277,1.6125837976978614,497.95840680365484,0.6169466552937196,0.1252175452912138,2807.25927734375,22.21258134490239,0.0
0,32768,32768,16.05508510102392,1429.8273557682758,808.9915318184305,1.7674194346068695,620.8358239498452,0.638367398226936,0.1418243411139015,2626.34033203125,22.21258134490239,0.0
9223372036854775807,-32768,-32768,15.879751967972652,1317.9321037712534,805.8355354235077,1.6354852148318488,512.0965683477457,0.6202711672843059,0.12130390628527779,2534.270751953125,-22.21258134490239,0.0
9223372036854775807,-28672,-32768,16.072629274079613,1306.8883621646603,809.307326933433,1.6148233417293085,497.58103523122725,0.6172732964147416,0.0,2715.2900390625,-22.21258134490239,0.0
9223372036854775807,-24576,-32768,16.271128530872666,1378.7270443626817,812.880313555708,1.696100915929237,565.8467308069737,0.6288070864049335,0.04983746429794064,1920.0,-22.21258134490239,0.0
9223372036854775807,-20480,-32768,15.947187757677256,1266.3648396647727,807.0493796381907,1.5691293142837164,459.31546002658206,0.610468645982523,0.11939104396052237,2278.97509765625,-22.21258134490239,0.0
9223372036854775807,-16384,-32768,16.12453841121858,1368.1881508701888,810.2416914019344,1.688617316769837,557.9464594682544,0.627773431533731,0.14267595717823273,2626.34033203125,-22.21258134490239,0.0
9223372036854775807,-12288,-32768,15.97052295759759,1369.6495049324806,807.4694132367566,1.6962246278062896,562.180091695724,0.6288221884981858,0.10699307868752625,2721.3173828125,-22.21258134490239,0.0
9223372036854775807,-8192,-32768,16.08312583644321,1270.4322533750371,809.4962650559778,1.5694108894834555,460.93598831905933,0.6105122026646652,0.04875244246308295,1557.187255859375,-22.21258134490239,0.0
9223372036854775807,-4096,-32768,16.050362483639752,1347.7390623221202,808.9065247055155,1.6661246029790253,538.8325376166047,0.6246341245407038,0.11290497107085613,2462.129150390625,-22.21258134490239,0.0
9223372036854775807,0,-32768,16.035273905153094,1398.9899124044905,808.6349302927557,1.7300636665522282,590.3549821117348,0.6334212517033891,0.12823301701563394,2626.34033203125,-22.21258134490239,0.0
9223372036854775807,4096,-32768,15.991395007318337,1247.3802258100714,807.84511013173,1.5440834018375988,439.5351156783413,0.6066359576484552,0.0,2807.25927734375,-22.21258134490239,0.0
9223372036854775807,8192,-32768,15.88781229490483,1360.7620637490472,805.9806213082869,1.6883309942864704,554.7814424407603,0.6277322825854936,0.056422920430160714,1920.0,-22.21258134490239,0.0
9223372036854775807,12288,-32768,15.89447398173645,1303.241628772597,806.100531671256,1.6167234452390675,497.1410971013411,0.6175499183025825,0.10953637807784279,2955.109375,-22.21258134490239,0.0
9223372036854775807,16384,-32768,15.886583374482523,1143.3500062409814,805.9585007406854,1.4186214366995686,337.39150550029603,0.5862405881674848,0.0,2534.270751953125,-22.21258134490239,0.0
9223372036854775807,20480,-32768,15.973309569698797,1152.7614980106584,807.5195722545784,1.4275338179013686,345.24192575608004,0.5877594575747183,0.0,2715.2900390625,-22.21258134490239,0.0
9223372036854775807,24576,-32768,16.251471042779805,1268.6609195914632,812.5264787700364,1.5613779399680625,456.1344408214268,0.6092923819391997,0.06613774080460094,2304.0,-22.21258134490239,0.0
9223372036854775807,28672,-32768,15.931634456494967,1513.539268897713,806.7694202169093,1.8760493778888898,706.7698486808038,0.6520198179566531,0.11421921934988137,2876.442138671875,-22.21258134490239,0.0
9223372036854775807,32768,-32768,16.22745048467232,1445.1339926084124,812.0941087241017,1.7795154244855846,633.0398838843107,0.6399415505261321,0.202545234823533,2715.2900390625,-22.21258134490239,0.0
9223372036854775807,-32768,-28672,16.705632992776227,1131.5974145594296,820.7013938699721,1.3788174639541484,310.8960206894575,0.5793263220537767,0.23494624339922932,2626.34033203125,-20.054712758020393,0.0
9223372036854775807,-28672,-28672,15.986982066661025,511.62772058534784,810.2985636827449,0.631406426613962,-298.67084309739704,0.38673940239112053,0.3042393471682755,128.0,-20.054712758020393,101.26814343091598
9223372036854775807,-24576,-28672,15.243070123849993,756.7323835388796,829.302911620789,0.9124921339778277,-72.5705280819094,0.47682139511758376,0.5347924091342714,2063.93798828125,-20.054712758020393,208.36763575386414
9223372036854775807,-20480,-28672,15.929835655690976,1336.2203766757264,810.3033602370829,1.6490371905711558,525.9170164386435,0.6222144853200186,0.25023621002536955,181.0193328857422,-20.054712758020393,100.87029036923795
9223372036854775807,-16384,-28672,16.650344419016868,1195.5196225527188,819.7061995423037,1.4584733203436264,375.81342301041514,0.5929492666205796,0.23565970034901482,2721.3173828125,-20.054712758020393,0.0
9223372036854775807,-12288,-28672,16.054250825246726,593.2547871917064,816.0031631639212,0.7270251072207322,-222.74837597221472,0.42067111696984527,0.3607788368994365,362.0386657714844,-20.054712758020393,110.59354783225393
9223372036854775807,-8192,-28672,15.320172339062738,670.8542150211614,835.2071345465538,0.8032189708070179,-164.3529195253924,0.44514061435759655,0.49851824422784524,2391.2373046875,-20.054712758020393,221.49392238169946
9223372036854775807,-4096,-28672,15.908884473100743,1026.9043439339623,817.2794169616766,1.2564911370845344,209.62492697228572,0.5565322900064492,0.45615797570399563,572.4334106445312,-20.054712758020393,123.57905864985528
9223372036854775807,0,-28672,16.673201065940845,1178.4296126038514,820.1176191869351,1.4369031770981178,358.31199341691627,0.5893482253722282,0.21991818216666106,2691.0458984375,-20.054712758020393,0.0
9223372036854775807,4096,-28672,15.96392496363632,572.527101952045,810.9169677800992,0.7060243214781273,-238.3898658280542,0.4135429624562694,0.28075901260061303,181.0193328857422,-20.054712758020393,104.63845700825571
9223372036854775807,8192,-28672,15.289931480733127,677.3629382763894,831.9291496068168,0.8142074822074957,-154.56621133042745,0.4484979718232962,0.4583524372951152,2191.007080078125,-20.054712758020393,205.93891068835342
9223372036854775807,12288,-28672,16.10659413111289,1083.0083330608734,820.0229477573756,1.3207049095671266,262.98538530349776,0.5687975528403375,0.4608334220703431,527.7575073242188,-20.054712758020393,121.04553465976869
9223372036854775807,16384,-28672,16.654603917147462,1262.2108513165044,819.7828705086542,1.5396892234810116,442.4279808078502,0.6059599883049726,0.21853648292937922,2807.25927734375,-20.054712758020393,0.0
9223372036854775807,20480,-28672,16.15950545740255,534.2927029355368,819.7552520631934,0.6517710031022151,-285.46254912765664,0.3942980032289982,0.28169840545422586,461.51055908203125,-20.054712758020393,113.45429230328958
9223372036854775807,24576,-28672,15.500350972995806,745.58577866839,829.2294780835933,0.8991308176736437,-83.64369941520329,0.47314288618144623,0.40707601726880516,1740.98828125,-20.054712758020393,177.92404879824682
9223372036854775807,28672,-28672,15.981331725991092,1324.8193176220484,810.1968575506861,1.6351819996279946,514.6224600713623,0.6202290661562586,0.17773155110170324,128.0,-20.054712758020393,96.47676700467785
9223372036854775807,32768,-28672,16.60452442356466,1156.151655895353,818.8814396241639,1.411866968710371,337.27021627118916,0.5850871923738657,0.23541545519216955,2807.25927734375,-20.054712758020393,0.0
9223372036854775807,-32768,-24576,17.438194836146895,1171.5733878242402,833.8875070506441,1.4049537592521908,337.68588077359607,0.583900434250574,0.2814323614408087,1668.915771484375,-17.754944772668892,0.0
9223372036854775807,-28672,-24576,16.011421780295766,480.97077326504404,846.4698207837781,0.5682078220103526,-365.4990475187341,0.3620566666057237,0.4027465433896625,2304.0,-17.754944772668892,208.85901193700846
9223372036854775807,-24576,-24576,15.011144623635877,600.4591854844247,864.0785195879505,0.6949127560430076,-263.61933410352583,0.4097193701712173,0.6872863351515991,5737.19921875,-17.754944772668892,408.1233127212681
9223372036854775807,-20480,-24576,16.296601423247758,828.3273545330978,847.6962848082857,0.9771510968936613,-19.368930275187836,0.49392705928606134,0.5857281935271001,2023.857666015625,-17.754944772668892,199.18506021219082
9223372036854775807,-16384,-24576,17.615121572951377,1210.6186438009563,837.0721883131248,1.44625357370982,373.5464554878315,0.5909230542861839,0.26080031427175077,2048.0,-17.754944772668892,0.0
9223372036854775807,-12288,-24576,16.15210531018881,507.03197262328064,841.9906094106403,0.6021824554292626,-334.9586367873597,0.3755729566089146,0.3923292096320005,1810.193359375,-17.754944772668892,182.93151209723374
9223372036854775807,-8192,-24576,18.400853132287363,735.2869989689331,860.0995102111201,0.8548859640536819,-124.81251124218704,0.4605945958204045,0.48658365802000897,461.51055908203125,-17.754944772668892,117.22974392411794
9223372036854775807,-4096,-24576,15.957358885720605,769.9943138528142,847.2219172663703,0.9088460746356314,-77.22760341355604,0.47582906353638144,0.6108746190787055,2432.0,-17.754944772668892,219.66076868661247
9223372036854775807,0,-24576,17.599774808412782,1189.348746941865,836.79594655143,1.421312748757163,352.5528003904351,0.5867113239422043,0.340561552448777,1683.5771484375,-17.754944772668892,0.0
9223372036854775807,4096,-24576,16.59892612374258,702.918825363019,850.0333840546083,0.826930845951177,-147.1145586915893,0.45234262746500487,0.5456888688228456,1810.193359375,-17.754944772668892,185.16155917533342
9223372036854775807,8192,-24576,18.376600492252617,709.6499667441885,861.6983053064102,0.8235480589599685,-152.04833856222172,0.45133128541470596,0.4888599180803598,572.4334106445312,-17.754944772668892,124.13907779210669
9223372036854775807,12288,-24576,16.512276204460385,900.2800410074868,846.3592222568118,1.0637091406730295,53.92081875067504,0.5151406585624049,0.5546889670486403,1668.915771484375,-17.754944772668892,183.26088088199356
9223372036854775807,16384,-24576,17.46081886416303,1075.7401726224184,834.2947395549345,1.2894006417879205,241.44543306748392,0.5629097437036172,0.2650950314761271,2304.0,-17.754944772668892,0.0
9223372036854775807,20480,-24576,16.359343927313173,480.3361754493492,845.7209045188789,0.5679606272977337,-365.3847290695297,0.3619559269152531,0.400474799447705,1810.193359375,-17.754944772668892,188.0149824416417
9223372036854775807,24576,-24576,15.319666161024104,692.200964838074,869.199730008772,0.7963658304761418,-176.998765170698,0.4430367748306249,0.7045684860134277,5681.2392578125,-17.754944772668892,384.343688081932
9223372036854775807,28672,-24576,16.22594739783725,792.2382968060533,848.145713595191,0.9340827691598503,-55.90741678913764,0.48266480712967763,0.5887906622211092,2145.6708984375,-17.754944772668892,205.1368401118816
9223372036854775807,32768,-24576,17.487554300432546,1140.9441484148056,834.7759774077858,1.3667668683492282,306.16817100701974,0.5771905357315131,0.2685945569612135,1920.0,-17.754944772668892,0.0
9223372036854775807,-32768,-20480,18.324098850003317,1130.6522226557995,849.8337793000596,1.3304392578829094,280.8184433557399,0.5706082311657867,0.3103318751348531,2404.901611328125,-15.298804780876495,0.0
9223372036854775807,-28672,-20480,17.20959320491488,667.6121642938907,846.8832504377448,0.7883166468917755,-179.27108614385406,0.4405240410523523,0.2965611206073989,923.0211181640625,-15.298804780876495,145.87028582646968
9223372036854775807,-24576,-20480,17.030034301214314,606.3029008860059,864.3152291441144,0.7014835333705685,-258.0123282581085,0.41199743908672587,0.3932909213538506,2268.165771484375,-15.298804780876495,207.70438559942681
9223372036854775807,-20480,-20480,17.547199161650248,779.6374077932045,851.1712933401868,0.9159582964008721,-71.53388554698233,0.47777500343741175,0.2891311989533953,819.5999145507812,-15.298804780876495,136.71264929699387
9223372036854775807,-16384,-20480,18.402689449808218,1132.213149366291,851.2484100965479,1.3300619841837664,280.96473926974306,0.5705392195517067,0.0,2833.40087890625,-15.298804780876495,0.0
9223372036854775807,-12288,-20480,17.340702518848662,608.2928429830064,841.0167991692235,0.7232826307202098,-232.72395618621715,0.4194227393264187,0.2569348478802367,461.51055908203125,-15.298804780876495,121.46415356978895
9223372036854775807,-8192,-20480,17.229287390782524,721.4342178137841,859.4871789568613,0.8393775212439717,-138.05296114307714,0.45604934561636823,0.36849052140973565,1683.5771484375,-15.298804780876495,181.10445644901557
9223372036854775807,-4096,-20480,17.41972495516655,827.4173739061107,845.6960214164048,0.978386267586218,-18.27864751029415,0.49424213211477824,0.2802942885998166,640.0,-15.298804780876495,127.88424744245098
9223372036854775807,0,-20480,18.195991884326872,1110.6386114248662,847.5278539178837,1.3104449680216352,263.1107575069825,0.5668934371182,0.14656159663394597,2700.162841796875,-15.298804780876495,0.0
9223372036854775807,4096,-20480,17.631080273981592,698.8968181810653,840.925763366314,0.8311040624838371,-142.02894518524863,0.45358682209809936,0.2575037795489887,181.0193328857422,-15.298804780876495,107.16276486423274
9223372036854775807,8192,-20480,17.296803773957816,674.8749918995366,862.5951817584825,0.7823774189460919,-187.7201898589459,0.4386662825544982,0.38035106232642335,1810.193359375,-15.298804780876495,186.459204629829
9223372036854775807,12288,-20480,17.473141551036694,926.883713697528,843.4007017486081,1.0989838066008673,83.48301194891997,0.5232833900726623,0.2567123059764284,461.51055908203125,-15.298804780876495,114.17239760141875
9223372036854775807,16384,-20480,18.190434130044615,1279.1390736338706,847.427814340803,1.509437207497003,431.71125929306754,0.6012215554132545,0.17267865685926653,2691.0458984375,-15.298804780876495,0.0
9223372036854775807,20480,-20480,17.24435225660614,582.5252038347417,845.5444467359251,0.6889350478067442,-263.0192429011835,0.4076254810968264,0.2880036960869592,809.5430908203125,-15.298804780876495,133.31799585642852
9223372036854775807,24576,-20480,17.091157989098452,741.5878250535609,866.6671353824114,0.8556777969045058,-125.07931032885051,0.4608268069918847,0.5419792083736129,2360.203369140625,-15.298804780876495,214.0386109658009
9223372036854775807,28672,-20480,17.59582994348283,846.5903793976806,842.3148851128652,1.005075885942871,4.275494284815409,0.5009691354756991,0.24690219575257907,286.2167053222656,-15.298804780876495,108.42936237497085
9223372036854775807,32768,-20480,18.143254923241404,1327.2598302964384,846.5785886183453,1.5677928170408688,480.6812416780931,0.6102797425101235,0.25913169653693024,2691.0458984375,-15.298804780876495,0.0
9223372036854775807,-32768,-16384,18.84040325689494,1256.9147404011997,859.1272586241089,1.4630134567190276,397.78748177709076,0.5937127090439804,0.13158850168636646,2626.34033203125,-12.6697827880121,0.0
9223372036854775807,-28672,-16384,18.986243104851784,1287.0415561938216,861.7523758873322,1.4935166901844352,425.28918030648947,0.5986813605655095,0.0,2591.802490234375,-12.6697827880121,0.0
9223372036854775807,-24576,-16384,18.98280681650458,1387.4248149559185,861.6905226970825,1.6101196176711947,525.7342922588359,0.6166016433642384,0.04449256424416332,1541.3240966796875,-12.6697827880121,0.0
9223372036854775807,-20480,-16384,19.218022423677034,1446.378282674116,865.9244036261866,1.6703285836698825,580.4538790479294,0.62524385210797,0.11154699871063603,2404.901611328125,-12.6697827880121,0.0
9223372036854775807,-16384,-16384,18.84671908714542,1289.3033967411566,859.2409435686176,1.5005143858559562,430.062453172539,0.599803117601823,0.11947487936946266,4900.91259765625,-12.6697827880121,0.0
9223372036854775807,-12288,-16384,19.1391424109754,1236.6062405695395,864.5045633975571,1.430421877369391,372.1016771719824,0.5882688192438859,0.0,2472.090576171875,-12.6697827880121,0.0
9223372036854775807,-8192,-16384,19.031705614538545,1223.860313545914,862.5707010616939,1.4188521729749544,361.28961248422024,0.5862997651091112,0.06878327617445629,1101.09765625,-12.6697827880121,0.0
9223372036854775807,-4096,-16384,19.114725863440622,1453.2051713166038,864.0650655419312,1.6818237760893284,589.1401057746726,0.6268489101105951,0.10561777248256181,2795.562255859375,-12.6697827880121,0.0
9223372036854775807,0,-16384,18.92249814236203,1320.3583199047337,860.6049665625166,1.5342211249123896,459.7533533422171,0.605123985400545,0.11372770853124366,2626.34033203125,-12.6697827880121,0.0
9223372036854775807,4096,-16384,18.856429513387027,1278.436571745372,859.4157312409665,1.487564778339994,419.02084050440556,0.5977208290447991,0.0,2721.3173828125,-12.6697827880121,0.0
9223372036854775807,8192,-16384,19.09400769822463,1433.9027558793669,863.6921385680433,1.6602012358902596,570.2106173113235,0.6238170803142247,0.052029347115681704,2048.0,-12.6697827880121,0.0
9223372036854775807,12288,-16384,18.93173455607276,1430.0940107169781,860.7712220093097,1.6614101100855705,569.3227887076685,0.6239869562556303,0.11849696300161106,2807.25927734375,-12.6697827880121,0.0
9223372036854775807,16384,-16384,18.83835020007343,1236.7352963407425,859.0903036013217,1.4395870738574588,377.6449927394208,0.5898131424830533,0.12794081114953962,2715.2900390625,-12.6697827880121,0.0
9223372036854775807,20480,-16384,19.18522889934983,1246.2698229421856,865.334120188297,1.4402180543522274,380.93570275388856,0.5899211856508455,0.0,2635.681396484375,-12.6697827880121,0.0
9223372036854775807,24576,-16384,19.11645908438935,1242.5126454528981,864.0962635190083,1.4379331307287448,378.41638193388985,0.5895366261566037,0.0710420195906422,1707.7330322265625,-12.6697827880121,0.0
9223372036854775807,28672,-16384,18.837486503467876,1320.087614797558,859.0747570624218,1.536638812798498,461.0128577351362,0.6054996782975117,0.11397772033407573,2691.0458984375,-12.6697827880121,0.0
9223372036854775807,32768,-16384,19.128244203443057,1232.7002850621739,864.308395661975,1.4262273642708827,368.3918894001988,0.5875572853381593,0.1284471242643549,2534.270751953125,-12.6697827880121,0.0
9223372036854775807,-32768,-12288,19.712305580126884,1049.059100497506,874.8215004422839,1.1991693162172314,174.23760005522217,0.5449995703553357,0.23893125057089842,2307.552734375,-9.848959817611854,0.0
9223372036854775807,-28672,-12288,19.154508900891592,545.1343736212465,877.8047624635581,0.6210200683934859,-332.6703888423116,0.3828354455655472,0.301887219670107,689.3010864257812,-9.848959817611854,129.07847684345003
9223372036854775807,-24576,-12288,18.4845141202141,671.1336798216868,894.3995250041763,0.7503734752302702,-223.26584518248956,0.42841969627850335,0.4788052736352922,2560.0,-9.848959817611854,226.49532533621658
9223372036854775807,-20480,-12288,19.182945997069112,1080.242039838731,880.6147363777264,1.2266908503963274,199.62730346100454,0.550622274232492,0.5032060526816745,819.5999145507812,-9.848959817611854,138.4796563377634
9223372036854775807,-16384,-12288,20.044983167985258,1283.3426795162593,880.8096970237347,1.4570033502726956,402.53298249252464,0.5927262641750396,0.22806795502163216,2691.0458984375,-9.848959817611854,0.0
9223372036854775807,-12288,-12288,18.895728502108536,529.6708091363644,873.1467152854631,0.6066229189938553,-343.4759061490987,0.3773074490963583,0.30421536750543987,689.3010864257812,-9.848959817611854,133.2753946286613
9223372036854775807,-8192,-12288,18.72955120355926,638.3710213604602,890.9630194509442,0.7164955305932408,-252.59199809048403,0.41714488754493556,0.38551504045972207,1987.0943603515625,-9.848959817611854,204.51924368484083
9223372036854775807,-4096,-12288,19.016621575224136,905.3736081309037,879.1019289876589,1.029884679212908,26.271679143244796,0.5070770163516295,0.5048781772316531,905.0966796875,-9.848959817611854,141.95101621268125
9223372036854775807,0,-12288,19.766073225869842,1249.4933648122485,875.7893180656572,1.4267054176591076,373.7040467465913,0.5876421676543355,0.2295999465820981,2521.3076171875,-9.848959817611854,0.0
9223372036854775807,4096,-12288,19.067393078770014,556.6598216367809,868.8030215480345,0.6407204024738813,-312.14319991125365,0.390237870054817,0.3050999471840009,286.2167053222656,-9.848959817611854,106.61604057418597
9223372036854775807,8192,-12288,18.74599651173377,664.3458129278094,892.355586602697,0.7444855200123219,-228.00977367488758,0.4264911189834228,0.43784343437322726,2063.93798828125,-9.848959817611854,196.9563093591459
9223372036854775807,12288,-12288,19.21724610444977,1053.1433036830235,871.5003760102702,1.2084255298939914,181.64292767275333,0.546904557052197,0.4278722488239189,286.2167053222656,-9.848959817611854,109.48388153619072
9223372036854775807,16384,-12288,19.726626571382333,1159.2063467583075,875.079278284882,1.3246872318017888,284.12706847342554,0.5695546278590302,0.21852878396313727,2807.25927734375,-9.848959817611854,0.0
9223372036854775807,20480,-12288,19.043860125934632,485.137547248848,869.8161305763034,0.5577472412789314,-384.6785833274554,0.3577832747406036,0.30664835861121376,362.0386657714844,-9.848959817611854,112.33500068436472
9223372036854775807,24576,-12288,18.85008831434591,773.3390621356573,898.3278812368656,0.8608650341241585,-124.98881910120826,0.4623389403370456,0.47954489992141075,2360.203369140625,-9.848959817611854,212.78294164125276
9223372036854775807,28672,-12288,19.014051125765363,971.7708141797574,867.8428663939509,1.1197543378073114,103.92794778580651,0.5279602256769396,0.43426846286382115,286.2167053222656,-9.848959817611854,112.4548818472573
9223372036854775807,32768,-12288,20.00119044529066,1108.7622825935914,880.0214280152319,1.2599264600797884,228.74085457835952,0.5572275402005067,0.24677961536332851,2748.276611328125,-9.848959817611854,0.0
9223372036854775807,-32768,-8192,20.905704009788366,1079.261112634547,896.3026721761905,1.204125733569599,182.95844045835656,0.5460289826861772,0.26417960240469973,1536.0,-6.81455190771961,0.0
9223372036854775807,-28672,-8192,19.716053347446984,584.6487670647692,915.2791854478779,0.6387655005818583,-330.6304183831087,0.38952487098799826,0.4391837897018712,2462.129150390625,-6.81455190771961,220.74958771850305
9223372036854775807,-24576,-8192,19.023790929690676,728.289760940567,936.1298489267526,0.7779794243026557,-207.8400879861856,0.43730106012057124,0.7093660915566513,5714.3076171875,-6.81455190771961,406.8232195685987
9223372036854775807,-20480,-8192,19.65568528768094,930.1074640211308,904.7855387253995,1.0279866600558216,25.321925295731262,0.5066240040294683,0.5532385074912941,1792.0,-6.81455190771961,183.30282554190003
9223372036854775807,-16384,-8192,20.83739670773561,994.8241612559044,895.073140739241,1.1114445467934375,99.7510205166634,0.5261122114914618,0.26090983786849964,1936.991455078125,-6.81455190771961,0.0
9223372036854775807,-12288,-8192,19.688817091650424,529.8215883048929,910.900507534718,0.5816459469748394,-381.07891922982515,0.36749217469427936,0.40335702855582994,2176.0,-6.81455190771961,201.74280625285354
9223372036854775807,-8192,-8192,18.85403173920792,684.5281114838443,933.8995993617807,0.7329782687043074,-249.37148787793637,0.4226975411742218,0.6872442761805977,5822.24169921875,-6.81455190771961,418.83349731084445
9223372036854775807,-4096,-8192,19.87079333037725,912.9957370077356,914.2284094869748,0.9986516799670107,-1.232672479239227,0.49938938765153057,0.5936246448087674,2179.761474609375,-6.81455190771961,207.24193940629004
9223372036854775807,0,-8192,20.623723855207007,1051.3483859851476,891.2270293937261,1.1796639366967439,160.12135659142155,0.5409352154108213,0.27353225095464173,1920.0,-6.81455190771961,0.0
9223372036854775807,4096,-8192,19.79901997539837,561.2546056719282,905.5206101336955,0.6198142807473612,-344.26600446176735,0.3823845774394481,0.48271790098791434,1668.915771484375,-6.81455190771961,178.2782016311653
9223372036854775807,8192,-8192,19.095756998656686,661.3124735570765,937.1917313678007,0.7056319976190065,-275.8792578107242,0.41344841202723553,0.7060790418855166,5684.12255859375,-6.81455190771961,398.42767260867635
9223372036854775807,12288,-8192,19.615312202158837,800.3238807851949,913.7728290495567,0.8758455661432136,-113.44894826436177,0.46663484117015513,0.6146068261118793,2485.310546875,-6.81455190771961,228.06148611048928
9223372036854775807,16384,-8192,20.747073942029555,1155.7933895767192,893.4473309565319,1.293633490783746,262.34605862018725,0.5637354570131192,0.25404969169046143,1498.2015380859375,-6.81455190771961,0.0
9223372036854775807,20480,-8192,19.736909807002444,501.27018837413397,904.3281539995322,0.5543012082032263,-403.05796562539825,0.3563705240319204,0.3852232867275126,1664.0,-6.81455190771961,179.52467358820445
9223372036854775807,24576,-8192,19.180862764964786,637.9557014798218,937.6010011885742,0.6804127775792695,-299.6452997087524,0.40465128872310896,0.7002305826166627,5541.08447265625,-6.81455190771961,378.63977152847855
9223372036854775807,28672,-8192,19.5026016615735,795.707537109198,910.8105947653637,0.8736256930719853,-115.10305765616567,0.4660023939163959,0.6363439528540197,2415.09912109375,-6.81455190771961,216.3181217578573
9223372036854775807,32768,-8192,20.63615283643996,1035.0095967195948,891.4507510559192,1.161039570042014,143.55884566367558,0.5369810060757418,0.2877429716211853,1683.5771484375,-6.81455190771961,0.0
9223372036854775807,-32768,-4096,21.527208745146368,1318.8382536303723,907.4897574126346,1.4532816958623787,411.34849621773765,0.5921167637149188,0.2507489343351267,2807.25927734375,-3.5413464494312943,0.0
9223372036854775807,-28672,-4096,20.81030182686137,636.0031292445532,900.1753790136789,0.7065324647530585,-264.17224976912576,0.4137470865145028,0.27372566767829754,286.2167053222656,-3.5413464494312943,108.14349592723883
9223372036854775807,-24576,-4096,20.89973488300061,736.7487878807098,929.057343445168,0.7930067967050001,-192.3085555644583,0.4420122856727528,0.3707197673829126,1920.0,-3.5413464494312943,188.81692476851197
9223372036854775807,-20480,-4096,20.804557510885996,886.9180736396003,902.310437783955,0.9829411658118931,-15.392364144354701,0.49542171179831124,0.2630673980969862,404.77154541015625,-3.5413464494312943,118.32583452830929
9223372036854775807,-16384,-4096,21.540276212366987,1213.7242067753534,907.7249718226058,1.3371056701660822,305.99923495274766,0.5718507745740756,0.15582010367197396,2807.25927734375,-3.5413464494312943,0.0
9223372036854775807,-12288,-4096,20.97230271997565,638.6975924797279,901.0677673942071,0.7088230381681213,-262.3701749144792,0.4145326790913744,0.2810086759933865,181.0193328857422,-3.5413464494312943,106.01296287695692
9223372036854775807,-8192,-4096,20.714800052690904,678.5315040595791,930.641012670693,0.729101226811801,-252.10950861111394,0.4214029844686781,0.40386309660284486,2268.165771484375,-3.5413464494312943,212.07797385495124
9223372036854775807,-4096,-4096,21.12632993196975,823.7735687362147,905.8638849056298,0.9093789723408975,-82.09031616941513,0.4759943031411446,0.2428008706107415,286.2167053222656,-3.5413464494312943,109.97368399945795
9223372036854775807,0,-4096,21.83236308207388,1231.7299269166704,912.9825354773297,1.3491275890318006,318.7473914393406,0.5740423978068399,0.1708743106392602,2550.3818359375,-3.5413464494312943,0.0
9223372036854775807,4096,-4096,21.0300338305931,577.3698180128856,915.3433495843003,0.6307685725526885,-337.9735315714147,0.38653325855167575,0.29520571714857113,905.0966796875,-3.5413464494312943,140.51156555610297
9223372036854775807,8192,-4096,20.655054408078442,702.7747419667123,930.0552080838663,0.7556269088741457,-227.280466117154,0.430139465826879,0.4119090925138284,2304.0,-3.5413464494312943,211.9492967184009
9223372036854775807,12288,-4096,20.95461400615689,825.2358041830656,910.8249005092415,0.9060312291876045,-85.58909632617588,0.4750759728510715,0.2903050238022422,724.0773315429688,-3.5413464494312943,132.71054110515036
9223372036854775807,16384,-4096,21.506834517202453,1061.2493542836432,907.1230213096442,1.1699067594508643,154.12633297399907,0.5388769373612923,0.0,2349.767578125,-3.5413464494312943,0.0
9223372036854775807,20480,-4096,21.119414798040474,627.911774228301,903.715784799374,0.6948111173776811,-275.8040105710729,0.4096962569475515,0.25198257302635035,181.0193328857422,-3.5413464494312943,107.77938631074171
9223372036854775807,24576,-4096,20.896349460245098,730.8233602872746,923.3196496008161,0.7915171745811275,-192.49628931354152,0.4415469575264604,0.3595115088134187,1541.3240966796875,-3.5413464494312943,171.51260544898332
9223372036854775807,28672,-4096,21.17329525037297,1069.9372392004045,903.6522009895599,1.184014422837405,166.28503821084462,0.5418530138080104,0.0,128.0,-3.5413464494312943,97.30368133771627
9223372036854775807,32768,-4096,21.73908213667385,1307.5451544817374,911.3034784601293,1.4348075974549725,396.2416760216081,0.5890244654874986,0.16645539378552762,2235.423828125,-3.5413464494312943,0.0
9223372036854775807,-32768,0,22.44736641809879,1394.3202600136817,924.0525955257783,1.508918720389855,470.2676644879034,0.6011626188879314,0.12396612698912304,2715.2900390625,0.0,0.0
9223372036854775807,-28672,0,22.358039267578008,1254.411132714434,922.4447068164042,1.3598767746673208,331.9664258980298,0.5759844659803854,0.0,2807.25927734375,0.0,0.0
9223372036854775807,-24576,0,22.61504248663149,1315.7784081402433,927.0707647593669,1.4192858389637284,388.70764338087645,0.5863934278790811,0.053850431353653846,1863.7081298828125,0.0,0.0
9223372036854775807,-20480,0,22.612028965464372,1301.6340918570522,927.0165213783587,1.4041109967724024,374.61757047869355,0.5837838826094245,0.11855489411930056,2807.25927734375,0.0,0.0
9223372036854775807,-16384,0,22.343453824707424,1213.6182268028435,922.1821688447336,1.3160287281668082,291.4360579581099,0.567960502663163,0.13357680983032266,2715.2900390625,0.0,0.0
9223372036854775807,-12288,0,22.653962267462454,1253.5963579780353,927.7713208143241,1.3511911069612799,325.82503716371116,0.5744203280501884,0.0,1583.2725830078125,0.0,0.0
9223372036854775807,-8192,0,22.525903515232013,1294.5464383165993,925.4662632741763,1.398804569857216,369.080175042423,0.582863140489649,0.014394522780075884,1431.08349609375,0.0,0.0
9223372036854775807,-4096,0,22.394338672412957,1347.540624932256,923.0980961034332,1.4598021928768705,424.4425288288227,0.593201996626419,0.1193082585652604,2462.129150390625,0.0,0.0
9223372036854775807,0,0,22.389088805627395,1477.4455746494277,923.0035985012931,1.600693190198172,554.4419761481346,0.6152308327687848,0.13765643039934178,2626.34033203125,0.0,0.0
9223372036854775807,4096,0,22.491861993361603,1160.1206721001654,924.8535158805089,1.254383156013274,235.2671562196565,0.5561529374547147,0.0,2691.0458984375,0.0,0.0
9223372036854775807,8192,0,22.578508272670526,1404.4058872549729,926.4131489080694,1.5159606584927003,477.9927383469035,0.6022791072011713,0.055253543605464514,1707.7330322265625,0.0,0.0
9223372036854775807,12288,0,22.499860489490878,1406.7775854071247,924.9974888108359,1.5208447616605518,481.7800965962888,0.6030489612800466,0.09479446836555347,2524.5546875,0.0,0.0
9223372036854775807,16384,0,22.541933011559074,1487.9540558618805,925.7547942080633,1.607287442820915,562.1992616538172,0.6162043327992859,0.1685670277665542,2626.34033203125,0.0,0.0
9223372036854775807,20480,0,22.394805519471532,1244.159217288145,923.1064993504876,1.3477959673813966,321.05271793765746,0.5738038505801358,0.0,2715.2900390625,0.0,0.0
9223372036854775807,24576,0,22.533964226973772,1450.2523141678532,925.6113560855279,1.5668047983994784,524.6409580823254,0.6101537636835737,0.05270775836644603,1832.68115234375,0.0,0.0
9223372036854775807,28672,0,22.657989391234235,1308.2364920827729,927.8438090422162,1.4099749110070843,380.3926830405567,0.5847963935066985,0.1143450823085291,2289.733642578125,0.0,0.0
9223372036854775807,32768,0,22.44436154347885,1246.158339827363,923.9985077826193,1.348658389955469,322.1598320447438,0.5739605322384419,0.12475975051194997,4709.982421875,0.0,0.0
9223372036854775807,-32768,4096,21.585760809607617,1383.6205272333236,908.543694572937,1.5228992678042825,475.0768326603866,0.6033673969252341,0.2359377209082543,2807.25927734375,3.5413464494312943,0.0
9223372036854775807,-28672,4096,21.10486544155122,638.1040162772217,907.715980535929,0.7029776163029273,-269.6119642587073,0.4125263557439657,0.2648224743888553,404.77154541015625,3.5413464494312943,114.98527386433778
9223372036854775807,-24576,4096,20.477115237259714,659.1718336108083,925.1422038108592,0.7125086617987355,-265.97037020005087,0.4157989004392317,0.4023885199874707,2179.761474609375,3.5413464494312943,210.20028545632823
9223372036854775807,-20480,4096,21.16570974233493,1002.9976382427922,904.5490937966741,1.1088371489411357,98.44854444611804,0.5255295148948186,0.0,181.0193328857422,3.5413464494312943,100.65708718851737
9223372036854775807,-16384,4096,21.522923988886912,1130.6139841333313,907.4126317999644,1.245975584327738,223.2013523333669,0.554487114242906,0.18144475627169118,2807.25927734375,3.5413464494312943,0.0
9223372036854775807,-12288,4096,20.954526598099854,622.2654643466957,910.2050810133068,0.6836541317193531,-287.9396166666111,0.40578899035886645,0.28207315934654964,689.3010864257812,3.5413464494312943,131.8291583086938
9223372036854775807,-8192,4096,20.59908340914726,615.6471671701072,933.4835126314371,0.6595158445108824,-317.83634546132987,0.3971582365229527,0.4288333694565898,2638.78759765625,3.5413464494312943,232.98791032889127
9223372036854775807,-4096,4096,21.116758481387983,817.0825471105649,907.9300552529908,0.8999399704670955,-90.84750814242591,0.47339315251329783,0.27018146498744416,404.77154541015625,3.5413464494312943,114.2884476548938
9223372036854775807,0,4096,21.6631890929699,1030.8536721170533,909.9374036734582,1.1328841609933284,120.91626844359507,0.5308777473381828,0.0,2715.2900390625,3.5413464494312943,0.0
9223372036854775807,4096,4096,23.129422287955595,828.7970266741579,936.3296011832008,0.8851552120394801,-107.53257450904289,0.4692738411852402,0.23128804790655452,384.0,3.5413464494312943,0.0
9223372036854775807,8192,4096,20.54599325228166,647.5606575522116,921.4125915851996,0.7027911963283976,-273.85193403298797,0.41246604546160276,0.36769541976641246,1832.68115234375,3.5413464494312943,188.55848631600497
9223372036854775807,12288,4096,20.962656873130143,860.4946638453092,902.9177698465169,0.9530155376071301,-42.42310600120766,0.4876947404212206,0.24740467829191365,286.2167053222656,3.5413464494312943,110.21674010649303
9223372036854775807,16384,4096,21.79464434967655,1278.5002763358943,912.3035982941778,1.4013978227493893,366.1966780417165,0.5833096159443905,0.1430939954470432,2715.2900390625,3.5413464494312943,0.0
9223372036854775807,20480,4096,20.83493534823271,641.3685191123034,900.6187823983631,0.7121420645973295,-259.25026328605975,0.41566675142716314,0.27304793501689756,286.2167053222656,3.5413464494312943,110.58951960719072
9223372036854775807,24576,4096,20.519770587897153,658.9131198988862,926.3242657565048,0.71132015456895,-267.41114585761864,0.415393765055311,0.39103012365002293,2209.62255859375,3.5413464494312943,208.77738098939034
9223372036854775807,28672,4096,20.785699026106293,847.8583062001816,899.7325286000877,0.9423448405487592,-51.8742223999061,0.4848809048556103,0.24308499417281054,286.2167053222656,3.5413464494312943,111.92854219725044
9223372036854775807,32768,4096,21.54281790707248,1332.2897860390265,907.7707223273046,1.4676500940935369,424.51906371172186,0.5944907694662057,0.35841095289856184,3124.878173828125,3.5413464494312943,0.0
9223372036854775807,-32768,8192,20.878664972126966,1182.9887182915943,895.8159694982853,1.3205711424793467,287.172748793309,0.5687979862901003,0.2665988144804276,2304.0,6.81455190771961,0.0
9223372036854775807,-28672,8192,19.993754672058902,544.0426033070235,910.110744666729,0.5977762667841537,-366.0681413597056,0.3738730382365424,0.4161711045790234,1740.98828125,6.81455190771961,179.450278835554
9223372036854775807,-24576,8192,19.18599283573108,641.6399684680291,938.1467556259868,0.6839441320029819,-296.50678715795766,0.40589913787121873,0.6988504792103103,5598.4453125,6.81455190771961,378.91187297836854
9223372036854775807,-20480,8192,19.79805410817013,840.6547697157207,911.9577149847601,0.921813320839957,-71.30294526903936,0.4793845715915427,0.5956672187370239,2111.030029296875,6.81455190771961,208.06842012043865
9223372036854775807,-16384,8192,20.661247609772992,1224.8230526296768,891.9024569759139,1.3732701856014211,332.9205956537629,0.5783672374319135,0.273553358773214,1920.0,6.81455190771961,0.0
9223372036854775807,-12288,8192,19.91328642402287,526.8608672382292,912.7966148222378,0.5771941511207647,-385.9357475840086,0.36570862526233416,0.4469435271719947,2023.857666015625,6.81455190771961,198.1350613714511
9223372036854775807,-8192,8192,19.143908402509886,676.5735869839876,938.3692662700194,0.7210099598352585,-261.7956792860317,0.4186865801730418,0.6985709593775729,5724.333984375,6.81455190771961,391.75810863845714
9223372036854775807,-4096,8192,19.64977689182085,947.7093185584862,912.0085960461163,1.0391451601082986,35.70072251236991,0.5093245521634439,0.6150154706739556,2307.552734375,6.81455190771961,216.63985945891244
9223372036854775807,0,8192,20.92845628227722,1195.0607550833574,896.71221308099,1.3327138157037914,298.3485420023675,0.5710417581184604,0.255768469632735,1707.7330322265625,6.81455190771961,0.0
9223372036854775807,4096,8192,19.557365810532282,574.795929704299,905.4451677265303,0.6348213566013569,-330.6492380222312,0.3880502172814853,0.4834795780662137,1958.0234375,6.81455190771961,193.03986456142704
9223372036854775807,8192,8192,22.15989614627238,914.8977356011114,931.2467055749431,0.9824439969817257,-16.348969973831686,0.49530384046122955,0.5748889628504315,652.6744995117188,6.81455190771961,127.86870332607367
9223372036854775807,12288,8192,19.806360224763623,830.1960204246802,905.8744899685211,0.916458107186051,-75.67846954384083,0.4779287976265039,0.576881654373485,1683.5771484375,6.81455190771961,178.89676615673716
9223372036854775807,16384,8192,20.617665610343124,1233.2242377517623,891.1179809861762,1.3839068047835668,342.10625676558607,0.5802473723427328,0.2621190910541046,2176.0,6.81455190771961,0.0
9223372036854775807,20480,8192,19.67558442576624,548.2592274782609,903.298770240317,0.6069522571500899,-355.03954276205616,0.3774439494597598,0.439219760646899,1668.915771484375,6.81455190771961,178.605465700332
9223372036854775807,24576,8192,19.055925159321244,731.227723127557,936.6195923877692,0.7807094033378089,-205.39186926021216,0.43816334563941817,0.7467912937510648,5702.8271484375,6.81455190771961,401.66874525768196
9223372036854775807,28672,8192,19.594539979893813,910.7055731847926,912.691176961488,0.9978244516581107,-1.9856037766954842,0.4991817558937067,0.6106748263173862,2432.0,6.81455190771961,221.5596948020041
9223372036854775807,32768,8192,20.718147035012798,1170.3516193997193,892.9266466302304,1.3106917839404264,277.42497276948893,0.5669543872350875,0.2499773327794954,1668.915771484375,6.81455190771961,0.0
9223372036854775807,-32768,12288,19.66750012997814,1164.3733070023436,874.0150023396066,1.3322120374198287,290.35830466273705,0.5709424250735516,0.23442116001937388,2307.552734375,9.848959817611854,0.0
9223372036854775807,-28672,12288,19.03786293401212,477.8486337317572,869.7081811216982,0.5494355970245747,-391.859547389941,0.3543407503996663,0.2692700158859998,362.0386657714844,9.848959817611854,110.0369861393454
9223372036854775807,-24576,12288,18.838517048381377,681.9966064838437,888.157084344353,0.7678783612780624,-206.16047786050933,0.43407377041793105,0.4269739957363492,1664.0,9.848959817611854,174.3720553524472
9223372036854775807,-20480,12288,19.08451622049314,1194.6588856520025,866.054178451723,1.3794274254155072,328.60470720027945,0.5794496365435547,0.17167173794791257,128.0,9.848959817611854,102.2548500394888
9223372036854775807,-16384,12288,19.813432719668363,1149.7008186544397,876.6417889540305,1.3114830175118743,273.05902970040916,0.5670974478313117,0.21574258139159622,2591.802490234375,9.848959817611854,0.0
9223372036854775807,-12288,12288,19.16012814778594,597.6575506667515,875.8018031060101,0.6824118750922564,-278.1442524392586,0.4053401330714881,0.3472708194063139,572.4334106445312,9.848959817611854,123.0007490983874
9223372036854775807,-8192,12288,18.911127360308928,836.9684072263278,889.7602984083366,0.9406672883961597,-52.791891182008726,0.48443277263190204,0.5274110397967136,1683.5771484375,9.848959817611854,180.00184416812147
9223372036854775807,-4096,12288,19.03541832312492,1137.2699491352732,868.2274759464229,1.3098755575496812,269.0424731888503,0.5667936250099939,0.47188264811581115,286.2167053222656,9.848959817611854,111.53523375035464
9223372036854775807,0,12288,19.8414827995728,1273.0872500511541,877.1466903923103,1.4513960595140094,395.94055965884377,0.591793958860985,0.23139815983501927,2715.2900390625,9.848959817611854,0.0
9223372036854775807,4096,12288,19.18830042019298,496.9156145618426,868.9557259981191,0.5718537776951345,-372.0401114362765,0.3635423465373652,0.29718200639292236,181.0193328857422,9.848959817611854,103.50924531184694
9223372036854775807,8192,12288,18.861759704083436,673.5885805158574,892.4356646514962,0.75477550617489,-218.84708413563874,0.429852047658599,0.4329464561895321,1924.261962890625,9.848959817611854,192.10668898080272
9223372036854775807,12288,12288,18.903248567408678,1024.436211985505,873.9003226117736,1.172257505208184,150.53588937373138,0.5393652958940839,0.4633392758193814,724.0773315429688,9.848959817611854,132.7012369041944
9223372036854775807,16384,12288,19.74379683025689,1173.7831245989269,875.388342944624,1.3408713219216113,298.39478165430285,0.5725292460563388,0.23132427983650575,2807.25927734375,9.848959817611854,0.0
9223372036854775807,20480,12288,19.266828580239526,569.7909220536051,877.7224108901746,0.6491698457097963,-307.93148883656954,0.39336256636011235,0.2895272621244066,572.4334106445312,9.848959817611854,121.43501192557957
9223372036854775807,24576,12288,18.77713116219749,690.2506300921699,889.2410747467967,0.7762244116857878,-198.9904446546268,0.4367315740910505,0.45791973351314685,1810.193359375,9.848959817611854,186.729563627037
9223372036854775807,28672,12288,19.23331784553867,1184.6409629527154,875.0838750496437,1.3537456199675837,309.55708790307176,0.5748661544260764,0.5104094079343432,461.51055908203125,9.848959817611854,113.16071274335815
9223372036854775807,32768,12288,19.699548880938096,1359.6838178944918,874.5918798568857,1.5546494876181383,485.09193803760604,0.6082846152992646,0.32288047891937155,2575.9501953125,9.848959817611854,0.0
9223372036854775807,-32768,16384,19.055071238572747,1217.5460247650246,862.9912822943095,1.4108439444812373,354.55474247071515,0.584926352574049,0.0,3720.817138671875,12.6697827880121,0.0
9223372036854775807,-28672,16384,18.8815400006863,1151.7238061018877,859.8677200123534,1.3394197494532547,291.8560860895343,0.5722590953791545,0.0,2591.802490234375,12.6697827880121,0.0
9223372036854775807,-24576,16384,19.111419935624124,1428.5950976658846,864.0055588412342,1.653455910146982,564.5895388246504,0.6228613048277833,0.058132242949092,2179.761474609375,12.6697827880121,0.0
9223372036854775807,-20480,16384,19.133677399048107,1434.3292351929085,864.406193182866,1.6593231822084769,569.9230420100425,0.6236931507403557,0.09628590630832955,2715.2900390625,12.6697827880121,0.0
9223372036854775807,-16384,16384,18.83835020007343,1139.406825649409,859.0903036013217,1.326294594262088,280.31652204808734,0.5698466924413028,0.0,2626.34033203125,12.6697827880121,0.0
9223372036854775807,-12288,16384,18.89104600088805,1233.207386898762,860.0388280159849,1.4338973389650744,373.1685588827771,0.5888550152871895,0.0,2591.802490234375,12.6697827880121,0.0
9223372036854775807,-8192,16384,19.12648684760752,1219.9179677839522,864.2767632569353,1.4114899528095848,355.64120452701695,0.5850379101883657,0.054698286785311453,1987.0943603515625,12.6697827880121,0.0
9223372036854775807,-4096,16384,19.128908102292385,1534.786152259771,864.3203458412629,1.7757144786010193,670.465806418508,0.6394658543169208,0.11051616035677662,2715.2900390625,12.6697827880121,0.0
9223372036854775807,0,16384,19.053970949851838,1313.6903594240173,862.971477097333,1.5222871141033651,450.71888232668425,0.6032572814530919,0.11742521577487376,2626.34033203125,12.6697827880121,0.0
9223372036854775807,4096,16384,18.974385875817834,1361.1985320670422,861.538945764721,1.5799616938486887,499.65958630232115,0.6121219548785352,0.0,2663.507568359375,12.6697827880121,0.0
9223372036854775807,8192,16384,18.886221547583013,1344.1546030621373,859.9519878564943,1.5630577311793423,484.20261520564304,0.6095644576084515,0.05437425889866164,1792.0,12.6697827880121,0.0
9223372036854775807,12288,16384,19.013411298641394,1277.7046811966263,862.2414033755451,1.481841020617434,415.4632778210812,0.5967944220566171,0.10574761219697476,2521.3076171875,12.6697827880121,0.0
9223372036854775807,16384,16384,18.84671908714542,1292.1408968448193,859.2409435686176,1.5038167192990972,432.8999532762017,0.6003306999638226,0.10963673648821495,2715.2900390625,12.6697827880121,0.0
9223372036854775807,20480,16384,19.05234409399371,1154.3996876292344,862.9421936918868,1.3377485723469125,291.45749393734764,0.5719544831887515,0.0,2807.25927734375,12.6697827880121,0.0
9223372036854775807,24576,16384,19.154518180279826,1293.1533333478872,864.7813272450369,1.495352978385333,428.37200610285026,0.5989775220861658,0.05139343390700039,1920.0,12.6697827880121,0.0
9223372036854775807,28672,16384,19.160713262384327,1350.0359192939643,864.8928387229179,1.5609285438036442,485.1430805710464,0.6092415716930187,0.09662414973852246,2691.0458984375,12.6697827880121,0.0
9223372036854775807,32768,16384,18.86616656386364,1288.686420541343,859.5909981495455,1.499185570015877,429.09542239179757,0.599590545796677,0.0,2626.34033203125,12.6697827880121,0.0
9223372036854775807,-32768,20480,18.226592868570094,1267.6173221183776,848.0786716342617,1.4946930803903582,419.5386504841159,0.5988660279320741,0.17270830251009228,2638.78759765625,15.298804780876495,0.0
9223372036854775807,-28672,20480,17.459640694892204,633.2999697815065,847.2971347555691,0.7474355144186848,-213.99716497406257,0.42744411948576316,0.30060669126994416,689.3010864257812,15.298804780876495,132.1059991649203
9223372036854775807,-24576,20480,17.192968993151922,719.6923788955247,862.3355574278917,0.8345850669108066,-142.64317853236696,0.45463024522928563,0.3804840023644946,1920.0,15.298804780876495,193.7102396115522
9223372036854775807,-20480,20480,17.389721172947116,800.4452473669869,840.0416294225281,0.9528637859497975,-39.5963820555412,0.48763426542436294,0.24948904642343972,362.0386657714844,15.298804780876495,107.8384126739517
9223372036854775807,-16384,20480,18.181407054043152,1121.3037679683716,847.2653269727767,1.3234387532117196,274.0384409955949,0.5693142580518998,0.17304449188282447,2145.6708984375,15.298804780876495,0.0
9223372036854775807,-12288,20480,17.41663914839298,686.5902988593352,843.6037580684173,0.8138777148544328,-157.01345920908204,0.44840188332296477,0.2811428111666839,527.7575073242188,15.298804780876495,123.31412717363455
9223372036854775807,-8192,20480,16.887926659128368,650.1653029697173,858.7408398032378,0.7571146879641696,-208.57553683352046,0.43059981316168655,0.3834131728148561,2051.99609375,15.298804780876495,204.24152443104254
9223372036854775807,-4096,20480,17.428966188197787,847.9543473684688,852.1387081273238,0.9950895778833347,-4.18436075885495,0.4984761677963161,0.31748394123618234,999.7119750976562,15.298804780876495,143.95204510966065
9223372036854775807,0,20480,18.079604204740217,1263.2168116760122,845.4328756853239,1.4941657084863476,417.7839359906883,0.5987803658796036,0.17663627093965703,1920.0,15.298804780876495,0.0
9223372036854775807,4096,20480,17.40862547286858,625.9323429704564,845.4962307350414,0.7403135817959771,-219.56388776458505,0.4251020077634338,0.3022370261623956,640.0,15.298804780876495,129.59186010367745
9223372036854775807,8192,20480,17.12768261185874,716.5946436895215,866.7554390241854,0.8267552892385439,-150.16079533466393,0.4522956457086326,0.4083393282014361,2318.1787109375,15.298804780876495,216.1418972969047
9223372036854775807,12288,20480,17.486336524173208,1005.5554147247517,837.2869439179642,1.200968702580503,168.2684708067875,0.5453586690919491,0.0,128.0,15.298804780876495,96.94478709450901
9223372036854775807,16384,20480,18.384336978497505,1132.8894238167588,850.9180656129552,1.3313731011230638,281.9713582038037,0.5707805063463697,0.14958167835950473,2862.1669921875,15.298804780876495,0.0
9223372036854775807,20480,20480,17.733185316439883,614.0667989728626,841.7302221787644,0.7295292277653881,-227.66342320590184,0.42151843397334143,0.27037092659220663,128.0,15.298804780876495,103.45220883484689
9223372036854775807,24576,20480,16.96097165800022,598.5506208908702,861.7992897290144,0.6945359876997339,-263.2486688381442,0.40958747562175113,0.39757227488736374,2176.0,15.298804780876495,209.47252402133236
9223372036854775807,28672,20480,17.34562023387977,917.1961634328683,841.1053180397835,1.0904653005528682,76.0908453930848,0.5213410965044573,0.26865717687313734,461.51055908203125,15.298804780876495,121.63238940149895
9223372036854775807,32768,20480,18.289389002296936,1163.4830789757957,849.2090020413448,1.3700785980588912,314.27407693445093,0.5777859931733487,0.14936870614595738,2862.1669921875,15.298804780876495,0.0
9223372036854775807,-32768,24576,17.31494075749595,1216.626489445551,831.668933634927,1.4628735548989575,384.95755581062394,0.5936803819220616,0.2936994000727939,2235.423828125,17.754944772668892,0.0
9223372036854775807,-28672,24576,16.32030855202993,609.5329367346966,845.0182677637805,0.7213251594521595,-235.4853310290839,0.41876433810840513,0.46616734641401014,1810.193359375,17.754944772668892,187.7659984619657
9223372036854775807,-24576,24576,15.37558903216598,692.0140063625992,868.3176946469201,0.7969594661364001,-176.30368828432097,0.44322036497123557,0.6911457790488971,5442.634765625,17.754944772668892,373.782016741728
9223372036854775807,-20480,24576,16.256846287548036,967.7380674040991,846.9806923656907,1.142573940736621,120.75737503840833,0.532977952778764,0.5918993512334023,2023.857666015625,17.754944772668892,200.2354936380914
9223372036854775807,-16384,24576,17.30124621828847,1088.2884488469167,831.4224319291925,1.3089476625278256,256.8660169177242,0.5666071139281347,0.26567553150849155,2051.99609375,17.754944772668892,0.0
9223372036854775807,-12288,24576,16.302160872115223,504.95511502031366,846.3010112492311,0.5966613631655074,-341.34589622891747,0.37341677010059343,0.41965364663672344,1920.0,17.754944772668892,191.27994339805963
9223372036854775807,-8192,24576,15.109322830882862,624.457349861555,865.4359163478719,0.7215523854114546,-240.97856648631682,0.41884779012331863,0.7164115788233414,5684.12255859375,17.754944772668892,386.22560667161906
9223372036854775807,-4096,24576,16.204480966090895,804.8506296465442,851.7149908506251,0.9449764748683401,-46.864361204080865,0.485561850278445,0.6265637292794878,2435.3662109375,17.754944772668892,221.32271348247139
9223372036854775807,0,24576,17.596160436057374,1238.5932084150377,836.7308878490328,1.4802766652956534,401.8623205660049,0.5965317315556075,0.27073493335871623,1664.0,17.754944772668892,0.0
9223372036854775807,4096,24576,16.159959002216397,536.5845757831573,842.9200048195221,0.6365782906030871,-306.33542903636476,0.3886872838545045,0.41792907612448116,1863.7081298828125,17.754944772668892,191.21264433554126
9223372036854775807,8192,24576,15.099956734149268,682.347549515479,863.8611323733664,0.7898810629907631,-181.5135828578874,0.44101843371410204,0.6842541264495485,5505.48828125,17.754944772668892,374.2635629786294
9223372036854775807,12288,24576,16.280276728698208,962.9114142428571,846.153514161929,1.1379866633261821,116.75790008092804,0.5319761734135542,0.5675208124803237,1936.991455078125,17.754944772668892,198.9521576243542
9223372036854775807,16384,24576,17.573569663356718,1168.2112768650677,836.3242539404209,1.3968401267342536,331.88702292464677,0.5824934332606293,0.25883898654481974,1936.991455078125,17.754944772668892,0.0
9223372036854775807,20480,24576,16.348501333381495,595.227611749821,848.1041217877445,0.7018331788025303,-252.87651003792348,0.41211281170977593,0.46150709100069937,1987.0943603515625,17.754944772668892,198.2905349889686
9223372036854775807,24576,24576,15.18136392881021,597.9110936788875,866.005808491924,0.6904238837844509,-268.0947148130365,0.4081535906868594,0.693709310344692,5591.12451171875,17.754944772668892,380.73344615160573
9223372036854775807,28672,24576,16.15480581432053,931.645913586247,839.8502821312577,1.1092999947824544,91.79563145498935,0.525612362857071,0.5328133495073397,1664.0,17.754944772668892,179.62273948298144
9223372036854775807,32768,24576,17.350285774610498,985.7143008005714,832.3051439429889,1.184318405303633,153.4091568575825,0.5418932181560788,0.261506718017195,1796.5655517578125,17.754944772668892,0.0
9223372036854775807,-32768,28672,16.95397030015794,1089.4483047842423,825.171465402843,1.3202689991859828,264.2768393813993,0.568718449109472,0.2270801279599128,3095.906982421875,20.054712758020393,0.0
9223372036854775807,-28672,28672,15.946950954623981,539.8552866771246,810.6114356178771,0.665985283399842,-270.7561489407525,0.39945880854570065,0.30009167963110267,181.0193328857422,20.054712758020393,101.56138121206538
9223372036854775807,-24576,28672,15.704186961704579,652.2753493320371,833.5224730802252,0.7825528049910859,-181.24712374818807,0.4387115312516061,0.39879927431165574,1782.833740234375,20.054712758020393,188.67653573852544
9223372036854775807,-20480,28672,17.850156449199446,1270.4245889233175,841.30281608559,1.510068152195595,429.12177283772746,0.6013196903260509,0.18510851272267487,286.2167053222656,20.054712758020393,0.0
9223372036854775807,-16384,28672,16.87814784753153,1113.3775344885826,823.8066612555675,1.3515034374590742,289.57087323301505,0.5744436142515909,0.2395879950410223,3200.0,20.054712758020393,0.0
9223372036854775807,-12288,28672,17.847746448209914,541.6606613184614,841.2594360677784,0.6438687497525092,-299.59877474931704,0.39139590670117186,0.3083957737662247,128.0,20.054712758020393,0.0
9223372036854775807,-8192,28672,15.341976288235495,788.4087514113849,834.4681851815799,0.9448038468235042,-46.05943377019503,0.48551016006516795,0.5022938585705703,2307.552734375,20.054712758020393,212.56594938244245
9223372036854775807,-4096,28672,15.879203530658089,1118.5186762766707,812.8523118613256,1.3760416990331357,305.66636441534513,0.5788322652031008,0.443064166554973,362.0386657714844,20.054712758020393,117.04849813070803
9223372036854775807,0,28672,16.82694426727381,1095.8539215539272,822.8849968109286,1.331721839383247,272.96892474299864,0.570834872945809,0.21664615552558394,2700.162841796875,20.054712758020393,0.0
9223372036854775807,4096,28672,15.987335882070457,545.8024043386421,815.2114459335808,0.6695224988083782,-269.4090415949387,0.4007319046201723,0.281809419102976,384.0,20.054712758020393,112.02687810312804
9223372036854775807,8192,28672,15.45286595603688,829.8432018283156,825.3369465250682,1.0054598977087117,4.506255303247372,0.5010585368103625,0.43870221865987646,1541.3240966796875,20.054712758020393,171.04323847514615
9223372036854775807,12288,28672,17.724389538482505,1262.0243435669536,839.0390116926851,1.5041307090369183,422.98533187426847,0.6003740755050045,0.16984451755301483,181.0193328857422,20.054712758020393,0.0
9223372036854775807,16384,28672,16.802663536998644,1227.9469013310124,822.4479436659756,1.4930390558915714,405.49895766503687,0.5985911997028613,0.22081384969739057,3230.573974609375,20.054712758020393,0.0
9223372036854775807,20480,28672,15.96154399535773,524.9896549021056,809.8406783992856,0.6482628854107321,-284.85102349718,0.3930062387523708,0.27068661506801994,128.0,20.054712758020393,96.196819500367
9223372036854775807,24576,28672,15.516969430562472,651.4194120002726,828.3692272236128,0.7863877490760847,-176.94981522334024,0.43991383695494596,0.4026315878892031,1664.0,20.054712758020393,175.65807401979004
9223372036854775807,28672,28672,15.908385581127103,1029.9570541146522,813.3775887697678,1.266271739392845,216.5794653448844,0.5584436957188343,0.43760085596109594,362.0386657714844,20.054712758020393,112.5311497128454
9223372036854775807,32768,28672,16.62475673096859,1312.0265411401226,819.2456211574346,1.6015057111766853,492.78091998268803,0.6153185153092244,0.2300868689006269,2721.3173828125,20.054712758020393,0.0
9223372036854775807,-32768,32768,16.22745048467232,1498.754864013488,812.0941087241017,1.8455433279379574,686.6607552893863,0.648292722270144,0.26597110267525104,2626.34033203125,22.21258134490239,0.0
9223372036854775807,-28672,32768,16.031350999352927,1297.6284137522155,808.5643179883527,1.6048549074990317,489.0640957638627,0.6158090782139125,0.0,2924.456787109375,22.21258134490239,0.0
9223372036854775807,-24576,32768,16.084377964980103,1368.271095723047,809.5188033696418,1.6902276883842415,558.7522923534052,0.6279958872091498,0.0443917326085944,1536.0,22.21258134490239,0.0
9223372036854775807,-20480,32768,16.188134031710263,1326.3057463322016,811.3864125707847,1.6346166583316992,514.9193337614169,0.6201480380479407,0.11315487844422932,2663.507568359375,22.21258134490239,0.0
9223372036854775807,-16384,32768,16.193777740581556,1292.7658443762857,811.487999330468,1.5930806684053296,481.2778450458177,0.6140664928558413,0.1225872251527221,5521.83154296875,22.21258134490239,0.0
9223372036854775807,-12288,32768,15.918305500752268,1282.4451891376495,806.5294990135408,1.5900784666973709,475.9156901241088,0.6136175698243082,0.0,2977.2041015625,22.21258134490239,0.0
9223372036854775807,-8192,32768,15.881269154758153,1410.4204906171974,805.8628447856468,1.7501991805967407,604.5576458315506,0.6361029590117525,0.045838208920276825,1668.915771484375,22.21258134490239,0.0
9223372036854775807,-4096,32768,15.941968196490569,1491.6188988586086,806.9554275368303,1.8484526504910703,684.6634713217784,0.6486500052367113,0.10247657013026867,3020.908447265625,22.21258134490239,0.0
9223372036854775807,0,32768,15.913729666699652,1274.6075328041861,806.4471340005937,1.5805221186429907,468.16039880359244,0.6121873518144744,0.0,5120.0,22.21258134490239,0.0
9223372036854775807,4096,32768,16.07428637254213,1296.5019040557943,809.3371547057584,1.6019305384875713,487.1647493500359,0.6153777616112297,0.0,2485.310546875,22.21258134490239,0.0
9223372036854775807,8192,32768,16.021897606949448,1313.3924615315082,808.3941569250901,1.6246931651847822,504.99830460641806,0.6187114852299326,0.060837018539791864,1541.3240966796875,22.21258134490239,0.0
9223372036854775807,12288,32768,15.963931417245247,1267.9746578900008,807.3507655104145,1.5705375061958053,460.6238923795863,0.610682046079958,0.10715293596241324,2672.718505859375,22.21258134490239,0.0
9223372036854775807,16384,32768,16.06274687245304,1285.21467994527,809.1294437041547,1.5883919315327601,476.08523624111535,0.6133668763233191,0.10894965295332432,2626.34033203125,22.21258134490239,0.0
9223372036854775807,20480,32768,16.023687609756603,1269.1175713315772,808.4263769756188,1.5698616565177366,460.6911943559584,0.6105800997689607,0.14246817951360868,3381.72021484375,22.21258134490239,0.0
9223372036854775807,24576,32768,16.051094137843272,1378.039774051425,808.9196944811789,1.7035557218510615,569.120079570246,0.6298287485990923,0.0528685643888916,2353.25146484375,22.21258134490239,0.0
9223372036854775807,28672,32768,15.964559627118987,1458.5184902495646,807.3620732881418,1.8065234155841126,651.1564169614228,0.6434033242463345,0.11594688492210256,2842.061279296875,22.21258134490239,0.0
9223372036854775807,32768,32768,15.879751967972652,1326.8860273472967,805.8355354235077,1.6465965684299966,521.050491923789,0.6218646568037824,0.12698168441367902,2626.34033203125,22.21258134490239,0.0
-9223372036854775807,-32768,-32768,16.133354945343836,1258.7553873182683,810.400389016189,1.5532512130779872,448.35499830207925,0.6080486317542232,0.13761058424719014,2715.2900390625,-22.21258134490239,0.0
-9223372036854775807,-28672,-32768,15.974131651936034,1151.348544977281,807.5343697348486,1.4257579468169543,343.8141752424325,0.5874578202271806,0.0,2807.25927734375,-22.21258134490239,0.0
-9223372036854775807,-24576,-32768,16.249488505084045,1426.3156775020918,812.4907930915128,1.7554853416553637,613.824884410579,0.6368030882257798,0.05770209305088391,1408.0,-22.21258134490239,0.0
-9223372036854775807,-20480,-32768,16.143165067113962,1305.1060002896027,810.5769712080513,1.6100950886188208,494.52902908155136,0.6165807623832199,0.09703208259012243,2289.733642578125,-22.21258134490239,0.0
-9223372036854775807,-16384,-32768,16.008618498241045,1241.797580760973,808.1551329683389,1.5365831758066961,433.64244779263413,0.605473530641754,0.0,2626.34033203125,-22.21258134490239,0.0
-9223372036854775807,-12288,-32768,16.216766241512893,1257.1229258537787,811.901792347232,1.5483682111593808,445.2211335065467,0.6072985094334054,0.0,2807.25927734375,-22.21258134490239,0.0
-9223372036854775807,-8192,-32768,16.062299638188623,1374.1842270201591,809.1213934873952,1.698365953589839,565.062833532764,0.6291171959264784,0.06247656116802741,1924.261962890625,-22.21258134490239,0.0
-9223372036854775807,-4096,-32768,16.165734673773873,1261.2409401175776,810.9832241279297,1.5551997903209664,450.25771598964786,0.6083475978472263,0.10911551521181288,2715.2900390625,-22.21258134490239,0.0
-9223372036854775807,0,-32768,16.014439683841182,1280.3750161586631,808.2599143091413,1.584112973427689,472.1151018495218,0.6127266526273214,0.1255606138415365,2626.34033203125,-22.21258134490239,0.0
-9223372036854775807,4096,-32768,15.939324666139917,1196.1864093438498,806.9078439905186,1.4824324961673137,389.27856535333126,0.596871333448345,0.0,2876.442138671875,-22.21258134490239,0.0
-9223372036854775807,8192,-32768,16.147954264784552,1423.2433335686842,810.663176766122,1.755653117545381,612.5801568025622,0.6368245503725664,0.05609124774241577,1317.8406982421875,-22.21258134490239,0.0
-9223372036854775807,12288,-32768,16.076888972911014,1484.2936312189536,809.3840015123983,1.8338559057819688,674.9096297065553,0.6468418962415217,0.1097795860867798,2876.442138671875,-22.21258134490239,0.0
-9223372036854775807,16384,-32768,16.100698936710348,1294.2025243141577,809.8125808607863,1.5981506769609475,484.3899434533714,0.6148186400812544,0.12048224587280817,2715.2900390625,-22.21258134490239,0.0
-9223372036854775807,20480,-32768,16.12108857170215,1241.3092912668362,810.1795942906388,1.532140898159349,431.12969697619747,0.60478246679016,0.0,2807.25927734375,-22.21258134490239,0.0
-9223372036854775807,24576,-32768,15.91875797923582,1377.4621887530288,806.5376436262447,1.707870921634694,570.9245451267841,0.6304175260522071,0.06120750062708672,1924.261962890625,-22.21258134490239,0.0
-9223372036854775807,28672,-32768,16.146760642496428,1427.5732326129528,810.6416915649356,1.7610409721920877,616.9315410480172,0.6375329215604777,0.11459406516777493,2921.654296875,-22.21258134490239,0.0
-9223372036854775807,32768,-32768,16.2589785665821,1235.4677720467541,812.6616141984778,1.5202733222059308,422.80615784827637,0.6029232611370583,0.13351683488520968,2626.34033203125,-22.21258134490239,0.0
-9223372036854775807,-32768,-28672,16.906591323680797,1246.993476776068,824.3186438262544,1.5127566094925093,422.67483294981366,0.6017401840093598,0.23577935262408728,2807.25927734375,-20.054712758020393,0.0
-9223372036854775807,-28672,-28672,15.870136495025712,530.2312148154627,812.6891052199429,0.6524404122188436,-282.45789040448017,0.394540663542831,0.3072548715224036,362.0386657714844,-20.054712758020393,111.28705175874113
-9223372036854775807,-24576,-28672,15.29589045914609,721.0126930958679,836.8786465461629,0.8615498747297721,-115.86595345029502,0.46251632475002047,0.47928380700178375,2550.3818359375,-20.054712758020393,225.24966823421792
-9223372036854775807,-20480,-28672,16.04885073720204,943.9151475372762,821.0202854930436,1.1496855366617782,122.89486204423258,0.5345128309235697,0.47676127431921167,640.0,-20.054712758020393,131.68722170176193
-9223372036854775807,-16384,-28672,16.901743234839255,1235.270090505733,824.2313782271066,1.4986933561820426,411.03871227862635,0.5994997379280663,0.2225579933998636,2810.17578125,-20.054712758020393,0.0
-9223372036854775807,-12288,-28672,16.178101130959625,559.5397692566706,816.7957664874476,0.6850424453874413,-257.255997230777,0.40624797279653,0.2754057531783526,286.2167053222656,-20.054712758020393,113.74213669231922
-9223372036854775807,-8192,-28672,15.423584262697313,789.078253655419,823.0887897075028,0.9586793837100248,-34.01053605208381,0.4891485087684725,0.4685226900614583,1431.08349609375,-20.054712758020393,172.56085244387066
-9223372036854775807,-4096,-28672,16.190159014673394,1081.212691602913,816.4351726136891,1.3243092995878414,264.77751898922395,0.5694645710667525,0.42590676368375596,256.0,-20.054712758020393,102.97038160047228
-9223372036854775807,0,-28672,16.81171384970992,1111.2999152176442,822.6108492947785,1.3509424488752584,288.68906592286567,0.5743416883091661,0.2389026536847126,2715.2900390625,-20.054712758020393,0.0
-9223372036854775807,4096,-28672,15.84985887911716,482.5811613767978,810.8874059542833,0.5951272122778598,-328.3062445774855,0.37280253345338277,0.30777341985230877,286.2167053222656,-20.054712758020393,111.85723723944673
-9223372036854775807,8192,-28672,15.313126376132304,781.9808402538299,834.5686917303243,0.9369879891282967,-52.58785147649439,0.4834354836074907,0.5039693117263548,2353.25146484375,-20.054712758020393,213.14171140337726
-9223372036854775807,12288,-28672,16.127250133516657,1100.936803374261,819.1746562332473,1.3439585746422142,281.76214714101366,0.5730728416971639,0.5079695370323827,461.51055908203125,-20.054712758020393,111.69263377769528
-9223372036854775807,16384,-28672,16.602996244627683,1202.6458691838388,818.8539324032984,1.4686940143941531,383.7919367805405,0.5946333681912226,0.22228847947710828,3034.43701171875,-20.054712758020393,0.0
-9223372036854775807,20480,-28672,17.86556232256374,551.0534651048898,841.5801218061473,0.6547843168185257,-290.5266567012575,0.3954077099464068,0.28144835658737033,128.0,-20.054712758020393,0.0
-9223372036854775807,24576,-28672,15.52378510982273,676.9572087264092,833.7855911666352,0.8119080203571386,-156.82838244022594,0.4477991949254224,0.4808080800452053,2023.857666015625,-20.054712758020393,198.88559533408585
-9223372036854775807,28672,-28672,15.922126396199994,1029.824942660869,810.1645935662452,1.2711305219198803,219.66034909462383,0.5593866355000425,0.41727635903961224,181.0193328857422,-20.054712758020393,101.07605585453287
-9223372036854775807,32768,-28672,16.799182215266082,1185.1630154039397,822.3852798747895,1.4411286831208654,362.77773552915016,0.5900595062562202,0.24276994427482412,2700.162841796875,-20.054712758020393,0.0
-9223372036854775807,-32768,-24576,17.64429942097385,1362.951975620955,837.5973895775294,1.627216121469058,525.3545860434256,0.6190876285429446,0.3288277798536405,1796.5655517578125,-17.754944772668892,0.0
-9223372036854775807,-28672,-24576,16.290502875160634,513.4565319851475,846.0911673040484,0.6068572180243947,-332.6346353189009,0.37738958527760375,0.42041389273567603,1920.0,-17.754944772668892,190.453684024914
-9223372036854775807,-24576,-24576,14.91978102427313,641.5397004293379,860.9015298561244,0.7451952147611508,-219.36182942678647,0.4267141857666941,0.7055418078958828,5541.08447265625,-17.754944772668892,398.1351008586077
-9223372036854775807,-20480,-24576,16.231996685451303,794.5682119056737,852.5661655319556,0.9319724896775674,-57.997953626281856,0.48210159485963566,0.6110871350359647,2462.129150390625,-17.754944772668892,215.5426652961928
-9223372036854775807,-16384,-24576,17.661413154891612,1037.6221701280656,837.905436788049,1.2383523540622827,199.71673334001662,0.5529479909082147,0.2684142601020257,1664.0,-17.754944772668892,0.0
-9223372036854775807,-12288,-24576,16.165130607580743,579.1371888691702,839.3528587495839,0.6899805997348161,-260.21566988041366,0.40798960855040434,0.46932343039812346,1619.086181640625,-17.754944772668892,176.43372911755284
-9223372036854775807,-8192,-24576,15.029896636088417,697.1603477824834,862.6356866283454,0.8081747122094721,-165.47533884586198,0.446669732887711,0.6839481138990002,5509.9501953125,-17.754944772668892,395.4706709990966
-9223372036854775807,-4096,-24576,16.205453251102014,947.8060874730116,848.6665536941923,1.1168180050778143,99.13953377881933,0.5272993122485279,0.5892516854353299,2209.62255859375,-17.754944772668892,203.78256449659534
-9223372036854775807,0,-24576,17.403863040715343,1130.7522109464069,833.2695347328762,1.357006543277615,297.4826762135307,0.5754400496751348,0.26622164697812584,1796.5655517578125,-17.754944772668892,0.0
-9223372036854775807,4096,-24576,16.118395640679697,570.7239563538744,846.7895407220623,0.6739855996180761,-276.06558436818784,0.4023394613659584,0.4085269673525153,2187.264892578125,-17.754944772668892,206.77267754485365
-9223372036854775807,8192,-24576,15.166722740688206,681.173177923275,865.6265671596476,0.7869134379255324,-184.45338923637257,0.4400912844747765,0.7072265934364905,5576.453125,-17.754944772668892,397.2816004701987
-9223372036854775807,12288,-24576,16.318360907571467,962.2612473702559,841.1609204546721,1.1439680850248315,121.10032691558376,0.5332794423215145,0.5327946046757461,1557.187255859375,-17.754944772668892,176.63266694500336
-9223372036854775807,16384,-24576,17.599286453575736,1049.9616779807263,836.7871561643633,1.2547535777120495,213.17452181636304,0.5561977626415675,0.2553890733732915,2048.0,-17.754944772668892,0.0
-9223372036854775807,20480,-24576,16.151943684513544,489.989726489348,846.3277273589415,0.5789597937650166,-356.3380008695935,0.3663974661209607,0.372406264895963,2111.030029296875,-17.754944772668892,201.78157414186967
-9223372036854775807,24576,-24576,18.289193413959758,845.6667279684813,860.1249778971388,0.9831905242840342,-14.458249928657551,0.4954715476189821,0.5565934890671689,572.4334106445312,-17.754944772668892,123.8416160687467
-9223372036854775807,28672,-24576,16.332910734742303,887.7513992348581,844.975596772504,1.0506237134252658,42.775802462354136,0.5120479759958056,0.554258139793587,1792.0,-17.754944772668892,181.05978751695952
-9223372036854775807,32768,-24576,17.377939783868502,1077.0380107353526,832.8029161096331,1.2932687793249364,244.2350946257195,0.5636460867067904,0.25515393870365416,1792.0,-17.754944772668892,0.0
-9223372036854775807,-32768,-20480,18.077439312762557,1134.7247749069877,845.3939076297261,1.342243851849457,289.33086727726163,0.5727697108252167,0.0,2715.2900390625,-15.298804780876495,0.0
-9223372036854775807,-28672,-20480,17.52788661502215,612.4714830138811,841.091905200573,0.7281861580487171,-228.62042218669194,0.4210689530455727,0.23589023307234427,286.2167053222656,-15.298804780876495,107.26825081897061
-9223372036854775807,-24576,-20480,16.98928775293874,671.6210988147151,852.9101432978275,0.7874464902221145,-181.28904448311243,0.44025391304648726,0.3482642427141348,1536.0,-15.298804780876495,175.57398468072807
-9223372036854775807,-20480,-20480,17.312565410008073,863.9278693095318,844.6497796276547,1.0228237668994309,19.27808968187719,0.5053457910183958,0.30284731341557464,689.3010864257812,-15.298804780876495,132.87689550609772
-9223372036854775807,-16384,-20480,18.35611129198978,1157.8681111909175,850.410003255816,1.3615410293364263,307.45810793510145,0.5762607490052433,0.43943998034581516,2575.9501953125,-15.298804780876495,0.0
-9223372036854775807,-12288,-20480,17.63246157445645,738.547386895972,846.2684621701636,0.8727105167100844,-107.72107527419166,0.4657207754172037,0.3045226805970657,461.51055908203125,-15.298804780876495,117.12423276649864
-9223372036854775807,-8192,-20480,16.964234965925876,661.5341170812214,864.9835099947007,0.7647939058228685,-203.4493929134793,0.43307789406500985,0.4133138833366442,2404.901611328125,-15.298804780876495,224.80839379271836
-9223372036854775807,-4096,-20480,17.463312734701407,786.8633809777895,841.7790292809378,0.9347623944135811,-54.91564830314837,0.4828441969995519,0.2613586592552333,384.0,-15.298804780876495,116.70063812533007
-9223372036854775807,0,-20480,18.166466047647756,1119.8486964297067,846.9963888576597,1.3221410517936703,272.85230757204704,0.5690736048290986,0.0,2663.507568359375,-15.298804780876495,0.0
-9223372036854775807,4096,-20480,17.727925487581846,607.167096673115,841.6355452593197,0.721413324440852,-234.46844858620466,0.4187929302320935,0.24286397846807486,128.0,-15.298804780876495,97.39178540617851
-9223372036854775807,8192,-20480,17.207242901426802,671.6442172891296,856.9157315420869,0.7837926094324974,-185.27151425295722,0.439109443080249,0.3474318644183409,1541.3240966796875,-15.298804780876495,172.41979370942198
-9223372036854775807,12288,-20480,17.642724682138585,982.896604365952,843.1589904086688,1.165731037143486,139.7376139572832,0.5379675403293892,0.2557538418048535,286.2167053222656,-15.298804780876495,109.28331417355211
-9223372036854775807,16384,-20480,18.24834803374119,1195.2852391427484,848.4702646073415,1.4087532456967213,346.8149745354069,0.5845614485206619,0.0,3093.259765625,-15.298804780876495,0.0
-9223372036854775807,20480,-20480,17.571636748302325,644.3165148394025,844.117864057449,0.7633015983601452,-199.80134921804643,0.4325914078313508,0.25375681462711075,404.77154541015625,-15.298804780876495,107.40442054001626
-9223372036854775807,24576,-20480,17.25681713685109,727.0268439313669,861.6059120104622,0.8438043817908933,-134.57906807909535,0.45735522321985395,0.353922768551814,1792.0,-15.298804780876495,183.27671457289878
-9223372036854775807,28672,-20480,17.311569446584258,760.673083819838,842.5277464843798,0.9028463299801137,-81.85466266454182,0.4741757200534457,0.2685986901985044,572.4334106445312,-15.298804780876495,125.80153564343905
-9223372036854775807,32768,-20480,18.269224161917748,1073.6329589008085,848.8460349145195,1.264814718736273,224.78692398628903,0.5581724377302387,0.0,2807.25927734375,-15.298804780876495,0.0
-9223372036854775807,-32768,-16384,19.073142156443915,1249.6066158209226,863.3165588159904,1.4474489143758762,386.2900570049321,0.5911315183133629,0.1281187247258512,2534.270751953125,-12.6697827880121,0.0
-9223372036854775807,-28672,-16384,19.185427797952695,1137.9287499637676,865.3377003631485,1.3150111794345989,272.59104960061904,0.5677532295060669,0.0,3320.607177734375,-12.6697827880121,0.0
-9223372036854775807,-24576,-16384,19.000277174631094,1420.585530845929,862.0049891433597,1.648001518248373,558.5805417025693,0.6220841777065147,0.04678245417531979,1796.5655517578125,-12.6697827880121,0.0
-9223372036854775807,-20480,-16384,18.986345506908354,1279.1616159673251,861.7542191243504,1.4843694264324145,417.4073968429748,0.5972044255943306,0.09880556575785025,2083.68896484375,-12.6697827880121,0.0
-9223372036854775807,-16384,-16384,18.850705026453152,1104.6846925018776,859.3126904761567,1.2855444877577182,245.37200202572092,0.5621812538130115,0.0,2626.34033203125,-12.6697827880121,0.0
-9223372036854775807,-12288,-16384,18.996806834477834,1167.1448915512415,861.942523020601,1.3540866825563795,305.20236853064046,0.5749234654495896,0.0,2712.271484375,-12.6697827880121,0.0
-9223372036854775807,-8192,-16384,19.02037524572633,1453.476850900814,862.366754423074,1.685450933081476,591.1100964777401,0.6273521646264174,0.07016859724786838,1541.3240966796875,-12.6697827880121,0.0
-9223372036854775807,-4096,-16384,19.163852957686366,1392.7140446931999,864.9493532383547,1.6101683173458698,527.7646914548452,0.6166098259566359,0.10656198918025284,2807.25927734375,-12.6697827880121,0.0
-9223372036854775807,0,-16384,18.89600283774618,1412.7121094582226,860.1280510794313,1.6424439450443653,552.5840583787913,0.6212891011319741,0.11790170827851851,2626.34033203125,-12.6697827880121,0.0
-9223372036854775807,4096,-16384,18.905054252049148,1269.0157025942433,860.2909765368847,1.4751005615596324,408.72472605735857,0.5956962511669104,0.0,2807.25927734375,-12.6697827880121,0.0
-9223372036854775807,8192,-16384,18.853737832370413,1200.9308328200468,859.3672809826675,1.397459339441931,341.56355183737935,0.5826090000172518,0.0498970037693185,1920.0,-12.6697827880121,0.0
-9223372036854775807,12288,-16384,19.05806812374573,1309.1201614422716,863.0452262274232,1.5168615985106,446.07493521484844,0.6024024535224415,0.1076891691690332,3042.525146484375,-12.6697827880121,0.0
-9223372036854775807,16384,-16384,18.849790107674938,1126.6111126450692,859.2962219381488,1.3110858443017352,267.3148907069203,0.5670174411437219,0.0,2715.2900390625,-12.6697827880121,0.0
-9223372036854775807,20480,-16384,19.054358374152326,1312.3017463596173,862.9784507347418,1.5206657191061035,449.3232956248754,0.6030021998599836,0.0,2807.25927734375,-12.6697827880121,0.0
-9223372036854775807,24576,-16384,18.86857521694465,1426.2924854313262,859.6343539050036,1.65918506973599,566.6581315263226,0.6236721091809123,0.045847871625826646,2307.552734375,-12.6697827880121,0.0
-9223372036854775807,28672,-16384,19.154076650430557,1266.1471228513774,864.7733797077501,1.4641374868399295,401.3737431436273,0.5938997825348141,0.09948791762522016,2691.0458984375,-12.6697827880121,0.0
-9223372036854775807,32768,-16384,19.063139833428636,1356.7250202798305,863.1365170017154,1.5718545022202253,493.588503278115,0.6109003184145082,0.1140409544626257,2626.34033203125,-12.6697827880121,0.0
-9223372036854775807,-32768,-12288,19.86779408168781,1173.4223050688072,877.6202934703806,1.3370501044691372,295.8020115984266,0.5718313576453752,0.23993587757212967,2985.447265625,-9.848959817611854,0.0
-9223372036854775807,-28672,-12288,19.070886141448923,507.7610302003305,865.8088370289271,0.5864585904929566,-358.0478068285966,0.3693963052047929,0.30559063782732987,128.0,-9.848959817611854,99.70495985850677
-9223372036854775807,-24576,-12288,18.60000665767777,752.8740290703354,890.8787802723203,0.8450914375131932,-138.00475120198496,0.4577429658692786,0.45914540018098593,2145.6708984375,-9.848959817611854,208.9973810698093
-9223372036854775807,-20480,-12288,19.09141924995089,1098.1708166767355,870.672194808596,1.2612907856993774,227.49862186813948,0.5574915413430209,0.4303707543415675,362.0386657714844,-9.848959817611854,112.73556285464068
-9223372036854775807,-16384,-12288,19.9166428849976,1253.3726238236254,878.4995719299568,1.426719675082047,374.8730518936686,0.5876454418220715,0.21818095733027246,2721.3173828125,-9.848959817611854,0.0
-9223372036854775807,-12288,-12288,19.20230217177675,504.6822943973667,873.4698416799886,0.5777901769644225,-368.78754728262186,0.3659366368621275,0.2817009738013848,404.77154541015625,-9.848959817611854,117.31012680218649
-9223372036854775807,-8192,-12288,19.06369218194627,719.9327322848779,890.5768833934185,0.8083891977317839,-170.64415110854054,0.44674429819139044,0.4243010711708189,1557.187255859375,-9.848959817611854,177.05137106760736
-9223372036854775807,-4096,-12288,19.06530684805821,1126.6033783579717,875.3164954884547,1.287081169113911,251.28688286951694,0.5624805031238878,0.45727176176146295,640.0,-9.848959817611854,120.33049652691493
-9223372036854775807,0,-12288,19.95438192831407,1140.400766921522,879.1788747096532,1.2971203013699992,261.22189221186886,0.5643928818370645,0.244082664110633,2672.718505859375,-9.848959817611854,0.0
-9223372036854775807,4096,-12288,19.178426413684466,599.6637638360102,872.2383237558005,0.6874999039871325,-272.5745599197903,0.40713077188753133,0.35724127451459353,362.0386657714844,-9.848959817611854,116.39717364062878
-9223372036854775807,8192,-12288,18.690529238267583,705.6145541146223,892.9836558290009,0.7901763369448966,-187.36910171437864,0.4411198698074882,0.4477111725842702,2179.761474609375,-9.848959817611854,202.89065230683298
-9223372036854775807,12288,-12288,21.16046609269417,1280.921570262409,900.888389668495,1.4218426887860736,380.0331805939139,0.5868223041748243,0.16962118669465112,128.0,-9.848959817611854,0.0
-9223372036854775807,16384,-12288,19.678936336461636,1091.698897744723,874.2208540563095,1.2487678516010388,217.47804368841344,0.5550297091404448,0.22300332518937332,2807.25927734375,-9.848959817611854,0.0
-9223372036854775807,20480,-12288,19.218392877648792,528.9578883824742,873.7594743856853,0.6053815768399753,-344.8015860032111,0.37682649115300415,0.2911864614691052,404.77154541015625,-9.848959817611854,117.08853054864122
-9223372036854775807,24576,-12288,18.747905781927493,733.8545765633818,887.6854646443637,0.826705635939852,-153.83088808098194,0.45228749856745204,0.44454390923309645,1740.98828125,-9.848959817611854,177.74929886995875
-9223372036854775807,28672,-12288,19.12079147204096,1091.9016928351887,869.7641926269116,1.2553996842953083,222.13750020827706,0.5563360024358428,0.42954926725895193,286.2167053222656,-9.848959817611854,106.39489247252213
-9223372036854775807,32768,-12288,20.059926215485152,1184.9837742692473,881.0786718787327,1.3449239121206904,303.90510239051457,0.5732694609577436,0.2235269668170468,2715.2900390625,-9.848959817611854,0.0
-9223372036854775807,-32768,-8192,20.735033110303625,1179.1239532207767,893.2305959854652,1.3200666866095163,285.89335723531144,0.5687034828038405,0.2660941798749759,2048.0,-6.81455190771961,0.0
-9223372036854775807,-28672,-8192,19.544928489434664,455.637635876422,906.7925669795236,0.5024717366113024,-451.1549311031016,0.33418478989390765,0.385463113493602,2067.9033203125,-6.81455190771961,201.25947327522226
-9223372036854775807,-24576,-8192,19.074505983103787,711.9439318009394,937.0537807466372,0.7597684854690708,-225.10984894569788,0.43148176896664087,0.7103527594367028,5715.7412109375,-6.81455190771961,404.02529135233357
-9223372036854775807,-20480,-8192,19.63468732608097,835.5739775534383,908.1257405011505,0.920108240839342,-72.55176294771218,0.4789213690509088,0.5875829368016423,2048.0,-6.81455190771961,197.5402313946081
-9223372036854775807,-16384,-8192,20.869253499648863,1168.8213175954618,895.6465629936795,1.3050028503304936,273.1747546017823,0.5658869491894856,0.26309096135947485,2051.99609375,-6.81455190771961,0.0
-9223372036854775807,-12288,-8192,19.874481844928077,510.94531694418106,910.6646631866997,0.5610685662889608,-399.71934624251867,0.35916050363794993,0.40088951364134756,1924.261962890625,-6.81455190771961,196.34637352668295
-9223372036854775807,-8192,-8192,18.833820580690023,657.1362465416952,932.0025132929327,0.7050799082289108,-274.8662667512375,0.41325717172634446,0.6902107786564067,5623.26611328125,-6.81455190771961,404.4601992613055
-9223372036854775807,-4096,-8192,19.538126576443204,777.8444087828249,910.1434303867057,0.8546393709091884,-132.29902160388087,0.4605387858596355,0.6133856301623628,2318.1787109375,-6.81455190771961,209.22611572166392
-9223372036854775807,0,-8192,20.5916515569609,1008.4531574901746,890.6497280252962,1.1322668449313584,117.80342946487838,0.5307360802289375,0.28572001712898215,1792.0,-6.81455190771961,0.0
-9223372036854775807,4096,-8192,19.542946090347264,500.85151246826337,906.5311895651779,0.552492311608715,-405.67967709691453,0.3556217438236975,0.45391545462495264,2051.99609375,-6.81455190771961,201.1152673448935
-9223372036854775807,8192,-8192,19.04944699498206,683.3389214046318,935.7808346794317,0.7302339352127485,-252.44191327479984,0.4217829693382094,0.7020593695442977,5610.13916015625,-6.81455190771961,398.3477176530241
-9223372036854775807,12288,-8192,19.82642119516506,943.985956001095,913.3773813979816,1.0335114217042085,30.608574603113425,0.5079663040072006,0.5990779555387326,2176.0,-6.81455190771961,203.62050602493483
-9223372036854775807,16384,-8192,20.860753946088003,1231.8326208302524,895.493571029584,1.3755906917499878,336.33904980066836,0.5787799941294789,0.36292086817158997,1920.0,-6.81455190771961,0.0
-9223372036854775807,20480,-8192,19.840823154675867,572.7082695524781,907.9819245537084,0.6307485359182408,-335.2736550012303,0.3865236281042935,0.511605426242362,1782.833740234375,-6.81455190771961,184.75661685307108
-9223372036854775807,24576,-8192,22.137079620986714,720.5937882477307,930.6084054011678,0.7743254671518857,-210.01461715343714,0.4361414063107463,0.4508974601051483,640.0,-6.81455190771961,124.19014871912836
-9223372036854775807,28672,-8192,19.77327736827216,963.6124393779379,912.4207925139093,1.0561053050128164,51.1916468640286,0.5133699409289203,0.5964859500489593,2176.0,-6.81455190771961,202.24191084395102
-9223372036854775807,32768,-8192,20.77527282857344,1078.668705976679,893.9549109143219,1.2066254044887286,184.713795062357,0.5465422569658334,0.2619176449138152,1920.0,-6.81455190771961,0.0
-9223372036854775807,-32768,-4096,21.55778104645828,1179.667069683133,908.040058836249,1.299135493201702,271.6270108468839,0.5647833789504809,0.0,2715.2900390625,-3.5413464494312943,0.0
-9223372036854775807,-28672,-4096,20.78112678075379,603.1650332934988,902.9444358835158,0.6679979512840257,-299.77940259001696,0.400213153476415,0.26771571254127996,461.51055908203125,-3.5413464494312943,120.48329535235835
-9223372036854775807,-24576,-4096,20.8735312049217,718.8900820288272,927.7643044682176,0.7748628380792099,-208.87422243939034,0.43631121181742843,0.36927137476125205,1863.7081298828125,-3.5413464494312943,189.74265029249517
-9223372036854775807,-20480,-4096,20.98798784851529,814.4402375969157,910.8073835207846,0.8941959104993688,-96.36714592386886,0.47179803617605387,0.2884882501645719,689.3010864257812,-3.5413464494312943,131.33329898094206
-9223372036854775807,-16384,-4096,21.676839874699137,1298.166084919514,910.1831177445845,1.426269131574692,387.9829671749296,0.587578497484303,0.1702005104270112,2715.2900390625,-3.5413464494312943,0.0
-9223372036854775807,-12288,-4096,21.076127153894188,606.4301253039143,906.3969370795754,0.6690557971851067,-299.9668117756611,0.4005940575200859,0.3012588144120946,362.0386657714844,-3.5413464494312943,115.71085607686109
-9223372036854775807,-8192,-4096,20.569785711094493,575.8735868773518,933.6264916140577,0.6168136744725173,-357.7529047367059,0.3812469758045279,0.4297657207092389,2691.0458984375,-3.5413464494312943,238.87324440719468
-9223372036854775807,-4096,-4096,20.816152055272486,765.434770668754,905.6102334407678,0.8452143564683093,-140.17546277201382,0.45778359361589094,0.2848780142867645,572.4334106445312,-3.5413464494312943,128.02365344960566
-9223372036854775807,0,-4096,21.733491590972797,1141.764850665363,911.2028486375103,1.2530303788806234,230.5620020278526,0.5558825735443081,0.17936200319321022,2428.629150390625,-3.5413464494312943,0.0
-9223372036854775807,4096,-4096,20.769904632521683,671.3008727213512,912.2756001251538,0.7358531485762158,-240.9747274038026,0.4236468761368381,0.29745275530873516,999.7119750976562,-3.5413464494312943,140.938517981575
-9223372036854775807,8192,-4096,20.576407974036616,672.955984528918,925.5825761686698,0.7270620708035936,-252.62659163975184,0.42071882545640515,0.3873707775611024,2083.68896484375,-3.5413464494312943,203.93219604810372
-9223372036854775807,12288,-4096,20.815459540581553,758.4213883452384,904.7825251278115,0.8382361145161399,-146.3611367825731,0.4557262377556116,0.2702766207552204,527.7575073242188,-3.5413464494312943,121.90250950769067
-9223372036854775807,16384,-4096,21.778711365571446,1295.099117007546,912.016804580286,1.4200386555416116,383.08231242726004,0.5865177205353669,0.15588940113925986,2721.3173828125,-3.5413464494312943,0.0
-9223372036854775807,20480,-4096,21.03743626685097,707.1139806649684,904.2637989334918,0.7819775396283185,-197.1498182685234,0.43855353851444484,0.28067481613629464,286.2167053222656,-3.5413464494312943,100.69878718288075
-9223372036854775807,24576,-4096,20.976327375850484,681.1334919745283,928.6248056802191,0.7334862129550771,-247.4913137056908,0.4228651145030597,0.37579620554117477,1796.5655517578125,-3.5413464494312943,181.91908392865838
-9223372036854775807,28672,-4096,21.062975759502525,1150.6786569021258,901.666450153892,1.2761688723205056,249.01220674823378,0.5603922365256518,0.0,128.0,-3.5413464494312943,99.5633325087876
-9223372036854775807,32768,-4096,21.623311420521766,1173.8500592948485,909.2196055693918,1.2910522959519048,264.63045372545673,0.5632489542384443,0.15063895213150075,2977.2041015625,-3.5413464494312943,0.0
-9223372036854775807,-32768,0,22.354632744572655,1311.149998746001,922.3833894023078,1.421480496949982,388.7666093436933,0.5867667969072111,0.11768269713711962,2534.270751953125,0.0,0.0
-9223372036854775807,-28672,0,22.589242018978403,1228.306611009011,926.6063563416112,1.3255970052467159,301.7002546673998,0.5697384957605518,0.0,3114.37451171875,0.0,0.0
-9223372036854775807,-24576,0,22.359627553342033,1222.4112815709113,922.4732959601565,1.3251454398997689,299.9379856107548,0.5696537895702424,0.04774865531162261,2304.0,0.0,0.0
-9223372036854775807,-20480,0,22.617211067537664,1314.8526188733676,927.1097992156779,1.418227506586291,387.7428196576898,0.5862125055102765,0.1237990782519343,2672.718505859375,0.0,0.0
-9223372036854775807,-16384,0,22.65280402191505,1235.3463112742404,927.7504723944709,1.3315501829774146,307.59583887976953,0.5708369055380252,0.1387506297985608,2626.34033203125,0.0,0.0
-9223372036854775807,-12288,0,22.550289451305673,1353.9233460560097,925.9052101235021,1.4622699292030297,428.01813593250756,0.5936103098971589,0.0,2591.802490234375,0.0,0.0
-9223372036854775807,-8192,0,22.47547012768619,1401.7033332851477,924.5584622983514,1.5160786369319104,477.14487098679626,0.6022972301376639,0.049172586360367115,1305.3489990234375,0.0,0.0
-9223372036854775807,-4096,0,22.688380125375428,1302.1778890859648,928.3908422567577,1.4026181967937075,373.78704682920716,0.5835257820190246,0.116023464288135,2748.276611328125,0.0,0.0
-9223372036854775807,0,0,22.383350039251873,1393.9182286884406,922.9003007065337,1.5103670760767067,471.01792798190695,0.6013923053123138,0.1242702147996572,2715.2900390625,0.0,0.0
-9223372036854775807,4096,0,22.693008250140426,1196.3835387944084,928.4741485025277,1.288548034131024,267.90939029188075,0.5627768716332231,0.0,2521.3076171875,0.0,0.0
-9223372036854775807,8192,0,22.603141000217086,1419.4840111622182,926.8565380039075,1.5315034775708016,492.62747315831064,0.6047200998025101,0.0642750064728381,1668.915771484375,0.0,0.0
-9223372036854775807,12288,0,22.45916642471258,1388.479883922794,924.2649956448265,1.5022530231755682,464.2148882779675,0.6001006836078943,0.11032826475962565,2757.204345703125,0.0,0.0
-9223372036854775807,16384,0,22.602583315847234,1369.9307715796485,926.8464996852501,1.4780557212492753,443.0842718943984,0.5961982428460172,0.1992570266852538,2626.34033203125,0.0,0.0
-9223372036854775807,20480,0,22.616305639157396,1161.7425658757636,927.0935015048331,1.253101832760185,234.64906437093055,0.5559012900623795,0.0,2721.3173828125,0.0,0.0
-9223372036854775807,24576,0,22.398575858950636,1252.4303046261584,923.1743654611114,1.3566562845368748,329.25593916504704,0.5754055028173504,0.0576131330282232,1792.0,0.0,0.0
-9223372036854775807,28672,0,22.305708235376937,1383.6256996741884,921.5027482367848,1.501488413704284,462.1229514374036,0.599977724973454,0.1155049917890806,2638.78759765625,0.0,0.0
-9223372036854775807,32768,0,22.506770968923924,1314.39825842056,925.1218774406307,1.4207838885584143,389.2763809799294,0.5866487149044718,0.19301832394729365,5340.83740234375,0.0,0.0
-9223372036854775807,-32768,4096,21.71989722354035,1122.8734785607103,910.9581500237264,1.2326290494590388,211.9153285369839,0.5518262360320472,0.0,2445.4365234375,3.5413464494312943,0.0
-9223372036854775807,-28672,4096,23.024993163759753,874.3531329390406,934.4498769476755,0.9356875681711925,-60.096744008634914,0.4831206093495062,0.24453712954842216,181.0193328857422,3.5413464494312943,0.0
-9223372036854775807,-24576,4096,20.724478433073333,679.3934440282081,924.0915247102304,0.7352014663712527,-244.69808068202224,0.4234339724368974,0.3651226392925753,1796.5655517578125,3.5413464494312943,184.35836512950658
-9223372036854775807,-20480,4096,20.941820632202795,920.5544996521409,907.3369106333428,1.0145674543423697,13.217589018798094,0.5033401625022917,0.2634176934551168,543.0579833984375,3.5413464494312943,122.04007711756009
-9223372036854775807,-16384,4096,21.700671542919814,1195.3040949245828,910.6120877725566,1.3126380716605792,284.69200715202624,0.567323989791768,0.18166411556856407,2748.276611328125,3.5413464494312943,0.0
-9223372036854775807,-12288,4096,20.80773402942324,563.8906520495865,906.6801847530253,0.6219289464268895,-342.7895327034388,0.3831896079666763,0.28194904158022926,640.0,3.5413464494312943,125.98384241043146
-9223372036854775807,-8192,4096,20.75485844803258,588.9861283514592,931.8516808030407,0.6320599516909058,-342.8655524515815,0.38702293030732826,0.41295557912392233,2304.0,3.5413464494312943,212.70045435197352
-9223372036854775807,-4096,4096,20.861415096799576,923.6241137373888,900.5177820919605,1.0256589398953908,23.106331645428327,0.5060560583524886,0.23609781848478253,256.0,3.5413464494312943,107.71045600760796
-9223372036854775807,0,4096,21.51206217106542,1092.909974251603,907.2171190791776,1.2046840290678191,185.69285517242542,0.5461472076880967,0.1753057321319217,2807.25927734375,3.5413464494312943,0.0
-9223372036854775807,4096,4096,20.776092361614094,579.9696452985955,909.2913709395361,0.6378259640794073,-329.3217256409406,0.38917319783524496,0.3047784006994395,819.5999145507812,3.5413464494312943,140.54724087353958
-9223372036854775807,8192,4096,20.446776803771964,690.2698361735165,927.0682740465346,0.7445728168008348,-236.7984378730181,0.426530050682461,0.41239992503065176,2360.203369140625,3.5413464494312943,212.8133631675188
-9223372036854775807,12288,4096,21.144450417736945,1057.3926822156338,903.1329940021116,1.1708050633051743,154.25968821352228,0.5390664496701977,0.0,128.0,3.5413464494312943,99.14930240774108
-9223372036854775807,16384,4096,21.620325097427134,1143.3621014839434,909.1658517536885,1.2575946393922675,234.19624973025498,0.5567794193798515,0.1507795153746878,2807.25927734375,3.5413464494312943,0.0
-9223372036854775807,20480,4096,21.11561474504364,629.1834295209628,902.613951893632,0.6970681410374527,-273.4305223726692,0.4104804960850724,0.26803354564124265,128.0,3.5413464494312943,97.20852990686954
-9223372036854775807,24576,4096,20.79027182490669,596.1370338570885,930.3035532824409,0.6407984058038966,-334.1665194253525,0.3902849242558672,0.4002615205205565,2145.6708984375,3.5413464494312943,206.918117365106
-9223372036854775807,28672,4096,20.82334638646997,812.7652133424626,901.8468832659395,0.9012230661585509,-89.08166992347685,0.4737464925487645,0.24894670146643402,362.0386657714844,3.5413464494312943,111.419605110559
-9223372036854775807,32768,4096,21.738326814011817,1136.3577906118744,911.2898826522128,1.2469772925653748,225.06790795966162,0.554686784575958,0.16425706009916954,2415.09912109375,3.5413464494312943,0.0
-9223372036854775807,-32768,8192,20.711695878771696,1184.724189686368,892.8105258178905,1.3269603744882597,291.91366386847744,0.5699804678984881,0.2638019585657204,1936.991455078125,6.81455190771961,0.0
-9223372036854775807,-28672,8192,19.700279739446543,598.9389115440978,908.9624944998639,0.658925879965653,-310.0235829557661,0.39693707563994923,0.41699117058546165,2023.857666015625,6.81455190771961,204.5771246538162
-9223372036854775807,-24576,8192,18.965318134949015,645.6558092194185,933.7094534071366,0.6914954184766998,-288.0536441877181,0.40854846945088086,0.7066202016542341,5539.60595703125,6.81455190771961,376.55740213396706
-9223372036854775807,-20480,8192,19.808865120790387,825.2986462488064,911.2609408059201,0.9056666529774792,-85.96229455711364,0.4749757374639105,0.5883126989999782,2048.0,6.81455190771961,195.45876404603194
-9223372036854775807,-16384,8192,20.734751775582346,1235.2011496411108,893.2255319604822,1.3828547275513372,341.9756176806286,0.5800627747897318,0.26485427784877347,2063.93798828125,6.81455190771961,0.0
-9223372036854775807,-12288,8192,19.9364633206422,484.6453033392077,911.7184553227166,0.5315734265438996,-427.0731519835089,0.34682830460930963,0.3893989938324308,1920.0,6.81455190771961,194.00350924553067
-9223372036854775807,-8192,8192,19.098175831658985,672.4708258702564,938.411184761347,0.7166057233655804,-265.9403588910907,0.41719606114764807,0.7238629558116463,5837.6982421875,6.81455190771961,395.0245400086166
-9223372036854775807,-4096,8192,19.808313728414376,887.0420824290836,914.8622591047997,0.969590857641304,-27.820176675716084,0.4920072917869851,0.6111177262056285,2307.552734375,6.81455190771961,211.15904759132644
-9223372036854775807,0,8192,20.642219337697192,1193.452541593011,891.5599480785495,1.3386116594459934,301.8925935144614,0.5721214745847079,0.27972700110849674,1792.0,6.81455190771961,0.0
-9223372036854775807,4096,8192,19.645252116127928,489.0688271552191,908.8217707263133,0.5381350259296325,-419.7529435710942,0.34961191954242926,0.4053194285114614,2083.68896484375,6.81455190771961,206.7232916830651
-9223372036854775807,8192,8192,18.936459557609428,675.8455343461173,934.3355508610731,0.7233434858849861,-258.49001651495576,0.419472113067419,0.7045368010354999,5685.5634765625,6.81455190771961,389.81673626299494
-9223372036854775807,12288,8192,19.581990681801976,830.3987695314612,908.977632157446,0.9135524793503675,-78.57886262598481,0.47713745642932204,0.5853504725687787,2176.0,6.81455190771961,202.31486795871575
-9223372036854775807,16384,8192,20.65431406632364,1226.4230645998075,891.7776531938255,1.3752565566175359,334.64541140598203,0.5787196343896464,0.2521496321352794,1936.991455078125,6.81455190771961,0.0
-9223372036854775807,20480,8192,19.61769394779199,606.3992979728848,904.1016946073984,0.6707202315732974,-297.70239663451355,0.4011901420836652,0.41303310859558184,1792.0,6.81455190771961,186.7486543002645
-9223372036854775807,24576,8192,19.103135466614418,698.0712114829496,936.4819962263194,0.7454187205903816,-238.41078474336985,0.42681045666539796,0.7146273343920082,5576.453125,6.81455190771961,397.0546806579681
-9223372036854775807,28672,8192,19.613915192845482,798.1469291242438,909.5522733562291,0.8775162819164842,-111.40534423198528,0.46710791926723866,0.5812558271530817,2176.0,6.81455190771961,203.37341252787795
-9223372036854775807,32768,8192,20.708782148856095,1051.4216605004942,892.7580786794097,1.1777229303326875,158.66358182108456,0.5405267386466703,0.27966828829489904,1413.80615234375,6.81455190771961,0.0
-9223372036854775807,-32768,12288,19.78206190388741,1245.0252487279713,876.0771142699734,1.4211365968228022,368.94813445799787,0.586694247382626,0.2375379605661626,3303.29296875,9.848959817611854,0.0
-9223372036854775807,-28672,12288,19.127509529243998,536.1510367539661,867.8614899610374,0.6177841083581628,-331.7104532070713,0.38159875912816005,0.29977020966304235,181.0193328857422,9.848959817611854,103.64301309962909
-9223372036854775807,-24576,12288,18.75668919100564,734.2389481866849,894.5888006124576,0.8207558016420581,-160.34985242577272,0.4505009493964453,0.4834331532814159,2209.62255859375,9.848959817611854,211.00294548829578
-9223372036854775807,-20480,12288,19.14547087285764,1003.1271852199042,880.6192561176658,1.139115660089392,122.50792910223834,0.5322345559161811,0.48645009310385784,858.6500854492188,9.848959817611854,135.88468457181796
-9223372036854775807,-16384,12288,19.816007377001696,1292.1634541506055,876.6881327860306,1.4739146177834463,415.47532136457494,0.5955077581941273,0.223455546637349,2638.78759765625,9.848959817611854,0.0
-9223372036854775807,-12288,12288,19.188058895245838,521.7162885117565,875.4893135117686,0.5959139425917658,-353.7730250000121,0.3731327408191707,0.2888129160971325,527.7575073242188,9.848959817611854,126.0872830460785
-9223372036854775807,-8192,12288,18.77740635776826,788.1781723633985,890.0340572194557,0.8855595647943362,-101.85588485605717,0.4693737685314475,0.44722263139458895,1863.7081298828125,9.848959817611854,191.9078273608573
-9223372036854775807,-4096,12288,19.224630753619483,1045.901925667332,871.0556639147188,1.2007291485446694,174.84626175261326,0.5453206741110728,0.43973498519320414,256.0,9.848959817611854,107.54860982373687
-9223372036854775807,0,12288,19.894176368644764,1208.4099411303343,878.0951746356058,1.376171941306708,330.3147664947286,0.5788775950793054,0.2399766749816817,2521.3076171875,9.848959817611854,0.0
-9223372036854775807,4096,12288,19.020238803950967,581.4084618150786,874.7328734131577,0.6646697288812937,-293.3244115980791,0.3990062238705286,0.30240938039412524,652.6744995117188,9.848959817611854,127.47584938732537
-9223372036854775807,8192,12288,18.70433310790186,777.8039522304944,887.661199489376,0.8762396651762219,-109.85724725888167,0.4667388042454798,0.441790808703199,1792.0,9.848959817611854,191.09687419679966
-9223372036854775807,12288,12288,21.130895549825265,1221.5871981907885,900.3561198968548,1.3567822455971468,321.2310782939337,0.575421485718799,0.16287890072073152,128.0,9.848959817611854,0.0
-9223372036854775807,16384,12288,19.964424020868705,1274.7979185856193,879.3596323756367,1.4496889232243753,395.4382862099826,0.5915103134882304,0.2050026319692864,2999.135986328125,9.848959817611854,0.0
-9223372036854775807,20480,12288,19.13586366039736,524.310223948201,870.0354920173268,0.6026308452457471,-345.7252680691257,0.3757565010226858,0.2666828944290009,286.2167053222656,9.848959817611854,104.65250184051679
-9223372036854775807,24576,12288,19.00350299965562,687.1954804116964,889.1660177387313,0.7728539628171204,-201.9705373270349,0.4356613757958994,0.4462304276863081,1536.0,9.848959817611854,175.28852449053346
-9223372036854775807,28672,12288,18.946438941348568,1003.7725729127573,873.1768731676812,1.1495638555694971,130.5956997450761,0.5345045762588448,0.4760604908473267,640.0,9.848959817611854,127.28702955497934
-9223372036854775807,32768,12288,19.67470469842083,1173.6630683473404,874.144684571575,1.3426416576822882,299.5183837757654,0.5728517312935949,0.2346443724858102,2591.802490234375,9.848959817611854,0.0
-9223372036854775807,-32768,16384,19.19000485579003,1245.7520493833076,865.4200874042206,1.4394766975190876,380.33196197908705,0.58979664947101,0.1350047014834194,5262.02978515625,12.6697827880121,0.0
-9223372036854775807,-28672,16384,18.92188896176498,1239.2946946725624,860.5940013117697,1.440045704227027,378.7006933607927,0.5898906958000047,0.0,2918.84912109375,12.6697827880121,0.0
-9223372036854775807,-24576,16384,19.060470889683767,1208.1432387716382,863.0884760143078,1.3997907194298005,345.0547627573303,0.5830155142164857,0.035110220229933126,1796.5655517578125,12.6697827880121,0.0
-9223372036854775807,-20480,16384,19.163645209497997,1373.4659712536625,864.945613770964,1.587921771480714,508.5203574826985,0.6133155604080519,0.09980555348746241,2550.3818359375,12.6697827880121,0.0
-9223372036854775807,-16384,16384,18.849790107674938,1215.3337237791472,859.2962219381488,1.4143361657496332,356.0375018409984,0.5855252408006438,0.0993756441161251,2534.270751953125,12.6697827880121,0.0
-9223372036854775807,-12288,16384,18.843182516156126,1332.847803872132,859.1772852908102,1.5513070779344407,473.67051858132186,0.6077667831793334,0.0,2715.2900390625,12.6697827880121,0.0
-9223372036854775807,-8192,16384,19.10783195862164,1232.6194738607865,863.9409752551895,1.426740378295748,368.67849860559693,0.5876443152712372,0.050886198897481784,2176.0,12.6697827880121,0.0
-9223372036854775807,-4096,16384,18.937418690435734,1353.2708607181057,860.8735364278432,1.5719740513031026,492.39732429026253,0.6109176731149879,0.11468274081963314,2626.34033203125,12.6697827880121,0.0
-9223372036854775807,0,16384,18.917986975401224,1206.8833520509359,860.5237655572221,1.4024985716337917,346.3595864937138,0.5834844319461338,0.12028927630549881,2534.270751953125,12.6697827880121,0.0
-9223372036854775807,4096,16384,19.079277851887518,1108.1854134872463,863.4270013339753,1.2834731966629775,244.7584121532709,0.5617856833713993,0.0,2575.9501953125,12.6697827880121,0.0
-9223372036854775807,8192,16384,19.149485365531532,1468.6061055127727,864.6907365795676,1.6984177618486997,603.9153689332052,0.6291428232393922,0.05323271964875042,2063.93798828125,12.6697827880121,0.0
-9223372036854775807,12288,16384,18.96025599788248,1484.032027861365,861.2846079618846,1.7230448729057508,622.7474198994803,0.6324943552815344,0.10005219028679972,2807.25927734375,12.6697827880121,0.0
-9223372036854775807,16384,16384,18.850705026453152,1215.6617762033566,859.3126904761567,1.4146908217190903,356.34908572719985,0.5855860925629723,0.10720408717374837,2715.2900390625,12.6697827880121,0.0
-9223372036854775807,20480,16384,18.871809541239273,1322.4350052432815,859.6925717423069,1.5382650132281028,462.7424335009746,0.6057525080917483,0.0,2485.310546875,12.6697827880121,0.0
-9223372036854775807,24576,16384,19.066434687366705,1293.4636272025505,863.1958243726007,1.4984590873602555,430.2678028299498,0.5994753371567909,0.06007592278402031,2179.761474609375,12.6697827880121,0.0
-9223372036854775807,28672,16384,18.974201481267674,1473.235932008815,861.5356266628181,1.7100116192703891,611.700305345997,0.6307277467008173,0.110982395403521,2807.25927734375,12.6697827880121,0.0
-9223372036854775807,32768,16384,19.059348638086067,1322.281421166953,863.0682754855493,1.532070473130364,459.2131456814036,0.6047895371867934,0.12765103206772696,2626.34033203125,12.6697827880121,0.0
-9223372036854775807,-32768,20480,18.27934238972847,1232.5898615901722,849.0281630151125,1.451765577731763,383.5616985750597,0.5918463429335694,0.15351217423322136,2748.276611328125,15.298804780876495,0.0
-9223372036854775807,-28672,20480,17.372924682963294,592.4498583026605,841.5967981232868,0.7039592589037769,-249.14693982062636,0.4128436212507441,0.279724873772916,461.51055908203125,15.298804780876495,115.60521702386107
-9223372036854775807,-24576,20480,17.546171478196335,715.6379201569109,863.6630884313859,0.8286077403825104,-148.02516827447494,0.45284911941947026,0.3696640189660784,1583.2725830078125,15.298804780876495,174.54000993358778
-9223372036854775807,-20480,20480,17.436180988585782,821.7696636406233,846.8748600420536,0.9703554827448962,-25.10519640143025,0.49218240888070863,0.27788247005319666,689.3010864257812,15.298804780876495,130.20284310309023
-9223372036854775807,-16384,20480,18.241804094903785,1252.1852686502891,848.3524737082681,1.4760200594180046,403.832794942021,0.5958423888428293,0.2423902099824149,2715.2900390625,15.298804780876495,0.0
-9223372036854775807,-12288,20480,17.632781472151727,733.5137759928016,844.4167148082112,0.8686632596553959,-110.90293881540958,0.46456369059076197,0.2689324136388696,362.0386657714844,15.298804780876495,111.29894482473728
-9223372036854775807,-8192,20480,17.153274827798928,695.0949902009174,856.5909487242326,0.8114666530578687,-161.49595852331515,0.4476726250783841,0.3521010062213364,1583.2725830078125,15.298804780876495,174.7218643886368
-9223372036854775807,-4096,20480,17.601463824828304,758.8708362908261,847.7458452927726,0.8951631441245776,-88.87500900194652,0.4720471272687298,0.2602609093005931,572.4334106445312,15.298804780876495,119.71861220102905
-9223372036854775807,0,20480,18.22207828135846,1171.4536537178722,847.9974090644523,1.381435416188678,323.45624465341984,0.5797980833570331,0.17163480095643516,2626.34033203125,15.298804780876495,0.0
-9223372036854775807,4096,20480,17.391999317638003,595.229305324262,845.196959940891,0.7042492265541151,-249.96765461662903,0.4129446782453131,0.29697773852597215,640.0,15.298804780876495,129.4160537538803
-9223372036854775807,8192,20480,16.94327082510246,699.5871500278635,856.231588679086,0.8170536561342254,-156.64443865122257,0.449369687449241,0.37593507818476146,1810.193359375,15.298804780876495,187.59195741513656
-9223372036854775807,12288,20480,17.636154385217854,920.7965951826907,847.2660391743876,1.0867856760551318,73.53055600830305,0.5204997139727228,0.2546595315661207,512.0,15.298804780876495,116.89751335700146
-9223372036854775807,16384,20480,18.152379155129058,1241.6795624042506,846.7428247923231,1.4664187590946425,394.9367376119276,0.5942692918449298,0.30571084183634584,2807.25927734375,15.298804780876495,0.0
-9223372036854775807,20480,20480,17.504984507593605,708.8423631974332,837.6226076195313,0.8462550517970341,-128.78024442209812,0.4580668232013089,0.2768773054939348,128.0,15.298804780876495,99.57792976701414
-9223372036854775807,24576,20480,16.92636043439407,602.4741897790601,856.7152305987202,0.7032373982169288,-254.24104081966004,0.41260002392236755,0.377100554322881,1863.7081298828125,15.298804780876495,187.3592745824688
-9223372036854775807,28672,20480,17.394349354928003,759.6242069509266,845.239260612111,0.8987090902531158,-85.61505366118445,0.4730316258477982,0.2862491285283021,640.0,15.298804780876495,130.1855944655448
-9223372036854775807,32768,20480,18.092544149538394,1173.0206683055656,845.6657946916911,1.3870972146073615,327.3548736138745,0.5807934497737726,0.21139924085917564,2462.129150390625,15.298804780876495,0.0
-9223372036854775807,-32768,24576,17.48091179829944,1307.4858181435598,834.65641236939,1.5664958643664166,472.8294057741698,0.6100788830196398,0.40690491783565336,1924.261962890625,17.754944772668892,0.0
-9223372036854775807,-28672,24576,16.153905826937407,637.2920065498839,844.0617903169881,0.7550300391047774,-206.76978376710417,0.4299189625964294,0.5821368490924986,1949.637939453125,17.754944772668892,202.05262565772352
-9223372036854775807,-24576,24576,18.019646557406478,781.7410986708425,861.4642107825936,0.9074562690894298,-79.7231121117511,0.47545224077320825,0.4764184267411422,923.0211181640625,17.754944772668892,139.12345750951684
-9223372036854775807,-20480,24576,16.42186841719664,927.6597995794364,842.6965952544698,1.1008230065285955,84.96320432496657,0.5237002572068056,0.5361185659869013,1536.0,17.754944772668892,171.54684763723424
-9223372036854775807,-16384,24576,17.458263340691676,1115.085430865694,834.2487401324502,1.3366342401531905,280.8366907332438,0.5717407034380239,0.26243485193688537,1832.68115234375,17.754944772668892,0.0
-9223372036854775807,-12288,24576,15.965936314890577,504.1673054136823,845.1614653902872,0.5965337110830803,-340.99415997660486,0.3733663358987065,0.40276249304654993,2268.165771484375,17.754944772668892,213.47514710268672
-9223372036854775807,-8192,24576,15.287059299603742,674.3103027352311,868.1608102333796,0.7767112898749282,-193.85050749814854,0.4368791207490155,0.7144706785674482,5623.26611328125,17.754944772668892,379.1529115342867
-9223372036854775807,-4096,24576,16.082017894838096,899.8241255158445,844.1776907387788,1.065917916793521,55.64643477706568,0.5156579879367563,0.5987138519523869,2048.0,17.754944772668892,195.8451627657439
-9223372036854775807,0,24576,17.281618842586496,1112.3863155446095,831.069139166557,1.3385003282159813,281.3171763780525,0.5720811514861088,0.3431481895959978,1562.4390869140625,17.754944772668892,0.0
-9223372036854775807,4096,24576,16.436631340137506,589.5415669584805,848.7833541004694,0.6945724890932501,-259.2417871419889,0.40959588646928935,0.4406412001517076,1924.261962890625,17.754944772668892,194.59337137044182
-9223372036854775807,8192,24576,15.208105739320384,699.5838133482106,864.0674849656791,0.8096402486155327,-164.48367161746853,0.44711803460751987,0.6873196440799487,5291.52685546875,17.754944772668892,366.2705723149965
-9223372036854775807,12288,24576,16.388148456867725,941.7629417327682,846.5713852677487,1.1124436262807451,95.19155646501952,0.5263202787326262,0.5579761240599628,1832.68115234375,17.754944772668892,185.4423501348689
-9223372036854775807,16384,24576,17.426939304898152,1051.3532160422026,833.6849074881668,1.2610918185023343,217.66830855403578,0.5574400659909425,0.25805505984408533,2048.0,17.754944772668892,0.0
-9223372036854775807,20480,24576,16.10999551300346,498.09424271799975,843.8110170209399,0.5902912295178521,-345.7167743029401,0.3709079543070888,0.3890505510491251,1987.0943603515625,17.754944772668892,199.83197214305213
-9223372036854775807,24576,24576,14.882721864481123,631.2150315015402,860.3632657551952,0.7336610669302378,-229.148234253655,0.42290245855890685,0.6792638419071829,5557.3232421875,17.754944772668892,403.96973538555085
-9223372036854775807,28672,24576,16.300654827566333,802.6574933955328,849.4904473303145,0.9448693577638652,-46.8329539347817,0.485532766682158,0.57949573005575,2145.6708984375,17.754944772668892,200.13515290002408
-9223372036854775807,32768,24576,17.578567828337686,1216.5586932945257,836.4142209100784,1.4544930763740758,380.14447238444734,0.5922953924470982,0.2554713270988556,1936.991455078125,17.754944772668892,0.0
-9223372036854775807,-32768,28672,16.862354145961838,1155.148614434586,823.5223746273131,1.4026924465256347,331.626239807273,0.583505350544119,0.2176694646379365,3280.8974609375,20.054712758020393,0.0
-9223372036854775807,-28672,28672,17.526345245898295,612.4554398163971,835.4742144261693,0.7330632462870817,-223.0187746097722,0.422695082554964,0.2961229765310125,256.0,20.054712758020393,0.0
-9223372036854775807,-24576,28672,15.454746589542935,691.0994787258238,827.3236891882976,0.8353435151891687,-136.22421046247382,0.45484332035990455,0.42552717870571827,1668.915771484375,20.054712758020393,182.12522207054306
-9223372036854775807,-20480,28672,17.86556232256374,1358.8746053637544,841.5801218061473,1.614670511047031,517.2944835576071,0.6172621169960042,0.18870490500167225,128.0,20.054712758020393,0.0
-9223372036854775807,-16384,28672,16.844137225300713,1254.20095102465,823.1944700554128,1.5235779595801031,431.00648096923726,0.6034467446877311,0.2465205275404152,1889.8973388671875,20.054712758020393,0.0
-9223372036854775807,-12288,28672,16.10852080727939,548.624515409944,816.980022840509,0.6715274548604803,-268.355507430565,0.40145082213198346,0.3645113964355886,362.0386657714844,20.054712758020393,114.86905927564138
-9223372036854775807,-8192,28672,15.11863907241837,747.6986449377645,834.0217054555327,0.8964978249929124,-86.32306051776823,0.47241361668974907,0.5174494454096751,2575.9501953125,20.054712758020393,229.4096408337467
-9223372036854775807,-4096,28672,15.782711023533333,941.8556748356148,814.1930518209435,1.156796502658864,127.66262301467123,0.5360441406925845,0.47475275008602924,527.7575073242188,20.054712758020393,121.46703041535338
-9223372036854775807,0,28672,16.684861215401227,1288.9297984081868,820.3275018772221,1.571238067063001,468.60229653096474,0.6107927209795039,0.23723206539083289,2807.25927734375,20.054712758020393,0.0
-9223372036854775807,4096,28672,16.23697853613165,549.6222773605733,814.7985001332162,0.6745499375253051,-265.17622277264286,0.402529598509111,0.3049574298591175,128.0,20.054712758020393,96.24450381660179
-9223372036854775807,8192,28672,15.344953161049762,719.194193414619,827.1923604460384,0.8694400816598636,-107.99816703141937,0.4647799165762834,0.4269299423692623,1792.0,20.054712758020393,190.0436929127814
-9223372036854775807,12288,28672,17.8670971613278,1348.027993772843,841.6077489039003,1.6017295414978039,506.42024486894275,0.6153592619308238,0.17588277488351373,404.77154541015625,20.054712758020393,0.0
-9223372036854775807,16384,28672,16.606183277372594,1311.5652652916967,818.9112989927066,1.6015962496853737,492.6539662989901,0.6153317785748332,0.23796990027002354,3359.84765625,20.054712758020393,0.0
-9223372036854775807,20480,28672,17.86092520803184,483.4929858479988,841.4966537445731,0.574563171102945,-358.0036678965743,0.36462802680461254,0.29821962617976633,128.0,20.054712758020393,0.0
-9223372036854775807,24576,28672,15.418339076873412,728.8544634680736,835.7943321221758,0.8720500193120838,-106.93986865410216,0.46552870958093484,0.4310351917774773,2304.0,20.054712758020393,214.53452869121492
-9223372036854775807,28672,28672,15.724495063803609,1052.1026593300262,817.0770496508871,1.287641917955667,235.02560967913905,0.5625676796072884,0.48372777401971306,746.36181640625,20.054712758020393,132.73227248817864
-9223372036854775807,32768,28672,16.90942886014579,1089.697045860388,824.3697194826243,1.3218547699014025,265.3273263777637,0.5690125616404865,0.22487238043592656,2715.2900390625,20.054712758020393,0.0
-9223372036854775807,-32768,32768,16.2589785665821,1125.8985191142044,812.6616141984778,1.385445675596072,313.23690491572665,0.58049167941559,0.0,2534.270751953125,22.21258134490239,0.0
-9223372036854775807,-28672,32768,16.1497831340243,1349.602012068916,810.6960964124373,1.6647446781121704,538.9059156564788,0.624440472497901,0.0,2996.403076171875,22.21258134490239,0.0
-9223372036854775807,-24576,32768,16.115920665532116,1250.8089294051715,810.0865719795781,1.5440435290127286,440.7223574255934,0.60663061176725,0.055267208763197254,2307.552734375,22.21258134490239,0.0
-9223372036854775807,-20480,32768,15.99187832156713,1289.9397389122598,807.8538097882083,1.5967489702752506,482.0859291240515,0.6146101124195685,0.1187656026156925,2807.25927734375,22.21258134490239,0.0
-9223372036854775807,-16384,32768,16.26004275538345,1403.0280631177366,812.6807695969021,1.7264196663760762,590.3472935208345,0.632932951054087,0.13607317663214732,2715.2900390625,22.21258134490239,0.0
-9223372036854775807,-12288,32768,16.031982523423046,1265.4006627900844,808.5756854216148,1.5649749128064219,456.8249773684696,0.6098385959341943,0.0,2560.0,22.21258134490239,0.0
-9223372036854775807,-8192,32768,16.021989569495204,1422.6205183124362,808.3958122509137,1.7598068876077708,614.2247060615225,0.63737012083302,0.06478356858566557,1431.08349609375,22.21258134490239,0.0
-9223372036854775807,-4096,32768,15.918422955664564,1294.0591185157077,806.5316132019622,1.6044741425301883,487.52750531374556,0.6157522009330755,0.10446271936430317,2769.0634765625,22.21258134490239,0.0
-9223372036854775807,0,32768,15.95357909893877,1321.5672802334557,807.1644237808978,1.6372962450983728,514.4028564525579,0.6205322847673347,0.0,2715.2900390625,22.21258134490239,0.0
-9223372036854775807,4096,32768,15.882822303547774,1174.7225835260772,805.8908014638599,1.4576696760804975,368.83178206221726,0.5928111873003132,0.0,2807.25927734375,22.21258134490239,0.0
-9223372036854775807,8192,32768,16.216701481974955,1385.8517153181172,811.9006266755491,1.7069228299437313,573.951088642568,0.6302900462457401,0.05811737795109118,2048.0,22.21258134490239,0.0
-9223372036854775807,12288,32768,16.24287162817179,1354.8610237891291,812.3716893070923,1.6677846380204977,542.4893344820368,0.6248688231690763,0.10712033932506539,3042.525146484375,22.21258134490239,0.0
-9223372036854775807,16384,32768,16.20986398214229,1216.0970653706638,811.7775516785612,1.4980668815688079,404.31951369210265,0.5993948838195547,0.1289737490864361,5527.7626953125,22.21258134490239,0.0
-9223372036854775807,20480,32768,15.902433373674988,1240.2525948483049,806.2438007261499,1.538309620156163,434.008794122155,0.6057410394123474,0.0,2921.654296875,22.21258134490239,0.0
-9223372036854775807,24576,32768,15.976614930555046,1379.5733688755383,807.5790687499908,1.7082827208621285,571.9943001255475,0.6304740680555969,0.04523111571645443,1810.193359375,22.21258134490239,0.0
-9223372036854775807,28672,32768,15.955141492288195,1326.8295149392266,807.1925468611876,1.6437583821836261,519.636968078039,0.6214593931738308,0.11943323488988128,2638.78759765625,22.21258134490239,0.0
-9223372036854775807,32768,32768,16.133354945343836,1255.6578396821847,810.400389016189,1.549428969557295,445.25745066599563,0.6074612810848934,0.12909423979652201,2626.34033203125,22.21258134490239,0.0
-1,-32768,-32768,16.095718790160518,1412.8637573038284,809.7229382228893,1.744873080173153,603.1408190809391,0.6353985478264219,0.25171571902688056,2534.270751953125,-22.21258134490239,0.0
-1,-28672,-32768,15.978824471975615,1121.5227241821733,807.618840495561,1.3886782575478285,313.9038836866123,0.5810572367884467,0.0,2083.68896484375,-22.21258134490239,0.0
-1,-24576,-32768,16.08422117220775,1226.2455818151166,809.5159810997395,1.5147886026280095,416.72960071537705,0.6020565215597492,0.06404516981263932,1846.042236328125,-22.21258134490239,0.0
-1,-20480,-32768,16.27176423446716,1441.580809377966,812.8917562204089,1.7733982394909333,628.6890531575572,0.6391480133102466,0.10637662454812773,2353.25146484375,-22.21258134490239,0.0
-1,-16384,-32768,16.146147904920248,1262.8877308493354,810.6306622885645,1.557907675591697,452.2570685607709,0.6087618866271423,0.12329322599877542,2715.2900390625,-22.21258134490239,0.0
-1,-12288,-32768,16.129306112217346,1265.2351792936695,810.3275100199122,1.5613874188506556,454.9076692737573,0.6092930330516048,0.0,2638.78759765625,-22.21258134490239,0.0
-1,-8192,-32768,16.171549887955056,1245.4758068896379,811.0878979831909,1.5355620642184076,434.3879089064469,0.6053157935961049,0.07263614685482189,1668.915771484375,-22.21258134490239,0.0
-1,-4096,-32768,15.943066954745666,1251.0810598638734,806.975205185422,1.5503339530443285,444.10585467845135,0.6075992585049255,0.11222827897832081,2842.061279296875,-22.21258134490239,0.0
-1,0,-32768,16.01362642233325,1383.421904460993,808.2452756019985,1.71163623991565,575.1766288589944,0.6309310948053911,0.1099605952509471,2626.34033203125,-22.21258134490239,0.0
-1,4096,-32768,15.998224718011631,1200.7756537408172,807.9680449242094,1.4861672578319045,392.80760881660785,0.5974770089033906,0.0,2715.2900390625,-22.21258134490239,0.0
-1,8192,-32768,16.107949579890043,1307.6635844857349,809.9430924380208,1.6145129166414875,497.72049204771406,0.6172281050225327,0.06968624555257744,1920.0,-22.21258134490239,0.0
-1,12288,-32768,16.259384803678806,1362.5192689794592,812.6689264662185,1.6765982118993905,549.8503425132407,0.6261036025427106,0.11559955174374927,2721.3173828125,-22.21258134490239,0.0
-1,16384,-32768,16.234939398767455,1283.5781739633383,812.2289091778142,1.5803157945494102,471.34926478552404,0.6121584499993463,0.2057020038453479,2626.34033203125,-22.21258134490239,0.0
-1,20480,-32768,16.10572710298379,1142.0960124354347,809.9030878537083,1.4101637955993693,332.1929245817264,0.5847908543666746,0.0,2428.629150390625,-22.21258134490239,0.0
-1,24576,-32768,16.03642157596758,1440.1498567011731,808.6555883674164,1.78091869693088,631.4942683337567,0.640121953592866,0.04684151534512404,2023.857666015625,-22.21258134490239,0.0
-1,28672,-32768,15.95387134431517,1474.824686165385,807.1696841976731,1.8271556960558561,667.6550019677119,0.6460045216540976,0.0958744841738772,2715.2900390625,-22.21258134490239,0.0
-1,32768,-32768,15.976279575845759,1419.0390290772382,807.5730323652236,1.7571649525259037,611.4659967120145,0.637022511073296,0.10457617694722567,2534.270751953125,-22.21258134490239,0.0
-1,-32768,-28672,16.65856698640324,1152.7694994239623,819.8542057552584,1.40606645831867,332.91529366870395,0.5840877855281342,0.2214939376733279,2807.25927734375,-20.054712758020393,0.0
-1,-28672,-28672,15.920117744767515,470.39379642519964,815.4462732357629,0.5768544315723407,-345.05247681056323,0.3655417697314415,0.30098167561555655,461.51055908203125,-20.054712758020393,118.6769085149697
-1,-24576,-28672,15.606214153343497,647.399952358388,835.269313950009,0.7750792966364558,-187.869361591621,0.43635058503922586,0.4427936867026072,2023.857666015625,-20.054712758020393,196.77088172563535
-1,-20480,-28672,15.72185839026984,941.2661666751337,821.4107677646207,1.1459140829583794,119.85539891051303,0.5336953431180037,0.49309343668960154,999.7119750976562,-20.054712758020393,135.09690513953439
-1,-16384,-28672,16.958625854585026,1135.1789999879131,825.2552653825305,1.3755489332888093,309.9237346053826,0.5787494488241334,0.22594441676774518,2514.801025390625,-20.054712758020393,0.0
-1,-12288,-28672,15.950012938194549,522.5077191646245,812.11254323707,0.6433932384320966,-289.60482407244547,0.39120978759715586,0.29680219392935836,256.0,-20.054712758020393,105.38106411555093
-1,-8192,-28672,15.498590481719116,678.0793075631548,836.2993107110995,0.8108093584180868,-158.22000314794468,0.4474652732895005,0.4565454631985092,2235.423828125,-20.054712758020393,212.21957697887802
-1,-4096,-28672,15.88626442225626,1055.9574887818258,814.8369134305602,1.2959126806566963,241.12057535126553,0.5641418136167766,0.4476368688268793,461.51055908203125,-20.054712758020393,115.95212638721603
-1,0,-28672,16.756379798273198,1200.5921066552482,821.6148363689176,1.461259039529033,378.9772702863306,0.5934104322816709,0.2337006367388553,2807.25927734375,-20.054712758020393,0.0
-1,4096,-28672,16.073565370434476,535.3182677644724,821.4651488912275,0.6516627862874257,-286.14688112675515,0.39425895264135175,0.29956628174310457,640.0,-20.054712758020393,131.18092465020993
-1,8192,-28672,15.602179576732778,701.112703338531,835.7668817726791,0.8388854818600329,-134.6541784341481,0.45589570869284335,0.4714984363591573,2063.93798828125,-20.054712758020393,205.7090390928891
-1,12288,-28672,17.787912266944794,1396.6577256958508,840.1824208050064,1.662326765129967,556.4753048908444,0.6241096924995736,0.1958222623486629,286.2167053222656,-20.054712758020393,0.0
-1,16384,-28672,16.787931459279932,1265.7238017400543,822.1827662670388,1.5394676873207005,443.54103547301554,0.6059264790131851,0.252921154508956,2842.061279296875,-20.054712758020393,0.0
-1,20480,-28672,15.786916988799728,566.7556018141797,820.1652862046235,0.691026078946701,-253.40968439044377,0.4083486362275293,0.3098151310110339,858.6500854492188,-20.054712758020393,139.21808471606943
-1,24576,-28672,15.44167758629767,780.7870614426764,834.4519964383685,0.935688409609245,-53.66493499569208,0.48308884606855124,0.4710443436733474,2176.0,-20.054712758020393,202.41021362839274
-1,28672,-28672,15.890017742915253,999.0213269264298,811.6102655026489,1.2309126305933464,187.4110614237809,0.5514483911085467,0.41209365034289935,286.2167053222656,-20.054712758020393,104.11839938369874
-1,32768,-28672,16.57525135117918,1254.2919614380664,818.3545243212252,1.5326999780179924,435.93743711684124,0.6048726097007763,0.2248310192476513,2715.2900390625,-20.054712758020393,0.0
-1,-32768,-24576,17.37140750749591,1036.8907998173001,832.6853351349264,1.2452372535770488,204.20546468237376,0.5543162774520171,0.2502152625343351,1920.0,-17.754944772668892,0.0
-1,-28672,-24576,16.188869889991068,512.400796205952,842.652371847081,0.6080808804736137,-330.25157564112897,0.3778618776000034,0.3766551089181391,1810.193359375,-17.754944772668892,189.07564701246315
-1,-24576,-24576,15.264993818657171,597.8183558391661,867.091864498269,0.6894521564737384,-269.27350865910296,0.40781375799505337,0.7023951786875764,5538.126953125,-17.754944772668892,380.3122173278169
-1,-20480,-24576,16.06338779432237,828.7143814784996,847.8370019793986,0.9774454046517733,-19.12262050089896,0.49400238326547685,0.6011313309701033,2335.78076171875,-17.754944772668892,212.2147425095483
-1,-16384,-24576,17.468077438924162,1105.909434467686,834.4253939006348,1.3253544805221735,271.4840405670511,0.5696644485573854,0.25622277872593574,1683.5771484375,-17.754944772668892,0.0
-1,-12288,-24576,16.08479976719282,543.3401129549412,848.5526873881099,0.640313938109572,-305.2125744331687,0.3900803513530429,0.4313987956257441,2360.203369140625,-17.754944772668892,215.40262118938614
-1,-8192,-24576,14.944678864947281,652.4356754362656,863.2414667716664,0.7557974223321683,-210.80579133540084,0.4301743972263403,0.7349864660596304,5784.12744140625,-17.754944772668892,416.8119971341564
-1,-4096,-24576,16.402993852888436,894.1854710278161,848.1160049031489,1.0543197697700895,46.0694661246672,0.5129264693304407,0.5904572074485809,1920.0,-17.754944772668892,194.79735015763123
-1,0,-24576,17.47051900083881,1016.1358386200945,834.4693420150986,1.2177030208998485,181.66649660499593,0.5487864525586978,0.2944328316743008,1924.261962890625,-17.754944772668892,0.0
-1,4096,-24576,16.125836493998918,501.57046670680734,846.766856776991,0.5923359690953323,-345.1963900701836,0.3717161439007878,0.4760134664677362,2176.0,-17.754944772668892,202.2866962084791
-1,8192,-24576,15.127713774443142,740.4434117287396,864.0616092429833,0.8569335841427472,-123.61819751424366,0.46119034326070835,0.6820799137893542,5468.16259765625,-17.754944772668892,371.22341142729715
-1,12288,-24576,16.22519182028448,824.3939088694773,845.405573430846,0.9751460538920999,-21.01166456136866,0.4934128347552923,0.5754035664925483,1953.835205078125,-17.754944772668892,198.71163754387106
-1,16384,-24576,17.610008866166282,1192.8631349220218,836.980159590993,1.425198818936088,355.8829753310288,0.5873733035655337,0.2691064974398236,2048.0,-17.754944772668892,0.0
-1,20480,-24576,16.354771156438826,601.2763410863399,848.7433400057249,0.7084312921763654,-247.466998919385,0.4143819335612375,0.4584406134054235,2023.857666015625,-17.754944772668892,197.62469681493195
-1,24576,-24576,15.29312996679715,604.2767136936537,867.5158861030828,0.6965598248674035,-263.2391724094291,0.4102931490673238,0.6967418987867716,5527.7626953125,-17.754944772668892,379.31527561680184
-1,28672,-24576,16.141099352828256,927.7635388608761,845.4674377423977,1.0973379901397846,82.29610111847842,0.5229102360939831,0.5794824073034075,2063.93798828125,-17.754944772668892,207.23935754115934
-1,32768,-24576,17.533576733465786,1228.9957550480744,835.6043812023842,1.4707866338369646,393.3913738456903,0.5949824138175096,0.2553817711133877,1920.0,-17.754944772668892,0.0
-1,-32768,-20480,18.07820399870223,1163.466298320537,845.4076719766401,1.3762192334974281,318.0586263438968,0.5788752506449489,0.14491337874167085,2757.204345703125,-15.298804780876495,0.0
-1,-28672,-20480,19.410791107280566,709.473146899991,869.3942399310502,0.8160545749144344,-159.92109303105917,0.4490713289063328,0.25201530885668344,256.0,-15.298804780876495,0.0
-1,-24576,-20480,16.968777298258768,725.1712137407328,861.139646905545,0.8421064067211319,-135.96843316481215,0.45685519561396903,0.3843635784222776,2118.777099609375,-15.298804780876495,200.4600298656532
-1,-20480,-20480,17.438884803037556,1085.9751980266938,837.4662448893214,1.2967390681760733,248.50895313737237,0.5643066989771156,0.0,181.0193328857422,-15.298804780876495,104.19047106598528
-1,-16384,-20480,18.248850886738992,1251.716108768105,848.4793159613018,1.4752464617831582,403.2367928068031,0.5957161785317049,0.15764492406293626,2626.34033203125,-15.298804780876495,0.0
-1,-12288,-20480,17.37046016946907,617.620626783561,844.8092552738502,0.731077012861744,-227.18862849028926,0.42203636426725044,0.2726448151686763,640.0,-15.298804780876495,125.431046549628
-1,-8192,-20480,17.19178885521407,691.92756711045,865.044940431551,0.7998747056601051,-173.117373321101,0.44412052443858446,0.39126355864813034,2111.030029296875,-15.298804780876495,204.49970054066085
-1,-4096,-20480,17.268727668814346,788.1459781026427,844.8732365410805,0.9328570772691538,-56.72725843843773,0.48233580795100245,0.2975473897459612,746.36181640625,-15.298804780876495,142.8206277581364
-1,0,-20480,18.190892967939426,1170.3686790148824,847.4360734229097,1.381070166493626,322.9326055919728,0.5797334673408178,0.18700953849751595,2209.62255859375,-15.298804780876495,0.0
-1,4096,-20480,17.120013107514044,646.0332506319554,849.586177428142,0.7604093237340798,-203.55292679618663,0.43166167598755345,0.305989233277821,1180.1016845703125,-15.298804780876495,155.0407759047282
-1,8192,-20480,16.924710450385156,624.9766718237568,862.9574001002737,0.724226562923194,-237.98072827651697,0.41974771321885956,0.40803752809035115,2307.552734375,-15.298804780876495,212.8253273124343
-1,12288,-20480,17.496920935693264,818.2136641279978,843.8287306724262,0.9696442351233806,-25.615066544428373,0.49199807935515005,0.25884350896666664,461.51055908203125,-15.298804780876495,118.3385374985351
-1,16384,-20480,18.099543247470866,1293.3285590147993,845.7917784544757,1.5291335195739457,447.5367805603237,0.6043251570349452,0.14106840515292762,2626.34033203125,-15.298804780876495,0.0
-1,20480,-20480,17.52721002633261,636.5866471655722,844.3739343039346,0.7539155595682223,-207.78728713836233,0.4295570713050513,0.27908808016031555,461.51055908203125,-15.298804780876495,115.12538307054139
-1,24576,-20480,17.181918940935137,639.743990984356,861.3152837164594,0.7427523963396386,-221.57129273210342,0.4259112817713416,0.3736527890192249,1863.7081298828125,-15.298804780876495,186.13896134102617
-1,28672,-20480,19.389629115637863,1131.6887326666276,869.0133240814815,1.3022685628701784,262.6754085851461,0.5653632261861824,0.0,286.2167053222656,-15.298804780876495,0.0
-1,32768,-20480,18.042386164627107,1101.6087768509435,844.762950963288,1.3040448513926572,256.84582588765556,0.5656900329386064,0.13388416244427245,2807.25927734375,-15.298804780876495,0.0
-1,-32768,-16384,19.125677634794215,1257.6711668126081,864.2621974262959,1.4551963172262457,393.40896938631226,0.5924214052114151,0.12707839326281173,2715.2900390625,-12.6697827880121,0.0
-1,-28672,-16384,18.863205946247025,1343.789043453217,859.5377070324464,1.563385797340582,484.2513364207705,0.6096142702787369,0.0,3169.131103515625,-12.6697827880121,0.0
-1,-24576,-16384,18.944235741060712,1433.7340210500518,860.9962433390929,1.6652035733510084,572.7377777109589,0.6245219846990798,0.06267600477122438,1924.261962890625,-12.6697827880121,0.0
-1,-20480,-16384,18.91542234248845,1378.9814240195399,860.4776021647922,1.6025767789310195,518.5038218547477,0.6154905793425945,0.10123015407045793,2721.3173828125,-12.6697827880121,0.0
-1,-16384,-16384,19.066486611410642,1496.3709252227682,863.1967590053916,1.7335224091283012,633.1741662173765,0.6339029951229888,0.2371487510200453,2534.270751953125,-12.6697827880121,0.0
-1,-12288,-16384,18.9881481038894,1147.0005125561156,861.7866658700092,1.3309564396638365,285.2138466861064,0.5707074484644379,0.0,2626.34033203125,-12.6697827880121,0.0
-1,-8192,-16384,18.99390095184944,1419.0236776025656,861.89021713329,1.6464088458067692,557.1334604692756,0.6218568022553829,0.05646782055139767,1958.0234375,-12.6697827880121,0.0
-1,-4096,-16384,18.873574506494542,1481.9109885801358,859.7243411169018,1.723704817587143,622.1866474632341,0.6325828735673447,0.110595581643649,2353.25146484375,-12.6697827880121,0.0
-1,0,-16384,19.05626579670361,1225.6451378946485,863.0127843406649,1.4201934897534942,362.63235355398365,0.5865290796416919,0.11662357214026019,2534.270751953125,-12.6697827880121,0.0
-1,4096,-16384,19.12884485079127,1184.5278321412977,864.3192073142429,1.3704749612380598,320.2086248270548,0.5778615717863124,0.0,2591.802490234375,-12.6697827880121,0.0
-1,8192,-16384,19.12899459835768,1294.1098264261448,864.3219027704382,1.4972544630398625,429.78792365570655,0.5992825838988753,0.07163007451939357,1792.0,-12.6697827880121,0.0
-1,12288,-16384,19.228914617377324,1512.7489045972732,866.1204631127919,1.7465802610880852,646.6284414844813,0.6356436723469641,0.12086888140034971,2715.2900390625,-12.6697827880121,0.0
-1,16384,-16384,18.952885306446962,1359.9684960935333,861.1519355160453,1.5792433831999368,498.81656057748796,0.6120138570115432,0.13697684134762647,2534.270751953125,-12.6697827880121,0.0
-1,20480,-16384,19.186348332227144,1101.394554596603,865.3542699800886,1.2727672270247716,236.04028461651444,0.5597231419175354,0.0,2626.34033203125,-12.6697827880121,0.0
-1,24576,-16384,19.118762836212603,1394.8705111323038,864.1377310518269,1.6141761446227674,530.7327800804769,0.6171970903009915,0.043516287219349484,1782.833740234375,-12.6697827880121,0.0
-1,28672,-16384,18.851380022988938,1329.281282917472,859.3248404138009,1.5468903264536928,469.95644250367116,0.6070869407759509,0.1088634269917972,2807.25927734375,-12.6697827880121,0.0
-1,32768,-16384,19.13482377103809,1333.1440992130213,864.4268278786856,1.5422289732545367,468.7172713343357,0.6063684745329179,0.19646929183234635,2715.2900390625,-12.6697827880121,0.0
-1,-32768,-12288,19.929162398396656,1207.7709408192961,878.7249231711398,1.3744585011435615,329.0460176481563,0.578574052123166,0.23302880096016668,2807.25927734375,-9.848959817611854,0.0
-1,-28672,-12288,19.2278643512273,521.0185970765798,871.1138686716596,0.5981061900335354,-350.0952715950798,0.3739907079092764,0.3081942211057104,256.0,-9.848959817611854,105.21837363911679
-1,-24576,-12288,18.60102269873142,690.260110703454,891.320208462176,0.7744243922107212,-201.060097758722,0.4361611871095261,0.448990922733964,2176.0,-9.848959817611854,201.0105984156392
-1,-20480,-12288,21.139089145148333,1327.7810012734146,900.50360461267,1.474487158598913,427.27739666074467,0.5956085632886946,0.17711412363814227,256.0,-9.848959817611854,0.0
-1,-16384,-12288,20.03221092616586,1321.9693247033442,880.5797966709855,1.5012487564454955,441.3895280323587,0.5999273226452271,0.23159973587024593,3263.37255859375,-9.848959817611854,0.0
-1,-12288,-12288,19.24455730543613,542.7659654953136,875.2861853277979,0.6201011447382159,-332.52021983248426,0.38248486158911493,0.2965175213291318,461.51055908203125,-9.848959817611854,119.3327116309777
-1,-8192,-12288,18.846423063755633,745.7371914286983,892.0977306987585,0.8359366533132873,-146.36053927006014,0.45504106689441187,0.4336815829807437,1920.0,-9.848959817611854,193.5010563707667
-1,-4096,-12288,19.07547989377579,1459.166250754633,866.9249565226096,1.6831517420003788,592.2412942320234,0.6270344050940296,0.2412982946261896,181.0193328857422,-9.848959817611854,100.41317021593568
-1,0,-12288,19.755144258838193,1338.5412320312887,875.5925966590875,1.5287260732201584,462.94863537220124,0.6042710443470842,0.3051224877882559,3093.259765625,-9.848959817611854,0.0
-1,4096,-12288,19.064400967587293,483.0034017204976,868.1715277661393,0.5563455910185123,-385.1681260456417,0.35720481957454525,0.2979944102478128,256.0,-9.848959817611854,106.01106236150419
-1,8192,-12288,19.009518390635687,743.673446539513,896.9294909703696,0.8291325617300731,-153.2560444308566,0.4530166397408972,0.4443780417293053,2051.99609375,-9.848959817611854,196.63418441441243
-1,12288,-12288,20.87758421550354,1360.7095391076718,895.7965158790637,1.5189940069954162,464.91302322860815,0.6027490097321874,0.39641594580755773,128.0,-9.848959817611854,0.0
-1,16384,-12288,19.877606931882568,1161.2283935527892,877.7969247738862,1.322889566800331,283.43146877890297,0.5692225400934157,0.23879086630322624,2335.78076171875,-9.848959817611854,0.0
-1,20480,-12288,18.98946634780131,481.76563677447115,871.9146476577672,0.552537611414882,-390.14901088329606,0.3556305072944828,0.3114802921061769,527.7575073242188,-9.848959817611854,121.56308150972417
-1,24576,-12288,18.57546123609822,711.3236125485498,892.670914243109,0.7968486495963379,-181.34730169455918,0.44319379329627173,0.4892617726860731,2307.552734375,-9.848959817611854,212.54178327385966
-1,28672,-12288,21.169561072679876,1244.7570823940512,901.0520993082378,1.3814485126328269,343.7049830858134,0.579817290238639,0.16898936435640208,181.0193328857422,-9.848959817611854,0.0
-1,32768,-12288,19.797815933162838,1156.7706021929819,876.3606867969311,1.3199708973949296,280.4099153960508,0.5686804034991264,0.22782304491690528,2663.507568359375,-9.848959817611854,0.0
-1,-32768,-8192,20.74775131386085,1223.170325901165,893.4595236494953,1.3690271282854616,329.71080225166963,0.5776129034829715,0.27739884994402714,1920.0,-6.81455190771961,0.0
-1,-28672,-8192,19.71817595305496,560.3522519062899,911.0058275891098,0.6150918412774689,-350.6535756828199,0.3805815037183967,0.43560368214005807,2145.6708984375,-6.81455190771961,204.8647501916987
-1,-24576,-8192,22.352465997810096,972.298225561937,929.7837880168943,1.0457250794141295,42.51443754504271,0.5109071593470039,0.5508896837820653,384.0,-6.81455190771961,112.15557410004557
-1,-20480,-8192,19.84712016394778,836.2364771748809,906.9723501491476,0.9220087878504405,-70.73587297426673,0.4794359850006252,0.5639308367991727,1707.7330322265625,-6.81455190771961,185.69046550194548
-1,-16384,-8192,20.581675579445182,1084.6324016079125,890.4701604300133,1.2180446350769767,194.1622411778992,0.548874548540308,0.2595352066978031,2318.1787109375,-6.81455190771961,0.0
-1,-12288,-8192,19.788524849475245,541.0394610253552,904.5739551036849,0.5981152320081333,-363.53449407832966,0.3740041776144385,0.39490007043564035,1619.086181640625,-6.81455190771961,176.62583101621289
-1,-8192,-8192,18.959619159437068,604.3711482338871,933.5008899226212,0.6474242871733995,-329.12974168873416,0.39273645452541556,0.7111895589418107,5526.2802734375,-6.81455190771961,395.4793531232835
-1,-4096,-8192,19.60574165729556,925.8426706222808,909.4051497163306,1.0180750250986346,16.437520905950237,0.5042035505052644,0.5993794163034262,2176.0,-6.81455190771961,202.8291605913247
-1,0,-8192,20.55689070215898,1126.2073761623894,890.0240326388616,1.2653673775788503,236.1833435235278,0.558293595493659,0.2617907151678358,2023.857666015625,-6.81455190771961,0.0
-1,4096,-8192,19.870657999541052,498.19932783958404,910.533959542896,0.5471507378919604,-412.33463170331197,0.35339970496448647,0.36353133241146124,1920.0,-6.81455190771961,191.0673493815572
-1,8192,-8192,22.45363583335577,719.7993980438374,931.192093309884,0.7729870165513757,-211.39269526604653,0.4357161654955009,0.4378184462046929,362.0386657714844,-6.81455190771961,111.1888013332686
-1,12288,-8192,19.715506179684375,843.9934724595286,910.580766771206,0.92687381862041,-66.5872943116774,0.4807506590147697,0.5907943160275247,2118.777099609375,-6.81455190771961,204.0747536334191
-1,16384,-8192,20.652304982081098,1123.1956885245334,891.7414896774598,1.2595530224020304,231.4541988470736,0.5571580804548223,0.3535142489404766,1920.0,-6.81455190771961,0.0
-1,20480,-8192,19.62171639450134,548.7425065922549,907.8922637327172,0.6044136826721593,-359.14975714046227,0.3764609062323037,0.4014456351292798,2048.0,-6.81455190771961,198.86647102930306
-1,24576,-8192,19.000946364457338,613.0598665622716,934.9078233299867,0.655743647944515,-321.8479567677151,0.39578609067366294,0.6995707508788234,5610.13916015625,-6.81455190771961,410.08089260526697
-1,28672,-8192,19.81409795435633,870.2796400084815,911.5814125699031,0.9546921734121531,-41.30177256142167,0.48813654813417884,0.5873483748644317,2063.93798828125,-6.81455190771961,206.2958697017334
-1,32768,-8192,20.759169155394567,1136.4108350029182,893.6650447971022,1.2716295010295822,242.7457902058161,0.5595117574409919,0.25358869822125085,1920.0,-6.81455190771961,0.0
-1,-32768,-4096,21.596413908864804,1112.753163306504,908.7354503595665,1.224507267617008,204.01771294693742,0.5501900756264178,0.0,2575.9501953125,-3.5413464494312943,0.0
-1,-28672,-4096,21.145089192004537,711.2702077891232,911.5311019019448,0.7803027305431822,-200.26089411282157,0.4380278569454067,0.2688589606614501,572.4334106445312,-3.5413464494312943,120.99805926919474
-1,-24576,-4096,20.75453104318778,720.0313797550986,923.4495781431006,0.7797192145595634,-203.418198388002,0.43784719810642636,0.3571447519799707,1717.3001708984375,-3.5413464494312943,182.4465544602679
-1,-20480,-4096,20.82914153029087,832.5759996139608,899.9368578948038,0.9251493505461946,-67.36085828084299,0.4802825638169524,0.2343492203302934,256.0,-3.5413464494312943,107.27005930518554
-1,-16384,-4096,21.46099467225907,1108.822533020458,906.2979041006632,1.2234636403807684,202.52462891979474,0.5499783210390838,0.13861333755038077,2977.2041015625,-3.5413464494312943,0.0
-1,-12288,-4096,20.906116780184,645.4205827652556,905.1942558732595,0.7130188670304863,-259.7736731080039,0.41596700849521934,0.2728663159204197,461.51055908203125,-3.5413464494312943,112.50822306873887
-1,-8192,-4096,20.590414007531745,622.3665301826024,923.4895676867285,0.6739291400352074,-301.12303750412605,0.4023428753585172,0.3775293261546677,1920.0,-3.5413464494312943,195.03756420810666
-1,-4096,-4096,20.838053968177444,1000.2409809436219,898.6512898618394,1.1130468427830347,101.58969108178258,0.5264724723152691,0.0,181.0193328857422,-3.5413464494312943,103.3130592556017
-1,0,-4096,21.63082711841157,1212.30781672911,909.3548881314082,1.333151481948072,302.9529285977019,0.5711259796260337,0.1735022920273794,2550.3818359375,-3.5413464494312943,0.0
-1,4096,-4096,20.77376264115298,648.6674204358692,910.7304681743782,0.7122496096305723,-262.063047738509,0.4157064202474654,0.42715731627634146,905.0966796875,-3.5413464494312943,141.33331630500666
-1,8192,-4096,20.49863127645569,683.302393380771,924.5681040139001,0.7390503635311414,-241.26571063312906,0.4247093812008354,0.39597520512697176,2111.030029296875,-3.5413464494312943,204.91985736519655
-1,12288,-4096,20.793480792176986,874.6693575727954,908.3187927616079,0.9629541572221506,-33.649435188812504,0.49028877092532325,0.29066742091173375,746.36181640625,-3.5413464494312943,135.46532575134205
-1,16384,-4096,21.6039127329039,1081.493596602911,908.8704291922702,1.189931547848965,172.62316741064092,0.5430918619568086,0.0,2521.3076171875,-3.5413464494312943,0.0
-1,20480,-4096,20.906854349134452,699.7380566812101,908.4643505078271,0.7702427247586104,-208.72629382661705,0.43483532808251013,0.31008225961321184,640.0,-3.5413464494312943,126.81398264199777
-1,24576,-4096,20.63393472628285,646.0811460113202,923.4515678527182,0.6996372831047747,-277.37042184139796,0.4113770698998962,0.37129807075980137,1863.7081298828125,-3.5413464494312943,183.36249422314916
-1,28672,-4096,20.83614734614863,1113.241597603756,898.6169706653207,1.2388388311646628,214.6246269384353,0.5530649868565127,0.23149119239011165,181.0193328857422,-3.5413464494312943,105.1196420283101
-1,32768,-4096,21.803707407506348,1366.0859109375065,912.4667333351142,1.4971350308239624,453.61917760239226,0.5992780707959517,0.30698866506945455,2672.718505859375,-3.5413464494312943,0.0
-1,-32768,0,22.41090402161035,1335.384678689202,923.3962723889863,1.4461664169753796,411.98840630021573,0.5909354524172188,0.0,2715.2900390625,0.0,0.0
-1,-28672,0,22.340522086365937,1209.0926069534219,922.1293975545868,1.3111962487692492,286.96320939883503,0.5670575598587396,0.0,2807.25927734375,0.0,0.0
-1,-24576,0,22.331791712133494,1393.966627756361,921.9722508184029,1.5119398946323872,471.9943769379581,0.6016415196130862,0.04942503643272499,2063.93798828125,0.0,0.0
-1,-20480,0,22.499229271008947,1366.0824382689473,924.986126878161,1.476868029231413,441.09631139078624,0.5960041767691491,0.10943787641817933,2626.34033203125,0.0,0.0
-1,-16384,0,22.372145368762503,1321.976836040874,922.6986166377251,1.4327287504321855,399.278219403149,0.5886767094791214,0.10854944083702216,2534.270751953125,0.0,0.0
-1,-12288,0,22.461080079397213,1300.309293059825,924.2994414291499,1.4068052351619833,376.00985163067514,0.5842488272577664,0.0,3161.36669921875,0.0,0.0
-1,-8192,0,22.63859855001757,1333.7743198929718,927.4947739003162,1.438039714535708,406.2795459926556,0.5895736822610033,0.05561387832164321,2191.007080078125,0.0,0.0
-1,-4096,0,22.40348942814366,1488.908038661688,923.2628097065859,1.6126589558338917,565.645228955102,0.6169923856275864,0.11091689981997244,3280.8974609375,0.0,0.0
-1,0,0,22.596265767877533,1459.8633200549718,926.7327838217956,1.5752796766664225,533.1305362331763,0.6114364643519794,0.12785136963388272,2534.270751953125,0.0,0.0
-1,4096,0,22.304026367543187,1271.069950740914,921.4724746157774,1.379390036876475,349.5974761251366,0.5794599347829917,0.0,2521.3076171875,0.0,0.0
-1,8192,0,22.54556503464817,1348.1630417402594,925.8201706236671,1.4561824040105826,422.3428711165923,0.5926035121548824,0.055250676933556515,1958.0234375,0.0,0.0
-1,12288,0,22.6508240494821,1500.3100451148664,927.7148328906778,1.617210366724473,572.5952122241886,0.6176593985100559,0.10229787238993299,2521.3076171875,0.0,0.0
-1,16384,0,22.35503549005772,1210.2956207186326,922.3906388210389,1.3121291238011497,287.90498189759364,0.5672322326243717,0.0,2534.270751953125,0.0,0.0
-1,20480,0,22.542378427107074,1301.3910976626944,925.7628116879273,1.4057500271477643,375.6282859747671,0.5840669678164085,0.0,2946.78125,0.0,0.0
-1,24576,0,22.394268839576615,1364.9682721091144,923.096839112379,1.4786837244742654,441.8714329967354,0.5962994523038003,0.16585422206790143,1459.424560546875,0.0,0.0
-1,28672,0,22.395134305959864,1264.7356425848945,923.1124175072775,1.370077596832808,341.623225077617,0.5778087870254625,0.10649035683814327,2560.0,0.0,0.0
-1,32768,0,22.686200739401354,1303.561329895227,928.3516133092244,1.4041676787187571,375.2097165860025,0.5837940676829466,0.11764205958645935,2626.34033203125,0.0,0.0
-1,-32768,4096,21.699371437201478,1234.65878988459,910.5886858696266,1.3558907650005243,324.0701040149635,0.5752639450167397,0.22422178487015623,2807.25927734375,3.5413464494312943,0.0
-1,-28672,4096,22.825367134468486,721.3921267594827,930.8566084204327,0.7749766400472898,-209.46448166095,0.43634821028970994,0.24655958261531724,286.2167053222656,3.5413464494312943,0.0
-1,-24576,4096,20.757031103051098,705.6382602547369,927.4576576417974,0.7608307014779843,-221.81939738706046,0.4318218120041933,0.37815955746489205,1987.0943603515625,3.5413464494312943,190.50740237593476
-1,-20480,4096,20.955394748282284,829.665212987301,907.3013588664247,0.9144317980785108,-77.63614587912377,0.47737696824765447,0.2586846219772701,527.7575073242188,3.5413464494312943,116.45343620240739
-1,-16384,4096,21.831669785879132,1185.3956819325701,912.9700561458244,1.298394918817833,272.42562578674574,0.5646446735944136,0.0,2626.34033203125,3.5413464494312943,0.0
-1,-12288,4096,22.885135070951673,865.3317126113483,931.93243127713,0.9285348203039662,-66.60071866578176,0.4812038962975691,0.24389752189274064,128.0,3.5413464494312943,0.0
-1,-8192,4096,20.730405202964196,762.2909068215438,924.1304972004981,0.8248736613830829,-161.8395903789543,0.45174898517026657,0.5132808831164134,1792.0,3.5413464494312943,189.1077624945424
-1,-4096,4096,20.910531663463335,809.198365956368,901.4018802919081,0.8977109806941149,-92.20351433554015,0.4727729899140186,0.23623134675270108,256.0,3.5413464494312943,103.56720514452923
-1,0,4096,21.73243533127352,1101.8469211911602,911.1838359629234,1.2092476596961879,190.6630852282368,0.5470854490564582,0.17412850653586626,2715.2900390625,3.5413464494312943,0.0
-1,4096,4096,20.681265378490394,601.8346700316587,907.5844852433095,0.6631169657669016,-305.7498152116508,0.3984554008930694,0.3099148264226461,819.5999145507812,3.5413464494312943,143.90325843260223
-1,8192,4096,20.827939962874524,727.6881422385438,925.8861228788841,0.7859369789190948,-198.19798064034023,0.4398038562426804,0.3704072228785589,1792.0,3.5413464494312943,189.38952637723534
-1,12288,4096,20.913259769459152,818.2887903975313,905.3228296802123,0.9038640842477992,-87.03403928268096,0.47447714074931474,0.2597125418147864,461.51055908203125,3.5413464494312943,111.40930164179215
-1,16384,4096,21.47209843029696,1275.5473448395855,906.4977717453453,1.4071158083308717,369.04957309424026,0.5842972896661894,0.16420868715416767,2842.061279296875,3.5413464494312943,0.0
-1,20480,4096,20.795494305411978,591.8949502475441,901.3455458068956,0.6566792868740172,-309.45059555935154,0.3961175940623012,0.28306697876265063,362.0386657714844,3.5413464494312943,115.18676729809224
-1,24576,4096,20.388826886290037,661.1711015504791,927.6960933639183,0.7127022591558049,-266.5249918134392,0.4158656167417042,0.4198579318774155,2485.310546875,3.5413464494312943,225.62896471698818
-1,28672,4096,21.17642162941197,921.6441515291624,910.059743159363,1.0127292833870256,11.584408369799348,0.5028876482448896,0.2612784090670545,461.51055908203125,3.5413464494312943,113.31668546520474
-1,32768,4096,21.448661061502808,1294.4262512444552,906.0758991070505,1.4286068667317262,388.3503521374047,0.587974102608884,0.32049454489966667,2575.9501953125,3.5413464494312943,0.0
-1,-32768,8192,20.754401977933068,1196.7109154922068,893.5792356027953,1.339233128761014,303.13167988941154,0.5722357152906818,0.2510603932283498,1958.0234375,6.81455190771961,0.0
-1,-28672,8192,19.662413589064265,576.6649080130329,906.3472812589998,0.6362516001724993,-329.6823732459669,0.3885850211890174,0.4262700425372269,1889.8973388671875,6.81455190771961,194.18226761368305
-1,-24576,8192,19.147886260892236,613.1334578784655,936.6524224013665,0.6546008350744762,-323.518964522901,0.3953695127581562,0.7105334338732907,5496.55322265625,6.81455190771961,385.37113703340435
-1,-20480,8192,19.81621360576006,941.1265310161575,908.732587683308,1.0356473882106876,32.39394333284952,0.5084809111119459,0.5624625326687944,1863.7081298828125,6.81455190771961,189.5112239516981
-1,-16384,8192,20.86510382664692,1147.5324213580234,895.5718688796446,1.2813404052022983,251.96055247837876,0.5613864355348522,0.26283915004074,1792.0,6.81455190771961,0.0
-1,-12288,8192,19.817097270099,489.4145856773731,915.16490287251,0.5347829491069902,-425.75031719513686,0.3481941716311579,0.4247198219109572,2318.1787109375,6.81455190771961,216.0484361484257
-1,-8192,8192,18.943723827773027,645.1144834584989,933.0489400585941,0.6914047653470209,-287.93445660009525,0.40851660686372027,0.7134205599141911,5505.48828125,6.81455190771961,392.26118101099786
-1,-4096,8192,19.711676214254176,893.1963363505437,904.5343590546627,0.9874653487834686,-11.338022704118998,0.4965703529895731,0.571145087197426,1707.7330322265625,6.81455190771961,179.9933058011239
-1,0,8192,20.8232408313195,1220.4150893125945,894.818334963751,1.3638691135693297,325.59675434884355,0.5766920961140761,0.2756577902821674,1924.261962890625,6.81455190771961,0.0
-1,4096,8192,19.876515226854064,518.2615932003213,914.2790739683836,0.5668527345275793,-396.01748076806234,0.36152556050182155,0.4184472800785112,2176.0,6.81455190771961,202.9624487654305
-1,8192,8192,18.957464181498686,623.7757680819244,935.6759117534175,0.6666579317116273,-311.9001436714931,0.3997405213775955,0.6957796370143485,5810.974609375,6.81455190771961,401.0489419858312
-1,12288,8192,19.577372676848558,877.1668439067358,908.4713686173945,0.9655415395662924,-31.30452471065871,0.49095941067301496,0.5963304212356029,2145.6708984375,6.81455190771961,200.7569636411801
-1,16384,8192,20.737357666080694,1139.7619799916824,893.2724379894526,1.2759399389474282,246.48954200222988,0.5603454739585696,0.2668699603185362,1902.8568115234375,6.81455190771961,0.0
-1,20480,8192,19.815622364189906,539.318904925846,913.1830024404287,0.5905923604409494,-373.8640975145827,0.3710479512910199,0.4181076446771643,2176.0,6.81455190771961,202.14090580039584
-1,24576,8192,18.98318370553313,718.1641317871903,933.699699166261,0.7691596478273139,-215.5355673790707,0.43449685227422435,0.7250025421690762,5498.04345703125,6.81455190771961,380.1418925721025
-1,28672,8192,19.617165750617342,834.3191975980434,908.0366329026014,0.9188166725510676,-73.71743530455797,0.47857080178430894,0.5861736173472825,2063.93798828125,6.81455190771961,204.0552825148177
-1,32768,8192,20.806898897962306,1051.6327363942148,894.5241801633215,1.1756336605704818,157.10855623089333,0.5400862803874288,0.27129790988493235,1920.0,6.81455190771961,0.0
-1,-32768,12288,19.985761402412106,1185.0369023788223,879.7437052434179,1.3470251566630218,305.2931971354044,0.5736508988448809,0.2117522586303658,2739.319580078125,9.848959817611854,0.0
-1,-28672,12288,21.169561072679876,620.2779372905916,901.0520993082378,0.6883929772393803,-280.7741620176462,0.4074529979559549,0.2829867782729018,286.2167053222656,9.848959817611854,0.0
-1,-24576,12288,18.7991043416914,723.8892210781348,888.2518975161657,0.8149593860732061,-164.36267643803092,0.44874513006582806,0.45677283605860763,1717.3001708984375,9.848959817611854,179.278926933301
-1,-20480,12288,18.973177513278976,959.5220951349403,871.6214486363651,1.100847273361726,87.90064649857516,0.5237155671546614,0.4638337157171112,527.7575073242188,9.848959817611854,124.0690560516214
-1,-16384,12288,19.820204603210676,1159.0132069189556,876.7636828577922,1.321922006556176,282.24952406116336,0.5690427914497771,0.23498120175756657,2977.2041015625,9.848959817611854,0.0
-1,-12288,12288,18.944610615192754,558.2551056218119,871.3871303271619,0.6406510794028084,-313.13202470535,0.3902129348582457,0.3044336666358949,543.0579833984375,9.848959817611854,120.27487297439859
-1,-8192,12288,18.673157643076046,651.4812199227133,893.4415196155243,0.7291817154446393,-241.96029969281096,0.4214190032014852,0.48256141520274454,2235.423828125,9.848959817611854,211.80544682613265
-1,-4096,12288,18.912870234644377,932.8177928953785,872.5726364470057,1.0690431420055557,60.24515644837277,0.5163987683631441,0.48457964656423697,640.0,9.848959817611854,135.6746663786163
-1,0,12288,19.836751447617104,1249.9998290960295,877.0615260571078,1.4252133880681008,372.93830303892173,0.5873889989445715,0.24290518620196572,2757.204345703125,9.848959817611854,0.0
-1,4096,12288,18.94051628165011,556.2357390579685,873.070265293109,0.6371030616547546,-316.8345262351404,0.3888928224910374,0.31496713702151247,640.0,9.848959817611854,128.75157410598365
-1,8192,12288,18.580264351877847,720.2438606587673,893.377175293744,0.8062035616949245,-173.13331463497673,0.4460761036931956,0.47804393863100464,2353.25146484375,9.848959817611854,221.46171464816615
-1,12288,12288,19.29141533290131,1084.6921871609527,872.8354221223979,1.2427224648186266,211.85676503855484,0.5538304295632855,0.4328363594903965,286.2167053222656,9.848959817611854,109.23606523651478
-1,16384,12288,19.91534968336689,1131.7352999915374,878.476294300604,1.2882935001593467,253.25900569093346,0.5627131939789054,0.21595894460538737,2842.061279296875,9.848959817611854,0.0
-1,20480,12288,19.267968698068362,553.3554401754429,873.8500848747105,0.6332384121182308,-320.4946446992676,0.3874480461458872,0.27443641928027196,362.0386657714844,9.848959817611854,107.76375447713382
-1,24576,12288,19.071650687128585,702.9610142507378,891.1217141921665,0.7888496072480928,-188.16069994142867,0.44070505041262514,0.41889541944365405,1583.2725830078125,9.848959817611854,170.5162955938237
-1,28672,12288,19.159761260904386,1005.9882597477388,873.7598565262265,1.1513326599223814,132.22840322151228,0.5348872882248301,0.45964456946112103,461.51055908203125,9.848959817611854,119.07823566237676
-1,32768,12288,19.785284074936754,1124.09784352556,876.1351133488615,1.2830188248350276,247.96273017669841,0.5617026441945098,0.24919701690412177,3093.259765625,9.848959817611854,0.0
-1,-32768,16384,19.11007427692465,1213.1431719885763,863.9813369846437,1.404131223739777,349.16183500393265,0.5837682808466457,0.10379376495493586,2626.34033203125,12.6697827880121,0.0
-1,-28672,16384,19.083164816951108,1201.872096688083,863.4969667051199,1.3918660319955896,338.37512998296313,0.581634770854766,0.0,2807.25927734375,12.6697827880121,0.0
-1,-24576,16384,18.841918543260725,1466.315994772073,859.1545337786931,1.706696452293618,607.1614609933799,0.6302749064633494,0.060448473169625205,2335.78076171875,12.6697827880121,0.0
-1,-20480,16384,19.048870288242554,1529.7306411214233,862.879665188366,1.7728203628341206,666.8509759330574,0.639089260724231,0.11868497144362017,2924.456787109375,12.6697827880121,0.0
-1,-16384,16384,18.952885306446962,1361.9893271602812,861.1519355160453,1.5815900435085348,500.8373916442358,0.6123663770894608,0.13093764871800195,5197.80859375,12.6697827880121,0.0
-1,-12288,16384,18.991630539084195,1215.133733868664,861.8493497035155,1.4099143130834662,353.2843841651485,0.5847659412990865,0.0,2795.562255859375,12.6697827880121,0.0
-1,-8192,16384,18.831117875381135,1264.5969930799797,858.9601217568604,1.47224179685252,405.6368713231193,0.5952285228053741,0.06038225179477844,1536.0,12.6697827880121,0.0
-1,-4096,16384,19.038785377008754,1433.2978892727997,862.6981367861576,1.6614129881076585,570.599752486642,0.6239879708159369,0.1240865302992178,2472.090576171875,12.6697827880121,0.0
-1,0,16384,18.905926850499384,1354.1833953374817,860.3066833089889,1.5740705281155085,493.87671202849276,0.6112342404010246,0.14299850439351086,2715.2900390625,12.6697827880121,0.0
-1,4096,16384,19.193302554003107,1287.842418812513,865.4794459720559,1.4880104025648855,422.362972840457,0.5977948048822763,0.0,2560.0,12.6697827880121,0.0
-1,8192,16384,19.161871121597393,1338.9425876697758,864.913680188753,1.548064989997122,474.02890748102277,0.6072697831547209,0.04915853103460354,1536.0,12.6697827880121,0.0
-1,12288,16384,18.995984391623086,1493.3980608237675,861.9277190492155,1.7326256341670054,631.470341774552,0.6337825073170777,0.10091311447406308,3042.525146484375,12.6697827880121,0.0
-1,16384,16384,19.066486611410642,1373.9661417608147,863.1967590053916,1.5917183740865188,510.76938275542307,0.6138812064530491,0.10571084711225828,5340.83740234375,12.6697827880121,0.0
-1,20480,16384,18.914192949395076,1176.8974165147604,860.4554730891114,1.3677609746493846,316.441943425649,0.5773766762944936,0.0,3093.259765625,12.6697827880121,0.0
-1,24576,16384,18.966054711174866,1213.303709534254,861.3889848011477,1.408543330530685,351.91472473310637,0.5845295466161147,0.054613882139580704,1740.98828125,12.6697827880121,0.0
-1,28672,16384,18.8656998356952,1372.542428809951,859.5825970425136,1.5967545568422754,512.9598317674373,0.6146285644199441,0.1225036755911472,2739.319580078125,12.6697827880121,0.0
-1,32768,16384,18.945461170610137,1401.1286591367443,861.0183010709825,1.6272925411619503,540.1103580657618,0.6191063522486138,0.13766687370465283,5249.560546875,12.6697827880121,0.0
-1,-32768,20480,18.091473691743907,1246.4389498029145,845.6465264513904,1.4739479331079148,400.7924233515241,0.5955031287272069,0.15936702584655973,2715.2900390625,15.298804780876495,0.0
-1,-28672,20480,17.54935407470715,710.8440654614668,846.2725125984211,0.8399706417012994,-135.42844713695433,0.45622007715660456,0.28749325568659156,543.0579833984375,15.298804780876495,121.40002342070512
-1,-24576,20480,17.107837673666168,738.9902237948586,854.4569670877229,0.8648653498766429,-115.4667432928643,0.4634773907976231,0.3360803221226304,1498.2015380859375,15.298804780876495,163.45324204567657
-1,-20480,20480,19.330301366684015,1002.3267845362489,867.9454246003122,1.1548269696770612,134.38135993593664,0.5356392189454577,0.0,128.0,15.298804780876495,0.0
-1,-16384,20480,18.1452247556068,1319.907408149296,846.6140456009224,1.5590426535062178,473.2933625483737,0.6089477942031941,0.15515367442044456,2807.25927734375,15.298804780876495,0.0
-1,-12288,20480,17.49973347683989,603.506521065573,843.8793564130656,0.7151573462239857,-240.37283534749258,0.41667523168353576,0.28069480533479696,461.51055908203125,15.298804780876495,117.90583886059234
-1,-8192,20480,16.850313342189466,587.3907810251226,863.8279268400488,0.6799858661363782,-276.4371458149262,0.40447818076150127,0.4222510114086945,2472.090576171875,15.298804780876495,222.15547228506398
-1,-4096,20480,17.40482552523092,1101.4470380659745,838.2991698037247,1.3139068696964855,263.14786826224986,0.5675379055744754,0.0,256.0,15.298804780876495,104.56562072432729
-1,0,20480,18.176027390842393,1196.4762024634392,847.168493035163,1.4123237730156917,349.3077094282762,0.5851756078195627,0.0,2896.309326171875,15.298804780876495,0.0
-1,4096,20480,17.50384472587712,644.5674618844381,838.6355235004335,0.7685906974152937,-194.06806161599536,0.4342852481982402,0.261679786490566,181.0193328857422,15.298804780876495,102.85928432053241
-1,8192,20480,16.91751433745934,715.5018046397655,857.3773736254252,0.8345237775686358,-141.8755689856597,0.4546103757649478,0.38926357784962445,1920.0,15.298804780876495,194.98019949744517
-1,12288,20480,17.406156628356666,814.6278336389661,843.6949585641123,0.9655478266995744,-29.06712492514623,0.4909399409607259,0.27376501017443927,543.0579833984375,15.298804780876495,119.26275682514922
-1,16384,20480,18.374013249042033,1147.6674901968925,850.7322384827567,1.3490349116705707,296.9352517141358,0.5740060247756369,0.15480336671101266,2638.78759765625,15.298804780876495,0.0
-1,20480,20480,17.40876464074289,641.5226206854113,838.3700738829401,0.765202194913968,-196.8474531975288,0.43319993611853247,0.2794873772597124,256.0,15.298804780876495,109.2868220055915
-1,24576,20480,17.171284230355017,679.2865498451979,863.4405753362163,0.7867206722138227,-184.1540254910184,0.44003019624687245,0.3943443170832448,2023.857666015625,15.298804780876495,195.95285258392215
-1,28672,20480,17.700227361471292,1031.852515586293,841.1369789893298,1.226735408572951,190.71553659696326,0.5506180896814274,0.0,128.0,15.298804780876495,98.7762336387105
-1,32768,20480,18.147074885864573,1070.7102949777766,846.6473479455624,1.2646473145825303,224.0629470322142,0.5581390409278152,0.0,3093.259765625,15.298804780876495,0.0
-1,-32768,24576,17.390146194010004,1001.5339915099656,833.0226314921802,1.20228905391914,168.51136001778548,0.5456295812176614,0.27716930910895105,1936.991455078125,17.754944772668892,0.0
-1,-28672,24576,16.190574532934892,530.6685215653899,846.6375742288387,0.6267953817768486,-315.9690526634488,0.3850150000676011,0.4030875619568283,2083.68896484375,17.754944772668892,204.4981699776784
-1,-24576,24576,15.217130534143593,610.1785051912647,865.1349724602794,0.70529862346916,-254.95646726901475,0.41331229066736586,0.6942068179877574,5401.8427734375,17.754944772668892,389.97716981634926
-1,-20480,24576,16.34363052303451,884.9987211001061,844.40850998429,1.048069400812376,40.59021111581603,0.5114395647465614,0.5633291484729056,1740.98828125,17.754944772668892,185.23620815204993
-1,-16384,24576,17.530813036796957,1119.4841104252266,835.5546346623453,1.3398095875293896,283.92947576288134,0.5723220530455838,0.2549977125690318,1093.6324462890625,17.754944772668892,0.0
-1,-12288,24576,16.163546784936724,562.8739274757763,847.4456420138714,0.6642006278280713,-284.5717145380951,0.3988281177730138,0.4262621229212034,2176.0,17.754944772668892,204.76162667094553
-1,-8192,24576,14.928933187654767,718.3118507781759,861.3463552050458,0.8339407793827371,-143.03450442686994,0.45443844093502944,0.6896140491258219,5576.453125,17.754944772668892,402.692734630686
-1,-4096,24576,16.233594161713878,945.383880224053,843.7894079549795,1.1204026399374927,101.59447226907344,0.5280962946250299,0.5442457165262259,1832.68115234375,17.754944772668892,186.28525010558735
-1,0,24576,17.601984701784293,973.5389484589218,836.8357246321173,1.1633572991723087,136.70322382680456,0.5374586290298606,0.2548397410882548,1683.5771484375,17.754944772668892,0.0
-1,4096,24576,15.964668821828191,588.5836827021537,846.0600604745033,0.6956760048122981,-257.47637777234957,0.40997892791967405,0.4174414520594544,2335.78076171875,17.754944772668892,215.1053490060214
-1,8192,24576,15.10524866288377,643.2227952880544,865.3625813238882,0.7432986001128107,-222.13978603583382,0.42609235969924386,0.7029511444249521,5684.12255859375,17.754944772668892,391.2843717174903
-1,12288,24576,16.30015881489328,893.2747454822553,847.4694869813015,1.0540494486286613,45.805258500953755,0.512862180814453,0.590984626926623,2003.5169677734375,17.754944772668892,195.79558543117457
-1,16384,24576,17.39735203697869,1218.5436468821804,833.1523366656164,1.4625700406230029,385.39131021656397,0.5936308428762542,0.3613705048916196,2063.93798828125,17.754944772668892,0.0
-1,20480,24576,16.215613577732793,762.3737529038398,844.4938337366816,0.9027582232667345,-82.12008083284184,0.47415207523198066,0.5967920481588522,1902.8568115234375,17.754944772668892,190.79065559087687
-1,24576,24576,18.401538619101114,696.337375901156,863.368667367227,0.8065353796363499,-167.03129146607102,0.4461681806798848,0.4833060524412069,640.0,17.754944772668892,127.67455563394682
-1,28672,24576,16.11165690532328,914.5210995215084,846.5116241808295,1.080340864080268,68.00947534067893,0.5190148214727477,0.6047621482489373,2176.0,17.754944772668892,205.60983472650108
-1,32768,24576,17.551339375331747,1076.814662526079,835.9241087559715,1.288172755453366,240.89055377010754,0.5626758879973467,0.2746074650393694,1920.0,17.754944772668892,0.0
-1,-32768,28672,16.870072068662715,1168.4813472779035,823.6612972359289,1.4186430164912855,344.8200500419746,0.586250738497906,0.23568606599076472,2691.0458984375,20.054712758020393,0.0
-1,-28672,28672,15.795641633645774,489.8879696177372,813.2057032355715,0.6024158065647816,-323.3177336178343,0.3756539731888128,0.3166237480698409,461.51055908203125,20.054712758020393,118.09534697017034
-1,-24576,28672,15.485216679796928,797.1266368542543,835.7022954107007,0.9538404300571072,-38.57565855644634,0.4878886773961142,0.47529504999700545,2209.62255859375,20.054712758020393,211.50661002567858
-1,-20480,28672,17.65061789720245,1375.8205220887473,837.7111221496441,1.6423567572533415,538.1093999391032,0.6212692989365304,0.17153407289790254,128.0,20.054712758020393,0.0
-1,-16384,28672,16.73462197418485,1131.9308884320142,821.2231955353272,1.378347439022527,310.7076928966869,0.5792434167391538,0.22000971078053577,2268.165771484375,20.054712758020393,0.0
-1,-12288,28672,16.068936118586272,574.7312806205206,818.1250039645004,0.7024981241686374,-243.3937233439798,0.4123318070712215,0.27537585322801067,461.51055908203125,20.054712758020393,117.81200869738568
-1,-8192,28672,15.595874271365458,747.8102308805175,827.9110962009827,0.9032494362160113,-80.10086532046523,0.47428180112506557,0.43489324805959717,1541.3240966796875,20.054712758020393,180.2811307532242
-1,-4096,28672,16.184601058592133,1052.0036872290752,818.3494673641384,1.2855188757164162,233.65421986493686,0.5621620294635168,0.4321072420984173,362.0386657714844,20.054712758020393,114.84110761706545
-1,0,28672,16.89209014709103,1341.3516521766514,824.0576226476385,1.6277401183026303,517.294029529013,0.6191589316775999,0.2726420960617848,3053.2763671875,20.054712758020393,0.0
-1,4096,28672,15.874315938258501,612.9630234794148,814.6218407186005,0.7524510059031846,-201.65881723918574,0.4290700810578183,0.37136192064776186,461.51055908203125,20.054712758020393,117.79035469456366
-1,8192,28672,15.331034144957705,729.1303664403057,834.9849061878779,0.8732258044868728,-105.85453974757218,0.4658636837757838,0.5066499161882727,2360.203369140625,20.054712758020393,219.7649672810759
-1,12288,28672,15.686771171006752,1001.3732194100002,819.164621711746,1.2224322106556638,182.20859769825415,0.5497405526274056,0.4863665905166356,905.0966796875,20.054712758020393,144.30504545660028
-1,16384,28672,16.79502468633918,1184.8460560759897,822.3104443541052,1.4408743853504657,362.5356117218845,0.590016791929427,0.21432668924250628,2715.2900390625,20.054712758020393,0.0
-1,20480,28672,15.890396006393194,508.764698635868,813.8555307030846,0.6251290056311953,-305.0908320672166,0.3843736196824048,0.27137326971211184,404.77154541015625,20.054712758020393,110.38112717136643
-1,24576,28672,15.775990015300485,756.3687365399819,831.3982443937944,0.9097550321284122,-75.02950785381245,0.4760727945739635,0.45794141373633407,1557.187255859375,20.054712758020393,172.1633046089687
-1,28672,28672,15.965517226221388,974.3445962815147,814.405958381465,1.1963868710119812,159.93863790004968,0.5444024552711981,0.4456824944836829,362.0386657714844,20.054712758020393,111.9873635988941
-1,32768,28672,16.79817929261923,1317.275954741684,822.3672272671462,1.6018098862222372,494.90872747453784,0.615364562302028,0.23466427238786913,2876.442138671875,20.054712758020393,0.0
-1,-32768,32768,15.976279575845759,1423.7244380218485,807.5730323652236,1.7629667918108134,616.1514056566249,0.6377843709937905,0.1260241529139949,2534.270751953125,22.21258134490239,0.0
-1,-28672,32768,16.007334446008883,1155.3559459671346,808.1320200281599,1.4296623785886808,347.22392593897473,0.5881206533030511,0.0,2663.507568359375,22.21258134490239,0.0
-1,-24576,32768,16.07245330699315,1237.636981863387,809.3041595258767,1.5292606213570497,428.3328223375104,0.6043323007924974,0.05414180939781718,1740.98828125,22.21258134490239,0.0
-1,-20480,32768,16.024843287468016,1379.3030405033533,808.4471791744243,1.7061139874492228,570.855861328929,0.6301783675920822,0.10252890198984065,3124.878173828125,22.21258134490239,0.0
-1,-16384,32768,16.245168821969738,1297.4240260004767,812.4130387954553,1.5970004961074173,485.01098720502137,0.6146490639370629,0.16090528425819878,3720.817138671875,22.21258134490239,0.0
-1,-12288,32768,16.162361012402286,1323.1420841593517,810.9224982232412,1.6316504808516241,512.2195859361105,0.6197199349739628,0.0,2575.9501953125,22.21258134490239,0.0
-1,-8192,32768,16.08326324807537,1452.973274945433,809.4987384653566,1.7949049280792853,643.4745364800765,0.6419223504142076,0.059361515131257175,2335.78076171875,22.21258134490239,0.0
-1,-4096,32768,16.152893618209806,1470.967101186427,810.7520851277766,1.8143241666219074,660.2150160586505,0.6443924903270851,0.11297391158581337,2924.456787109375,22.21258134490239,0.0
-1,0,32768,16.037200920581537,1308.2579381144726,808.6696165704677,1.6177903946270875,499.5883215440049,0.6177066515899252,0.13222135449265954,5377.5234375,22.21258134490239,0.0
-1,4096,32768,16.24798023903437,1192.5346609185335,812.4636443026186,1.4678006447194945,380.0710166159149,0.5944843810758166,0.0,2739.319580078125,22.21258134490239,0.0
-1,8192,32768,16.038677917950018,1288.5701353101713,808.6962025231003,1.593392093705749,479.873932787071,0.6141118084374287,0.05045423267598001,1664.0,22.21258134490239,0.0
-1,12288,32768,16.249430705044254,1387.6719519626033,812.4897526907966,1.7079254813576703,575.1821992718067,0.6304270826759224,0.09365113414228253,2353.25146484375,22.21258134490239,0.0
-1,16384,32768,16.055130179477057,1140.299169550991,808.992343230587,1.4095302373287997,331.30682632040407,0.5846813986923699,0.0,2534.270751953125,22.21258134490239,0.0
-1,20480,32768,15.999869188482648,1345.0456325317225,807.9976453926877,1.6646652873326493,537.0479871390348,0.6244283233843749,0.0,2691.0458984375,22.21258134490239,0.0
-1,24576,32768,15.93866323653498,1225.4698548064366,806.8959382576297,1.5187458465247132,418.5739165488069,0.6026804714560402,0.06500821359111206,2179.761474609375,22.21258134490239,0.0
-1,28672,32768,16.15582971802892,1352.9500806904791,810.8049349245205,1.6686505254391775,542.1451457659587,0.6249899276967886,0.12325324647103736,3093.259765625,22.21258134490239,0.0
-1,32768,32768,16.095718790160518,1297.6488943552224,809.7229382228893,1.6025838383721613,487.9259561323331,0.6154744027140888,0.1343380260102581,5044.2392578125,22.21258134490239,0.0
1,-32768,-32768,16.106124747687105,1114.4429436830287,809.9102454583679,1.376007958823031,304.53269822466086,0.578825199432635,0.0,2534.270751953125,-22.21258134490239,0.0
1,-28672,-32768,16.02520465417389,1250.5339213405327,808.45368377513,1.5468219719169052,442.08023756540274,0.6070589542553674,0.0,2807.25927734375,-22.21258134490239,0.0
1,-24576,-32768,16.139659615029352,1335.067567968168,810.5138730705283,1.647186571786162,524.5536948976397,0.6219505779953777,0.05713609549949917,2179.761474609375,-22.21258134490239,0.0
1,-20480,-32768,15.945843384798426,1487.3945593558722,807.0251809263716,1.8430584255729359,680.3693784295006,0.6479836925916577,0.10859765257293463,2977.2041015625,-22.21258134490239,0.0
1,-16384,-32768,16.21937538037682,1278.7171262088057,811.9487568467828,1.5748741720779598,466.7683693620229,0.6113390941486339,0.1957376079417377,5071.77294921875,-22.21258134490239,0.0
1,-12288,-32768,16.016514176651082,1340.6600418877968,808.2972551797195,1.658622534341911,532.3627867080772,0.6235751955243115,0.0,3230.573974609375,-22.21258134490239,0.0
1,-8192,-32768,15.933253838288277,1268.171319562038,806.798569089189,1.5718561833763562,461.372750472849,0.610881365136745,0.07059033234010002,1920.0,-22.21258134490239,0.0
1,-4096,-32768,15.8926273028983,1300.3376083934272,806.0672914521695,1.6131874127416903,494.27031694125776,0.6170326397593074,0.1154991322970172,2921.654296875,-22.21258134490239,0.0
1,0,-32768,16.1117208591504,1374.0399759055351,810.0109754647071,1.6963226641679046,564.029000440828,0.6288365838992801,0.1249374053808744,2715.2900390625,-22.21258134490239,0.0
1,4096,-32768,16.011199535695628,1156.6188919604272,808.2015916425213,1.4311019724791827,348.41730031790587,0.5883644522009356,0.0,2591.802490234375,-22.21258134490239,0.0
1,8192,-32768,16.173015580710114,1294.1241205560402,811.114280452782,1.5954892568697365,483.00984010325817,0.6144243310425807,0.06483945688242303,1920.0,-22.21258134490239,0.0
1,12288,-32768,16.12907756751096,1357.2451519099377,810.3233962151974,1.6749425701507137,546.9217556947403,0.6258714547360572,0.09742567662462576,2918.84912109375,-22.21258134490239,0.0
1,16384,-32768,15.915766861942917,1253.5381972149003,806.4838035149726,1.5543253215396136,447.0543936999277,0.6082119437691508,0.0,2715.2900390625,-22.21258134490239,0.0
1,20480,-32768,16.228744389766018,1155.073435904517,812.1173990157884,1.4222985953808647,342.9560368887287,0.586870650655828,0.0,2757.204345703125,-22.21258134490239,0.0
1,24576,-32768,16.216004551020266,1270.47515477073,811.8880819183648,1.5648402570078321,458.58707285236505,0.6098193211807769,0.05795740579915068,2176.0,-22.21258134490239,0.0
1,28672,-32768,16.02534624897491,1283.4031262657754,808.4562324815483,1.5874738479365573,474.9468937842271,0.6132295134413396,0.11606035423354913,3320.607177734375,-22.21258134490239,0.0
1,32768,-32768,16.016835828728418,1305.7389462603908,808.3030449171115,1.6154076796707966,497.4359013432793,0.6173584031461473,0.12278812361779516,5262.02978515625,-22.21258134490239,0.0
1,-32768,-28672,16.652876454022415,1261.9984320592453,819.7517761724034,1.5394884997404779,442.24665588684184,0.6059288469022602,0.21637810992939677,2715.2900390625,-20.054712758020393,0.0
1,-28672,-28672,15.962389109616534,545.6308982040215,814.3496522825777,0.6700204226460315,-268.71875407855623,0.4009101364519419,0.2873321811359004,362.0386657714844,-20.054712758020393,110.3291661806879
1,-24576,-28672,15.69209200858168,668.5587086166726,833.4408597016128,0.802166945421933,-164.88215108494023,0.4448163011548477,0.4474391433058936,1792.0,-20.054712758020393,186.63181593259526
1,-20480,-28672,15.823601329923989,949.6639176119835,817.8484261861412,1.1611734976865276,131.8154914258423,0.5369846136173689,0.4834255941257583,689.3010864257812,-20.054712758020393,125.33169104204234
1,-16384,-28672,16.906902511710804,1324.2169909709748,824.3242452107945,1.6064273235495443,499.89274576018033,0.6160463305757194,0.2272324603319241,2591.802490234375,-20.054712758020393,0.0
1,-12288,-28672,16.171691379006106,589.3410374755308,816.102755171678,0.7221407276728959,-226.76171769614723,0.41902921436076235,0.3278470217527619,256.0,-20.054712758020393,107.634959680034
1,-8192,-28672,15.378045956195495,720.4401234612496,833.5152101651394,0.8643395041567545,-113.07508670388972,0.4633188541699621,0.5573966988977748,2191.007080078125,-20.054712758020393,208.36624504704542
1,-4096,-28672,15.966723689124683,1038.8618760714414,816.2851802341918,1.2726702642983088,222.57669583724964,0.5596872686042083,0.5192647037500006,461.51055908203125,-20.054712758020393,117.7730238220222
1,0,-28672,16.780078574277287,1204.231147849192,822.0414143369912,1.4649275898349376,382.18973351220075,0.5940154127822681,0.23932751563085305,2807.25927734375,-20.054712758020393,0.0
1,4096,-28672,16.044301123055117,580.8823361413877,822.8335587174143,0.7059536281515227,-241.95122257602668,0.4135230036674257,0.39731515054182404,746.36181640625,-20.054712758020393,136.76234751378257
1,8192,-28672,15.2953300504382,753.3867324478765,832.2843360822436,0.9052035461753893,-78.8976036343671,0.4748222535788771,0.4878571527709246,2209.62255859375,-20.054712758020393,209.37135338454692
1,12288,-28672,16.265666025673724,1070.597954603175,816.3483068967724,1.3114475102825838,254.24964770640247,0.5670701420031943,0.4112110072746508,181.0193328857422,-20.054712758020393,101.68250815891776
1,16384,-28672,16.618301716598367,1230.6120803989327,819.1294308987706,1.5023414297892732,411.4826495001621,0.6000815186211377,0.23534073599082478,3012.76220703125,-20.054712758020393,0.0
1,20480,-28672,16.047307674560834,501.2205734346262,821.2201130841353,0.6103364560230582,-319.9995396495091,0.3787253773745309,0.3071857331232899,652.6744995117188,-20.054712758020393,126.52127376847166
1,24576,-28672,15.54685442274649,741.2071232922588,828.9071570829251,0.8941980014995905,-87.70003379066634,0.47177161620302865,0.4022796069920263,1664.0,-20.054712758020393,179.16395570258697
1,28672,-28672,15.958920145401255,1158.9485193066541,812.8505087473969,1.4257831013633668,346.0980105592572,0.5874640563108089,0.4314731172376213,286.2167053222656,-20.054712758020393,105.16905148549948
1,32768,-28672,16.67429099873512,1113.6415854074016,820.1372379772322,1.357872236302868,293.50434743016945,0.5755911590241806,0.225857139609616,3230.573974609375,-20.054712758020393,0.0
1,-32768,-24576,17.346112114453376,1111.5921299392724,832.2300180601608,1.3356789659309272,279.3621118791116,0.5715649274576219,0.25946794427120673,2304.0,-17.754944772668892,0.0
1,-28672,-24576,16.131233557473998,575.5427728546289,841.6149178617737,0.6838552414409028,-266.07214500714485,0.40583834690758913,0.4417396369531356,1810.193359375,-17.754944772668892,188.07911485562738
1,-24576,-24576,15.387632314476955,620.1470138284163,869.2993574230253,0.7133871761585066,-249.15234359460896,0.41608140070663174,0.7242975291970294,5538.126953125,-17.754944772668892,378.32103550489404
1,-20480,-24576,16.055813927093215,931.8004371046402,843.7628106266051,1.1043393064606102,88.03762647803512,0.5244960675025745,0.5794577866989177,2051.99609375,-17.754944772668892,201.5761637321015
1,-16384,-24576,17.348761846476133,1042.139374942783,832.2777132365704,1.2521534078932623,209.86166170621254,0.5556840563687554,0.24788113553578303,1902.8568115234375,-17.754944772668892,0.0
1,-12288,-24576,16.236981944978996,623.1438335090984,849.1312238479236,0.7338604635044033,-225.9873903388252,0.42296503317376843,0.41284758008768885,2202.1953125,-17.754944772668892,205.39115158269547
1,-8192,-24576,15.148549343606945,665.0731922652686,864.901633237679,0.7689581875058195,-199.82844097241036,0.4344115795939246,0.706063387725326,5526.2802734375,-17.754944772668892,401.436737965266
1,-4096,-24576,16.497279772102562,885.128294060517,843.4669248595781,1.0493930087512024,41.66136920093891,0.5117545911193969,0.5380852310236529,1498.2015380859375,-17.754944772668892,174.3072427417981
1,0,-24576,17.438900976357793,1034.8887960527568,833.9002175744403,1.241022336057101,200.98857847831653,0.5534789158083562,0.2654839180805337,2179.761474609375,-17.754944772668892,0.0
1,4096,-24576,16.395442891645327,616.7286672601026,847.980087600773,0.7272914497379767,-231.2514203406704,0.42077163366513576,0.4627996324952172,1920.0,-17.754944772668892,189.6750956337746
1,8192,-24576,18.56316479259401,849.067775356737,861.5763663230047,0.985481738525801,-12.508590966267661,0.49605391370866064,0.5567663578749485,384.0,-17.754944772668892,113.56713179181568
1,12288,-24576,16.5538859956067,845.8954805153336,850.8320634720776,0.9941979349760295,-4.936582956744019,0.4982516090471146,0.5908134982535439,1920.0,-17.754944772668892,186.34412311826406
1,16384,-24576,17.536030126131067,1131.851121203014,835.6485422703593,1.354458320633106,296.20257893265466,0.5749816178306519,0.37123401238926423,2048.0,-17.754944772668892,0.0
1,20480,-24576,16.195013087390553,624.43747110338,846.211604204723,0.7379211866164749,-221.77413310134307,0.4243113943265641,0.5914753678931399,2048.0,-17.754944772668892,194.89256814903683
1,24576,-24576,18.25945711499574,703.3715352573066,860.8112002933302,0.8171031406394638,-157.4396650360236,0.4493862085757405,0.44125445774066646,640.0,-17.754944772668892,124.3124069273697
1,28672,-24576,16.33083229843965,841.3202390152759,846.567770709405,0.9938014038855605,-5.247531694129066,0.498150400838257,0.5683873784145934,1902.8568115234375,-17.754944772668892,194.20159325748637
1,32768,-24576,17.437266967913562,1282.130694394504,833.8708054224442,1.5375651552460439,448.2598889720598,0.6056352319567873,0.28154944131187026,2176.0,-17.754944772668892,0.0
1,-32768,-20480,18.388326161997973,1260.1553808865558,850.9898709159636,1.4808112575184786,409.1655099705922,0.5966234470906442,0.1496589891269597,3493.719970703125,-15.298804780876495,0.0
1,-28672,-20480,19.285033216357665,782.2326276306177,867.130597894438,0.9020932135597923,-84.8979702638203,0.47397604086927825,0.2681116357670829,256.0,-15.298804780876495,0.0
1,-24576,-20480,17.135356908619595,628.2815585300955,863.4202785248524,0.7276659746786469,-235.1387199947569,0.4209022478123793,0.38378919414631074,2067.9033203125,-15.298804780876495,199.0990868144916
1,-20480,-20480,17.41810609000598,1055.2074556034443,837.092228054753,1.2605629585828917,218.11522754869122,0.5573377868867503,0.0,181.0193328857422,-15.298804780876495,104.72215885897312
1,-16384,-20480,18.279083562120217,1013.8566048127451,849.0235041181638,1.194144331570402,164.83310069458128,0.5439494739789227,0.0,3093.259765625,-15.298804780876495,0.0
1,-12288,-20480,17.586605419772873,711.864685263848,839.0917840387582,0.8483752299867191,-127.22709877491025,0.45868856462432517,0.2483721094318357,128.0,-15.298804780876495,96.46318888849058
1,-8192,-20480,17.299130381668153,703.05761921901,860.5225974465516,0.8170123844570834,-157.46497822754156,0.4493586277841149,0.34965399033510397,1668.915771484375,-15.298804780876495,178.99338295464503
1,-4096,-20480,17.484672748312235,928.666051281887,840.3140555997945,1.1051416373358518,88.35199568209248,0.524675982329538,0.2515624688763606,286.2167053222656,-15.298804780876495,113.26347352803039
1,0,-20480,18.34658354422849,1176.1024058763833,850.2385037961128,1.3832617561135676,325.86390208027046,0.5801206892561425,0.0,2807.25927734375,-15.298804780876495,0.0
1,4096,-20480,17.32841199259064,708.4400564415895,842.295555120324,0.8410825061760976,-133.85549867873453,0.45654688283431394,0.2617412124868627,543.0579833984375,-15.298804780876495,117.91546445291509
1,8192,-20480,17.197144234203627,707.3408764305418,858.9086021384411,0.8235345119020367,-151.56772570789929,0.45132627964017413,0.37009888175857336,1683.5771484375,-15.298804780876495,184.04374223661284
1,12288,-20480,19.20581820967468,1143.4229948321315,865.7047277741442,1.3208002199226083,277.7182670579873,0.5688310160458864,0.0,181.0193328857422,-15.298804780876495,0.0
1,16384,-20480,18.038256853410065,1276.997397739421,844.6886233613811,1.5117966105163065,432.30877437803997,0.6015950475224705,0.16378505567595322,2985.447265625,-15.298804780876495,0.0
1,20480,-20480,17.421244944110576,610.8998348441997,840.6090573034704,0.7267347758586632,-229.70922245927068,0.42058250944056336,0.295317270802449,362.0386657714844,-15.298804780876495,113.35056226886184
1,24576,-20480,17.52736593386132,732.4285210399185,864.556364282992,0.847172667160166,-132.12784324307358,0.45834508684474445,0.35780210574189203,1664.0,-15.298804780876495,176.0423559710817
1,28672,-20480,19.34908950280509,1098.0140141972458,868.2836110504916,1.2645799140085292,229.73040314675427,0.5581331467621607,0.0,128.0,-15.298804780876495,0.0
1,32768,-20480,18.428071618956352,1202.2981185619524,851.7052891412143,1.4116363182084328,350.5928294207381,0.5850589415351555,0.0,2807.25927734375,-15.298804780876495,0.0
1,-32768,-16384,19.16746880744692,1148.2588052583203,865.0144385340445,1.3274446692523365,283.2443667242758,0.5700610921567129,0.0,5299.26171875,-12.6697827880121,0.0
1,-28672,-16384,19.134866381608994,1157.7794683553147,864.4275948689619,1.3393596817450302,293.3518734863528,0.5722496176492304,0.0,2862.1669921875,-12.6697827880121,0.0
1,-24576,-16384,18.845594054792958,1361.278474835064,859.2206929862732,1.5843176100704217,502.0577818487907,0.6127746949237407,0.05591430561737968,1924.261962890625,-12.6697827880121,0.0
1,-20480,-16384,18.96687317305008,1295.072608762362,861.4037171149014,1.5034444163997196,433.66889164746067,0.6002719905794401,0.10717846654780648,2563.197998046875,-12.6697827880121,0.0
1,-16384,-16384,18.906564891585322,1311.8117398160546,860.3181680485359,1.5247983694121487,451.4935717675187,0.6036508609396004,0.10555998315695604,4939.2080078125,-12.6697827880121,0.0
1,-12288,-16384,18.942537061986197,1134.6133633805139,860.9656671157516,1.3178381051842478,273.6476962647623,0.5682787137649626,0.0,3337.83154296875,-12.6697827880121,0.0
1,-8192,-16384,19.136635425417616,1410.0201939390718,864.4594376575171,1.6311004687043462,545.5607562815546,0.6196584554570291,0.047426384786343784,2307.552734375,-12.6697827880121,0.0
1,-4096,-16384,19.175201689658724,1356.8511230187983,865.1536304138571,1.5683354670426934,491.6974926049412,0.61036807092905,0.11342285905481632,2807.25927734375,-12.6697827880121,0.0
1,0,-16384,19.208234610595518,1248.906826484417,865.7482229907193,1.4425750966835136,383.1586034936977,0.5903168509413919,0.12772483346137434,2626.34033203125,-12.6697827880121,0.0
1,4096,-16384,18.9462162170069,1138.1849857012162,861.0318919061242,1.321884817972932,277.153093795092,0.569030787832724,0.0,2807.25927734375,-12.6697827880121,0.0
1,8192,-16384,18.869261239769845,1259.3095250910674,859.6467023158573,1.4649152049307381,399.6628227752101,0.5940261920555888,0.04064206366345656,1562.4390869140625,-12.6697827880121,0.0
1,12288,-16384,18.899874487184686,1270.251683908547,860.1977407693244,1.4766973030788104,410.0539431392226,0.5959567556244135,0.09958740880748837,2715.2900390625,-12.6697827880121,0.0
1,16384,-16384,19.11030975649961,1203.5402409297428,863.985575616993,1.3930096461046422,339.5546653127499,0.5818347691395857,0.0,2534.270751953125,-12.6697827880121,0.0
1,20480,-16384,18.841489530587875,1252.8381859672445,859.1468115505818,1.4582352737899724,393.6913744166627,0.5929233702269459,0.0,2626.34033203125,-12.6697827880121,0.0
1,24576,-16384,18.921909129007954,1231.176077436089,860.5943643221432,1.4306113640493552,370.58171311394574,0.588299630418003,0.04973483983631008,1810.193359375,-12.6697827880121,0.0
1,28672,-16384,18.99166486934179,1450.0308783139953,861.8499676481522,1.6824632276437774,588.1809106658432,0.6269371294442059,0.10454357028879903,2485.310546875,-12.6697827880121,0.0
1,32768,-16384,18.934199541301354,1287.5528639347076,860.8155917434244,1.495735993033078,426.7372721912832,0.5990377594559426,0.0,2715.2900390625,-12.6697827880121,0.0
1,-32768,-12288,20.03539593596625,1289.4284077584025,880.6371268473924,1.4641994624669628,408.79128091101006,0.5939150095681137,0.23206714858379532,3095.906982421875,-9.848959817611854,0.0
1,-28672,-12288,19.18311237159983,477.09985991901954,872.7354227451094,0.5466718176951562,-395.6355628260899,0.3531887758943334,0.2912699821063391,384.0,-9.848959817611854,115.40495517286206
1,-24576,-12288,18.789349137059922,725.8515724905171,888.98700131952,0.8164928974362262,-163.13542882900288,0.44921044976603614,0.44531624548601934,1778.2327880859375,-9.848959817611854,182.37924475552205
1,-20480,-12288,19.167093610129292,1055.9726852427523,875.3918242360196,1.2062857522850765,180.58086100673268,0.5464666112749018,0.46517884832486417,543.0579833984375,-9.848959817611854,118.0786303189382
1,-16384,-12288,19.712185644609338,1119.2502587754605,874.819341602968,1.279407307941559,244.4309171724924,0.5610081265150644,0.22430697094019486,2795.562255859375,-9.848959817611854,0.0
1,-12288,-12288,21.181672404499267,771.0307934631685,901.2701032809869,0.8554935869461389,-130.23930981781837,0.4607843066141963,0.2869206516243734,404.77154541015625,-9.848959817611854,0.0
1,-8192,-12288,18.798598199490886,802.0547113329785,888.5979281605048,0.9026070013389742,-86.5432168275263,0.47412494303389063,0.45163629680537054,1740.98828125,-9.848959817611854,188.92746612414243
1,-4096,-12288,21.168148197523855,1346.4956074176177,901.0266675554294,1.4944015043092873,445.46893986218834,0.5988357875768688,0.1817480167157856,128.0,-9.848959817611854,0.0
1,0,-12288,19.732943368262063,1262.4899078578098,875.1929806287171,1.4425274605731735,387.2969272290927,0.5903118759000455,0.23392178360141133,3095.906982421875,-9.848959817611854,0.0
1,4096,-12288,20.919774460991885,559.5705325854041,896.5559402978539,0.6241334281935642,-336.98540771244984,0.38402331094717246,0.29233597044804016,128.0,-9.848959817611854,0.0
1,8192,-12288,18.617574877157594,721.2171879391212,889.1829761020592,0.8111009851996321,-167.965788162938,0.44757174787074805,0.4864306331439539,2003.5169677734375,-9.848959817611854,203.92379058340396
1,12288,-12288,19.17935204295085,952.0487300485279,874.1124906030628,1.0891604230385676,77.93623944546505,0.5210534895815129,0.4463495141469377,461.51055908203125,-9.848959817611854,117.57635221701844
1,16384,-12288,20.001977367104583,1239.4098562988183,880.0355926078826,1.4083633283808126,359.3742636909358,0.5845044761410186,0.2291408156339749,2626.34033203125,-9.848959817611854,0.0
1,20480,-12288,19.02185308457879,568.0905455047352,867.9833016525926,0.6544947862742544,-299.8927561478573,0.39531061443256643,0.2762712514455067,286.2167053222656,-9.848959817611854,109.74706993969704
1,24576,-12288,18.75890898174575,636.7150539132862,889.2450747155532,0.7160175209482662,-252.53002080226702,0.41698210842285427,0.43301391724513777,1832.68115234375,-9.848959817611854,189.96138440706412
1,28672,-12288,18.93669829044639,1120.5263808053326,874.8967077304573,1.2807527687606184,245.6296730748753,0.5612669915709828,0.5700926914688663,746.36181640625,-9.848959817611854,129.6260060647288
1,32768,-12288,19.76054931232922,1151.9544197543923,875.689887621926,1.3154821541707034,276.26453213246634,0.5678444543312945,0.24711710377092783,2575.9501953125,-9.848959817611854,0.0
1,-32768,-8192,20.651126159127596,1221.1286912989615,891.7202708642967,1.3694077965900526,329.4084204346648,0.577680200031553,0.3210689079333287,2304.0,-6.81455190771961,0.0
1,-28672,-8192,19.69750038351006,573.9898056957752,905.6059198180914,0.6338185220907923,-331.61611412231616,0.3876749039624318,0.5093297383302491,1796.5655517578125,-6.81455190771961,189.61151876748448
1,-24576,-8192,22.4001293150485,705.6250509399997,935.34329989428,0.7544022082798424,-229.71824895428028,0.42974339339821843,0.5527887649020777,640.0,-6.81455190771961,124.31682346744314
1,-20480,-8192,19.7526382416891,914.6359921005796,911.6261487845244,1.0033016202091924,3.009843316055253,0.5005499603125039,0.5878134264309036,2145.6708984375,-6.81455190771961,203.24565220674629
1,-16384,-8192,20.912547200163726,1046.4301941418682,896.425849602947,1.1673360318707482,150.00434453892126,0.5383270008647004,0.263017821365948,1924.261962890625,-6.81455190771961,0.0
1,-12288,-8192,19.57277364543689,508.83748749096424,904.9227149553553,0.56229938654603,-396.0852274643911,0.3596634161825535,0.3834395259074477,1902.8568115234375,-6.81455190771961,189.5954746805288
1,-8192,-8192,18.90282816186483,587.1346732416268,930.6364899381147,0.6308958219343731,-343.5018166964878,0.3865853444388458,0.6890355436464115,5299.26171875,-6.81455190771961,369.4016710826331
1,-4096,-8192,19.773133376183353,942.1760043653815,906.8996043184429,1.0388978006815315,35.276400046938534,0.5092635133088759,0.5593284474779586,1792.0,-6.81455190771961,188.93109707879466
1,0,-8192,20.572314465808763,1111.1714582556203,890.3016603845577,1.2480842254923572,220.8697978710626,0.5548995629015908,0.26136066136958325,2083.68896484375,-6.81455190771961,0.0
1,4096,-8192,19.596955651271468,512.5600859689224,905.6691917008807,0.5659462535170434,-393.10910573195827,0.3611538276679874,0.4197556547137037,1924.261962890625,-6.81455190771961,192.9374147872227
1,8192,-8192,18.975204196721965,666.2862286509069,934.0279477355303,0.7133472079355441,-267.74171908462347,0.4160871354767269,0.6946040310687941,5557.3232421875,-6.81455190771961,388.09458833634784
1,12288,-8192,19.78191036519996,897.0120496651318,911.0020359650883,0.9846432985354023,-13.989986299956513,0.4958568630230609,0.5918852768781049,2063.93798828125,-6.81455190771961,202.50632597057916
1,16384,-8192,20.578981273774755,1054.1745669568127,890.4216629279456,1.183904896799572,163.75290402886708,0.5418259712701302,0.2619764155493106,2048.0,-6.81455190771961,0.0
1,20480,-8192,19.60720494783091,481.36303858333304,904.1824028881981,0.5323738186517809,-422.8193643048651,0.34716715672330634,0.4053509021586497,1810.193359375,-6.81455190771961,187.1618382245498
1,24576,-8192,19.16243212673335,713.4062765662011,937.9175211217125,0.7606279448890081,-224.51124455551144,0.4317593667563622,0.79042946375771,5623.26611328125,-6.81455190771961,387.0142527515024
1,28672,-8192,19.851436390479996,883.3356440814454,914.0362379822604,0.9664120604577048,-30.70059390081508,0.4911863073992134,0.5784505189846454,2191.007080078125,-6.81455190771961,206.55596364435837
1,32768,-8192,20.573158083038525,1013.903884132232,890.3168454946934,1.138812423086153,123.58703863753851,0.5321713481097655,0.25747454579911405,1920.0,-6.81455190771961,0.0
1,-32768,-4096,21.761406842890125,1168.542874894381,911.7053231720222,1.281711146347994,256.83755172235874,0.5614625281021375,0.15879853599816873,2807.25927734375,-3.5413464494312943,0.0
1,-28672,-4096,22.954952833463434,676.8648800980625,933.1891510023418,0.7253244204254191,-256.3242709042793,0.42013791408084616,0.27393561443516046,181.0193328857422,-3.5413464494312943,0.0
1,-24576,-4096,20.495932328045633,610.8714332945257,923.9106360745211,0.6611802153181986,-313.03920277999543,0.3977591908892992,0.3860080493334465,2067.9033203125,-3.5413464494312943,201.37928579934453
1,-20480,-4096,20.868889740599474,1113.5640956181228,898.172901813637,1.2398103899255442,215.39119380448574,0.5532586209917261,0.0,128.0,-3.5413464494312943,99.3605035472462
1,-16384,-4096,21.477385015964686,1125.6012057991138,906.5929302873643,1.2415728914214343,219.0082755117495,0.5536122625091215,0.14154718461251706,3020.908447265625,-3.5413464494312943,0.0
1,-12288,-4096,20.815472863900695,684.5979062693638,903.5626653801601,0.7576651100135149,-218.9647591107963,0.4307921543502441,0.26112265053718947,461.51055908203125,-3.5413464494312943,111.61426316869421
1,-8192,-4096,20.61105027416002,657.1540082421184,922.0498178497907,0.7127098726342074,-264.8958096076723,0.41586660998496816,0.36245850168365706,1796.5655517578125,-3.5413464494312943,189.33279161393264
1,-4096,-4096,21.03184027431372,856.466761191013,909.4926213835101,0.941697316783247,-53.025860192497134,0.48471219521928693,0.27852635048089847,572.4334106445312,-3.5413464494312943,132.73129776370428
1,0,-4096,21.835395339536756,1282.6361351103892,913.0371161116616,1.4048017462562024,369.5990189987276,0.5838993734716051,0.12906135506302474,3042.525146484375,-3.5413464494312943,0.0
1,4096,-4096,20.880832668790667,635.2377613608186,904.7391418681796,0.7021225588285344,-269.501380507361,0.4122305532482199,0.2605368685129882,461.51055908203125,-3.5413464494312943,113.62051256071209
1,8192,-4096,20.70186543727688,600.2356990397604,925.4956934221409,0.6485559071812758,-325.25999438238046,0.39315082011372143,0.37052761831981734,1920.0,-3.5413464494312943,195.90758670260152
1,12288,-4096,20.92121398387659,789.1073913982771,913.3845923434031,0.8639377081824018,-124.27720094512608,0.4632292954293928,0.3057354925153261,905.0966796875,-3.5413464494312943,145.11250450051338
1,16384,-4096,21.7477000757709,1143.6428995642632,911.4586013638761,1.2547392694006665,232.18429820038705,0.5562190869701785,0.15772455629760246,2795.562255859375,-3.5413464494312943,0.0
1,20480,-4096,22.87751410926187,654.6662553228057,931.7952539667137,0.7025859517268932,-277.12899864390806,0.41239819138405853,0.2668209519165337,128.0,-3.5413464494312943,0.0
1,24576,-4096,20.869328264473676,646.4825020486378,931.7265691946467,0.6938543167309651,-285.2440671460089,0.4093710667072556,0.3966539244122227,2145.6708984375,-3.5413464494312943,203.2701409427799
1,28672,-4096,20.84859529975765,922.4566151681032,900.864661525812,1.0239680326739873,21.591953642291173,0.5056437300560372,0.24172580361492607,286.2167053222656,-3.5413464494312943,109.21692151477568
1,32768,-4096,21.534390643264228,1267.9946246628258,907.6190315787561,1.3970560119890998,360.3755930840697,0.5825538312813431,0.1750804322200417,2807.25927734375,-3.5413464494312943,0.0
1,-32768,0,22.65085357399162,1472.524079169734,927.7153643318491,1.58725848011611,544.808714837885,0.6132350037622407,0.19534758113927364,2715.2900390625,0.0,0.0
1,-28672,0,22.310659934270728,1128.9410352641587,921.5918788168731,1.2249902166167932,207.34915644728562,0.5502914564594539,0.0,2353.25146484375,0.0,0.0
1,-24576,0,22.312172006121365,1490.9992572164954,921.6190961101845,1.617804213811818,569.3801611063109,0.6177444147959256,0.06346284908459801,1920.0,0.0,0.0
1,-20480,0,22.360675140495108,1466.2426126640394,922.4921525289119,1.5894364072848692,543.7504601351275,0.6135587237630752,0.10464661010513535,2862.1669921875,0.0,0.0
1,-16384,0,22.3528950878835,1257.6430513323617,922.352111581903,1.3635172896990604,335.2909397504586,0.5766372492325421,0.12156997245221375,5262.02978515625,0.0,0.0
1,-12288,0,22.555898243125593,1177.2006534161094,926.0061683762607,1.271266535384224,251.1944850398487,0.5594510203200301,0.0,3117.003662109375,0.0,0.0
1,-8192,0,22.35003314191603,1422.5430099620269,922.3005965544885,1.5423854384094877,500.2424134075384,0.606409995112354,0.04851580646700911,1924.261962890625,0.0,0.0
1,-4096,0,22.42111686094853,1458.0664529093858,923.5801034970735,1.5787114159221447,534.4863494123123,0.6119524731811091,0.10664536942714026,2575.9501953125,0.0,0.0
1,0,0,22.555369529535803,1309.702575203393,925.9966515316444,1.4143707464136939,383.7059236717487,0.5855514946080599,0.11403644550402377,5120.0,0.0,0.0
1,4096,0,22.394129835352004,1292.852282046517,923.0943370363361,1.400563550413836,369.75794501018095,0.5831679801931214,0.0,2996.403076171875,0.0,0.0
1,8192,0,22.433154729085523,1429.734355936525,923.7967851235394,1.5476719327891215,505.93757081298554,0.6072267769169643,0.05608868476594934,1920.0,0.0,0.0
1,12288,0,22.385753168273155,1350.3677001854876,922.9435570289168,1.4631097317939012,427.42414315657084,0.5937479735466944,0.11487728576190348,2353.25146484375,0.0,0.0
1,16384,0,22.56962522418851,1368.15793910649,926.2532540353932,1.4770884022764372,441.90468507109676,0.5960404581079874,0.12960674172987496,3712.0,0.0,0.0
1,20480,0,22.47166521304834,1145.0148839730143,924.4899738348702,1.238536832609862,220.52491013814415,0.5530124112750363,0.0,2807.25927734375,0.0,0.0
1,24576,0,22.668560176814342,1306.5469872999597,928.0340831826582,1.4078653047086436,378.51290411730156,0.5844328369706144,0.06641199726783341,1498.2015380859375,0.0,0.0
1,28672,0,22.680927227933456,1281.5104923250701,928.2566901028022,1.3805561607998171,353.25380222226795,0.5796677743866773,0.12098950231301571,3179.4541015625,0.0,0.0
1,32768,0,22.510941065102724,1571.0322741069356,925.196939171849,1.698051741841233,645.8353349350866,0.6291101616756353,0.22144592328788734,2715.2900390625,0.0,0.0
1,-32768,4096,21.690677289516465,1138.8989703743932,910.4321912112964,1.2509432128702855,228.46677916309682,0.5554707413672575,0.18980633018463544,2924.456787109375,3.5413464494312943,0.0
1,-28672,4096,20.749201230006257,660.9417094815291,908.807330570595,0.7272627401305803,-247.86562108906594,0.42078122769987253,0.30590846502618035,819.5999145507812,3.5413464494312943,138.25739375606358
1,-24576,4096,20.64208876707574,657.8530744443098,927.150338845061,0.7095430448354133,-269.29726440075126,0.4147866700235674,0.38301484760401044,2111.030029296875,3.5413464494312943,198.45587273010906
1,-20480,4096,20.870658275448697,854.9605368558412,906.0559882117689,0.9436067395164267,-51.09545135592771,0.48521709342256913,0.26357681252860976,543.0579833984375,3.5413464494312943,117.18387288477567
1,-16384,4096,21.774942712679554,1212.4871929577075,911.948968828232,1.3295559668384063,300.53822412947557,0.5704651189988653,0.14026214105264137,2985.447265625,3.5413464494312943,0.0
1,-12288,4096,21.082365055634174,632.1130736808053,903.0488894360606,0.6999765805321456,-270.93581575525525,0.41148855970776066,0.25998719485565325,181.0193328857422,3.5413464494312943,101.65656571473056
1,-8192,4096,20.854741776739235,645.7558619650914,930.369206151006,0.6940855927902243,-284.61334418591457,0.4094512699214513,0.39127892251808816,2067.9033203125,3.5413464494312943,202.33231918108578
1,-4096,4096,20.895302884035274,863.4338525756766,901.7053980428093,0.9575564862423994,-38.27154546713268,0.48888209254921994,0.24158148193864748,286.2167053222656,3.5413464494312943,106.86680515364962
1,0,4096,21.482548736984295,1317.1596423097587,906.6858772657173,1.452718825048762,410.47376504404144,0.5920229655140671,0.14771883760343296,2977.2041015625,3.5413464494312943,0.0
1,4096,4096,21.142495398521017,660.2238548940273,905.5772275229464,0.7290641094188711,-245.35337262891903,0.42138332830071507,0.2588486807125057,256.0,3.5413464494312943,107.53785553965565
1,8192,4096,20.76563746353245,606.4030577118092,930.3356038837684,0.6518110832051637,-323.9325461719592,0.39434727945423287,0.40581802117700355,2179.761474609375,3.5413464494312943,210.07138019366312
1,12288,4096,20.857204180215927,1157.2775157117378,897.9625617267332,1.2887814760187286,259.31495398500465,0.5628124499710161,0.0,128.0,3.5413464494312943,96.57541206449928
1,16384,4096,21.719896233389182,1158.041676567694,910.9581322010054,1.27123479733333,247.08354436668856,0.5594404751450357,0.16322803655291296,2638.78759765625,3.5413464494312943,0.0
1,20480,4096,20.74779134670617,672.557457595643,906.4838464882205,0.741940918419204,-233.9263888925775,0.4256581494783163,0.28913111164780986,689.3010864257812,3.5413464494312943,132.48088760054245
1,24576,4096,20.866168621883812,660.5182475607052,926.5742387410512,0.7128605781854676,-266.05599118034604,0.41591925738460983,0.3638655085854902,1792.0,3.5413464494312943,186.24125667472546
1,28672,4096,22.954952833463434,989.3469205726145,933.1891510023418,1.0601783352388456,56.15776957027276,0.5143375968835122,0.0,286.2167053222656,3.5413464494312943,0.0
1,32768,4096,21.630820676231057,1314.1227867918224,909.3547721721591,1.445115621544275,404.7680146196633,0.5907556951951703,0.251377505538878,3521.7451171875,3.5413464494312943,0.0
1,-32768,8192,20.738709566583083,1130.899683462789,893.2967721984955,1.2659842939760413,237.60291126429343,0.5584148047965638,0.2682253388346169,1920.0,6.81455190771961,0.0
1,-28672,8192,19.556086308628355,528.8951671995839,906.7677134942376,0.5832752526680527,-377.8725462946537,0.36814145775393,0.5091742829725973,2051.99609375,6.81455190771961,202.44988137763136
1,-24576,8192,22.42438763071258,910.516344553991,934.5584737986896,0.9742743446036342,-24.042129244698685,0.493217466324836,0.5623253997145017,572.4334106445312,6.81455190771961,123.78043401481877
1,-20480,8192,20.11434348044049,879.5202317741864,911.7823698460163,0.9646164050339354,-32.262138071829895,0.4907208364140738,0.590452355468046,1707.7330322265625,6.81455190771961,180.61597132891913
1,-16384,8192,20.582316130574785,1126.8923982267997,890.4816903503461,1.2654863209859393,236.41070787645367,0.5583169168710461,0.2490846687509131,1792.0,6.81455190771961,0.0
1,-12288,8192,19.819474422450533,607.6974509207854,901.9421992264772,0.6737654047476194,-294.2447483056918,0.4022782341649412,0.4076896857855379,1413.80615234375,6.81455190771961,167.33819025818372
1,-8192,8192,18.92458908023766,653.8379736241135,932.2603766860898,0.7013469519624059,-278.4224030619763,0.41197067182151553,0.7118528873062313,5450.1552734375,6.81455190771961,393.89122882531865
1,-4096,8192,19.779678221303307,864.3891548586431,914.7302296650554,0.9449662062389197,-50.34107480641228,0.4855793169680725,0.5978893069187067,2335.78076171875,6.81455190771961,212.5012195886816
1,0,8192,20.817501874803483,1199.0771317979459,894.7150337464627,1.3401776952120945,304.36209805148314,0.5724086386805449,0.2569349534847618,1668.915771484375,6.81455190771961,0.0
1,4096,8192,19.883422970782807,506.8878711400108,914.4034133591009,0.5543372473621201,-407.5155422190901,0.3563882283919932,0.4368747129370042,2176.0,6.81455190771961,200.54112616484474
1,8192,8192,18.771304732191723,610.7460303299029,931.59615823022,0.6555909714034831,-320.85012790031715,0.39572949852404715,0.7074477223110538,5715.7412109375,6.81455190771961,397.36894779135
1,12288,8192,19.7813782551345,931.0018531483789,908.926924143578,1.0242868028423744,22.07492900480088,0.5057239935799696,0.5845995328937622,1920.0,6.81455190771961,192.61546858529175
1,16384,8192,20.69776113146408,1199.3827707958942,892.5597003663535,1.3437563563575685,306.82307042954073,0.5730605534178185,0.29183804019015824,1936.991455078125,6.81455190771961,0.0
1,20480,8192,19.746991170430444,558.5919422664967,910.1472096994411,0.6137380154700042,-351.55526743294433,0.38006195964727385,0.44513200700799654,2048.0,6.81455190771961,198.6531538061222
1,24576,8192,19.200604424557667,612.9698491522331,937.708426820792,0.6536891763151227,-324.73857766855895,0.39503668939867864,0.6918987322378004,5509.9501953125,6.81455190771961,380.5468701567784
1,28672,8192,19.685240204715022,982.4326329076318,907.6864443505958,1.0823480278043738,74.74618855703602,0.5194980288242754,0.5955126781000043,1953.835205078125,6.81455190771961,201.57224928957444
1,32768,8192,20.862537565982223,1256.8717600781122,895.52567618768,1.4035016454566769,361.34608389043217,0.5836692005437019,0.269844497927097,2048.0,6.81455190771961,0.0
1,-32768,12288,19.739289100602537,1136.3621452114062,875.3072038108457,1.2982437940234004,261.05494140056044,0.5646044869533324,0.23340571037747382,2842.061279296875,9.848959817611854,0.0
1,-28672,12288,19.04721699891929,563.1383174100632,869.8765542900272,0.6473772797218146,-306.738236879964,0.39270047230572785,0.3148495275813065,362.0386657714844,9.848959817611854,106.23086664651441
1,-24576,12288,18.942757832330802,704.4060314929936,895.7278009208816,0.7864063510910418,-191.32176942788794,0.43994200686586493,0.44066051937090595,2051.99609375,9.848959817611854,197.75185223906837
1,-20480,12288,20.913960568310753,1373.0309204487542,896.4512902295935,1.5316291419437882,476.57963021916066,0.6047309747644032,0.1697193931890437,128.0,9.848959817611854,0.0
1,-16384,12288,20.027546308784196,1102.9006868474467,880.4958335581155,1.25259046643138,222.4048532893312,0.555786444647686,0.21096133320059057,2721.3173828125,9.848959817611854,0.0
1,-12288,12288,19.26393990015545,476.07666501722264,871.7632285523662,0.5461077611724765,-395.68656353514353,0.3529526871846344,0.2833921746376667,256.0,9.848959817611854,101.18037221196018
1,-8192,12288,18.99205035320164,737.1633126751148,887.3211793365807,0.8307739405321827,-150.15786666146596,0.45350374998829013,0.4705760922256009,1431.08349609375,9.848959817611854,174.7926110433166
1,-4096,12288,19.004795694150555,1145.5806106674947,867.6762686248843,1.3202857472211846,277.90434204261044,0.5687361043393554,0.4304372875140058,286.2167053222656,9.848959817611854,113.26572887959983
1,0,12288,19.879676676456533,1056.6866680775267,877.8341801762176,1.203742907191659,178.85248790130913,0.5459443482775632,0.23528972020843314,2591.802490234375,9.848959817611854,0.0
1,4096,12288,19.15678160803997,545.7944406756169,878.8582074471417,0.6210267322427473,-333.0637667715248,0.3828383031408785,0.30360757146963313,746.36181640625,9.848959817611854,135.73234526935082
1,8192,12288,18.753344005144758,767.0006981598251,891.9176512824316,0.8599456430276984,-124.91695312260651,0.462071341290698,0.4796963678396749,2023.857666015625,9.848959817611854,199.29434013306644
1,12288,12288,19.192699096940462,1091.0630725112135,877.6095559683353,1.243221504473431,213.45351654287822,0.5539311745188026,0.4735123269370379,640.0,9.848959817611854,130.50594351903612
1,16384,12288,20.055725676538106,1210.1647293394828,881.0030621776859,1.3736214790765502,329.1616671617969,0.578426230556734,0.24836395031625005,2404.901611328125,9.848959817611854,0.0
1,20480,12288,19.067356744880122,540.7737511064616,883.0821136815596,0.6123708573962413,-342.30836257509793,0.37952874004341036,0.3201496959452808,1086.115966796875,9.848959817611854,142.5619905916675
1,24576,12288,18.85712910053771,761.0829858918964,899.3728179194869,0.846237478749363,-138.28983202759048,0.45808199300033764,0.46465674442500704,2428.629150390625,9.848959817611854,211.8288858282533
1,28672,12288,19.231588103559147,964.2093613326755,871.758531994239,1.1060509601517126,92.4508293384365,0.52489178762205,0.4113467507869573,286.2167053222656,9.848959817611854,106.33990930602391
1,32768,12288,20.05788507864544,1177.844713177931,881.0419314156179,1.33687702160262,296.8027817623131,0.5718007426619051,0.24808618434952567,2715.2900390625,9.848959817611854,0.0
1,-32768,16384,18.975251127943906,1492.5915968964687,861.5545203029903,1.7324400971996015,631.0370765934783,0.6337575346158704,0.19902285952139012,5166.19140625,12.6697827880121,0.0
1,-28672,16384,19.10168536094591,1159.6568713846802,863.8303364970263,1.3424590714043212,295.8265348876539,0.572815114301498,0.0,2946.78125,12.6697827880121,0.0
1,-24576,16384,19.105028836856285,1413.102020358518,863.8905190634132,1.6357420172761388,549.2115012951049,0.6203277648648973,0.050641218892356024,1936.991455078125,12.6697827880121,0.0
1,-20480,16384,18.945191033225928,1304.2714866924525,861.0134385980667,1.5148096745343658,443.2580480943858,0.6020775344303047,0.09676829482112616,2807.25927734375,12.6697827880121,0.0
1,-16384,16384,19.11030975649961,1296.6905048747903,863.985575616993,1.5008242515493297,432.7049292577974,0.5998542133934295,0.11112063343958736,2626.34033203125,12.6697827880121,0.0
1,-12288,16384,19.0166804387518,1171.8633553680656,862.3002478975324,1.3589968902656733,309.5631074705333,0.5758079367613044,0.0,2721.3173828125,12.6697827880121,0.0
1,-8192,16384,19.10532457659854,1354.7469685501583,863.8958423787738,1.5681832254451014,490.8511261713845,0.6103445842185706,0.053888065182658124,1664.0,12.6697827880121,0.0
1,-4096,16384,18.927260527334013,1278.2419538992087,860.6906894920122,1.4851351008033318,417.5512644071965,0.5973281251850698,0.11071246868123714,2663.507568359375,12.6697827880121,0.0
1,0,16384,18.914852788446655,1362.1471495157898,860.4673501920398,1.583031766646096,501.67979932375,0.61258241916248,0.11288289549513657,2534.270751953125,12.6697827880121,0.0
1,4096,16384,18.92813385658257,1234.3724447768193,860.7064094184863,1.434138785617724,373.66603535833303,0.588895996114946,0.0,2715.2900390625,12.6697827880121,0.0
1,8192,16384,19.013441561406527,1240.748070062603,862.2419481053175,1.4389790160279388,378.50612195728536,0.5897119564963536,0.04840510438653842,1664.0,12.6697827880121,0.0
1,12288,16384,19.094817348914155,1433.7008449697305,863.7067122804548,1.6599394500296445,569.9941326892757,0.6237800778400721,0.12427784719444952,2591.802490234375,12.6697827880121,0.0
1,16384,16384,18.906564891585322,1316.486569209871,860.3181680485359,1.530232207226385,456.16840116133517,0.6045016555833048,0.14363858706871294,2534.270751953125,12.6697827880121,0.0
1,20480,16384,19.134396497689394,1257.8153624812742,864.4191369584091,1.4550989314131682,393.39622552286505,0.5924052961711053,0.0,2591.802490234375,12.6697827880121,0.0
1,24576,16384,19.074287741956567,1273.7316206391104,863.3371793552183,1.4753582390490751,410.3944412838921,0.5957393048542167,0.05661778103971581,1792.0,12.6697827880121,0.0
1,28672,16384,18.865638889232653,1471.6991822873433,859.5815000061878,1.712111280055177,612.1176822811556,0.6310128937140173,0.10533975990353663,2807.25927734375,12.6697827880121,0.0
1,32768,16384,18.945606696435373,1285.5805720319013,861.0209205358367,1.49308865948559,424.5596514960646,0.5986122548717461,0.12522993413104583,2534.270751953125,12.6697827880121,0.0
1,-32768,20480,18.33639598794624,1381.4203645526925,850.0551277830323,1.6250950313722308,531.3652367696602,0.6187841117607894,0.2247382208682093,2807.25927734375,15.298804780876495,0.0
1,-28672,20480,17.641697979848413,663.3685954027602,840.0834501201178,0.7896460706468026,-176.71485471735764,0.4409370158237273,0.2585045391585631,128.0,15.298804780876495,98.28819935369508
1,-24576,20480,17.10680733715356,654.0648463486114,864.0011925028845,0.7570184532429656,-209.9363461542731,0.430570383130363,0.3954719909053646,2145.6708984375,15.298804780876495,198.77615528977987
1,-20480,20480,17.416648007392602,797.6136554661657,843.8838033867592,0.9451700012076337,-46.270147920593445,0.4856102827843625,0.25698848919281037,543.0579833984375,15.298804780876495,115.26850023181399
1,-16384,20480,18.04965094318772,1155.1174861308118,844.893716977379,1.367174903682872,310.22376915343284,0.5772668760357544,0.1613831025561113,2807.25927734375,15.298804780876495,0.0
1,-12288,20480,17.340824960176352,673.6418433308463,844.2758215065813,0.7978930891669448,-170.63397817573502,0.4435012238816429,0.27637858264561044,640.0,15.298804780876495,125.87935155749445
1,-8192,20480,16.906829012255802,668.1961199776517,864.7131474144365,0.7727373198564322,-196.51702743678482,0.43561645671109417,0.43092427795373917,2462.129150390625,15.298804780876495,220.1130881794283
1,-4096,20480,17.39191430327403,910.9657662544714,838.6444035891069,1.0862360284714883,72.32136266536452,0.5203704296633149,0.23821693336672328,286.2167053222656,15.298804780876495,106.44925522669115
1,0,20480,18.203670439123346,1313.9753954526832,847.6660679042202,1.5501097014551635,466.309327548463,0.6075789342414157,0.164261792199312,3093.259765625,15.298804780876495,0.0
1,4096,20480,17.453420696095463,658.2693558670059,841.9899751177254,0.7818018923265303,-183.72061925071955,0.43847811119696606,0.2797440083840168,404.77154541015625,15.298804780876495,118.83685134608942
1,8192,20480,16.788828462132926,638.5339829013021,860.5115243117336,0.7420400132491233,-221.9775414104315,0.42567640770288834,0.42682168037301366,2307.552734375,15.298804780876495,216.63405967205335
1,12288,20480,17.578843035576604,1193.5937578205376,838.9520611232253,1.4227198586561698,354.6416966973122,0.5869519863784028,0.013076555695741758,128.0,15.298804780876495,97.65740184176278
1,16384,20480,18.19931074276493,1155.2382500518393,847.5875933697687,1.362972109418141,307.6506566820706,0.5765162944895583,0.14860060464906877,2715.2900390625,15.298804780876495,0.0
1,20480,20480,17.307323060151216,635.7779579428574,840.4159689126694,0.7565038998074098,-204.63801096981206,0.43039572962246414,0.28071553341885785,461.51055908203125,15.298804780876495,123.5607676875803
1,24576,20480,17.1574183265318,651.9961433292926,861.4463192150637,0.7568621848931705,-209.45017588577105,0.43051892657176233,0.3747976409313662,1902.8568115234375,15.298804780876495,190.42052680621126
1,28672,20480,17.58753579904349,1130.4567761486749,839.1085308656293,1.3472116354036932,291.34824528304557,0.5736713074795186,0.0,128.0,15.298804780876495,96.76602925484882
1,32768,20480,18.04673546772473,1342.502586659216,844.8412384190451,1.589059015598536,497.6613482401708,0.6134788195868647,0.2303899405743786,2663.507568359375,15.298804780876495,0.0
1,-32768,24576,17.386867856227166,1130.759796691913,832.963621412089,1.3575140229713543,297.79617527982396,0.5755312866291985,0.25868636165138403,2048.0,17.754944772668892,0.0
1,-28672,24576,16.376419595548526,521.853823177414,848.842181033096,0.6147830949473836,-326.988357855682,0.38044422494164143,0.3873591606558417,2003.5169677734375,17.754944772668892,203.1702228956181
1,-24576,24576,15.04304950456697,613.4989939118027,863.4004489094654,0.7105613561895809,-249.90145499766265,0.41511551878025643,0.7105393019812383,5576.453125,17.754944772668892,384.71060141491296
1,-20480,24576,16.19927241038993,827.6293854983213,839.0173275054044,0.9864270478883409,-11.387942007083097,0.49628580144988554,0.5617531172676056,1557.187255859375,17.754944772668892,179.62009235375345
1,-16384,24576,17.557921462003847,1185.7219806430144,836.0425863160692,1.418255481300025,349.67939432694516,0.5861888229659696,0.2642559626602295,1819.2218017578125,17.754944772668892,0.0
1,-12288,24576,16.14835321346829,560.4092399979469,845.4285177813564,0.6628700454399377,-285.0192777834095,0.3983467438935917,0.4261508102022224,2051.99609375,17.754944772668892,201.52673728383206
1,-8192,24576,15.079093048805793,632.414191607453,866.5400200867884,0.7298153310266194,-234.1258284793355,0.4216223313197827,0.7180884731777444,5900.50830078125,17.754944772668892,407.1541303888879
1,-4096,24576,16.2114539307751,947.4527529832154,849.5807824762086,1.1152003111719957,97.87197050700684,0.5269383102696843,0.6025633504611099,2268.165771484375,17.754944772668892,207.63992111032692
1,0,24576,17.620332318924884,1106.480517804911,837.1659817406479,1.3216978973563884,269.31453606426305,0.5689879975941553,0.2595426818812614,1792.0,17.754944772668892,0.0
1,4096,24576,16.137321157557075,583.8119556217455,841.45498438317,0.6938124634792078,-257.6430287614245,0.40932867420998587,0.4157512390828488,1792.0,17.754944772668892,184.13270780027636
1,8192,24576,15.272061565407814,664.1721242536005,866.6598694803474,0.7663584615402126,-202.48774522674694,0.4335802666156844,0.7070583200203073,5468.16259765625,17.754944772668892,381.95881438473265
1,12288,24576,16.08797916519164,926.0990375259912,844.2849936051426,1.096903349627829,81.81404392084858,0.5228109891758604,0.583883674381839,2048.0,17.754944772668892,193.58923956838203
1,16384,24576,17.559112417746523,1227.2646393089235,836.0640235194373,1.4679074864897488,391.20061578948616,0.5945102935437779,0.2750436811369896,2176.0,17.754944772668892,0.0
1,20480,24576,16.099825460879952,513.9831525313757,840.8477712107494,0.6112677825039408,-326.86461867937373,0.3790908907083858,0.4116255438152985,1796.5655517578125,17.754944772668892,186.78455455510294
1,24576,24576,15.268133032410883,611.9438670850155,869.512805051981,0.7037778667887846,-257.56893796696545,0.41279038948429025,0.6969660526863485,5843.30859375,17.754944772668892,399.21889560745007
1,28672,24576,16.21650142906145,898.0339009012076,848.3988256081165,1.0585044130129644,49.63507529309118,0.5139161509783111,0.5944900309567006,2176.0,17.754944772668892,217.20131977051568
1,32768,24576,17.304158543081694,1013.8800206841796,831.4748537754705,1.219375446028781,182.40516690870913,0.5491252167765958,0.2682305368309524,1664.0,17.754944772668892,0.0
1,-32768,28672,16.848132908734215,1152.0573142673475,823.2663923572159,1.3993736717087668,328.7909219101316,0.5829294616087913,0.22119179177755754,2807.25927734375,20.054712758020393,0.0
1,-28672,28672,17.5921911219251,697.276550169681,836.6594401946518,0.8334054654393872,-139.38289002497083,0.45427076734592386,0.2837476576077779,256.0,20.054712758020393,0.0
1,-24576,28672,15.548746759647113,701.182965834971,828.9412191471363,0.8458777892072848,-127.75825331216527,0.45795303392922704,0.4260252015519104,1664.0,20.054712758020393,174.0151731703591
1,-20480,28672,16.15186202385085,974.686794544495,817.7601647387953,1.191898109705337,156.9266298056997,0.5434712130734026,0.42099017547473283,362.0386657714844,20.054712758020393,111.20648466141483
1,-16384,28672,16.838525063380153,1093.5842685181003,823.0934511408427,1.3286271042520696,270.4908173772576,0.5702648872160819,0.2283948144022179,2521.3076171875,20.054712758020393,0.0
1,-12288,28672,16.080637048593424,532.7810599179498,822.475069122191,0.6477777624148231,-289.6940092042412,0.39283218597877484,0.29356014594962593,689.3010864257812,20.054712758020393,128.67619741438426
1,-8192,28672,15.553105667241061,777.1553597324585,831.996644789966,0.9340847281044601,-54.84128505750755,0.4826596231595941,0.46533918526288237,1863.7081298828125,20.054712758020393,192.81355556006457
1,-4096,28672,16.157303927859743,976.2726284774706,818.6598732894824,1.1925253213580378,157.6127551879881,0.5436020716351818,0.4383745664422842,404.77154541015625,20.054712758020393,120.20764676982199
1,0,28672,16.866261851632427,1254.0157086385884,823.5927133293837,1.522616322780728,430.4229953092047,0.603295789329728,0.2182365268332354,2918.84912109375,20.054712758020393,0.0
1,4096,28672,16.005900209442423,511.51268038618537,815.9346063579707,0.6269040146114014,-304.4219259717853,0.38504552306311945,0.27824445888827454,404.77154541015625,20.054712758020393,111.91005038660188
1,8192,28672,15.556951994391557,732.5112073581757,825.2167955214157,0.8876591113191489,-92.70558816324001,0.46994164857815846,0.44945467510001097,1413.80615234375,20.054712758020393,173.12049893696667
1,12288,28672,16.19427035990539,1112.137471544649,815.0631849129423,1.3644800699266493,297.07428663170674,0.5767747603549835,0.4141649772585835,181.0193328857422,20.054712758020393,104.43366059460699
1,16384,28672,16.955858591046237,1098.7483879753988,825.2054546388323,1.3314846403387968,273.54293333656653,0.5707920697377431,0.22121534476297314,2591.802490234375,20.054712758020393,0.0
1,20480,28672,15.761512618310947,474.47350225887686,819.7080075358255,0.5788323377311158,-345.2345052769486,0.3663374582409573,0.30660111102573884,858.6500854492188,20.054712758020393,134.5778198771774
1,24576,28672,15.50633257480805,774.4593673550785,838.140277925184,0.9240211784980104,-63.68091057010554,0.47995757164446107,0.4971769297312047,2360.203369140625,20.054712758020393,213.70064326578554
1,28672,28672,15.914202514858076,1083.3456003688084,815.3397990973929,1.3287044267532462,268.0058012714155,0.5702763208440835,0.44909991998005805,461.51055908203125,20.054712758020393,117.44749775900723
1,32768,28672,16.641122965918232,1240.6906227338698,819.5402133865282,1.5138862040790548,421.15040934734157,0.6019173597601857,0.2285998324340721,2524.5546875,20.054712758020393,0.0
1,-32768,32768,16.016835828728418,1291.1976700205473,808.3030449171115,1.597417797866832,482.8946251034358,0.6147094646710791,0.09466471537563768,2715.2900390625,22.21258134490239,0.0
1,-28672,32768,15.971560661251232,1364.5935522209656,807.4880919025222,1.689924056967636,557.1054603184434,0.6279531907653539,0.0,3379.296875,22.21258134490239,0.0
1,-24576,32768,15.969393611496686,1274.5718895765315,807.4490850069403,1.5785167303342427,467.12280456959115,0.611886248448074,0.0580047586035072,2179.761474609375,22.21258134490239,0.0
1,-20480,32768,15.90535861028626,1499.1232522108214,806.2964549851526,1.8592705486202672,692.8267972256688,0.6499785132487347,0.10710786492749742,2807.25927734375,22.21258134490239,0.0
1,-16384,32768,16.265980065050936,1339.3950266326415,812.7876411709169,1.647902796237261,526.6073854617246,0.6220535984524461,0.11486102423493405,2626.34033203125,22.21258134490239,0.0
1,-12288,32768,15.967364456784633,1199.722331721898,807.4125602221234,1.4858851482219302,392.30977149977457,0.5974311469487387,0.0,2988.190185546875,22.21258134490239,0.0
1,-8192,32768,16.102636462999236,1370.7325637973054,809.8474563339862,1.692581180661271,560.8851074633192,0.6283210109867124,0.057419701356990656,1668.915771484375,22.21258134490239,0.0
1,-4096,32768,16.014534808291156,1358.8036602818322,808.2616265492409,1.6811433521631516,550.5420337325913,0.6267355824269994,0.09376680249077562,2700.162841796875,22.21258134490239,0.0
1,0,32768,16.097116372441686,1234.5167682774545,809.7480947039503,1.5245689077277824,424.7686735735042,0.6035975049597664,0.07920116953899439,5430.580078125,22.21258134490239,0.0
1,4096,32768,16.14290855943117,1235.6449190740361,810.5723540697611,1.524410390843026,425.072565004275,0.6035729256897707,0.0,3263.37255859375,22.21258134490239,0.0
1,8192,32768,16.138723372304074,1237.4634487884498,810.4970207014733,1.5267958020591406,426.9664280869765,0.6039469610150698,0.044934007218541176,1664.0,22.21258134490239,0.0
1,12288,32768,15.997967547540403,1433.8245226337754,807.9634158557272,1.7746156502831114,625.8611067780481,0.6393045450384592,0.1145773951112689,2591.802490234375,22.21258134490239,0.0
1,16384,32768,16.040087907019952,1361.1546151047685,808.7215823263591,1.6830942129543358,552.4330327784094,0.6270070198915395,0.13629828221747914,2626.34033203125,22.21258134490239,0.0
1,20480,32768,16.2033846715075,1187.524668351092,811.6609240871351,1.4630797579502626,375.86374426395696,0.5937072403883776,0.0,2700.162841796875,22.21258134490239,0.0
1,24576,32768,16.16230659978003,1441.4621363745273,810.9215187960406,1.7775605936745125,630.5406175784867,0.6396878459054133,0.06389494360340336,1668.915771484375,22.21258134490239,0.0
1,28672,32768,16.090889655078435,1484.9239388253272,809.6360137914119,1.834063595901122,675.2879250339154,0.6468678533673856,0.10992906881160831,2977.2041015625,22.21258134490239,0.0
1,32768,32768,16.106124747687105,1221.2380367222872,809.9102454583679,1.5078683638964572,411.3277912639194,0.6009591167293179,0.11841317664380328,5018.1875,22.21258134490239,0.0
12345,-32768,-32768,16.025603633821426,1416.4272762834805,808.4608654087856,1.7520047498740539,607.9664108746949,0.6363425231272493,0.11477818298800518,4887.52197265625,-22.21258134490239,0.0
12345,-28672,-32768,16.14521203668687,1188.9442948459523,810.6138166603637,1.4667209840368463,378.3304781855886,0.5943063028300334,0.0,2807.25927734375,-22.21258134490239,0.0
12345,-24576,-32768,16.249984639934883,1249.5718816390583,812.499723518828,1.5379351468912865,437.07215812023037,0.6056851727855703,0.05614115556353561,1796.5655517578125,-22.21258134490239,0.0
12345,-20480,-32768,16.218820883911025,1384.7801061112216,811.9387759103985,1.7055228142768724,572.8413302008231,0.6300988344957937,0.11793713308719486,2807.25927734375,-22.21258134490239,0.0
12345,-16384,-32768,15.948684107422089,1376.5719771582017,807.0763139335976,1.705628022273318,569.4956632246041,0.6301114842015354,0.12713195144192302,2715.2900390625,-22.21258134490239,0.0
12345,-12288,-32768,16.06487318519022,1148.7984791901843,809.167717333424,1.4197285118788454,339.6307618567603,0.586430986521793,0.0,2921.654296875,-22.21258134490239,0.0
12345,-8192,-32768,15.914755486670105,1267.4142455080405,806.4655987600619,1.571566409598482,460.9486467479786,0.6108374174096385,0.049801307131946006,1707.7330322265625,-22.21258134490239,0.0
12345,-4096,-32768,16.2706275496013,1425.5532041799704,812.8712958928234,1.7537256037737232,612.681908287147,0.6365712280693687,0.09555820062417454,2807.25927734375,-22.21258134490239,0.0
12345,0,-32768,16.069324934116274,1261.191427685936,809.247848814093,1.5584736240376058,451.9435788718431,0.6088478875503828,0.0,2715.2900390625,-22.21258134490239,0.0
12345,4096,-32768,15.894001794417866,1201.927510245951,806.0920322995216,1.4910549442068517,395.83547794642936,0.5982657135943447,0.0,2807.25927734375,-22.21258134490239,0.0
12345,8192,-32768,16.006682828065582,1256.9680252991855,808.1202909051805,1.555421933399603,448.847734394005,0.6083805883033961,0.04852150357418843,2304.0,-22.21258134490239,0.0
12345,12288,-32768,15.944516484688268,1482.6439755337324,807.0012967243888,1.8372262616575354,675.6426788093436,0.6472604001544683,0.11121292942099686,3077.32861328125,-22.21258134490239,0.0
12345,16384,-32768,16.241842291087234,1468.597557560764,812.3531612395702,1.8078314058873484,656.2443963211938,0.6435711102178552,0.12071480682966097,2626.34033203125,-22.21258134490239,0.0
12345,20480,-32768,16.209015382318057,1363.355669014774,811.762276881725,1.6795011394862058,551.5933921330491,0.6265081686338054,0.0,2721.3173828125,-22.21258134490239,0.0
12345,24576,-32768,15.89385052030303,1358.3113832620295,806.0893093654545,1.685063140623064,552.222073896575,0.6272794628202795,0.05650268423118664,1796.5655517578125,-22.21258134490239,0.0
12345,28672,-32768,16.24093302465402,1285.6658503003653,812.3367944437723,1.5826758791354434,473.32905585659296,0.61251273480748,0.10264756209404689,2715.2900390625,-22.21258134490239,0.0
12345,32768,-32768,16.184057869609518,1347.0334614925061,811.3130416529714,1.66031284145027,535.7204198395348,0.6238153346534746,0.0,2534.270751953125,-22.21258134490239,0.0
12345,-32768,-28672,16.69227903883774,1095.934849848695,820.4610226990793,1.3357549225719296,275.47382714961566,0.5715746370062077,0.20179169268632982,2635.681396484375,-20.054712758020393,0.0
12345,-28672,-28672,17.62903996569103,512.112527683036,837.3227193824385,0.611607108977935,-325.21019169940257,0.379220350472833,0.2885403619240092,128.0,-20.054712758020393,0.0
12345,-24576,-28672,15.274946960230412,722.514078917966,830.156277920158,0.8703350177970409,-107.642199002192,0.46503692095172305,0.5023225657260653,2083.68896484375,-20.054712758020393,200.31559185582603
12345,-20480,-28672,15.93532425230094,1198.0731728977385,809.3687230242634,1.4802563267098503,388.704449873475,0.5965187120077213,0.18603510211531346,128.0,-20.054712758020393,102.94019166532517
12345,-16384,-28672,16.755961934112623,1244.7369239929465,821.6073148140272,1.515002242007419,423.1296091789193,0.6020946587546839,0.2354397411814743,2458.7998046875,-20.054712758020393,0.0
12345,-12288,-28672,15.911598508688868,553.6757265747362,815.2929269863472,0.6791126333222905,-261.61720041161095,0.4041521133607815,0.3837671226823224,461.51055908203125,-20.054712758020393,118.77177174128538
12345,-8192,-28672,15.508112311587851,799.0950226648719,837.4586336019223,0.9541904407002791,-38.36361093705045,0.48798097064288276,0.5574630816935124,2307.552734375,-20.054712758020393,211.3863890521243
12345,-4096,-28672,15.89636962377633,1050.1959568400362,818.275625451381,1.2834256871096732,231.9203313886552,0.5617608562697742,0.4585927374814044,640.0,-20.054712758020393,129.156467564485
12345,0,-28672,16.571808837189213,1275.254810763658,818.2925590694058,1.558433834732565,456.96225169425225,0.6088450560396237,0.2143416351951085,2807.25927734375,-20.054712758020393,0.0
12345,4096,-28672,15.906077919486707,473.73436022033974,811.8993486809351,0.5834890260596952,-338.16498846059534,0.3681967578984751,0.27131612355598245,286.2167053222656,-20.054712758020393,108.11167346739792
12345,8192,-28672,15.496382190665368,682.463004796528,829.985792346887,0.8222586592317199,-147.522787550359,0.4509323381700488,0.46167358633766287,1796.5655517578125,-20.054712758020393,185.09186643557297
12345,12288,-28672,15.86575927019022,1016.2488495615559,817.724639086831,1.242776358917619,198.5242104747249,0.5538220883562242,0.5625945514232354,640.0,-20.054712758020393,129.8556485846849
12345,16384,-28672,16.586891218644976,1084.1842290787465,818.5640419356096,1.3244953034035563,265.62018714313695,0.5694997839714759,0.23549063858174374,2638.78759765625,-20.054712758020393,0.0
12345,20480,-28672,15.88353932840306,471.8614128310547,809.4700263459005,0.5829263561013193,-337.6086135148458,0.3679714919365244,0.2866925071298962,181.0193328857422,-20.054712758020393,106.26894664839517
12345,24576,-28672,15.338127448165753,805.3390219888594,832.7447132568112,0.9670899246411665,-27.405691267951852,0.49133488709053225,0.48727454826239647,2187.264892578125,-20.054712758020393,202.7378443090725
12345,28672,-28672,16.05756874946873,1102.708998661616,819.4203767441295,1.345718302787515,283.2886219174866,0.5733930398878986,0.4507711084750247,543.0579833984375,-20.054712758020393,116.97069757745288
12345,32768,-28672,16.930567753867283,1115.3656250362103,824.7502195696111,1.3523677818700726,290.6154054665992,0.574600237350958,0.2303595934338395,2700.162841796875,-20.054712758020393,0.0
12345,-32768,-24576,17.49496417955939,1123.968265521614,834.909355232069,1.3462159197020844,289.0589102895451,0.573489004425381,0.3452101170552196,2048.0,-17.754944772668892,0.0
12345,-28672,-24576,16.502047050140224,555.9862987663466,846.1006243760123,0.6571160483144413,-290.1143256096657,0.39625934045565586,0.5201419054447316,1664.0,-17.754944772668892,182.55454351812045
12345,-24576,-24576,18.482450395082406,718.5910031703412,863.6036035573464,0.8320843037364933,-145.01260038700525,0.4538867174741078,0.45025788766690605,572.4334106445312,-17.754944772668892,123.95604173790667
12345,-20480,-24576,16.078518241620447,833.9132450589893,844.3409777406572,0.9876498559745719,-10.427732681667862,0.4965973786081611,0.5766806173371796,2063.93798828125,-17.754944772668892,201.36096522201177
12345,-16384,-24576,17.30816073858231,1125.8391502831246,831.5468932944816,1.353909393879995,294.292256988643,0.574881113953624,0.26281328228468326,1536.0,-17.754944772668892,0.0
12345,-12288,-24576,16.22497116706221,520.8511905144165,853.2210440713076,0.6104528177470581,-332.36985355689103,0.3787809668568694,0.43154748772306345,2521.3076171875,-17.754944772668892,227.83564628945118
12345,-8192,-24576,14.970629371086304,686.5123024377424,862.8049117159651,0.7956750049931819,-176.2926092782227,0.4428205377391092,0.6978007492119607,5666.8017578125,-17.754944772668892,388.5542751576616
12345,-4096,-24576,16.461845544902722,974.5185473886651,845.3769972817372,1.1527620819139572,129.14155010692787,0.5351864088200959,0.5323039570839568,1664.0,-17.754944772668892,174.55795741156658
12345,0,-24576,17.47871582692233,1170.5518923172738,834.6168848846019,1.4025020503618495,335.9350074326719,0.5834762785760792,0.26041470549170537,2235.423828125,-17.754944772668892,0.0
12345,4096,-24576,16.41645509324208,661.6309303535613,848.1089810158488,0.7801248956956833,-186.4780506622875,0.43795157947063573,0.566559247642581,1902.8568115234375,-17.754944772668892,186.843659616188
12345,8192,-24576,18.435947340909387,701.6971798504273,859.2864521926815,0.816604495578714,-157.58927234225416,0.44923465614847197,0.4737624083613479,384.0,-17.754944772668892,114.08419044237414
12345,12288,-24576,16.207355068996495,908.8685861037065,846.089850431763,1.0741986629905882,62.77873567194354,0.5175911725433074,0.5563706877634982,2023.857666015625,-17.754944772668892,193.50753886900856
12345,16384,-24576,17.619457000047163,1146.513588588939,837.150226000849,1.3695434259941015,309.36336258809,0.5776865483013368,0.25145364439761175,1792.0,-17.754944772668892,0.0
12345,20480,-24576,16.132231861864962,555.5984228123606,847.7048555537248,0.6554149350123057,-292.1064327413642,0.39563991010460536,0.38387555710434157,2235.423828125,-17.754944772668892,206.62152821617468
12345,24576,-24576,18.427390682201768,723.2241427743928,865.3348806780492,0.8357737090266107,-142.1107379036564,0.45498413843330365,0.48968046514118624,724.0773315429688,-17.754944772668892,128.83835293594188
12345,28672,-24576,16.25708593227684,985.3550225728577,844.2122598251128,1.1671887148108748,141.14276274774488,0.5382785063666612,0.5646879086339103,1832.68115234375,-17.754944772668892,185.13970869936475
12345,32768,-24576,17.553710952120564,1062.942488685005,835.9667971381701,1.27151280687685,226.9756915468348,0.5594701266089465,0.26815744542072917,1683.5771484375,-17.754944772668892,0.0
12345,-32768,-20480,18.318718392403998,1183.9480398952687,849.736931063272,1.393311266833842,334.21110883199674,0.581882727200521,0.0,3095.906982421875,-15.298804780876495,0.0
12345,-28672,-20480,17.52287777917389,626.0831401467614,838.9781184597754,0.7462448976573384,-212.894978313014,0.42705114569485414,0.249942765604661,181.0193328857422,-15.298804780876495,107.61456736593604
12345,-24576,-20480,17.065437798372557,656.7070546949532,853.6083808417239,0.7693306080797722,-196.90132614677077,0.43452679649351467,0.36644397930863915,1492.7236328125,-15.298804780876495,169.42280596105718
12345,-20480,-20480,17.393261939560265,893.6194047266083,838.668661042259,1.065521398660657,54.95074368434928,0.5155631209692825,0.26166316541485685,286.2167053222656,-15.298804780876495,110.8222984001156
12345,-16384,-20480,18.42233306495542,1371.1045709095677,851.6019951691976,1.6100297776276986,519.50257574037,0.6165852059012188,0.2434730752973911,2977.2041015625,-15.298804780876495,0.0
12345,-12288,-20480,17.49585678479111,691.3038328242241,843.8095759561875,0.8192652140038266,-152.5057431319634,0.4500343717285046,0.2772330325018166,461.51055908203125,-15.298804780876495,117.54005651588562
12345,-8192,-20480,17.005550703835993,717.7594339385248,859.512495805997,0.8350773693702439,-141.75306186747218,0.45477551771113994,0.3828313702832109,1958.0234375,-15.298804780876495,199.68722867991966
12345,-4096,-20480,17.597715300021783,876.0460109382813,845.6430292303396,1.035952500827226,30.40298170794165,0.5085340363299298,0.2630324431390595,461.51055908203125,-15.298804780876495,117.80414072666741
12345,0,-20480,18.429460282338294,1330.2542266481446,851.7302850820893,1.5618256740981513,478.5239415660553,0.6093741020607539,0.1563764601341357,3200.0,-15.298804780876495,0.0
12345,4096,-20480,19.210151057563934,673.4846634073626,865.7827190361509,0.777891090454118,-192.29805562878823,0.4372517856860229,0.2743777416592573,128.0,-15.298804780876495,0.0
12345,8192,-20480,17.088852404799358,669.1782044358507,864.3097262400089,0.7742342636209414,-195.13152180415818,0.43609219144598527,0.40238183792726256,2191.007080078125,-15.298804780876495,212.44154388089817
12345,12288,-20480,17.67907464683451,845.7908070531325,846.0517462310283,0.999691580120178,-0.260939177895807,0.49962756749721066,0.2751734959500324,404.77154541015625,-15.298804780876495,113.81558155304393
12345,16384,-20480,18.183740564057576,1085.2897590384991,847.3073301530364,1.2808690783336898,237.9824288854627,0.5612801990161633,0.0,2715.2900390625,-15.298804780876495,0.0
12345,20480,-20480,17.71025973962561,615.11366829702,844.3746214434353,0.7284843157004175,-229.26095314641532,0.4211698735402612,0.26482734797934177,286.2167053222656,-15.298804780876495,107.20863762687776
12345,24576,-20480,17.28245294840706,728.5839805888727,862.1350659862375,0.8450926187017004,-133.55108539736477,0.45773403425470177,0.3706517071829312,1796.5655517578125,-15.298804780876495,186.02854404390789
12345,28672,-20480,17.579454658748865,912.351715914618,847.3496803033427,1.0767121734063856,65.00203561127535,0.5181751533078675,0.2692314646950897,572.4334106445312,-15.298804780876495,119.77639350957158
12345,32768,-20480,18.22861429785989,1332.681440074146,848.1150573614781,1.5713451005340884,484.56638271266786,0.6108183974263933,0.15701727443087155,3161.36669921875,-15.298804780876495,0.0
12345,-32768,-16384,19.194301147611228,1287.5253890357806,865.4974206570021,1.4876132017336523,422.0279683787785,0.59773061976972,0.0,2626.34033203125,-12.6697827880121,0.0
12345,-28672,-16384,19.03884509092748,1137.7941375441417,862.6992116366946,1.3188769877110966,275.0949259074471,0.5684726047227755,0.0,2715.2900390625,-12.6697827880121,0.0
12345,-24576,-16384,19.146398252554505,1444.3667008295254,864.6351685459811,1.6704926579131096,579.7315322835443,0.6252664640570184,0.11853427269855492,2435.3662109375,-12.6697827880121,0.0
12345,-20480,-16384,19.178982838440135,1511.0605612333661,865.2216910919224,1.7464432258123184,645.8388701414437,0.6356252227750214,0.11357736417375303,2985.447265625,-12.6697827880121,0.0
12345,-16384,-16384,18.86256930648663,1260.8350243804591,859.5262475167593,1.4668953135789782,401.3087768636998,0.5943518631566437,0.12315678526464122,4539.94189453125,-12.6697827880121,0.0
12345,-12288,-16384,19.1828739723877,1237.6343227892378,865.2917315029786,1.4303087360369369,372.3425912862592,0.5882499150881951,0.0,2842.061279296875,-12.6697827880121,0.0
12345,-8192,-16384,19.041260400918237,1213.811397490802,862.7426872165283,1.4069216876319504,351.0687102742736,0.5842502038457373,0.05645693258926087,2048.0,-12.6697827880121,0.0
12345,-4096,-16384,18.9695809535596,1346.2771771814932,861.4524571640728,1.5627991608654503,484.8247200174204,0.6095255644905527,0.10730152316849026,2715.2900390625,-12.6697827880121,0.0
12345,0,-16384,19.00017772184183,1368.1712330103378,862.0031989931529,1.5871997164377178,506.16803401718494,0.6132067548756301,0.12925716509192658,2626.34033203125,-12.6697827880121,0.0
12345,4096,-16384,19.01790577963814,1320.7741525669444,862.3223040334865,1.531647907504031,458.4518485334579,0.6047233621827963,0.0,2721.3173828125,-12.6697827880121,0.0
12345,8192,-16384,18.96916905770549,1304.0161688487055,861.4450430386988,1.513754335678643,442.5711258100067,0.6019106927433318,0.04078473499144192,1683.5771484375,-12.6697827880121,0.0
12345,12288,-16384,19.097395702012058,1404.5330279139064,863.7531226362171,1.6260815632448335,540.7799052776893,0.6189316528342702,0.104369783276357,2807.25927734375,-12.6697827880121,0.0
12345,16384,-16384,18.84706920114693,1306.690538788899,859.2472456206447,1.5207386994241228,447.4432931682543,0.6030124852638312,0.0,2626.34033203125,-12.6697827880121,0.0
12345,20480,-16384,19.11414129046644,1162.6321191206143,864.0545432283959,1.345554083630685,298.5775758922184,0.5733785898526068,0.0,2715.2900390625,-12.6697827880121,0.0
12345,24576,-16384,19.059229322109474,1321.1732918386351,863.0661277979705,1.5307903407233472,458.10716404066466,0.6045897213671624,0.0654311845958037,1819.2218017578125,-12.6697827880121,0.0
12345,28672,-16384,19.088807428374153,1273.2747387911138,863.5985337107347,1.4743827010915254,409.6762050803791,0.595580081929301,0.10341360248551731,2876.442138671875,-12.6697827880121,0.0
12345,32768,-16384,18.872302910176906,1445.043231891192,859.7014523831842,1.6808663378262043,585.3417795080077,0.6267143286707612,0.18467543988082852,2715.2900390625,-12.6697827880121,0.0
12345,-32768,-12288,19.872147280413003,1198.4879760609022,877.698651047434,1.3654891398438886,320.7893250134681,0.5769765510811729,0.21712075916749937,2715.2900390625,-9.848959817611854,0.0
12345,-28672,-12288,19.10252511763143,542.4332738031296,867.4117705520111,0.6253469139091012,-324.9784967488815,0.3844740256723666,0.27540392447183487,181.0193328857422,-9.848959817611854,102.45387417062206
12345,-24576,-12288,18.872536799859542,761.6449815446013,888.0861702106023,0.8576250898761135,-126.44118866600104,0.4613985631365549,0.42809239698294704,1619.086181640625,-9.848959817611854,174.82896508927132
12345,-20480,-12288,18.953923892816803,1017.4865689006554,868.9990326587096,1.1708719235137086,148.4875362419458,0.5390698440613527,0.46540260293095476,404.77154541015625,-9.848959817611854,118.50169600025893
12345,-16384,-12288,20.011897368399865,1130.8367092267595,880.2141526311975,1.2847290694501827,250.62255659556195,0.5620318703984095,0.2336825731246064,2769.0634765625,-9.848959817611854,0.0
12345,-12288,-12288,21.004952491714374,529.3421684262498,898.0891448508587,0.5894093826444758,-368.7469764246089,0.3705758642407751,0.2988105808207153,128.0,-9.848959817611854,0.0
12345,-8192,-12288,18.77455731777102,769.7677794693325,892.7001916588055,0.8622914912104573,-122.93241218947298,0.4627487831624964,0.48589137163469936,2051.99609375,-9.848959817611854,200.71447925480533
12345,-4096,-12288,21.224481873309006,1309.7600646237977,902.0406737195622,1.4519966812837892,407.7193909042355,0.5919014947565344,0.18004079177185864,128.0,-9.848959817611854,0.0
12345,0,-12288,19.83468688268727,1320.8866414743363,877.0243638883708,1.5061002816592917,443.86227758596556,0.6007003640679209,0.231676635278192,2715.2900390625,-9.848959817611854,0.0
12345,4096,-12288,19.35985994165447,503.1126933494907,872.0437973844258,0.5769351205277846,-368.9311040349351,0.3655926464301863,0.33177664227161374,181.0193328857422,-9.848959817611854,103.75494956873685
12345,8192,-12288,18.905337614843912,735.7730069570395,897.6207591073459,0.8196925032000612,-161.8477521503064,0.450180992019309,0.5699164398340184,2235.423828125,-9.848959817611854,211.3148505693751
12345,12288,-12288,19.196211880362288,1037.8411906900196,875.9159531002135,1.1848638982047177,161.9252375898061,0.5420223624995223,0.4532843385919166,543.0579833984375,-9.848959817611854,122.03149449532135
12345,16384,-12288,20.052065515500278,1151.1650551497266,880.937179279005,1.3067504496653066,270.2278758707216,0.5662111012696738,0.26927869254260983,2862.1669921875,-9.848959817611854,0.0
12345,20480,-12288,19.137107527750565,596.6046804922661,868.0342539341556,0.687305458037283,-271.4295734418895,0.4070611570685024,0.32697038932955313,181.0193328857422,-9.848959817611854,103.61137355760602
12345,24576,-12288,18.724481885569713,762.8118054246279,883.5565629019867,0.8633423568483491,-120.7447574773588,0.4630487145989618,0.40520585622651445,1498.2015380859375,-9.848959817611854,170.47240257079716
12345,28672,-12288,19.07161530632481,930.3381851061569,868.8790216440209,1.0707338558431851,61.45916346213596,0.5167921857527623,0.42744238831170006,286.2167053222656,-9.848959817611854,109.89943361397582
12345,32768,-12288,19.96084058526891,1246.542692649391,879.2951305348404,1.4176613168449694,367.24756211455065,0.5861014314589856,0.21426132309221962,2807.25927734375,-9.848959817611854,0.0
12345,-32768,-8192,20.630133316405185,1176.4693020700247,891.3423996952934,1.3198848192032628,285.12690237473134,0.5686691065533624,0.2624287876091975,1920.0,-6.81455190771961,0.0
12345,-28672,-8192,19.692592515574425,445.73428464594105,903.6049158568644,0.49328448398630403,-457.87063121092336,0.33009060573815063,0.38236355850513587,1668.915771484375,-6.81455190771961,182.32351821141674
12345,-24576,-8192,18.7575588289045,679.6593687573652,930.1103311148161,0.7307298349677891,-250.45096235745086,0.4219469541867456,0.7122801799858279,5557.3232421875,-6.81455190771961,397.04887956582513
12345,-20480,-8192,19.50725995095769,911.0531432573188,911.0751732270465,0.9999758198111691,-0.022029969727782373,0.49971970432347335,0.6114453946960291,2428.629150390625,-6.81455190771961,219.7948309842621
12345,-16384,-8192,20.809072044400455,1177.0300622652148,894.5632967992083,1.3157593950888513,282.46676546600656,0.5679020716328701,0.26331512733386103,1664.0,-6.81455190771961,0.0
12345,-12288,-8192,19.752678355913705,475.46732789070245,912.2585933600673,0.5211979710045177,-436.7912654693648,0.3423766494273169,0.3831542991989883,2191.007080078125,-6.81455190771961,209.16833631156618
12345,-8192,-8192,18.841289130715946,661.0909193735173,931.6174765474221,0.7096162706431,-270.52655717390485,0.41481297398292216,0.6744626785131289,5557.3232421875,-6.81455190771961,376.5084907745602
12345,-4096,-8192,19.85432288356726,870.9400078077508,904.4807756491408,0.962917102558296,-33.54076784138999,0.4902779881424901,0.527275983552187,1536.0,-6.81455190771961,169.09420501511323
12345,0,-8192,20.716905266614514,1126.39152970024,892.9042947990613,1.2614918936566684,233.48723490117868,0.5575379189725339,0.2555925428669328,1936.991455078125,-6.81455190771961,0.0
12345,4096,-8192,19.776399421695473,609.3860146383092,910.9028389820077,0.6689912343662658,-301.51682434369843,0.40057219454945125,0.4308115687524882,2063.93798828125,-6.81455190771961,200.84827345656345
12345,8192,-8192,19.105384769882267,605.3532977734935,937.5985380502013,0.6456423226004234,-332.2452402767078,0.39208042875932,0.717829777280186,5714.3076171875,-6.81455190771961,379.43904254518606
12345,12288,-8192,19.706203611910038,906.5399381126708,905.9643788416225,1.0006353001116712,0.5755592710482915,0.4998829777450807,0.5458317954489563,1810.193359375,-6.81455190771961,182.6758896200224
12345,16384,-8192,20.9319676419564,1116.14826732334,896.7754175552152,1.2446240669332551,219.37284976812475,0.5542157707880806,0.26407157033544426,1810.193359375,-6.81455190771961,0.0
12345,20480,-8192,19.95381410596897,666.3513995172859,908.2324313809297,0.7336793715944786,-241.88103186364378,0.42292348172766503,0.5038728137720363,1664.0,-6.81455190771961,174.5758016303704
12345,24576,-8192,22.002309247217273,679.4165499925797,928.1825386733179,0.7319859205320672,-248.76598868073825,0.4223653704516632,0.5086149673638007,640.0,-6.81455190771961,125.56978424140117
12345,28672,-8192,19.7180516836853,813.7806557873538,906.1776441335772,0.8980365616561122,-92.39698834622345,0.4728648310797204,0.5682573775763727,1810.193359375,-6.81455190771961,183.75590594990308
12345,32768,-8192,20.664282743354473,1149.3726881678074,891.9570893803805,1.288596393091339,257.4155987874269,0.5627752681291396,0.3762771442231264,2179.761474609375,-6.81455190771961,0.0
12345,-32768,-4096,21.528868213737688,1114.9937927956698,907.5196278472783,1.2286167247319373,207.4741649483915,0.5510187288213751,0.1727445985348235,2715.2900390625,-3.5413464494312943,0.0
12345,-28672,-4096,21.02005066722635,636.6909878210064,901.9272304447197,0.7059227910294588,-265.23624262371334,0.4135382267288282,0.28126930419509016,181.0193328857422,-3.5413464494312943,106.08228448557158
12345,-24576,-4096,20.627417999789373,667.6337828160018,932.9717948365312,0.7155991065442444,-265.3380120205294,0.4168528082891357,0.4185306808636139,2560.0,-3.5413464494312943,222.99177643271767
12345,-20480,-4096,20.87214702408753,852.9545466515565,904.582800263523,0.9429258951232257,-51.62825361196656,0.48503635600793754,0.2601996473308009,461.51055908203125,-3.5413464494312943,116.31184456327247
12345,-16384,-4096,21.67467674976074,1200.2191581543107,910.1441814956934,1.318713213308599,290.0749766586173,0.5684569470422217,0.0,2540.7275390625,-3.5413464494312943,0.0
12345,-12288,-4096,20.843231863424467,583.4382742053907,905.282426938984,0.644482049848422,-321.8441527335933,0.39164272454373805,0.2712262513201152,527.7575073242188,-3.5413464494312943,122.44330537733323
12345,-8192,-4096,20.53135846997658,607.6491618383382,919.288639657666,0.6609993158020757,-311.6394778193278,0.3976923414312996,0.3743152227973037,1707.7330322265625,-3.5413464494312943,187.4536982957385
12345,-4096,-4096,20.984509593924592,814.4946282010404,904.7478210001227,0.9002449183029643,-90.25319279908229,0.47347664777094123,0.24689050157267844,362.0386657714844,-3.5413464494312943,110.57083867882896
12345,0,-4096,21.805485551254364,1012.7281130542779,912.4987399225786,1.1098405605910242,100.22937313169928,0.5257574472545502,0.0,2807.25927734375,-3.5413464494312943,0.0
12345,4096,-4096,20.843594013078867,718.4021343234966,900.7746383655939,0.7975381451980018,-182.37250404209726,0.44340972320639294,0.24925564686086973,286.2167053222656,-3.5413464494312943,109.41115176998915
12345,8192,-4096,20.53554042870277,695.6784915148537,918.7035051901381,0.7572394005080819,-223.0250136752844,0.43065881193047717,0.3706062046060625,1664.0,-3.5413464494312943,185.41310392334105
12345,12288,-4096,20.87793385539179,820.7750762097833,906.7223058429154,0.9052110783210158,-85.94722963313211,0.4748488975060301,0.27626342755952576,572.4334106445312,-3.5413464494312943,122.10373467111575
12345,16384,-4096,21.680546582094912,1310.2848914548183,910.2498384777084,1.4394783015244739,400.0350529771099,0.5898106717848227,0.1677302762559882,2715.2900390625,-3.5413464494312943,0.0
12345,20480,-4096,20.879942430080174,763.4559676580849,899.4052821760886,0.8488453234463136,-135.9493145180037,0.45884593305732296,0.4164114356259335,181.0193328857422,-3.5413464494312943,105.6572552348404
12345,24576,-4096,20.675887946725066,676.4341955462257,930.4785950343921,0.7269744829769281,-254.0443994881664,0.4206908481037489,0.4052047582990093,2307.552734375,-3.5413464494312943,212.6613709163987
12345,28672,-4096,20.815917095502048,891.7907716994343,900.2764538492112,0.9905743595608931,-8.485682149776835,0.4973549005819136,0.2518179918651272,286.2167053222656,-3.5413464494312943,109.2487000055136
12345,32768,-4096,21.78644508660913,1168.3140099750917,912.1560115589643,1.2808269585137395,256.1579984161274,0.561292739212279,0.1655885606021251,2691.0458984375,-3.5413464494312943,0.0
12345,-32768,0,22.379912078650474,1474.1114145966174,922.8384174157086,1.5973667619134004,551.2729971809088,0.6147382213411712,0.14090373935690062,2534.270751953125,0.0,0.0
12345,-28672,0,22.52117391136655,1127.2865859317994,925.3811304045979,1.2181862682232605,201.90545552720153,0.548913817442094,0.0,2700.162841796875,0.0,0.0
12345,-24576,0,22.58031039449814,1430.5079923759138,926.4455871009666,1.5440820403195608,504.0624052749472,0.6066735175903152,0.06223510261228933,1541.3240966796875,0.0,0.0
12345,-20480,0,22.496168221056138,1466.6761429501312,924.9310279790104,1.5857140679503885,541.7451149711208,0.6130033215525991,0.10214623575981825,2807.25927734375,0.0,0.0
12345,-16384,0,22.333931174891223,1277.4623871256408,922.0107611480421,1.3855178713261525,355.4516259775987,0.5805398662227879,0.09944529483945577,2715.2900390625,0.0,0.0
12345,-12288,0,22.51940239378671,1196.8805348768374,925.3492430881608,1.2934365525415001,271.5312917886765,0.5637074928479872,0.0,2514.801025390625,0.0,0.0
12345,-8192,0,22.51620319121465,1226.4517790121274,925.2916574418637,1.3254758855201132,301.16012157026375,0.569715720992904,0.052550964724863786,2145.6708984375,0.0,0.0
12345,-4096,0,22.674972931802092,1475.3171777249047,928.1495127724377,1.5895253484732699,547.167664952467,0.6135735560635895,0.10695173537648688,2807.25927734375,0.0,0.0
12345,0,0,22.3977023998126,1467.5199632351114,923.1586431966268,1.5896725595868566,544.3613200384846,0.6135941339645864,0.1074240343605122,2715.2900390625,0.0,0.0
12345,4096,0,22.6233488609649,1310.8247862903286,927.2202794973682,1.4137145350195601,383.60450679296036,0.5854392152795638,0.0,2807.25927734375,0.0,0.0
12345,8192,0,22.589844668292976,1295.8026046006637,926.6172040292736,1.398422777999411,369.1854005713901,0.5827970946247583,0.07163007689878448,1683.5771484375,0.0,0.0
12345,12288,0,22.501072833369655,1328.9250559433326,925.0193110006537,1.4366457436502031,403.9057449426789,0.5893382894161414,0.11245251688372845,2635.681396484375,0.0,0.0
12345,16384,0,22.355447042920666,1281.1780802380313,922.398046772572,1.3889644332192745,358.78003346545927,0.5811448579801615,0.13573127601710624,2626.34033203125,0.0,0.0
12345,20480,0,22.382221509985943,1110.784342816834,922.879987179747,1.2036064908193629,187.90435563708695,0.5459300221863626,0.0,2715.2900390625,0.0,0.0
12345,24576,0,22.35294007409459,1267.731006593497,922.3529213337026,1.3744532892684778,345.3780852597945,0.5785862378137158,0.04902634517133718,1792.0,0.0,0.0
12345,28672,0,22.683970788256307,1370.9663044945316,928.3114741886136,1.4768386932767565,442.65483030591804,0.5960003253517397,0.11332481522967035,2715.2900390625,0.0,0.0
12345,32768,0,22.691416624375055,1339.1991990565257,928.4454992387509,1.4424101362487718,410.75369981777476,0.5903080372448086,0.12518699524838162,2534.270751953125,0.0,0.0
12345,-32768,4096,21.666658551914104,1211.0190777645014,909.9998539344539,1.3307904089528892,301.0192238300475,0.5706919291219147,0.16467640097199812,2521.3076171875,3.5413464494312943,0.0
12345,-28672,4096,20.783236290288066,661.9463024455738,906.2392254485922,0.7304321903721478,-244.29292300301836,0.4218406878464526,0.2846850601520758,640.0,3.5413464494312943,123.40593843771536
12345,-24576,4096,20.75108033198224,609.5999969342298,928.2776059146075,0.6567001003257069,-318.6776089803777,0.39613286710113377,0.37178029398711476,2051.99609375,3.5413464494312943,196.78731900752905
12345,-20480,4096,20.828839743536918,887.1530064180331,908.560963782082,0.9764375113862105,-21.40795736404891,0.4937641834661215,0.2746652650952015,724.0773315429688,3.5413464494312943,127.53257176039723
12345,-16384,4096,21.573571658785923,1173.018952904006,908.3242898581466,1.2914098698023333,264.69466304585944,0.5633168100317789,0.18212373060832196,2862.1669921875,3.5413464494312943,0.0
12345,-12288,4096,20.84228733076873,628.7204333569088,910.4828803843195,0.6905351510744745,-281.76244702741076,0.40820612950748464,0.30334985818140703,819.5999145507812,3.5413464494312943,133.94837301269092
12345,-8192,4096,20.686450083209184,661.0277183980795,925.4646345431267,0.7142657792908623,-264.43691614504723,0.41639741896921195,0.37600947460068,1936.991455078125,3.5413464494312943,195.16522908320502
12345,-4096,4096,20.78965293819274,924.6313052258485,901.2404011969494,1.0259541227821491,23.390904028899058,0.5061282092087196,0.25359425693245335,362.0386657714844,3.5413464494312943,119.66893283643657
12345,0,4096,21.649794397783086,1282.3673914775077,909.6962991600956,1.4096653934521794,372.6710923174121,0.5847378701093159,0.14575091851259453,2807.25927734375,3.5413464494312943,0.0
12345,4096,4096,21.031095920457407,593.5364367809385,901.0926130510799,0.6586852762794683,-307.55617627014135,0.39684735787099185,0.26638798989645696,128.0,3.5413464494312943,97.35342921123869
12345,8192,4096,20.454949629828395,593.833724902993,924.6908932219216,0.642197007947039,-330.85716831892853,0.3908023060763443,0.40400220681331345,2176.0,3.5413464494312943,211.40749949150825
12345,12288,4096,20.85461405788712,766.1208533294333,904.2672068719157,0.8472283938943613,-138.14635354248242,0.45837401353527685,0.25658124562165285,461.51055908203125,3.5413464494312943,118.98308946238187
12345,16384,4096,21.67793873282648,1226.9790414624604,910.2028971908767,1.3480280553371533,316.7761442715837,0.5738422064472364,0.0,2921.654296875,3.5413464494312943,0.0
12345,20480,4096,20.91250505722388,673.3521871816013,899.9914094646751,0.7481762382400057,-226.63922228307388,0.4277034496256093,0.2613289935036016,181.0193328857422,3.5413464494312943,102.85559515033124
12345,24576,4096,20.687963009839873,670.1677218450026,922.1075213752051,0.7267782837792424,-251.93979953020255,0.4206226919653318,0.35888732534530265,1707.7330322265625,3.5413464494312943,176.23104738119252
12345,28672,4096,23.015527631518406,1099.9965476719065,934.2794973673313,1.177374169904769,165.7170503045752,0.540465530635526,0.0,286.2167053222656,3.5413464494312943,0.0
12345,32768,4096,21.527474198204903,1296.3208547745924,907.4945355676882,1.4284613338896543,388.82631920690415,0.5879498394527028,0.1720350067059946,2715.2900390625,3.5413464494312943,0.0
12345,-32768,8192,20.85793920539742,1098.5492760929262,895.4429056971536,1.2268222452861388,203.10637039577261,0.550653424168917,0.27266876324285405,1664.0,6.81455190771961,0.0
12345,-28672,8192,19.84395482320816,616.0044487874238,915.2608390351946,0.6730370431196134,-299.2563902477708,0.40202206085525777,0.46043554087973176,2289.733642578125,6.81455190771961,215.4502884284483
12345,-24576,8192,18.819954371191937,611.7024101581569,930.998725382189,0.6570389340834423,-319.2963152240321,0.39625701897539967,0.704009828013708,5527.7626953125,6.81455190771961,384.01447871711736
12345,-20480,8192,19.857774126253872,905.5543493602894,903.9558232343015,1.001768367529586,1.5985261259878598,0.5001652921190523,0.5586516060049747,1498.2015380859375,6.81455190771961,175.66853434873795
12345,-16384,8192,20.734567816878997,1189.7588385119418,893.2222207038219,1.3319852674225474,296.5366178081199,0.5709067427703338,0.2764744369098836,2048.0,6.81455190771961,0.0
12345,-12288,8192,19.881557907485284,465.75155950457304,912.2255015245611,0.5105662566176714,-446.47394201998804,0.33775149178839964,0.40655436265882383,2023.857666015625,6.81455190771961,196.22512167254564
12345,-8192,8192,19.140330998442078,598.6139820604094,936.2887192749641,0.6393476389675605,-337.67473721455474,0.3897473333043501,0.6960883886732364,5468.16259765625,6.81455190771961,369.5138774092827
12345,-4096,8192,19.625082797290407,910.5806785236218,907.0825881381049,1.0038564188435115,3.498090385516889,0.5006867929955231,0.5642574403221878,1987.0943603515625,6.81455190771961,194.87790333701815
12345,0,8192,20.587912824783935,1077.2345644791646,890.5824308461108,1.2095843429739819,186.65213363305384,0.5471481438025634,0.2610701602000794,2176.0,6.81455190771961,0.0
12345,4096,8192,19.970439851554953,489.20317358164493,910.4511208751318,0.5373195357389637,-421.24794729348685,0.34926760694463527,0.4179675702051573,1792.0,6.81455190771961,182.51824016223318
12345,8192,8192,18.762313177236834,667.4731843890729,930.195909384798,0.7175619433012971,-262.7227249957251,0.4175180385913471,0.7243105027177229,5557.3232421875,6.81455190771961,388.6586374636543
12345,12288,8192,19.802598666261243,856.9282822604396,912.5254364268229,0.9390733102366053,-55.59715416638335,0.484016200601858,0.5904038709019178,2145.6708984375,6.81455190771961,200.49563612637922
12345,16384,8192,20.840796766616915,1217.3647131860193,895.1343417991045,1.3599799006027111,322.23037138691484,0.5759949172035888,0.2633630275462916,2023.857666015625,6.81455190771961,0.0
12345,20480,8192,19.837179177871985,627.836918248631,904.1721889466259,0.6943776040933868,-276.3352706979948,0.40954545886377725,0.44605104761745135,1536.0,6.81455190771961,179.05362255850997
12345,24576,8192,18.832003851566274,699.8875440129565,931.450341522728,0.7513954451600561,-231.56279750977149,0.4287638914802705,0.6938364872377234,5557.3232421875,6.81455190771961,385.59579915632105
12345,28672,8192,19.61324251854153,855.7899878089517,907.1049936469701,0.9434299158339885,-51.315005838018465,0.4851706007477731,0.5899121297746323,2003.5169677734375,6.81455190771961,202.4418869051722
12345,32768,8192,20.706150839562326,1209.5416066139626,892.7107151121219,1.3549088031972907,316.8308915018407,0.5750815506630813,0.27112455240510264,1924.261962890625,6.81455190771961,0.0
12345,-32768,12288,19.746121195737782,1296.304999495841,875.43018152328,1.4807634313455171,420.874817972561,0.5966235603953397,0.23876147693884883,2691.0458984375,9.848959817611854,0.0
12345,-28672,12288,19.139164900741733,485.00402178545596,867.0378546961977,0.5593804459153597,-382.0338329107417,0.3584545535623947,0.2907836754743954,128.0,9.848959817611854,96.92728085939504
12345,-24576,12288,18.918969721260286,754.5353580581749,892.1261680268148,0.8457720276572985,-137.59080996863986,0.4579431795382315,0.43695786572057305,1832.68115234375,9.848959817611854,183.0732253877361
12345,-20480,12288,21.0005021437197,1260.823815097435,898.0090385869546,1.4040212970254518,362.81477651048044,0.5837599020436401,0.17792975052097884,128.0,9.848959817611854,0.0
12345,-16384,12288,19.91403454689046,1114.2607114901755,878.4526218440283,1.2684357514365932,235.8080896461472,0.5588871242721399,0.238958427587246,2921.654296875,9.848959817611854,0.0
12345,-12288,12288,19.23373541916855,540.7647181595045,871.7971836752082,0.6202872965014862,-331.03246551570373,0.3825546779788183,0.299315299018883,286.2167053222656,9.848959817611854,112.01793419485938
12345,-8192,12288,18.762625910048996,759.6226548013216,891.1398495178311,0.8524168851974586,-131.5171947165095,0.45988612334703277,0.45265009679811696,1958.0234375,9.848959817611854,197.25735458963175
12345,-4096,12288,21.224187801695958,1175.8327958081725,902.0353804305273,1.3035329005021576,273.79741537764517,0.5656120042857211,0.17959195973848296,181.0193328857422,9.848959817611854,0.0
12345,0,12288,19.999431791703284,1146.2181951846335,879.9897722506591,1.3025358149937007,266.22842293397434,0.5654171715962438,0.22584435704249614,2807.25927734375,9.848959817611854,0.0
12345,4096,12288,19.311710908327658,545.8465730902226,873.2007424800721,0.6251100652295651,-327.3541693898495,0.3843861870694141,0.2917635523505359,286.2167053222656,9.848959817611854,112.92606705498702
12345,8192,12288,18.717935816664728,685.4378001200602,884.0258084448952,0.7753594901554123,-198.58800832483507,0.4364557041512051,0.4533800861745977,1536.0,9.848959817611854,178.37726316062646
12345,12288,12288,19.04227667121707,1007.0980472772998,874.9019523053142,1.1510981826291011,132.19609497198553,0.5348369875201983,0.482674193966137,640.0,9.848959817611854,126.46017627880533
12345,16384,12288,19.96885919218992,1190.023235755134,879.4394654594186,1.3531610559840712,310.58377029571545,0.5747619771450388,0.23002811712736745,2575.9501953125,9.848959817611854,0.0
12345,20480,12288,18.899466664746242,505.9763407721457,873.8322483638498,0.5790314350603656,-367.85590759170407,0.3664348156240446,0.3099973301935647,724.0773315429688,9.848959817611854,132.19369430401025
12345,24576,12288,18.74973456731647,674.3908755870178,894.0493517518809,0.7543105693948053,-219.65847616486303,0.4297015355153074,0.4475798464584282,2179.761474609375,9.848959817611854,204.9021647452219
12345,28672,12288,19.080487209128076,1080.465489554862,869.0387158944797,1.2432880949875358,211.4267736603823,0.5539416354685341,0.44459223930219344,286.2167053222656,9.848959817611854,107.56265374356335
12345,32768,12288,19.769723868386702,1118.4568310873192,875.8550296309606,1.2769885349160788,242.60180145635854,0.5605423658859487,0.23665206570177447,2691.0458984375,9.848959817611854,0.0
12345,-32768,16384,18.921679067791263,1389.471138616149,860.5902232202427,1.6145560350626418,528.8809153959062,0.61725156060723,0.12084405699364038,2715.2900390625,12.6697827880121,0.0
12345,-28672,16384,19.113629370190043,1208.61954319559,864.0453286634208,1.3987918261941026,344.5742145321692,0.5828422709943868,0.0,2807.25927734375,12.6697827880121,0.0
12345,-24576,16384,19.163533860528716,1298.8084013888945,864.9436094895169,1.5016104947644404,433.86479189937756,0.5999802263086315,0.055854635431576274,2235.423828125,12.6697827880121,0.0
12345,-20480,16384,18.878452563448338,1453.7361610772346,859.8121461420701,1.6907602057031514,593.9240149351645,0.6280863339697375,0.1099172133365922,3381.72021484375,12.6697827880121,0.0
12345,-16384,16384,18.84706920114693,1306.6914361137508,859.2472456206447,1.5207397437391978,447.44419049310613,0.6030126496555446,0.0,5340.83740234375,12.6697827880121,0.0
12345,-12288,16384,18.906470909606192,1113.8256752434224,860.3164763729114,1.2946697010143338,253.509198870511,0.5639217786587849,0.0,2833.40087890625,12.6697827880121,0.0
12345,-8192,16384,18.961578690522224,1247.7198387623819,861.3084164294,1.4486330505568157,386.41142233298183,0.5913284979442022,0.04213742337076719,2083.68896484375,12.6697827880121,0.0
12345,-4096,16384,19.10230347016923,1264.7303925434856,863.8414624630461,1.464076971875599,400.8889300804394,0.5938895133170354,0.10726604934778619,3210.2236328125,12.6697827880121,0.0
12345,0,16384,19.174628895138746,1331.045427217715,865.1433201124973,1.538525925443931,465.90210710521774,0.6057947587957833,0.17578937735045294,2626.34033203125,12.6697827880121,0.0
12345,4096,16384,18.853007402715473,1446.60274884677,859.3541332488785,1.68336043649169,587.2486155978916,0.627061025749502,0.10638919551853508,2807.25927734375,12.6697827880121,0.0
12345,8192,16384,19.021171536963053,1346.0565763629857,862.3810876653349,1.5608605007875025,483.67548869765074,0.6092303929990992,0.05158037402043673,2304.0,12.6697827880121,0.0
12345,12288,16384,18.954686683943454,1429.5536327928767,861.1843603109821,1.6599855950433782,568.3692724818945,0.6237858067085295,0.10990612540031543,2575.9501953125,12.6697827880121,0.0
12345,16384,16384,18.86256930648663,1265.4002688462992,859.5262475167593,1.4722066632661222,405.8740213295399,0.5952229576641672,0.13323538665293794,3738.388916015625,12.6697827880121,0.0
12345,20480,16384,18.840249730796035,1208.1536116187579,859.1244951543287,1.406261395680182,349.0291164644292,0.5841349901941915,0.0,2876.442138671875,12.6697827880121,0.0
12345,24576,16384,18.932381459324137,1431.502791875128,860.7828662678345,1.6630242631127288,570.7199256072935,0.6242147753343202,0.05919682218569779,1920.0,12.6697827880121,0.0
12345,28672,16384,19.201537973872565,1376.0897185925426,865.6276835297062,1.5897016058698157,510.4620350628363,0.6135814156925745,0.11365169594142088,3053.2763671875,12.6697827880121,0.0
12345,32768,16384,18.87325923389699,1362.0294996644732,859.7186662101458,1.5842734992234597,502.3108334543274,0.6127682481422876,0.20337076401378873,2626.34033203125,12.6697827880121,0.0
12345,-32768,20480,18.296552970203578,1100.3827810017413,849.3379534636645,1.2955770744899566,251.0448275380768,0.5640903700668874,0.0,2807.25927734375,15.298804780876495,0.0
12345,-28672,20480,19.40785673230575,842.5141456687862,869.3414211815035,0.969140691034534,-26.82727551271728,0.49187693461980336,0.24776260353531185,128.0,15.298804780876495,0.0
12345,-24576,20480,17.215859086784647,721.7768737529848,856.9884273070538,0.8422247614487056,-135.21155355406904,0.4568886740762474,0.34054918879559776,1536.0,15.298804780876495,169.20764366969544
12345,-20480,20480,17.679547051597293,810.9184009823734,843.8217930589257,0.9610067050327361,-32.90339207655222,0.4897618623384984,0.24880771732755708,286.2167053222656,15.298804780876495,111.93366655431095
12345,-16384,20480,18.235063175818986,1331.4732553957128,848.2311371647418,1.5697057052706576,483.2421182309711,0.6105702634149213,0.16234845364637657,2862.1669921875,15.298804780876495,0.0
12345,-12288,20480,17.670095616975978,635.9460745741081,846.9458749355151,0.7508697939198629,-210.99980036140698,0.4285662947253451,0.28207937484741163,461.51055908203125,15.298804780876495,115.57415291431107
12345,-8192,20480,17.187760887051407,623.8054216087172,858.4434734404135,0.726670352689235,-234.63805183169632,0.42056692149974906,0.35746040636776877,1664.0,15.298804780876495,183.41239633901586
12345,-4096,20480,17.363224951610576,875.6587742626158,839.5646974384704,1.0429914179744209,36.09407682414542,0.5102242153783624,0.2602612036786412,362.0386657714844,15.298804780876495,121.2125472640017
12345,0,20480,18.26829926595682,1088.706286288024,848.8293867872228,1.2825973078155595,239.8768995008013,0.5616127169643086,0.0,2202.1953125,15.298804780876495,0.0
12345,4096,20480,17.682640577248154,688.5179323570908,841.8538488251122,0.8178592202411186,-153.33591646802142,0.44960860636047645,0.26626825500158385,181.0193328857422,15.298804780876495,102.94364768704321
12345,8192,20480,17.19826335431063,668.2306556376792,859.7919009472602,0.7772004538557158,-191.56124530958095,0.43703126076188664,0.37250984115129016,1740.98828125,15.298804780876495,189.02061312436643
12345,12288,20480,17.49828207933687,914.6339346022693,841.9957257375437,1.0862690945385718,72.63820886472558,0.5203792102742723,0.2552801351322572,362.0386657714844,15.298804780876495,116.5102883789275
12345,16384,20480,18.253339976106254,1023.3769280454308,848.5601195699126,1.206015819555747,174.8168084755182,0.5464022025451483,0.0,2862.1669921875,15.298804780876495,0.0
12345,20480,20480,19.17580981714421,746.9156178809384,865.1645767085957,0.8633220059962234,-118.24895882765736,0.4630368783809904,0.24804071207588294,256.0,15.298804780876495,0.0
12345,24576,20480,17.15390459544633,624.8016785267693,860.3549957621636,0.726213808956006,-235.5533172353944,0.42041440807424435,0.36972316020284307,1832.68115234375,15.298804780876495,185.25459066037212
12345,28672,20480,17.503254989347614,811.1810330647733,840.6485359384313,0.9649467029157875,-29.467502873658077,0.4907832291226395,0.24351346385143924,286.2167053222656,15.298804780876495,111.28597194549678
12345,32768,20480,18.249225475455503,1055.6431172850594,848.486058558199,1.244149042447291,207.15705872686033,0.5541057953814628,0.0,2807.25927734375,15.298804780876495,0.0
12345,-32768,24576,17.315493326101354,1135.987738327416,831.6788798698244,1.3658970617424149,304.30885845759167,0.5770340837940706,0.2596552120224409,2051.99609375,17.754944772668892,0.0
12345,-28672,24576,16.355280232598467,647.399803095644,848.2261419736499,0.7632396256843442,-200.8263388780059,0.43257288518118625,0.4563394377427514,1987.0943603515625,17.754944772668892,197.25218011921814
12345,-24576,24576,15.223468530104489,641.745854707165,865.6402067836925,0.7413540287038971,-223.89435207652753,0.4254519920933747,0.6975867747807435,5450.1552734375,17.754944772668892,387.2833021853018
12345,-20480,24576,16.425885571555213,846.2464939998274,848.5899302659882,0.997238434981869,-2.3434362661607793,0.49901422206224627,0.5933308861086496,1924.261962890625,17.754944772668892,197.21435218402598
12345,-16384,24576,17.620985145421635,1055.6663020657215,837.1777326175894,1.2609822991409334,218.48856944813213,0.5574198734069727,0.2733961649368364,2176.0,17.754944772668892,0.0
12345,-12288,24576,16.345832030780244,612.0192574270553,845.809689598174,0.723589792069907,-233.7904321711187,0.41952777169321614,0.44817890434858115,1832.68115234375,17.754944772668892,184.9608610219659
12345,-8192,24576,14.922614743646134,630.6037897147924,862.0528044959686,0.7315141096066596,-231.4490147811763,0.42218793272760236,0.6969037726481605,5681.2392578125,17.754944772668892,407.4924766232141
12345,-4096,24576,16.180980538457035,797.8862358213559,847.811779232411,0.9411124678448599,-49.92554341105517,0.48453707269168217,0.5728924810033812,2179.761474609375,17.754944772668892,205.97282038835033
12345,0,24576,17.403735142932195,1021.1652368246937,833.2672325727794,1.2254954916104934,187.89800425191424,0.5503650785826247,0.2658665367861026,1536.0,17.754944772668892,0.0
12345,4096,24576,15.966839702302847,564.2712992412835,848.4891472611924,0.6650306619273499,-284.21784801990896,0.39912794323624134,0.4260305865507048,2514.801025390625,17.754944772668892,219.8413775104431
12345,8192,24576,15.004624041921014,664.5751518864417,863.696172274565,0.7694547842400028,-199.12102038812327,0.4345698120319119,0.705531273493954,5702.8271484375,17.754944772668892,383.6210036164835
12345,12288,24576,16.431730670053994,853.2964760206943,846.5498689134133,1.0079695329891676,6.7466071072809655,0.501689337524344,0.5383070285876919,1778.2327880859375,17.754944772668892,182.71015107316595
12345,16384,24576,17.659076077244855,1050.5620940924357,837.8633693904073,1.2538584839396651,212.69872470202836,0.5560219836118322,0.25127359388993625,1936.991455078125,17.754944772668892,0.0
12345,20480,24576,16.182020207528293,560.0013026445321,846.2040131269983,0.6617804855062618,-286.2027104824663,0.397952805015876,0.4363475708616733,2063.93798828125,17.754944772668892,202.7355572313595
12345,24576,24576,15.350749855042968,634.0218771480785,868.6354731532134,0.7299055780516658,-234.61359600513492,0.4216531625513205,0.6999052074491138,5538.126953125,17.754944772668892,373.78986584770627
12345,28672,24576,16.169238604728886,859.4487746195861,842.2990087123618,1.0203606625792443,17.149765907224264,0.5047422660200509,0.550586934511857,1810.193359375,17.754944772668892,188.42636513706094
12345,32768,24576,17.32636806084368,1196.5836849323562,831.8746250951863,1.4384183010696334,364.7090598371699,0.5896074233306704,0.2466611395456034,2048.0,17.754944772668892,0.0
12345,-32768,28672,16.61839463274953,1266.3614987064686,819.1311033894915,1.5459814594591483,447.23039531697714,0.6069331362279267,0.23914226979739012,2807.25927734375,20.054712758020393,0.0
12345,-28672,28672,17.7724888633505,550.1688530096383,839.904799540309,0.6550371581526299,-289.73594653067073,0.39549944174496837,0.31179696200015894,128.0,20.054712758020393,0.0
12345,-24576,28672,15.294830789542543,745.6329021584314,833.5711829502201,0.8945041736201187,-87.93828079178866,0.47185860939421836,0.46623304462086346,2304.0,20.054712758020393,210.2773145336193
12345,-20480,28672,15.810980249882423,946.7421196553927,813.4817983278311,1.1638147548002764,133.26032132756154,0.5375478438536687,0.43438173202918273,461.51055908203125,20.054712758020393,116.51286562362003
12345,-16384,28672,16.70294459599811,1245.9041392774452,820.6530027279659,1.5181862920575258,425.25113654947927,0.6025971974196516,0.22463943898370883,3077.32861328125,20.054712758020393,0.0
12345,-12288,28672,15.99707514474741,479.38634016583063,813.5372987356277,0.5892616612795465,-334.15095856979707,0.37049044143967397,0.3044273903647185,286.2167053222656,20.054712758020393,110.64326602207821
12345,-8192,28672,15.419990150242874,750.7291872556555,836.5861142830109,0.8973722781653645,-85.85692702735548,0.4726575299805984,0.48448654509621014,2360.203369140625,20.054712758020393,217.55104909596764
12345,-4096,28672,15.893962320971381,969.575686340865,811.6812679076592,1.1945276116082164,157.89441843320583,0.5440156561205169,0.43901780033353655,286.2167053222656,20.054712758020393,109.97561170052495
12345,0,28672,16.604403511093775,1284.5089828857087,818.879263199688,1.568618281853444,465.62971968602074,0.6103954369043663,0.23027450093706772,2807.25927734375,20.054712758020393,0.0
12345,4096,28672,15.915495555555516,546.6564056203221,817.3984164458625,0.6687759538331917,-270.74201082554043,0.40046479949639524,0.32028666455792637,572.4334106445312,20.054712758020393,126.37134846889414
12345,8192,28672,15.4402070093579,726.5301484567134,837.8682202782504,0.8671174426635224,-111.33807182153703,0.46411837585076826,0.5035471515001742,2428.629150390625,20.054712758020393,219.61976112152286
12345,12288,28672,15.854078084868393,933.6994794037737,817.5143777510381,1.142119948975525,116.18510165273563,0.5328684484437789,0.4694185471702897,640.0,20.054712758020393,127.17346187630764
12345,16384,28672,16.810513128515105,1311.4452553249791,822.5892363132718,1.5942893456796134,488.8560190117073,0.6142501493353782,0.22668281316996888,3117.003662109375,20.054712758020393,0.0
12345,20480,28672,15.933771125623775,492.1958910090606,809.3407667440744,0.6081441973930621,-317.1448757350138,0.37787488596143964,0.29687810782743507,128.0,20.054712758020393,103.17913423104292
12345,24576,28672,15.626844432921006,658.5724128937302,834.6957829295272,0.7889969332088179,-176.12337003579705,0.44073240314861545,0.4385610666785116,1958.0234375,20.054712758020393,193.83672296521218
12345,28672,28672,15.88659887743305,1022.0012588390833,818.0997520172019,1.249237952119064,203.9015068218814,0.5551033065609782,0.4557304455935283,640.0,20.054712758020393,120.97439361379035
12345,32768,28672,16.60089269101952,1178.2677256342286,818.8160684383513,1.4389895008795133,359.45165719587726,0.5896988550378225,0.2215402807429132,2721.3173828125,20.054712758020393,0.0
12345,-32768,32768,16.184057869609518,1474.494710949607,811.3130416529714,1.8174177355086854,663.1816692966356,0.6447829771748451,0.13948779526334124,2626.34033203125,22.21258134490239,0.0
12345,-28672,32768,16.03918822393492,1314.859032927134,808.7053880308285,1.6258813807692973,506.1536448963054,0.618884049811145,0.0,2757.204345703125,22.21258134490239,0.0
12345,-24576,32768,16.201229220737275,1270.516227128387,811.622125973271,1.5654036360884385,458.8941011551161,0.6099048703302259,0.0566042677448277,1796.5655517578125,22.21258134490239,0.0
12345,-20480,32768,16.24869698669606,1510.8662661276933,812.4765457605291,1.8595813922399784,698.3897203671642,0.6500186884654563,0.11191452928343347,2862.1669921875,22.21258134490239,0.0
12345,-16384,32768,15.87957687722719,1455.3453752246874,805.8323837900894,1.8060150032438869,649.512991434598,0.6433382033861561,0.12608810412114982,5159.8447265625,22.21258134490239,0.0
12345,-12288,32768,16.029117085830816,1269.564476283072,808.5241075449546,1.5702246407197984,461.0403687381174,0.6106351052851942,0.0,2807.25927734375,22.21258134490239,0.0
12345,-8192,32768,15.945315831942931,1368.27588025596,807.0156849749728,1.695476191764963,561.2601952809871,0.6287190108696524,0.06725913594190015,1557.187255859375,22.21258134490239,0.0
12345,-4096,32768,15.99458289726419,1317.2238212014113,807.9024921507554,1.630424257876427,509.3213290506559,0.6195416579575672,0.12010386437919265,3095.906982421875,22.21258134490239,0.0
12345,0,32768,15.954319276375761,1379.7055574295564,807.1777469747637,1.7092958305659194,572.5278104547926,0.6306120416258668,0.13130488497250628,2715.2900390625,22.21258134490239,0.0
12345,4096,32768,16.25825434558139,1339.7022092055336,812.648578220465,1.6485627922209731,527.0536309850686,0.6221476858431146,0.0,2575.9501953125,22.21258134490239,0.0
12345,8192,32768,16.246178008032658,1411.0026388536687,812.4312041445878,1.736765687550516,598.5714347090809,0.6343198937091404,0.060640157169347564,1664.0,22.21258134490239,0.0
12345,12288,32768,16.039144660222547,1341.244781472782,808.7046038840058,1.6585101346413995,532.5401775887763,0.6235594340823151,0.1054919360439167,2550.3818359375,22.21258134490239,0.0
12345,16384,32768,16.270554283934448,1414.2934082950035,812.8699771108201,1.739876546212003,601.4234311841834,0.6347350546905307,0.11847687774598324,2626.34033203125,22.21258134490239,0.0
12345,20480,32768,16.211200936700276,1319.4205839865172,811.801616860605,1.6252992807392692,507.61896712591215,0.6188006969734755,0.0,2721.3173828125,22.21258134490239,0.0
12345,24576,32768,15.881996306974893,1297.8736988077349,805.8759335255481,1.6105130390602356,491.9977652821867,0.6166404207273519,0.0506495951563506,2145.6708984375,22.21258134490239,0.0
12345,28672,32768,16.045514410434546,1290.0630829653528,808.8192593878218,1.5949955048570112,481.243823577531,0.6143501742672304,0.11004683674493485,2712.271484375,22.21258134490239,0.0
12345,32768,32768,16.025603633821426,1427.9828833491629,808.4608654087856,1.766298091160078,619.5220179403773,0.638220685611366,0.11913066448648574,2626.34033203125,22.21258134490239,0.0
67890,-32768,-32768,16.14191682506011,1425.2300569566992,810.554502851082,1.75833957117446,614.6755541056172,0.6371780646944276,0.1939527587168854,2626.34033203125,-22.21258134490239,0.0
67890,-28672,-32768,16.195626232467596,1304.2276315833305,811.5212721844167,1.6071391795715582,492.70635939891383,0.6161465959717025,0.0,2748.276611328125,-22.21258134490239,0.0
67890,-24576,-32768,16.195399423931153,1435.2528746774265,811.5171896307608,1.7686044029830899,623.7356850466657,0.6385229955089579,0.05778391834195572,1924.261962890625,-22.21258134490239,0.0
67890,-20480,-32768,16.059889495659707,1254.0124877274686,809.0780109218747,1.5499277829818034,444.93447680559393,0.6075375515502074,0.09616960460546034,2721.3173828125,-22.21258134490239,0.0
67890,-16384,-32768,16.177411979264576,1318.8868118225098,811.1934156267623,1.6258598583464612,507.6933961957475,0.6188818209819857,0.0,2534.270751953125,-22.21258134490239,0.0
67890,-12288,-32768,16.100137942400956,1365.5745783199548,809.8024829632172,1.686305743745147,555.7720953567375,0.6274531204233629,0.0,2715.2900390625,-22.21258134490239,0.0
67890,-8192,-32768,16.276158890343584,1394.055446432487,812.9708600261845,1.7147668077396856,581.0845864063026,0.6313581692187055,0.06378747863232205,2588.639892578125,-22.21258134490239,0.0
67890,-4096,-32768,15.97101641778323,1297.5192060253012,807.4782955200981,1.6068781207172471,490.0409105052031,0.616106716685642,0.09944234554496026,3117.003662109375,-22.21258134490239,0.0
67890,0,-32768,16.171935114801034,1220.1158257817972,811.0948320664186,1.5042825789844076,409.0209937153786,0.6003884592720834,0.0,5166.19140625,-22.21258134490239,0.0
67890,4096,-32768,16.25292164872082,1301.6912124048963,812.5525896769748,1.6019778029658063,489.13862272792153,0.6153859007286736,0.14166318233123307,2748.276611328125,-22.21258134490239,0.0
67890,8192,-32768,16.12914311519523,1348.2244552423847,810.3245760735142,1.663807929626549,537.8998791688705,0.6243083327544816,0.06208774746000461,2264.55126953125,-22.21258134490239,0.0
67890,12288,-32768,15.947739775348614,1266.8657656539162,807.059315956275,1.5697306760567185,459.80644969764126,0.6105597627991456,0.10855915336430522,2715.2900390625,-22.21258134490239,0.0
67890,16384,-32768,16.004676456895435,1159.7010227120456,808.0841762241178,1.4351240338981825,351.6168464879279,0.5890439563131072,0.0,2534.270751953125,-22.21258134490239,0.0
67890,20480,-32768,15.908843355182084,1195.9608700345048,806.3591803932775,1.483161473341459,389.60168964122727,0.5969894175317235,0.0,2404.901611328125,-22.21258134490239,0.0
67890,24576,-32768,16.273043447053787,1252.0962401248526,812.9147820469682,1.5402552245045897,439.1814580778844,0.6060452856677555,0.042226385808778355,1920.0,-22.21258134490239,0.0
67890,28672,-32768,15.96272997095247,1458.4205491170192,807.3291394771445,1.8064757950661177,651.0914096398747,0.6433972645746917,0.10500901510950342,2700.162841796875,-22.21258134490239,0.0
67890,32768,-32768,15.9543384751054,1300.6548844846045,807.1780925518972,1.6113604872161214,493.47679193270733,0.6167652434534608,0.18268181526849545,2626.34033203125,-22.21258134490239,0.0
67890,-32768,-28672,16.712982664673042,1142.5278006273445,820.8336879641147,1.3919114400154757,321.6941126632298,0.5816280797922746,0.2353988185797506,2521.3076171875,-20.054712758020393,0.0
67890,-28672,-28672,15.999372239826329,480.9985561460147,820.1296725402809,0.5864908590078971,-339.1311163942662,0.3693941545459693,0.31004447699666215,640.0,-20.054712758020393,121.47851422667796
67890,-24576,-28672,15.571501272012814,655.9825846801258,836.788822781241,0.7839284737334705,-180.80623810111524,0.43914522757866575,0.4485620093323234,2176.0,-20.054712758020393,203.98286530872875
67890,-20480,-28672,15.874535922056142,1083.3404395717505,821.063355027493,1.3194358668405988,262.2770845442575,0.5685621297923391,0.4887460147272252,819.5999145507812,-20.054712758020393,136.42026603005962
67890,-16384,-28672,16.799470523299487,1186.1123107664223,822.3904694193907,1.4422739013546935,363.7218413470316,0.5902516395905388,0.2302550557848594,2712.271484375,-20.054712758020393,0.0
67890,-12288,-28672,16.092564962430647,496.15954227769885,818.5503231536992,0.6061442140369603,-322.39078087600035,0.3771040677839843,0.2906192470747459,461.51055908203125,-20.054712758020393,116.32843398377354
67890,-8192,-28672,15.562279472879714,754.725512345217,825.2209004513435,0.9145739182471384,-70.49538810612648,0.47738842141408916,0.4329621566170719,1408.0,-20.054712758020393,166.6774936789585
67890,-4096,-28672,16.13673613539667,1085.704637976338,814.0275688717854,1.333744309767159,271.67706910455263,0.5712033678730054,0.41883125482820494,181.0193328857422,-20.054712758020393,105.31262452629976
67890,0,-28672,16.85432500565365,1261.4885421456845,823.3778501017657,1.5320894799268285,438.1106920439188,0.604779168423378,0.24284123812525235,2955.109375,-20.054712758020393,0.0
67890,4096,-28672,16.07625685801619,561.6532818238447,821.5135956676984,0.6836810550497975,-259.86031384385365,0.4057699190445166,0.2977658806492193,640.0,-20.054712758020393,130.47995289406884
67890,8192,-28672,15.541511850750975,682.7092159925919,827.5792151373694,0.8249472721221852,-144.86999914477747,0.45173985450424137,0.44379050997166997,1583.2725830078125,-20.054712758020393,176.70134804668749
67890,12288,-28672,15.908305960290207,1150.5732505982542,809.9158257198691,1.4206084312225928,340.6574248783851,0.5865815234403319,0.4280080988149356,181.0193328857422,-20.054712758020393,106.56440998726958
67890,16384,-28672,16.836563823272513,1233.2102759956083,823.0581488189052,1.4983270352954703,410.15212717670306,0.5994406277376257,0.2335888116481661,2610.697998046875,-20.054712758020393,0.0
67890,20480,-28672,15.623149800693648,472.7639741199858,819.6340131522492,0.5767988718547343,-346.8700390322634,0.3655208828003829,0.3009147115914152,999.7119750976562,-20.054712758020393,141.66468273244251
67890,24576,-28672,15.522492024309333,768.9383623046049,832.3288464155623,0.9238396165362409,-63.39048411095746,0.4799064463903027,0.4565200562469938,1924.261962890625,-20.054712758020393,190.4806980187754
67890,28672,-28672,16.09472684257063,1004.9643544082684,821.8460553896783,1.2228133819195184,183.11829901859005,0.5498187060436761,0.463399598867104,640.0,-20.054712758020393,122.80145748699269
67890,32768,-28672,16.737147213034532,1086.6556531829522,821.2686498346216,1.323142741905187,265.3870033483306,0.5692502586221976,0.22928957910527464,2807.25927734375,-20.054712758020393,0.0
67890,-32768,-24576,17.29942896733456,1056.4520420747763,831.389721412022,1.2707061620638167,225.06232066275425,0.5593120940552309,0.2607768536322695,1707.7330322265625,-17.754944772668892,0.0
67890,-28672,-24576,16.124598570669303,630.0962274566176,848.5553862653884,0.7425516797786881,-218.45915880877078,0.4258409355372749,0.4582158324212897,2307.552734375,-17.754944772668892,216.8990601328842
67890,-24576,-24576,14.950997064004312,696.6907814135498,862.5860525440579,0.8076768449463947,-165.89527113050815,0.4465174168140464,0.706315363202136,5684.12255859375,-17.754944772668892,392.43224774512186
67890,-20480,-24576,16.20933046195197,984.8417524131529,840.8317257886238,1.1712709240240202,144.01002662452913,0.5391449343112246,0.5551304505868191,1664.0,-17.754944772668892,180.6770160733514
67890,-16384,-24576,17.31481795016841,1140.4043462290174,831.6667231030315,1.3712275777658327,308.7376231259859,0.5779844243598802,0.27331073581158866,2048.0,-17.754944772668892,0.0
67890,-12288,-24576,16.27771559746932,567.1873715607182,846.8299785413253,0.669777152360271,-279.64260698060707,0.40083421699374616,0.4517968753848298,1987.0943603515625,-17.754944772668892,197.96254374612295
67890,-8192,-24576,15.164161425670335,670.9056235207272,863.7208499083057,0.7767621027001396,-192.8152263875785,0.4368937597322115,0.7143004831036983,5345.43701171875,-17.754944772668892,372.8846397241451
67890,-4096,-24576,16.4787755889675,858.1678920754388,848.2026736455447,1.011748628882604,9.965218429894094,0.5026254459956994,0.5598797936538997,1832.68115234375,-17.754944772668892,185.51798596705223
67890,0,-24576,17.50835406923617,1192.832892103408,835.1503732462511,1.4282851691328782,357.682518857157,0.5878968606958148,0.2663938258660568,2048.0,-17.754944772668892,0.0
67890,4096,-24576,16.32705147138616,593.5687834210787,848.81457587644,0.6992914592780074,-255.2457924553613,0.41123432634692636,0.47101948256525455,2063.93798828125,-17.754944772668892,199.39023795516204
67890,8192,-24576,15.089753120984424,632.6824874056507,864.6890516441481,0.7316878665257153,-232.0065642384974,0.4222467331479548,0.7193542421296839,5633.45458984375,-17.754944772668892,389.8295055778932
67890,12288,-24576,16.490773592236245,857.9820445784836,848.8746674398794,1.0107287653736576,9.107377138604193,0.5023735530860265,0.5695260876548683,1863.7081298828125,-17.754944772668892,187.09810846160008
67890,16384,-24576,17.57050910874584,1100.8335807263302,836.2691639574251,1.3163627551647643,264.56441676890506,0.5679954706972751,0.2817979343734948,1707.7330322265625,-17.754944772668892,0.0
67890,20480,-24576,15.975123424971944,566.363002785279,847.4967157593031,0.6682775192560526,-281.1337129740241,0.40029622397326947,0.45609119244960955,2428.629150390625,-17.754944772668892,218.3450249733236
67890,24576,-24576,15.239912322604189,702.9270676964555,867.2435830012422,0.8105301457104569,-164.31651530478666,0.447390655740872,0.7023265619778479,5614.5185546875,-17.754944772668892,388.8563068273546
67890,28672,-24576,16.103499371015477,1006.3672020007771,841.9037314579056,1.1953471215266784,164.4634705428715,0.5441967338547702,0.5833939666650293,1863.7081298828125,-17.754944772668892,188.63881753327507
67890,32768,-24576,17.66075007117732,1142.648238080182,837.8935012811917,1.3637153604043966,304.7547367989903,0.576646060682246,0.2590273136502872,1920.0,-17.754944772668892,0.0
67890,-32768,-20480,18.130925685236768,1144.7848346897813,846.3566623342618,1.3526033239136452,298.42817235551945,0.5746503631393232,0.14610368592685397,3161.36669921875,-15.298804780876495,0.0
67890,-28672,-20480,17.756902039429015,647.9947327741628,842.1571231925687,0.7694463597453791,-194.16239041840595,0.4345598539687697,0.2685670911284547,128.0,-15.298804780876495,98.42638161993806
67890,-24576,-20480,17.29410619211897,658.4395348739778,864.4024445035028,0.7617279880000497,-205.96290962952503,0.43209174165352976,0.369196224489056,1936.991455078125,-15.298804780876495,189.13959146493573
67890,-20480,-20480,17.640872091446766,1067.4273075038777,840.0685841288883,1.270643049472859,227.35872337498938,0.5593029108334454,0.0,128.0,-15.298804780876495,100.08887546305719
67890,-16384,-20480,18.146918505171378,1188.3788074911065,846.6445330930849,1.4036337105367565,341.7342743980216,0.5836764165729691,0.1706965759524165,2807.25927734375,-15.298804780876495,0.0
67890,-12288,-20480,17.545667911009048,639.0172735150855,845.9262757955064,0.7554053961902953,-206.90900228042085,0.4300414196835132,0.3030893015845103,527.7575073242188,-15.298804780876495,120.00616921163241
67890,-8192,-20480,17.077866297227924,643.9972840287764,866.2869249287113,0.7433995198320377,-222.28964089993485,0.4261258605176705,0.41199769979017853,2349.767578125,-15.298804780876495,221.4408710491404
67890,-4096,-20480,17.55724887025532,972.2165005639644,841.6204257947701,1.1551721782962527,130.59607476919427,0.5357046059860635,0.2537843959245172,286.2167053222656,-15.298804780876495,105.28954984977504
67890,0,-20480,18.412255313150947,1183.5315172806472,851.420595636717,1.3900668169714263,332.11092164393017,0.5813159895910993,0.16395604954711704,2876.442138671875,-15.298804780876495,0.0
67890,4096,-20480,17.467748690227445,635.1246006982512,843.3036302540415,0.7531387010713125,-208.1790295557903,0.4293040969546918,0.2957820848603447,461.51055908203125,-15.298804780876495,123.35499107214096
67890,8192,-20480,16.926141637240168,629.9597599226895,861.6389446446791,0.7311180208810908,-231.6791847219896,0.42205567912862685,0.4045740642339964,2209.62255859375,-15.298804780876495,214.97960355074179
67890,12288,-20480,17.630961938287218,1104.73992550408,839.8902013720163,1.31533850936636,264.84972413206367,0.5678057253758968,0.0,128.0,-15.298804780876495,97.32632081968225
67890,16384,-20480,18.04032047561406,1295.369127514487,844.7257685610531,1.5334788824082894,450.6433589534339,0.6050031364274407,0.1683229168980968,1819.2218017578125,-15.298804780876495,0.0
67890,20480,-20480,17.5516632854054,679.2996651642228,841.5198852674715,0.8072294868567627,-162.22022010324872,0.4463733331402701,0.28812212981191154,286.2167053222656,-15.298804780876495,111.61470815214643
67890,24576,-20480,16.914760824566795,661.1356943645796,858.5323231554248,0.7700766488728819,-197.39662879084517,0.43476662016131495,0.38939967970597344,2003.5169677734375,-15.298804780876495,202.70886269784455
67890,28672,-20480,19.181687325780743,1021.1503079918485,865.2703718640533,1.1801517088722024,155.8799361277952,0.5410295218709853,0.012711592760348887,128.0,-15.298804780876495,0.0
67890,32768,-20480,18.366344810422383,1284.6491630121818,850.5942065876029,1.5102961589239035,434.0549564245789,0.6013589936865924,0.14943002950438447,3270.894775390625,-15.298804780876495,0.0
67890,-32768,-16384,18.83965509646775,1281.6514179338824,859.1137917364196,1.4918296391720591,422.5376261974628,0.5984089255662046,0.18824296155514877,2626.34033203125,-12.6697827880121,0.0
67890,-28672,-16384,19.062357901253236,1266.1772057748947,863.1224422225582,1.4669728694743032,403.05476355233645,0.5943657771173836,0.0,2715.2900390625,-12.6697827880121,0.0
67890,-24576,-16384,19.05223053155163,1366.8830893927213,862.9401495679293,1.5839836517945238,503.942939824792,0.612725860803547,0.08434788733006525,2048.0,-12.6697827880121,0.0
67890,-20480,-16384,19.22621598704314,1379.7535291846004,866.0718877667765,1.593116632318347,513.6816414178239,0.6140902264924215,0.108981036338049,2807.25927734375,-12.6697827880121,0.0
67890,-16384,-16384,19.11798842468529,1291.5939815607817,864.1237916443351,1.4946862869068984,427.47018991644654,0.5988701895108569,0.0,2715.2900390625,-12.6697827880121,0.0
67890,-12288,-16384,18.8979223130851,1355.7743734748437,860.1626016355318,1.5761838179164556,495.6117718393119,0.6115529619002107,0.0,2575.9501953125,-12.6697827880121,0.0
67890,-8192,-16384,18.99586336830679,1426.2779524593159,861.9255406295222,1.6547577316453683,564.3524118297937,0.6230455076472163,0.05366757790715946,1557.187255859375,-12.6697827880121,0.0
67890,-4096,-16384,18.998820520782296,1344.380900667227,861.9787693740814,1.5596450265746544,482.40213129314566,0.6090447872693391,0.10737605965142312,2833.40087890625,-12.6697827880121,0.0
67890,0,-16384,18.864144427255905,1308.1347599152296,859.5545996906062,1.521875120424099,448.58016022462334,0.6031913948952957,0.11690134055790824,4978.8544921875,-12.6697827880121,0.0
67890,4096,-16384,18.92269561525409,1253.8115978577644,860.6085210745737,1.456889592833951,393.2030767831907,0.5927009895748598,0.0,2635.681396484375,-12.6697827880121,0.0
67890,8192,-16384,19.063147673558205,1438.745614079563,863.1366581240477,1.6668804418602161,575.6089559555153,0.6247586476502067,0.052838912657521435,1792.0,-12.6697827880121,0.0
67890,12288,-16384,19.112091604790077,1302.872821100201,864.0176488862214,1.507923851763554,438.8551722139796,0.6009864608650459,0.10133570863558541,3077.32861328125,-12.6697827880121,0.0
67890,16384,-16384,19.217322561794898,1500.2888659602963,865.9118061123081,1.7326116301568362,634.3770598479882,0.6337818688800545,0.18827947409944076,2626.34033203125,-12.6697827880121,0.0
67890,20480,-16384,18.886178274532917,1346.4578622401737,859.9512089415925,1.5657375072445818,486.5066532985811,0.6099720617344974,0.0,2691.0458984375,-12.6697827880121,0.0
67890,24576,-16384,18.98942379744473,1332.9990931917475,861.8096283540051,1.5467442568931153,471.18946483774243,0.6070652147940166,0.042172938708539456,1920.0,-12.6697827880121,0.0
67890,28672,-16384,19.08366338794545,1476.8151512394363,863.505940983018,1.7102547662361478,613.3092102564183,0.6307614774176906,0.1046757689004868,2721.3173828125,-12.6697827880121,0.0
67890,32768,-16384,19.140579592994854,1302.2628250968041,864.5304326739074,1.5063238677082005,437.73239242289674,0.6007320211134936,0.0,2626.34033203125,-12.6697827880121,0.0
67890,-32768,-12288,19.766012507641864,1241.543734353904,875.7882251375536,1.4176300830704864,365.75550921635045,0.586094983267853,0.34052794990508445,2349.767578125,-9.848959817611854,0.0
67890,-28672,-12288,19.284692527166012,460.5319181795583,876.0086193189358,0.5257161950502323,-415.47670113937744,0.3443124939157792,0.31893267380534596,461.51055908203125,-9.848959817611854,111.61961398916844
67890,-24576,-12288,19.18328460532698,731.7012530754332,892.4020866408158,0.8199232879762827,-160.7008335653826,0.45024906120935776,0.42108311618530253,1536.0,-9.848959817611854,167.95899112948885
67890,-20480,-12288,18.93694084827878,978.7990622085324,876.1866436995005,1.1171125116399563,102.61241850903195,0.5273742459830311,0.48399664574360357,819.5999145507812,-9.848959817611854,134.90837028872173
67890,-16384,-12288,19.85851718735619,1307.5942150233166,877.4533093724115,1.4902151499759668,430.1409056509051,0.5981545233719311,0.22573004034597918,2591.802490234375,-9.848959817611854,0.0
67890,-12288,-12288,19.107742134715252,538.9638805993428,872.823512254822,0.6174946859611998,-333.85963165547923,0.3814897296828989,0.2827031689461315,461.51055908203125,-9.848959817611854,112.90257873477121
67890,-8192,-12288,18.73217946055264,760.7995989477012,891.9373902288747,0.8529742191349069,-131.13779128117358,0.46004872838123817,0.5664166798331833,2051.99609375,-9.848959817611854,200.3325400385163
67890,-4096,-12288,19.060959386362622,1003.0004557480667,879.0980493607556,1.1409426473843365,123.90240638731109,0.5326330263801597,0.5728076047096022,858.6500854492188,-9.848959817611854,144.49836938089513
67890,0,-12288,19.9717710002574,1141.327698468738,879.4918780046332,1.2977126077140706,261.8358204641047,0.5645052168599229,0.23009572244869816,2485.310546875,-9.848959817611854,0.0
67890,4096,-12288,19.33871418195537,506.9135785210994,871.6631737098421,0.581547544751317,-364.7495951887427,0.36744137482844585,0.29014110044369223,181.0193328857422,-9.848959817611854,106.15113032505721
67890,8192,-12288,18.901738609839832,802.2399193398895,894.93266360881,0.8964248953713035,-92.69274426892048,0.47241365653594736,0.46953907303139497,2048.0,-9.848959817611854,196.9590147349774
67890,12288,-12288,19.249567734773034,1001.3757697321007,876.3074794663809,1.142721924890883,125.06829026571984,0.5330200129049568,0.4460315559376592,512.0,-9.848959817611854,120.93552406282261
67890,16384,-12288,19.7964583835095,1213.2911759918136,876.336250903171,1.384504149795663,336.95492508864254,0.5803478708752055,0.23455370054280558,2635.681396484375,-9.848959817611854,0.0
67890,20480,-12288,18.955861293402094,535.9982429128069,873.3464755046447,0.6137292105095995,-337.3482325918378,0.38004768331692035,0.2940517205247,640.0,-9.848959817611854,126.01211085667528
67890,24576,-12288,18.91153676845986,770.459345546434,895.1658217712046,0.8606889660085297,-124.70647622477065,0.46228711809653944,0.4552666887661189,2051.99609375,-9.848959817611854,195.91215340181066
67890,28672,-12288,19.058125316345716,1046.8304507214796,876.6881040926404,1.1940739766338384,170.14234662883916,0.5439440675190518,0.4785576569106767,724.0773315429688,-9.848959817611854,130.85218689702276
67890,32768,-12288,19.76048594067136,1336.9426733810067,875.6887469320844,1.5267327324519058,461.25392644892224,0.6039590245750635,0.22388611855563273,2721.3173828125,-9.848959817611854,0.0
67890,-32768,-8192,20.87023993564088,1068.8797335057102,895.6643188415358,1.1933932289367222,173.21541466417443,0.5438085868537302,0.23897785049183842,1920.0,-6.81455190771961,0.0
67890,-28672,-8192,19.736433039002513,588.045025016615,911.7575945870557,0.6449576384202718,-323.7125695704407,0.3918203615422159,0.43354020074741767,2176.0,-6.81455190771961,207.45637292203628
67890,-24576,-8192,21.989186448085665,677.6983259487905,930.2229505681846,0.7285332247875084,-252.5246246193941,0.4212128559924855,0.475925594228985,768.0,-6.81455190771961,131.80308600386292
67890,-20480,-8192,19.78201219757801,980.8720825351677,907.1271324713144,1.0812950549312175,73.74495006385325,0.5192548915547335,0.5616208169922984,1796.5655517578125,-6.81455190771961,190.84224637169223
67890,-16384,-8192,20.58976152840433,1200.0622510105088,890.615707511278,1.347452375799595,309.44654349923087,0.573731843432823,0.2647612524665616,2176.0,-6.81455190771961,0.0
67890,-12288,-8192,19.73187320548671,570.1259525654846,906.7584307428905,0.6287517526563176,-336.6324781774059,0.3857716875586757,0.39343910017914313,1832.68115234375,-6.81455190771961,187.92615001988048
67890,-8192,-8192,18.976072362989807,633.3054549423312,931.8908841917288,0.6795918553185823,-298.58542924939763,0.40435891664290424,0.7040279909694585,5291.52685546875,-6.81455190771961,377.54972708091526
67890,-4096,-8192,19.646396342540413,821.4405065489387,906.7436672110888,0.9059236212539309,-85.30316066215005,0.475045121863888,0.560954028971382,1936.991455078125,-6.81455190771961,190.55955314446578
67890,0,-8192,20.724461823945507,1178.7887327100007,893.0403128310192,1.3199725877694513,285.7484198789815,0.5686859392701776,0.2441373668108596,1936.991455078125,-6.81455190771961,0.0
67890,4096,-8192,19.61238139735791,636.5891003245415,907.3803243422684,0.7015681112393362,-270.7912240177269,0.41203993435781366,0.44157702539021854,2023.857666015625,-6.81455190771961,200.83990329145354
67890,8192,-8192,22.335827988737563,808.6507002268482,931.8601640377424,0.867781166567923,-123.20946381089414,0.4643385905997935,0.5630176788710614,512.0,-6.81455190771961,119.84731768752411
67890,12288,-8192,19.918042690021373,873.0289442209793,905.6277321653149,0.9640042074833625,-32.59878794433564,0.49056031750670015,0.5273156673653975,1536.0,-6.81455190771961,166.32040804945984
67890,16384,-8192,20.76969902635655,1054.958748506198,893.854582474418,1.1802353192460036,161.10416603177998,0.541056280487953,0.2737082451812979,1707.7330322265625,-6.81455190771961,0.0
67890,20480,-8192,19.756222946093764,562.9555290280443,913.9246250230287,0.6159758842408467,-350.9690959949844,0.38092096134108416,0.43795909558609936,2307.552734375,-6.81455190771961,215.1401432121479
67890,24576,-8192,18.82891110354704,646.4853624455299,932.699314888688,0.6931337378785187,-286.2139524431582,0.40912013115843837,0.7090916290929622,5724.333984375,-6.81455190771961,389.8224423361156
67890,28672,-8192,19.76929461180858,965.6512044254807,905.571490210642,1.0663445292440288,60.07971421483876,0.5157779612393603,0.5500906813028493,1707.7330322265625,-6.81455190771961,182.28404325376226
67890,32768,-8192,20.92500152929857,1137.350771379588,896.6500275273743,1.268444472718053,240.7007438522137,0.5588945085380216,0.27338876151112673,1920.0,-6.81455190771961,0.0
67890,-32768,-4096,21.68065708424885,1102.8033554394724,910.2518275164794,1.2115365463734893,192.55152792299305,0.5475536940457263,0.1444944202232956,2721.3173828125,-3.5413464494312943,0.0
67890,-28672,-4096,22.86096566082898,676.6812935680957,931.4973818949217,0.7264446542957963,-254.81608832682593,0.4205134606157956,0.2725577754229656,128.0,-3.5413464494312943,0.0
67890,-24576,-4096,20.70089616733975,632.5311235886699,927.3742909510427,0.6820667013962565,-294.8431673623728,0.40523347391628706,0.38490594503731174,2051.99609375,-3.5413464494312943,194.3237900812581
67890,-20480,-4096,21.152946449836357,948.4667437261836,904.3193545316998,1.0488183615370539,44.14738919448382,0.5116376396486715,0.23508306590291728,181.0193328857422,-3.5413464494312943,104.96713486668136
67890,-16384,-4096,21.793503540312436,1255.921885829346,912.2830637256238,1.3766800412805582,343.6388221037221,0.578977973513756,0.23167026905890817,2715.2900390625,-3.5413464494312943,0.0
67890,-12288,-4096,22.81642222377761,806.3100919117499,930.695600027997,0.8663521046919042,-124.38550811624714,0.46392833789390314,0.2505841705971285,461.51055908203125,-3.5413464494312943,0.0
67890,-8192,-4096,20.829258063670846,742.9673943313235,927.8506351240695,0.8007402982830054,-184.88324079274605,0.44440685603405683,0.38136645779523454,1924.261962890625,-3.5413464494312943,193.9622087771185
67890,-4096,-4096,21.069237926654317,1093.9296776018834,902.8126011144232,1.2116907498317449,191.11707648746028,0.5475829836793623,0.0,181.0193328857422,-3.5413464494312943,101.8717332423346
67890,0,-4096,21.558993125328254,1186.8622440061654,908.0618762559086,1.3070279405405691,278.8003677502568,0.5662715708704952,0.0,3117.003662109375,-3.5413464494312943,0.0
67890,4096,-4096,20.91078755138692,652.8090582982611,898.9270624078111,0.7262091504395102,-246.11800410955004,0.42042498373864756,0.24653211795002442,128.0,-3.5413464494312943,97.83885358775892
67890,8192,-4096,20.523107648564178,697.1215273591419,918.4797151476434,0.7589950173772549,-221.3581877885016,0.431226643298968,0.37310653110159464,1664.0,-3.5413464494312943,185.5366472854077
67890,12288,-4096,21.148664425611294,914.7411855022356,905.6882700105714,1.009995619675585,9.05291549166418,0.5022106031796321,0.24042240349284363,256.0,-3.5413464494312943,103.31907162431341
67890,16384,-4096,21.57142015343012,1189.3518498053982,908.2855627617422,1.3094470489975014,281.06628704365596,0.5667257443726468,0.15480932916642867,3303.29296875,-3.5413464494312943,0.0
67890,20480,-4096,20.96271530281844,615.78386598575,899.8617619335785,0.6843094039939913,-284.07789594782844,0.406016972356646,0.2746803751610726,128.0,-3.5413464494312943,99.7884397422549
67890,24576,-4096,20.75867351799146,731.3417166745423,926.7646563692076,0.7891342334306586,-195.42293969466527,0.4408045973163513,0.39503640636349563,1936.991455078125,-3.5413464494312943,195.16001081471757
67890,28672,-4096,21.16504264911286,1081.7216294465195,903.5036541668779,1.197252080229799,178.21797527964156,0.5446117509281831,0.0,128.0,-3.5413464494312943,96.17007571946274
67890,32768,-4096,21.75734482736415,1261.3781099817988,911.6322068925547,1.3836480331047205,349.74590308924417,0.58020796874383,0.1724829884660242,2715.2900390625,-3.5413464494312943,0.0
67890,-32768,0,22.470244579930878,1118.5297526506474,924.4644024387558,1.209921928524174,194.06535021189165,0.5472274712066012,0.0,2626.34033203125,0.0,0.0
67890,-28672,0,22.575841606981403,1199.1147866928811,926.3651489256653,1.2944299427537103,272.74963776721586,0.5638965910788549,0.0,2999.135986328125,0.0,0.0
67890,-24576,0,22.593875061769168,1328.194340125572,926.689751111845,1.4332675402226047,401.5045890137269,0.5887688757080685,0.06587468348149043,2048.0,0.0,0.0
67890,-20480,0,22.66807779358714,1446.432694193585,928.0254002845686,1.558613259669458,518.4072939090163,0.608906845191618,0.09793488494730282,2715.2900390625,0.0,0.0
67890,-16384,0,22.39310661351357,1406.801678041598,923.0759190432443,1.524036808911372,483.72575899835374,0.6035502163653047,0.1119950099375255,2534.270751953125,0.0,0.0
67890,-12288,0,22.331993081989044,1200.1438203144755,921.9758754758028,1.3017084852628265,278.1679448386727,0.5652737444309526,0.0,2626.34033203125,0.0,0.0
67890,-8192,0,22.505847119458384,1277.8151377591416,925.1052481502509,1.381264607799096,352.70988960889076,0.5797918772060741,0.06746679855241282,1924.261962890625,0.0,0.0
67890,-4096,0,22.345393453412914,1464.9021409162679,922.2170821614325,1.5884569579679932,542.6850587548354,0.6134124824088003,0.09633559932483991,2996.403076171875,0.0,0.0
67890,0,0,22.375513859371953,1209.9258152885477,922.7592494686951,1.3112042127837753,287.1665658198526,0.5670592325330849,0.0,5252.6806640625,0.0,0.0
67890,4096,0,22.578766698196723,1170.667011846156,926.417800567541,1.263649091294428,244.2492112786149,0.5579693465772658,0.0,2810.17578125,0.0,0.0
67890,8192,0,22.64550687268144,1339.8271170701655,927.619123708266,1.444372030315686,412.2079933618995,0.5906364863248403,0.06471215711221719,2268.165771484375,0.0,0.0
67890,12288,0,22.598976573563924,1346.0432880877022,926.7815783241506,1.4523845958631159,419.2617097635516,0.5919731585184874,0.10681336628818261,3137.95849609375,0.0,0.0
67890,16384,0,22.304204843786742,1170.8289460938036,921.4756871881614,1.270602103096753,249.35325890564218,0.5593208592187235,0.0,5249.560546875,0.0,0.0
67890,20480,0,22.483071168583535,1328.2049639248573,924.6952810345036,1.4363704359331508,403.5096828903537,0.5892918139989846,0.0,2946.78125,0.0,0.0
67890,24576,0,22.686201240018423,1350.9012046083967,928.3516223203317,1.4551611395173094,422.54958228806504,0.5924348338284596,0.07001009864919971,2048.0,0.0,0.0
67890,28672,0,22.407136873816004,1333.3837015353486,923.3284637286881,1.4441054878247006,410.05523780666044,0.5905906528077777,0.11357025589436476,2807.25927734375,0.0,0.0
67890,32768,0,22.580342256724194,1331.724235871297,926.4461606210355,1.4374545359209938,405.2780752502615,0.5894748965987598,0.13468703783789193,2534.270751953125,0.0,0.0
67890,-32768,4096,21.552781957677464,1290.596486584098,907.9500752381944,1.4214399247067844,382.64641134590374,0.5867557018274064,0.37425354185786225,2807.25927734375,3.5413464494312943,0.0
67890,-28672,4096,23.105003884239476,654.2815669265475,935.8900699163105,0.6991008751541246,-281.608502989763,0.4111948401900552,0.25037524323509297,128.0,3.5413464494312943,0.0
67890,-24576,4096,20.639450907382045,841.113652704402,924.6186493782382,0.9096870945335256,-83.5049966738361,0.4760843800234419,0.5012098444229763,1936.991455078125,3.5413464494312943,192.16978611814784
67890,-20480,4096,22.926195904093206,1008.8571657699457,932.6715262736777,1.0816853922845207,76.18563949626798,0.5193525171093276,0.0,362.0386657714844,3.5413464494312943,0.0
67890,-16384,4096,21.595353790206772,1104.8936620346258,908.7163682237219,1.2158839662967378,196.17729381090385,0.5484404651221445,0.14623889794213243,2626.34033203125,3.5413464494312943,0.0
67890,-12288,4096,21.121272737085633,687.1926618912197,907.2095575770214,0.7574795218500303,-220.01689568580173,0.4307331740583048,0.26076322504066274,362.0386657714844,3.5413464494312943,110.27338940903078
67890,-8192,4096,20.55389691429849,606.8802948659252,926.4719443423833,0.655044438821829,-319.5916494764581,0.39552866633743883,0.38924942454217043,2176.0,3.5413464494312943,204.27716638512464
67890,-4096,4096,20.796898965357475,818.6641768762848,904.4484347737781,0.9051529588649797,-85.78425789749326,0.4748321956144047,0.2672116856661739,527.7575073242188,3.5413464494312943,125.68793218406793
67890,0,4096,21.688687580467302,1283.8128926254965,910.3963764484115,1.4101691591017058,373.416516177085,0.5848248322890409,0.1718114561487464,2691.0458984375,3.5413464494312943,0.0
67890,4096,4096,20.984098897053784,660.4751992212604,908.0979194006604,0.727317159428325,-247.62272017940006,0.4207992551510789,0.28918940569320534,543.0579833984375,3.5413464494312943,124.32103857683384
67890,8192,4096,20.774241783671023,738.4968967298674,925.1890659333202,0.7982118724942779,-186.69216920345275,0.44362535234478095,0.3734877292867689,1810.193359375,3.5413464494312943,189.8494155604085
67890,12288,4096,20.760200350072143,832.2462828795631,904.6031027471618,0.92001263355403,-72.35681986759869,0.47889436781049244,0.2713098140981363,572.4334106445312,3.5413464494312943,125.53597522090837
67890,16384,4096,21.700584587930276,1314.829107780748,910.610522582745,1.4438984342631211,404.218585198003,0.5905523284123748,0.22346067052239718,2807.25927734375,3.5413464494312943,0.0
67890,20480,4096,23.141174941605627,705.5648308385057,936.5411489489013,0.7533730169041426,-230.9763181103956,0.42940920398195803,0.2593382452644432,128.0,3.5413464494312943,0.0
67890,24576,4096,20.53580756729942,666.9154990670893,923.4756339982671,0.7221798545778857,-256.5601349311778,0.419077048508162,0.380194853423901,1987.0943603515625,3.5413464494312943,191.5834342513669
67890,28672,4096,20.83249314957934,864.8525629615924,907.125848915835,0.9533986535553295,-42.273285954242624,0.48779644307444786,0.26797430803306527,640.0,3.5413464494312943,123.00774551624693
67890,32768,4096,21.571658496969015,1159.193188355861,908.2898529454422,1.276237078501734,250.90333541041866,0.5604073928624529,0.0,2635.681396484375,3.5413464494312943,0.0
67890,-32768,8192,20.739990166312033,1001.5734079239742,893.3198229936165,1.1211812188020047,108.25358493035765,0.5282857660920199,0.37804961957280153,1031.968994140625,6.81455190771961,0.0
67890,-28672,8192,19.92596644848108,491.745348520884,912.498493859537,0.5388999015669383,-420.753145338653,0.34993595680013023,0.3983053795999657,1987.0943603515625,6.81455190771961,195.69723591896337
67890,-24576,8192,18.84919832372237,641.1139325289415,930.757437409207,0.6888088203877292,-289.6435048802655,0.40760735097756445,0.6770992943708299,5432.08837890625,6.81455190771961,381.29659711951007
67890,-20480,8192,19.680970308546335,923.689166333909,905.2406691009766,1.0203796601971653,18.448497232932482,0.504767531764076,0.56142236579478,1792.0,6.81455190771961,190.8675289141573
67890,-16384,8192,20.60178939567276,1092.1616401479284,890.8322091221097,1.2260015174173184,201.32943102581874,0.5504864042546113,0.2712125868143798,1832.68115234375,6.81455190771961,0.0
67890,-12288,8192,19.628227759079817,640.920967734337,911.2307115374222,0.7033575137661674,-270.3097438030852,0.4126583232584545,0.48861279910382827,2278.97509765625,6.81455190771961,209.01459789478105
67890,-8192,8192,19.025961461359522,624.833066216179,933.693929150166,0.6692054502109621,-308.86086293398705,0.4006554987971855,0.6902330617519331,5401.8427734375,6.81455190771961,391.27730492635993
67890,-4096,8192,19.883055856056508,983.8914826830221,904.410894370749,1.0878810602647289,79.48058831227308,0.5207697267693745,0.5262467063018669,1498.2015380859375,6.81455190771961,166.48802508216056
67890,0,8192,20.624743952969258,942.8983464657684,891.2453911534467,1.057955929786602,51.65295531232175,0.5138008141471346,0.26963156617985745,1683.5771484375,6.81455190771961,0.0
67890,4096,8192,19.540862633374967,505.1552774296991,911.7249847241487,0.55406540995752,-406.56970729444964,0.3562749908531324,0.4200807840323853,2432.0,6.81455190771961,215.72866131664085
67890,8192,8192,19.011026624076592,634.1695367704694,935.5320622697902,0.6778704465048966,-301.3625254993208,0.4037492144643921,0.6907266369194502,5666.8017578125,6.81455190771961,379.1510904955555
67890,12288,8192,19.87634376840698,971.4720190537035,907.1341937541015,1.070924264284808,64.33782529960206,0.5168486954522741,0.525749241692157,1683.5771484375,6.81455190771961,177.16263561661088
67890,16384,8192,20.669145410543344,1014.4854300939485,892.0446173897801,1.137258619487491,122.44081270416837,0.5318319527559642,0.2572652653848566,1810.193359375,6.81455190771961,0.0
67890,20480,8192,19.58951166474339,522.0767438985598,909.3215929190015,0.5741387293164875,-387.24484902044173,0.36447734577693425,0.41320270361329464,2191.007080078125,6.81455190771961,210.55146310615717
67890,24576,8192,18.83319456148635,596.4306081598342,932.7101751575234,0.639459742206741,-336.27956699768924,0.3897880604598799,0.7139382522699042,5715.7412109375,6.81455190771961,391.5000044579173
67890,28672,8192,19.60168233289683,844.586730478694,907.1877411819689,0.9309944261132624,-62.60101070327494,0.4818570467189038,0.5819852583577656,2023.857666015625,6.81455190771961,199.69652097247808
67890,32768,8192,20.818735208931326,1257.3069842970892,894.7372337607638,1.4052248379251755,362.5697505363254,0.5839670981914339,0.24837877053384824,2048.0,6.81455190771961,0.0
67890,-32768,12288,19.756923299780322,1169.9719544286563,875.6246193960458,1.3361569884086104,294.34733503261054,0.5716671128019138,0.2259921552464085,2672.718505859375,9.848959817611854,0.0
67890,-28672,12288,19.058355470913988,543.5917129775506,876.6922468748693,0.6200485003891425,-333.10053389731866,0.3824652415228797,0.2924013017739179,724.0773315429688,9.848959817611854,130.81677850190385
67890,-24576,12288,18.669783923493878,744.4411024663522,888.980100600884,0.8374103109430298,-144.53899813453188,0.4554768997546636,0.4757035736295848,1924.261962890625,9.848959817611854,187.73282444951576
67890,-20480,12288,19.029234121255865,1092.2298251612533,868.1161603127799,1.2581609179671598,224.11366484847338,0.5568776917741389,0.4250330569627704,286.2167053222656,9.848959817611854,108.86754435011595
67890,-16384,12288,19.871582164535184,1297.8966106654946,877.6884789616333,1.4787668310298396,420.2081317038612,0.5962995046005016,0.23083894697560184,3161.36669921875,9.848959817611854,0.0
67890,-12288,12288,19.33934347319078,519.3451808666896,870.6410690002805,0.5965089396288544,-351.2958881335909,0.3733647122078729,0.2923267175450385,128.0,9.848959817611854,100.8192365734989
67890,-8192,12288,18.711003152180197,762.4287877571533,886.522243937331,0.8600221742558442,-124.09345618017778,0.462091767035138,0.4521123331573859,1707.7330322265625,9.848959817611854,184.2690701316269
67890,-4096,12288,19.349496462072466,1035.6696685989173,871.8572547519498,1.1878890299462765,163.8124138469675,0.5426539473598602,0.427727147065052,181.0193328857422,9.848959817611854,104.49231799935006
67890,0,12288,19.81019916118435,1158.7393839391461,876.5835849013183,1.321881226043711,282.1557990378278,0.5690351686201146,0.2398816870226995,2807.25927734375,9.848959817611854,0.0
67890,4096,12288,19.17866006940845,510.91038635537404,870.8058273795265,0.5867098844444252,-359.89544102415243,0.36949764621283865,0.31397380568451355,286.2167053222656,9.848959817611854,116.86334558167151
67890,8192,12288,18.90860079661435,739.9362600482465,897.6794963792137,0.8242766633667987,-157.7432363309672,0.45156178753063436,0.455947401309126,2235.423828125,9.848959817611854,210.5096060995915
67890,12288,12288,19.13763935564181,1123.0645855817306,870.0674545317269,1.2907787548336325,252.99713105000376,0.5631846653032229,0.43906324182320905,286.2167053222656,9.848959817611854,105.41528719240411
67890,16384,12288,19.975114919933723,1300.53361143602,879.552068558807,1.4786317466878496,420.981542877213,0.5962780936873165,0.23519677608417414,2575.9501953125,9.848959817611854,0.0
67890,20480,12288,19.047475071026508,513.1456742476419,866.4208697131226,0.5922591343137287,-353.2751954654807,0.3716920973439332,0.3112467584058352,181.0193328857422,9.848959817611854,107.3156519090725
67890,24576,12288,18.70939457762576,697.051758313051,893.323231937448,0.7802906421691043,-196.271473624397,0.4380185453356457,0.4705225328360075,2179.761474609375,9.848959817611854,204.88686206775066
67890,28672,12288,19.194005985073403,913.619419616169,881.4928881375497,1.036445593505011,32.12653147861931,0.5086649736055613,0.4869962849067421,858.6500854492188,9.848959817611854,132.21089701115412
67890,32768,12288,19.83841730324745,1220.6531798911537,877.0915114584541,1.391705613318974,343.56166843269966,0.5816110863423826,0.22812507491457243,2721.3173828125,9.848959817611854,0.0
67890,-32768,16384,18.96744318566729,1395.14955118011,861.4139773420112,1.6196040322969907,533.7355738380987,0.617989054816731,0.12497182869017585,2715.2900390625,12.6697827880121,0.0
67890,-28672,16384,19.15402575129094,1111.5919143661035,864.7724635232369,1.285415483556542,246.81945084286667,0.5621583592765176,0.0,2807.25927734375,12.6697827880121,0.0
67890,-24576,16384,18.92717706413435,1472.3585896661357,860.6891871544183,1.7106739710928613,611.6694025117174,0.6308176740374126,0.06201604833886286,1920.0,12.6697827880121,0.0
67890,-20480,16384,18.974621461315536,1461.4632703592297,861.5431863036797,1.696331993094178,599.92008405555,0.6288550817788071,0.10834243545571173,2807.25927734375,12.6697827880121,0.0
67890,-16384,16384,19.217322561794898,1426.1548050506178,865.9118061123081,1.6469977600301324,560.2429989383097,0.6219421616920866,0.12062082973844272,2715.2900390625,12.6697827880121,0.0
67890,-12288,16384,19.162628025952543,1209.303598545603,864.9273044671457,1.3981563448163041,344.37629407845736,0.5827320693759801,0.0,2550.3818359375,12.6697827880121,0.0
67890,-8192,16384,18.874973048092265,1288.8846810047105,859.7495148656608,1.499139759568348,429.1351661390497,0.5995832609477308,0.06442676071136835,2048.0,12.6697827880121,0.0
67890,-4096,16384,19.223460243454504,1440.4648946176885,866.022284382181,1.6633115805389627,574.4426102355075,0.6242569439722854,0.112971387714921,3034.43701171875,12.6697827880121,0.0
67890,0,16384,18.84694618045994,1339.875037026576,859.245031248279,1.5593631482279922,480.6300057782969,0.6090008706102984,0.1250522927617641,2626.34033203125,12.6697827880121,0.0
67890,4096,16384,19.187317822973718,1175.4310949921617,865.371720813527,1.3582961711380528,310.0593741786347,0.5756829630623956,0.0,2691.0458984375,12.6697827880121,0.0
67890,8192,16384,19.0603256699663,1459.3355757468146,863.0858620593933,1.6908347592031234,596.2497136874213,0.6280976632137518,0.12744729649942327,1832.68115234375,12.6697827880121,0.0
67890,12288,16384,19.09555292409428,1261.18063449843,863.7199526336971,1.4601730927400443,397.4606818647329,0.5932453484100977,0.11926503312447276,2807.25927734375,12.6697827880121,0.0
67890,16384,16384,19.11798842468529,1409.389407248943,864.1237916443351,1.631004053906473,545.2656156046078,0.6196444179504946,0.12940497180065344,2534.270751953125,12.6697827880121,0.0
67890,20480,16384,19.051397087003938,1281.6416264327286,862.9251475660709,1.4852291998299865,418.71647886665767,0.597344087335986,0.0,2591.802490234375,12.6697827880121,0.0
67890,24576,16384,19.16806837487434,1226.1620903079945,865.0252307477381,1.4174870821375758,361.1368595602564,0.5860670686452992,0.047117208558676224,1920.0,12.6697827880121,0.0
67890,28672,16384,19.22372117456342,1366.185664082126,866.0269811421415,1.5775324485622386,500.1586829399846,0.6117579832819408,0.12870951986553741,2524.5546875,12.6697827880121,0.0
67890,32768,16384,18.98261494108204,1412.1587882614183,861.6870689394767,1.6388301962096703,550.4717193219416,0.6207711980973613,0.11940931743517351,2626.34033203125,12.6697827880121,0.0
67890,-32768,20480,18.183629419786914,1184.3147573745812,847.3053295561645,1.3977426035959777,337.0094278184167,0.5826542623431884,0.14705816278210276,3034.43701171875,15.298804780876495,0.0
67890,-28672,20480,17.466107300972016,586.331817690361,836.9228179003428,0.7005805136981926,-250.59100020998176,0.4116762572074637,0.25759291891256236,128.0,15.298804780876495,99.54796886939548
67890,-24576,20480,17.11398556267181,659.9648419212069,863.7533956649798,0.7640662777517861,-203.78855374377292,0.43284380395817335,0.3869998514822952,2118.777099609375,15.298804780876495,203.8166314165864
67890,-20480,20480,17.62841347968919,1122.7725923417763,839.844329117252,1.3368817927506949,282.92826322452436,0.5717880000277862,0.0,128.0,15.298804780876495,98.83540300472373
67890,-16384,20480,18.060316999930247,1164.6883513280634,845.0857059987445,1.378189623917025,319.6026453293189,0.5792238800198368,0.17195110465422037,2807.25927734375,15.298804780876495,0.0
67890,-12288,20480,17.422646296163542,660.8213243164028,848.7537394479585,0.778578395125788,-187.93241513155579,0.4374634138800308,0.2928379952473316,809.5430908203125,15.298804780876495,133.94750464877524
67890,-8192,20480,16.95249015815581,697.7538016380946,860.0724722382937,0.8112732637776754,-162.31867060019908,0.4476148582631762,0.3867992316749739,2063.93798828125,15.298804780876495,203.29582661168126
67890,-4096,20480,17.594008478045954,1065.6546523244579,839.2250390876737,1.2698079808044538,226.42961323678412,0.5591405675427905,0.0,128.0,15.298804780876495,101.81627344394369
67890,0,20480,18.40575481224656,1155.145317147092,851.3035866204381,1.3569134857435117,303.84173052665403,0.5754294990916801,0.17292775933276985,2807.25927734375,15.298804780876495,0.0
67890,4096,20480,17.478577012488035,685.7348501847197,843.4985400547322,0.8129650706214907,-157.7636898700125,0.44812435446688004,0.27848050119765777,461.51055908203125,15.298804780876495,118.53546452017434
67890,8192,20480,17.02567291697609,694.6760057564285,862.96391239058,0.804988477249343,-168.28790663415157,0.445693708770333,0.4017555494119243,2176.0,15.298804780876495,206.30712645046157
67890,12288,20480,17.57993878601048,903.4150644529448,842.028844278363,1.0729027521939478,61.38622017458181,0.5172883365657157,0.25955873747835273,286.2167053222656,15.298804780876495,113.14212272433384
67890,16384,20480,18.328813192090742,1326.5011667363742,849.9186374576334,1.5607390028583734,476.5825292787408,0.609207817519319,0.20946354321299834,2575.9501953125,15.298804780876495,0.0
67890,20480,20480,19.359968009114294,642.3272996117929,868.4794241640573,0.7395999050064497,-226.15212455226435,0.4248739534690867,0.2572580426153219,128.0,15.298804780876495,0.0
67890,24576,20480,17.048038169549468,705.2587476971357,861.7923364433796,0.8183627515275216,-156.53358874624382,0.4497677115434694,0.3935318234985132,2063.93798828125,15.298804780876495,199.6794948827791
67890,28672,20480,17.71220235634218,1038.1008390060383,842.3859608488046,1.2323339742747226,195.71487815723367,0.5517449493061168,0.0,181.0193328857422,15.298804780876495,105.62232505384948
67890,32768,20480,18.168730097462458,1253.1093588547785,847.0371417543242,1.4794030829149072,406.0722171004543,0.5963931398841127,0.17595712546135805,2748.276611328125,15.298804780876495,0.0
67890,-32768,24576,17.303140915680256,1279.0315097138566,831.4565364822446,1.538302308771578,447.57497323161203,0.6057488755468278,0.2486874540871077,1796.5655517578125,17.754944772668892,0.0
67890,-28672,24576,16.41426749333089,485.9058303658635,844.8168208027319,0.5751611691445292,-358.91099043686836,0.3648701401447801,0.38319106197388747,1683.5771484375,17.754944772668892,181.35280431125096
67890,-24576,24576,15.106572988232582,698.6449252451584,864.7171983710136,0.807946143041091,-166.0722731258552,0.44660051192633976,0.7256306997119629,5598.4453125,17.754944772668892,409.23796352578665
67890,-20480,24576,16.139471040779824,861.7548270050372,846.5891391681573,1.0179138700642691,15.165687836879897,0.5041436036623435,0.5982604283752092,2145.6708984375,17.754944772668892,208.5514226205404
67890,-16384,24576,17.427457872828075,1228.7362338047506,833.6942417109053,1.4738451728815363,395.04199209384524,0.5954822555859007,0.3660341142346952,1920.0,17.754944772668892,0.0
67890,-12288,24576,16.218678998731292,717.2243124436814,843.9769647567903,0.8498150333408266,-126.75265231310891,0.45911133405867943,0.5410358802446915,1863.7081298828125,17.754944772668892,187.47181178760894
67890,-8192,24576,18.129750896160182,688.6540816860776,862.3362965371116,0.798591088478485,-173.68221485103402,0.44372316436297093,0.4960492842095501,858.6500854492188,17.754944772668892,137.97460722222922
67890,-4096,24576,16.17163023325402,850.8047724859814,844.5019273355215,1.0074633875263566,6.302845150459916,0.5015630561239361,0.5720752552082412,1958.0234375,17.754944772668892,194.96155267636755
67890,0,24576,17.39706392049476,1129.2610574341065,833.1471505689057,1.3554160950595613,296.1139068652009,0.5751534769138411,0.2503296062930034,2176.0,17.754944772668892,0.0
67890,4096,24576,16.415450241515398,527.3422356898826,844.5418818207654,0.6244121778223414,-317.1996461308828,0.3841127076668891,0.37694335910501553,1664.0,17.754944772668892,176.40276729106213
67890,8192,24576,18.324269603214457,752.1655897677874,861.9778250812672,0.8726043383968414,-109.81223531347973,0.4656958526732947,0.5455486883479664,640.0,17.754944772668892,124.70305997982354
67890,12288,24576,15.956714198135328,873.5663464105677,847.165349676244,1.03116392419073,26.400996734323712,0.5073765839335059,0.5856490165739855,2428.629150390625,17.754944772668892,217.48462231121238
67890,16384,24576,17.40509211098543,1027.9384263894688,833.2916579977377,1.233587803890219,194.64676839173103,0.5519932445553454,0.241031827847414,1707.7330322265625,17.754944772668892,0.0
67890,20480,24576,16.29759060643299,520.4853437005543,848.5638635518045,0.6133720348660344,-328.07851985125023,0.37990266403962997,0.3763523950556963,2083.68896484375,17.754944772668892,201.687354969322
67890,24576,24576,15.022120116322768,685.5794476367977,863.5624591487954,0.7938967707241076,-177.9830115119977,0.4422688301217723,0.7213692900352385,5645.07568359375,17.754944772668892,381.1688495391411
67890,28672,24576,16.393858912164145,954.8908340499069,851.168120853075,1.1218592551291473,103.72271319683182,0.5284226236554487,0.5909816047622262,2145.6708984375,17.754944772668892,203.69377198930647
67890,32768,24576,17.621218061796686,1177.6507991052815,837.1819251123404,1.4066844538566143,340.4688739929411,0.5842006556185595,0.269686665436067,1920.0,17.754944772668892,0.0
67890,-32768,28672,16.90060553538402,1201.6295110395163,824.2108996369124,1.4579150937810543,377.4186114026039,0.5928584730745968,0.27492071551433406,2635.681396484375,20.054712758020393,0.0
67890,-28672,28672,16.178940308888187,561.5741392055609,818.2475738694674,0.6863132346972863,-256.6734346639065,0.40669561746314115,0.3171197614159999,362.0386657714844,20.054712758020393,110.58813612155544
67890,-24576,28672,15.54624860774822,719.8685777472323,827.6644767633198,0.8697589397123382,-107.79589901608756,0.4648713023273259,0.4421827100589514,1583.2725830078125,20.054712758020393,170.94683715459342
67890,-20480,28672,15.865994009106664,962.2179247265213,809.1542105985653,1.1891650715315791,153.06371412795602,0.5428983595197587,0.42023659124993945,181.0193328857422,20.054712758020393,106.27195398035144
67890,-16384,28672,16.94999783891283,1240.0049201576521,825.0999611004308,1.502854173576575,414.9049590572213,0.6001655247058872,0.230054731252884,2462.129150390625,20.054712758020393,0.0
67890,-12288,28672,15.795820304404591,575.5267827156066,815.2442619251458,0.7059562508990102,-239.7174792095392,0.4135211642258035,0.2880594082748816,572.4334106445312,20.054712758020393,122.66060543633978
67890,-8192,28672,15.486826135642806,755.9442312130914,830.3475834857002,0.9103949312885666,-74.4033522726088,0.4762477977980005,0.449854463679387,1832.68115234375,20.054712758020393,188.3332513223146
67890,-4096,28672,17.88048408159598,1428.0909607592953,841.8487134687276,1.6963748211659468,586.2422472905677,0.6288546441660793,0.24765322163791018,181.0193328857422,20.054712758020393,0.0
67890,0,28672,16.76957042206287,1121.2074323444087,821.8522675971317,1.3642444956956907,299.35516474727706,0.5767350829699954,0.3234163088691853,2715.2900390625,20.054712758020393,0.0
67890,4096,28672,15.979527337999814,505.79305647919443,819.7724643074035,0.6169920051004896,-313.9794078282091,0.38128011662724376,0.30675799635747986,640.0,20.054712758020393,128.1319713374308
67890,8192,28672,15.877853209456722,705.9274513253363,834.8651352437092,0.8455586675316916,-128.93768391837295,0.45786149023860484,0.43605906823140417,1664.0,20.054712758020393,176.69077521329964
67890,12288,28672,16.12905541589446,960.411225281327,817.3496457955804,1.1750310656175733,143.06157948574662,0.5399327368269966,0.45682677829724716,362.0386657714844,20.054712758020393,111.00950875847656
67890,16384,28672,16.85048125949084,1225.6028413944991,823.3086626708351,1.4886310529256561,402.294178723664,0.5978808543509871,0.2257015929613777,2635.681396484375,20.054712758020393,0.0
67890,20480,28672,15.934396411066343,552.9763190556323,818.9601076226012,0.6752176496861293,-265.9837885669689,0.40276906367291676,0.2786516643242592,640.0,20.054712758020393,127.55977887918985
67890,24576,28672,15.482145526853,727.2716206988943,831.7871525287153,0.8743482253698155,-104.51553182982104,0.4661821933761125,0.45016296211800877,1936.991455078125,20.054712758020393,193.73998127505172
67890,28672,28672,15.937801133184106,911.8740352235678,822.2021288277963,1.1090630919718192,89.67190639577154,0.5255527417853302,0.47445055915259343,819.5999145507812,20.054712758020393,130.60217332093524
67890,32768,28672,16.634189069466682,1207.0990386958313,819.4154032504002,1.4731222209243253,387.68363544543104,0.5953590335648237,0.23953723512267025,2521.3076171875,20.054712758020393,0.0
67890,-32768,32768,15.9543384751054,1230.2014623880752,807.1780925518972,1.524076871931432,423.02336983617806,0.6035193295609281,0.09619812701406336,2715.2900390625,22.21258134490239,0.0
67890,-28672,32768,16.038303462643483,1304.1325465678005,808.6894623275828,1.6126493633467482,495.4430842402178,0.6169547582907887,0.0,2638.78759765625,22.21258134490239,0.0
67890,-24576,32768,16.063834626091435,1222.6003736165862,809.1490232696458,1.5109705857102165,413.45135034694044,0.6014515982586771,0.06450570633860078,1336.3592529296875,22.21258134490239,0.0
67890,-20480,32768,16.134329830871824,1369.2990653843765,810.4179369556928,1.6896208770108194,558.8811284286837,0.6279123168733118,0.1544169541648894,2807.25927734375,22.21258134490239,0.0
67890,-16384,32768,15.932293627714085,1225.3568519048024,806.7812852988535,1.5188216115485342,418.5755666059489,0.60269237465101,0.11070431804739504,2715.2900390625,22.21258134490239,0.0
67890,-12288,32768,16.17384058815565,1267.990685608737,811.1291305868017,1.5632414590897805,456.8615550219354,0.6095757925751818,0.0,2876.442138671875,22.21258134490239,0.0
67890,-8192,32768,15.932056879714354,1368.684461460033,806.7770238348584,1.696484184631655,561.9074376251746,0.6288576529874078,0.04010083577689981,2268.165771484375,22.21258134490239,0.0
67890,-4096,32768,16.17787173256752,1356.4395240273627,811.2016911862154,1.6721359666346964,545.2378328411473,0.6254789932569709,0.10378874960414039,2715.2900390625,22.21258134490239,0.0
67890,0,32768,15.958727843241247,1329.1640778686126,807.2571011783425,1.6465189044834037,521.9069766902701,0.6218540785963707,0.10373849533274006,2626.34033203125,22.21258134490239,0.0
67890,4096,32768,16.222734980443924,1140.511029534126,812.0092296479907,1.4045542684638477,328.50179988613536,0.583823497183298,0.0,2807.25927734375,22.21258134490239,0.0
67890,8192,32768,16.008160817905523,1431.297420231877,808.1468947222994,1.7710857142174734,623.1505255095775,0.6388453445053158,0.05107770101646,1413.80615234375,22.21258134490239,0.0
67890,12288,32768,16.23834977744217,1519.718564935503,812.290295993959,1.8709057247518874,707.428268941544,0.651398539622371,0.11106251841587914,2575.9501953125,22.21258134490239,0.0
67890,16384,32768,16.208223222925636,1489.3430623423014,811.7480180126614,1.834735692966079,677.59504432964,0.6469522752821133,0.12410308152201002,2715.2900390625,22.21258134490239,0.0
67890,20480,32768,16.062874023435008,1151.2654115537005,809.1317324218301,1.4228405158549677,342.1336791318704,0.5869619088055851,0.0,2524.5546875,22.21258134490239,0.0
67890,24576,32768,16.168316174001912,1299.0599409714016,811.0296911320345,1.6017415332331113,488.0302498393671,0.6153504433049825,0.06061534358500639,2051.99609375,22.21258134490239,0.0
67890,28672,32768,15.93258648063714,1438.0629966029746,806.7865566514686,1.7824578071449164,631.2764399515061,0.6403202719073897,0.1001508946311674,2462.129150390625,22.21258134490239,0.0
67890,32768,32768,16.14191682506011,1421.567503167126,810.554502851082,1.7538209931187088,611.013000316044,0.6365829987506446,0.18385584436369756,2626.34033203125,22.21258134490239,0.0
314159,-32768,-32768,16.086578086846277,1268.066382453763,809.558405563233,1.5663680022833348,458.50797689053,0.6100506400982045,0.0,2626.34033203125,-22.21258134490239,0.0
314159,-28672,-32768,16.094295553160126,1247.34682174492,809.6973199568822,1.5405100041721063,437.6495017880377,0.6060836094183508,0.0,2445.4365234375,-22.21258134490239,0.0
314159,-24576,-32768,15.939540076930736,1348.1414054865427,806.9117213847533,1.6707421267508384,541.2296841017894,0.6252820900767253,0.04869452795363437,2179.761474609375,-22.21258134490239,0.0
314159,-20480,-32768,15.998378007694745,1435.395189970446,807.9708041385054,1.7765433882241926,627.4243858319405,0.6395548648206641,0.11026426242993047,2807.25927734375,-22.21258134490239,0.0
314159,-16384,-32768,16.066098700943446,1347.6406312747702,809.189776616982,1.6654197448080907,538.4508546577881,0.6245350081017,0.12621486440697322,2715.2900390625,-22.21258134490239,0.0
314159,-12288,-32768,16.005935305161312,1274.8464030369232,808.1068354929037,1.5775716118764573,466.73956754401956,0.6117442462078914,0.0,2591.802490234375,-22.21258134490239,0.0
314159,-8192,-32768,16.181033437234746,1476.9095372282877,811.2586018702254,1.8205163357571947,665.6509353580623,0.6451730268314423,0.06834846477499024,1920.0,-22.21258134490239,0.0
314159,-4096,-32768,16.16464909522953,1498.9034249325216,810.9636837141315,1.8482990731073132,687.93974121839,0.6486324632533051,0.10402201278062455,2807.25927734375,-22.21258134490239,0.0
314159,0,-32768,16.10330211772537,1223.5970296685234,809.8594381190567,1.5108758039671615,413.73759154946674,0.6014368206163458,0.0,2626.34033203125,-22.21258134490239,0.0
314159,4096,-32768,16.124433322056177,1231.403890995983,810.2397997970112,1.51980178128066,421.16409119897173,0.6028481112718821,0.0,2700.162841796875,-22.21258134490239,0.0
314159,8192,-32768,15.976996265437755,1337.804498565087,807.5859327778796,1.6565475502568467,530.2185657872074,0.6232810578306769,0.06742891119181615,1541.3240966796875,-22.21258134490239,0.0
314159,12288,-32768,16.05969214873536,1345.385602852293,809.0744586772364,1.6628699477819098,536.3111441750566,0.6241756119097832,0.11901522158260665,2635.681396484375,-22.21258134490239,0.0
314159,16384,-32768,15.943371714962144,1291.4647239422593,806.9806908693186,1.6003663266726136,484.48403307294075,0.6151456545766714,0.12468682041700523,2715.2900390625,-22.21258134490239,0.0
314159,20480,-32768,16.162273194573903,1280.6242848854286,810.9209175023302,1.5792221624148062,469.70336738309834,0.6119936063623073,0.0,3137.95849609375,-22.21258134490239,0.0
314159,24576,-32768,16.02691041887014,1450.104399599368,808.4843875396625,1.7936084134070294,641.6200120597055,0.6417558840143706,0.06677119058250867,1920.0,-22.21258134490239,0.0
314159,28672,-32768,16.18162208198342,1402.8584594843296,811.2691974757015,1.7292144997608478,591.5892620086281,0.6333081775564875,0.11537416462335007,2795.562255859375,-22.21258134490239,0.0
314159,32768,-32768,15.916734529252956,1294.4410077604057,806.5012215265532,1.605008118041378,487.9397862338525,0.6158309156762688,0.13926543949641437,5252.6806640625,-22.21258134490239,0.0
314159,-32768,-28672,16.930078349090476,1249.5526125742383,824.7414102836285,1.515084118480867,424.8112022906098,0.6021087126986912,0.22109675859463612,2807.25927734375,-20.054712758020393,0.0
314159,-28672,-28672,15.984603290754864,486.8797027171308,817.5381194740538,0.5955437319917936,-330.65841675692303,0.37296848138620325,0.2946916139342639,512.0,-20.054712758020393,116.8639704353192
314159,-24576,-28672,15.641897536698915,658.2180020708288,830.6179331340687,0.7924437648333158,-172.39993106323993,0.4418056958602653,0.4217510065164028,1664.0,-20.054712758020393,184.8335728395162
314159,-20480,-28672,15.8607362841222,972.7373182734713,815.8773923678921,1.1922591891538141,156.8599259055792,0.5435456651587655,0.47668182811126236,543.0579833984375,-20.054712758020393,120.30199618435925
314159,-16384,-28672,16.707717091063778,1137.1975732969354,820.738907639148,1.3855777552548099,316.4586656577874,0.580517839329595,0.22899522719277057,2757.204345703125,-20.054712758020393,0.0
314159,-12288,-28672,15.828539056868804,464.9056539689883,815.0179564209819,0.5704238174218216,-350.1123024519936,0.36294565124570566,0.2963013613940875,527.7575073242188,-20.054712758020393,123.08685168182495
314159,-8192,-28672,15.322207576106527,780.3795807064538,828.4125257074088,0.9420180845769587,-48.03294500095501,0.4847704107860903,0.46385340718093954,1902.8568115234375,-20.054712758020393,198.03350223549836
314159,-4096,-28672,16.046403102816534,1098.4573545997603,821.2038307927379,1.3376184004638403,277.25352380702236,0.5719162562111568,0.4804540963859901,652.6744995117188,-20.054712758020393,125.97399800301748
314159,0,-28672,16.731185798541215,1191.6159905875184,821.1613443737419,1.4511350281549156,370.4546462137764,0.5917317520163876,0.23327930767238336,2712.271484375,-20.054712758020393,0.0
314159,4096,-28672,16.042918525215867,511.95978589186683,819.6920298997488,0.6245757762881765,-307.732244007882,0.3841662014228036,0.2995358113774855,572.4334106445312,-20.054712758020393,124.77997695706011
314159,8192,-28672,15.528218478170322,816.5841635738113,831.5486753866928,0.9820040458775037,-14.964511812881483,0.4951597253308762,0.46751353822257863,1863.7081298828125,-20.054712758020393,188.87132324224814
314159,12288,-28672,17.50194778746619,1330.714060415337,835.0350601743914,1.5936026208736986,495.67900024094547,0.6141523482207085,0.25176866159515227,286.2167053222656,-20.054712758020393,0.0
314159,16384,-28672,16.68415087815555,1374.1444138884635,820.3147158067999,1.6751429511257254,553.8296980816637,0.6259029809765573,0.32803587433207104,2921.654296875,-20.054712758020393,0.0
314159,20480,-28672,16.18762746458714,549.7680526224824,813.9101808454151,0.6754652608613814,-264.1421282229327,0.4028554417735682,0.29931227939084165,128.0,-20.054712758020393,102.10220362478951
314159,24576,-28672,15.536773430266386,742.7822287573075,831.2466347889246,0.8935762235547811,-88.46440603161705,0.47159912173603447,0.41917406550504177,1832.68115234375,-20.054712758020393,187.43300051086862
314159,28672,-28672,17.703869478760858,1286.1815217045616,838.6696506176954,1.533597311834601,447.5118710868662,0.6050195509686365,0.18236846797220152,286.2167053222656,-20.054712758020393,0.0
314159,32768,-28672,16.57752040185909,1324.1131399172193,818.3953672334636,1.6179382153558668,505.7177726837557,0.6177316933896068,0.23504517147611878,3077.32861328125,-20.054712758020393,0.0
314159,-32768,-24576,17.676618510630266,1100.4040487930736,838.1791331913448,1.3128506845586985,262.22491560172875,0.5673404775902587,0.2639640172401863,1796.5655517578125,-17.754944772668892,0.0
314159,-28672,-24576,15.987739001698609,595.1665255905544,844.4896849841955,0.704764707222792,-249.32315939364105,0.4131218268604921,0.4390504395466166,2191.007080078125,-17.754944772668892,206.5638866836614
314159,-24576,-24576,15.246003736047895,672.604983757764,868.1296794411826,0.7747747827153215,-195.5246956834186,0.43626507194316777,0.7094859287720932,5714.3076171875,-17.754944772668892,406.83910676254163
314159,-20480,-24576,16.098067878595455,976.0457276158055,842.6273373658753,1.1583361758319015,133.4183902499302,0.5363852146845025,0.5625681170924863,1920.0,-17.754944772668892,191.16013522365967
314159,-16384,-24576,17.386245580169376,1129.0520784929508,832.9524204430488,1.3554820789072275,296.099658049902,0.5751653035461339,0.25696468377080234,2304.0,-17.754944772668892,0.0
314159,-12288,-24576,16.389170736981402,631.4953576202738,844.3650791884411,0.7478937407350309,-212.86972156816728,0.4275931170482469,0.4556760599143547,1683.5771484375,-17.754944772668892,180.54285259250685
314159,-8192,-24576,14.973138753999164,647.681781186926,863.3504666801482,0.750195669294608,-215.66868549322226,0.4283518305251549,0.7109224141076584,5731.48486328125,-17.754944772668892,391.76642701923555
314159,-4096,-24576,15.933887911765213,889.9378799773187,845.5060040933697,1.052550633193425,44.43187588394903,0.5125059831424362,0.6151288985378982,2335.78076171875,-17.754944772668892,218.45512452765462
314159,0,-24576,17.333715230222722,1131.1940158615384,832.006874144009,1.359596958889722,299.18714171752947,0.5759054593740377,0.27287640068401764,1683.5771484375,-17.754944772668892,0.0
314159,4096,-24576,16.232159420633607,511.3577484090725,846.0099673582824,0.6044346616929563,-334.65221894920995,0.37645016329043246,0.44849365788717693,1987.0943603515625,-17.754944772668892,191.64582848857418
314159,8192,-24576,15.473785450143339,745.4841424533006,870.2908994055869,0.8565919084784985,-124.80675695228626,0.46109330188334674,0.6947159764539769,5468.16259765625,-17.754944772668892,369.3153721274809
314159,12288,-24576,16.38232976023292,931.2786001071457,847.3057723400356,1.0991056953798384,83.97282776711018,0.5233124175093229,0.6278123239564881,1889.8973388671875,-17.754944772668892,193.95802132117421
314159,16384,-24576,17.496385083344094,990.0583734645288,834.9349315001937,1.1857910552210489,155.12344196433514,0.5422026306299389,0.26080847756166387,1924.261962890625,-17.754944772668892,0.0
314159,20480,-24576,16.244822752847565,528.2555597180808,848.9086094362666,0.6222761247160382,-320.6530497181858,0.38330379757458266,0.36800185760528303,2176.0,-17.754944772668892,203.93540594491563
314159,24576,-24576,18.43064377629631,660.9911768442272,862.6710844191967,0.7662145964811689,-201.67990757496955,0.4335328509387328,0.4686788534622359,572.4334106445312,-17.754944772668892,122.52089854738048
314159,28672,-24576,16.321102934508474,870.3117508249944,842.8436302946408,1.0325898180196857,27.468120530353644,0.5077204554563384,0.544336047352966,1664.0,-17.754944772668892,182.36774166414816
314159,32768,-24576,17.38156196493051,1003.8049703626921,832.8681153687492,1.2052388029265129,170.93685499394292,0.5462369657349321,0.26960645461450045,2176.0,-17.754944772668892,0.0
314159,-32768,-20480,18.25451548544816,1165.2193427757627,848.5812787380669,1.3731381683420723,316.6380640376958,0.5783298507721671,0.16801351807509307,2876.442138671875,-15.298804780876495,0.0
314159,-28672,-20480,17.639488291935017,661.281415004536,841.0771076894757,0.7862316177183127,-179.7956926849397,0.4398694024227319,0.2862712938203915,181.0193328857422,-15.298804780876495,101.93267983805
314159,-24576,-20480,17.12522872757957,619.314893094725,864.91253628626,0.7160433767718571,-245.59764319153498,0.4169832046212908,0.39875341356891464,2187.264892578125,-15.298804780876495,209.18693970435686
314159,-20480,-20480,17.416341474998568,870.044614104048,839.0840926801485,1.0368979959148164,30.960521423899536,0.5087597270617832,0.241038114393051,286.2167053222656,-15.298804780876495,111.38900992396795
314159,-16384,-20480,18.25991526350458,1264.0108423870133,848.6784747430825,1.4893871825483296,415.33236764393087,0.5980116529629101,0.1451893276187785,3207.6708984375,-15.298804780876495,0.0
314159,-12288,-20480,17.599597122496533,605.9367046261634,839.3256346877841,0.7219327988850981,-233.38893006162073,0.41896735340117963,0.2741041095410987,128.0,-15.298804780876495,100.47826875250647
314159,-8192,-20480,17.051327116075317,631.0044879831254,863.4256879743662,0.7308150507584377,-232.42119999124077,0.421955165896734,0.39167944543497757,2176.0,-15.298804780876495,202.49951300409185
314159,-4096,-20480,17.744433905397255,982.5047191276807,841.9326967799971,1.1669634911261988,140.57202234768363,0.5382297473283364,0.0,128.0,-15.298804780876495,101.71350139781546
314159,0,-20480,18.21364029891168,1290.5702479550414,847.8455253804102,1.522176162191798,442.7247225746312,0.6032348943295771,0.1742312896332232,2472.090576171875,-15.298804780876495,0.0
314159,4096,-20480,17.246598829092076,594.1829950831328,845.7604873541397,0.7025428640464904,-251.57749227100692,0.4123569052674479,0.2892566555538812,819.5999145507812,-15.298804780876495,136.25907268132613
314159,8192,-20480,17.123818695671172,735.2457652078068,862.9301051537742,0.8520339721799206,-127.6843399459674,0.45976541969806256,0.39350931586953874,2048.0,-15.298804780876495,201.1197038730013
314159,12288,-20480,17.570652248465894,1063.7497128440891,838.8046269552326,1.2681733965934143,224.9450858888565,0.5588228770796386,0.0,128.0,-15.298804780876495,98.95956270340746
314159,16384,-20480,18.315932243226566,1122.4884545631517,849.6867803780782,1.321061455214929,272.80167418507347,0.5688741854681673,0.0,2700.162841796875,-15.298804780876495,0.0
314159,20480,-20480,17.4063947441282,602.9030983029633,846.956953792725,0.7118462108412078,-244.05385548976176,0.41554876187548384,0.2775877590576116,724.0773315429688,-15.298804780876495,132.1023491031754
314159,24576,-20480,17.098231192510404,711.5814420096725,859.352874509317,0.8280433604367465,-147.77143249964445,0.4526788648430632,0.37494862181469507,1832.68115234375,-15.298804780876495,187.0350101189087
314159,28672,-20480,17.43088454801379,851.3383787205394,839.3458679944225,1.0142879248989125,11.992510726116848,0.5032489841846854,0.24102961308707582,286.2167053222656,-15.298804780876495,108.2571686227852
314159,32768,-20480,18.274577014487424,1157.4496115167178,848.9423862607737,1.3634018400409784,308.50722525594415,0.5765937160246739,0.14191565841580375,2575.9501953125,-15.298804780876495,0.0
314159,-32768,-16384,19.204363667791227,1205.9283506207628,865.678546020242,1.3930440533206476,340.24980460052075,0.5818413287030768,0.08808614783292895,2715.2900390625,-12.6697827880121,0.0
314159,-28672,-16384,19.03603681037433,1217.0981198546965,862.6486625867379,1.4108850713395955,354.44945726795856,0.5849333182323224,0.0,2700.162841796875,-12.6697827880121,0.0
314159,-24576,-16384,19.020536471837662,1263.7937036830615,862.3696564930779,1.4654895312787548,401.42404718998364,0.5941216021972159,0.05643359996507501,1792.0,-12.6697827880121,0.0
314159,-20480,-16384,19.081292098869014,1444.2662508942485,863.4632577796423,1.6726435524403385,580.8029931146062,0.6255675450364124,0.09470902319849017,2763.14013671875,-12.6697827880121,0.0
314159,-16384,-16384,18.913458762061772,1293.5493399814352,860.4422577171119,1.5033540349510777,433.10708226432325,0.6002572545354232,0.0,5400.32568359375,-12.6697827880121,0.0
314159,-12288,-16384,18.981554294197398,1129.3976817259388,861.6679772955531,1.3107109832150048,267.7297044303857,0.5669480203181164,0.0,3077.32861328125,-12.6697827880121,0.0
314159,-8192,-16384,19.19856876948358,1273.839719399833,865.5742378507044,1.4716700933277393,408.2654815491286,0.5951370832192386,0.061094944142577996,1936.991455078125,-12.6697827880121,0.0
314159,-4096,-16384,19.03642186537847,1450.6724417241435,862.6555935768124,1.6816356985633722,588.0168481473311,0.6268223085045495,0.10083297269522991,3320.607177734375,-12.6697827880121,0.0
314159,0,-16384,19.071122168080493,1271.130074256289,863.2801990254488,1.4724420595899907,407.8498752308401,0.5952626950243116,0.0,2715.2900390625,-12.6697827880121,0.0
314159,4096,-16384,18.930403223250185,1297.6426795620932,860.7472580185033,1.5075768960906735,436.8954215435899,0.60093022430955,0.0,2591.802490234375,-12.6697827880121,0.0
314159,8192,-16384,19.084718272164434,1300.183186316659,863.5249288989598,1.5056695444501662,436.65825741769913,0.6006274828360184,0.05884025091528501,2051.99609375,-12.6697827880121,0.0
314159,12288,-16384,19.041803465198438,1366.3321092825217,862.7524623735719,1.5836896083999814,503.5796469089498,0.6126817460863664,0.10122306736553678,2635.681396484375,-12.6697827880121,0.0
314159,16384,-16384,19.03621221496964,1160.536993602931,862.6518198694536,1.3453133313722758,297.8851737334775,0.5733343578814141,0.0,3624.909423828125,-12.6697827880121,0.0
314159,20480,-16384,18.839111147388998,1346.8672209789625,859.104000653002,1.5677580595075955,487.76322032596045,0.610278560851831,0.024233723155651487,2876.442138671875,-12.6697827880121,0.0
314159,24576,-16384,19.213023203991956,1461.5453259818114,865.8344176718551,1.6880194366860182,595.7109083099563,0.6277091741437208,0.17483288764584298,2304.0,-12.6697827880121,0.0
314159,28672,-16384,19.138030166273044,1476.9139221236637,864.4845429929148,1.7084330010233257,612.4293791307489,0.6305135288116573,0.10707464408610201,2626.34033203125,-12.6697827880121,0.0
314159,32768,-16384,19.12016023819092,1444.358614554024,864.1628842874366,1.671396261996371,580.1957302665874,0.6253930155136319,0.2058470445026287,2534.270751953125,-12.6697827880121,0.0
314159,-32768,-12288,19.82275501565584,1170.2189904188879,876.8095902818052,1.334632973212327,293.4094001370827,0.5713880174555573,0.228223187401061,2807.25927734375,-9.848959817611854,0.0
314159,-28672,-12288,19.31750863846225,534.9027681347818,877.819408889664,0.6093540000572207,-342.9166407548822,0.37836484199507064,0.28587044182004145,527.7575073242188,-9.848959817611854,121.93154852456428
314159,-24576,-12288,19.116021629665426,744.2492906383362,888.0483481064895,0.8380729407641331,-143.79905746815325,0.4556727891985964,0.429810649560201,1336.3592529296875,-9.848959817611854,163.7542616994711
314159,-20480,-12288,21.2371125944066,1294.5835441742313,902.2680266993189,1.4348103954321454,392.31551747491244,0.5890222803624954,0.1726949336846249,256.0,-9.848959817611854,0.0
314159,-16384,-12288,19.944060005934492,1180.5512413447439,878.9930801068208,1.343072281298592,301.55816123792306,0.5729317389849186,0.21217845465997823,2818.907470703125,-9.848959817611854,0.0
314159,-12288,-12288,19.367049855553716,519.8283020556148,873.619207749535,0.5950284717236307,-353.7909056939202,0.3727844170543586,0.2740786563788965,256.0,-9.848959817611854,107.37341131871017
314159,-8192,-12288,19.028920286435728,763.6184381328416,891.5843426293313,0.8564735848555716,-127.96590449648977,0.4610657867519276,0.4314970100686889,1664.0,-9.848959817611854,178.67614638127077
314159,-4096,-12288,19.15561463007542,1070.2579879726832,871.8277116508376,1.2276026256909298,198.43027632184555,0.5508032858149536,0.4501120219215944,362.0386657714844,-9.848959817611854,109.25626711931615
314159,0,-12288,19.990107110180897,1161.859806017589,879.8219279832562,1.3205624559515416,282.03787803433295,0.5687914013613579,0.2915762199218062,2638.78759765625,-9.848959817611854,0.0
314159,4096,-12288,19.114071161034957,574.9764995034842,880.0540613048577,0.6533422488284022,-305.07756180137346,0.3948931533307073,0.3782801347441728,858.6500854492188,-9.848959817611854,141.2492854252612
314159,8192,-12288,18.66673993081758,699.9628318064201,886.8484265242593,0.7892699709122989,-186.88559471783913,0.44083503510506356,0.45360441108944355,1782.833740234375,-9.848959817611854,189.84319209513404
314159,12288,-12288,19.100018977444797,1024.8951757847701,872.6844954239539,1.1744166203925412,152.21068036081624,0.539822052941436,0.4537370262404893,461.51055908203125,-9.848959817611854,120.1491717040751
314159,16384,-12288,19.86514123720926,1300.0923517033427,877.5725422697667,1.4814642540441894,422.51980943357603,0.5967381010727341,0.21763817536266553,2691.0458984375,-9.848959817611854,0.0
314159,20480,-12288,19.3229480159139,493.01648228906623,877.6283245269166,0.5617599939642166,-384.61184223785034,0.35943451237460805,0.2838125191898281,512.0,-9.848959817611854,119.32020696445578
314159,24576,-12288,18.819396036982617,787.0168523054624,886.896462872004,0.8873830094630154,-99.8796105665416,0.4698851249039558,0.4418772887135116,1603.83544921875,-9.848959817611854,177.53065159116773
314159,28672,-12288,19.04838273296804,1027.0818925211754,866.4372076280702,1.1854083405915599,160.64468489310525,0.5421333004456194,0.4153502801067649,181.0193328857422,-9.848959817611854,100.639656735213
314159,32768,-12288,19.938789738171618,1074.0741230086228,878.8982152870891,1.222068840653841,195.1759077215337,0.5496874761008381,0.23391247212091595,2458.7998046875,-9.848959817611854,0.0
314159,-32768,-8192,20.600576710796346,1154.5147915470984,890.8103807943343,1.2960275457472996,263.70441075276415,0.5641893122128225,0.2749502232777876,2063.93798828125,-6.81455190771961,0.0
314159,-28672,-8192,19.838581399313977,530.9239733691356,911.4519243774777,0.582503540964881,-380.52795100834203,0.36783486145085964,0.40169701312270384,2023.857666015625,-6.81455190771961,195.31127832478518
314159,-24576,-8192,19.019048240914294,689.801681730652,933.1213839321166,0.7392411036856426,-243.31970220146457,0.42477485314190333,0.6996802683580273,5346.96923828125,-6.81455190771961,382.4343496535548
314159,-20480,-8192,19.77954911011245,974.4570826178602,905.3918899047999,1.076282097822107,69.06519271306036,0.5180942738378853,0.5598525170917911,1683.5771484375,-6.81455190771961,183.93036738201698
314159,-16384,-8192,20.62752843649139,968.9453700315707,891.295511856845,1.087120216742657,77.64985817472575,0.5205910634460589,0.2733490097569173,1317.8406982421875,-6.81455190771961,0.0
314159,-12288,-8192,19.630459802106174,560.5431113445544,912.3745680165504,0.6143782729094945,-351.83145667199597,0.38030828939342903,0.4529350280269955,2360.203369140625,-6.81455190771961,215.4603872515745
314159,-8192,-8192,19.090022500710926,614.6572780659478,936.3616627861369,0.6564314863522283,-321.70438472018907,0.39603722730889523,0.7188683773849484,5591.12451171875,-6.81455190771961,398.95527609165384
314159,-4096,-8192,19.66925714008767,966.5954200059892,901.8786303454299,1.0717577592849408,64.71678966055936,0.5170413677709467,0.554840507648933,1583.2725830078125,-6.81455190771961,179.54045017948528
314159,0,-8192,20.722463520165217,975.502546884762,893.0043433629739,1.0923827573011653,82.49820352178801,0.5217967111934496,0.27523656816784026,1664.0,-6.81455190771961,0.0
314159,4096,-8192,19.561500890230086,520.524765061263,911.551048467566,0.5710319415860821,-391.02628340630304,0.3632220711195414,0.47006247695112835,2391.2373046875,-6.81455190771961,213.45010785236803
314159,8192,-8192,18.884666567712422,624.5638342389402,934.247494313895,0.6685207485599045,-309.6836600749548,0.4004098590682754,0.7113263666716084,5795.4462890625,-6.81455190771961,400.2461996639199
314159,12288,-8192,19.709633169796824,890.7908336991251,907.6973870343372,0.9813742403837364,-16.906553335212152,0.4950245427758584,0.5788659728339072,1924.261962890625,-6.81455190771961,195.52142744590975
314159,16384,-8192,20.854362984303005,1246.524139281609,895.378533717454,1.3921755909271805,351.14560556415495,0.5816989054090158,0.3591099447148144,2176.0,-6.81455190771961,0.0
314159,20480,-8192,19.96003704469395,751.1473705758526,910.5333806317329,0.8249531390652615,-159.38601005588032,0.45176884981094717,0.5617610056530739,1810.193359375,-6.81455190771961,182.6367147895323
314159,24576,-8192,22.047419038897214,798.0123832099172,929.8771449476592,0.8581912003599524,-131.86476173774201,0.4615751152477244,0.49400330093251554,689.3010864257812,-6.81455190771961,128.8125030577547
314159,28672,-8192,19.597085126204437,817.9785415348662,905.3603216091711,0.903483974293247,-87.38178007430497,0.4743722704500333,0.5672849778834782,1902.8568115234375,-6.81455190771961,193.84898801145837
314159,32768,-8192,20.65826590641809,961.733123457368,891.8487863155256,1.0783589530132727,69.88433714184248,0.5185713925006089,0.2653002792160137,1536.0,-6.81455190771961,0.0
314159,-32768,-4096,21.663046491621206,1116.630084667291,909.9348368491817,1.2271539009692496,206.69524781810924,0.5507247007568724,0.1663662388307034,2715.2900390625,-3.5413464494312943,0.0
314159,-28672,-4096,20.848442914959534,647.2584862343003,904.1561262992192,0.7158702655520118,-256.89764006491885,0.41693661023841,0.2926821929053183,461.51055908203125,-3.5413464494312943,117.57429245838483
314159,-24576,-4096,20.82732773826867,634.7143515247004,930.7559168036493,0.6819342644679622,-296.04156527894884,0.4051876147014475,0.39171267214949573,2130.344482421875,-3.5413464494312943,206.27497743416092
314159,-20480,-4096,23.107057728024525,1086.0151564446737,935.9270391044415,1.1603630529617424,150.0881173402322,0.5368493271009563,0.012683541063580267,128.0,-3.5413464494312943,0.0
314159,-16384,-4096,21.588051889592045,1276.3521725056546,908.5849340126567,1.4047692458082017,367.7672384929979,0.5838924499244108,0.15775233931692811,3095.906982421875,-3.5413464494312943,0.0
314159,-12288,-4096,20.853815141584274,609.7929961800027,902.395320857997,0.6757492886822726,-292.6023246779944,0.4029855301643129,0.29752333739071196,362.0386657714844,-3.5413464494312943,107.56878912047954
314159,-8192,-4096,20.55585688574035,658.9394508130674,928.3180359366673,0.7098207998815853,-269.3785851235999,0.4148820051599719,0.39802506544305627,2307.552734375,-3.5413464494312943,208.7562012793008
314159,-4096,-4096,20.98573313144889,908.548614224495,903.3331424962543,1.0057735861587327,5.2154717282408,0.501162643871453,0.24356014479416754,286.2167053222656,-3.5413464494312943,114.04510635192595
314159,0,-4096,21.750880445135138,1255.163236889872,911.5158480124325,1.3770064882873572,343.64738887743954,0.5790355434215213,0.1814775251925185,2715.2900390625,-3.5413464494312943,0.0
314159,4096,-4096,21.059183340360608,624.6466449512949,911.2062723498979,0.6855161821267998,-286.55962739860297,0.40644529994985623,0.2991707099983487,640.0,-3.5413464494312943,125.86537967426328
314159,8192,-4096,20.599675531910513,598.6283682771385,930.55792443143,0.6433004894809744,-331.9295561542915,0.3912127373834411,0.4081480815607107,2415.09912109375,-3.5413464494312943,218.0260365056502
314159,12288,-4096,21.102325249514298,844.509638644907,905.4318006214318,0.9327147975863984,-60.92216197652476,0.4823174663104464,0.23535296469065647,286.2167053222656,-3.5413464494312943,107.09531120529986
314159,16384,-4096,21.594951998321044,1163.9606694908427,908.7091359697788,1.2808946487025887,255.25153352106395,0.5613047296275281,0.15003500954556268,2715.2900390625,-3.5413464494312943,0.0
314159,20480,-4096,21.037864489057856,629.6837785080517,904.2715069332157,0.6963437127899647,-274.5877284251641,0.4102293952667363,0.27680862187265376,286.2167053222656,-3.5413464494312943,109.69548975645928
314159,24576,-4096,20.517782672683538,608.6316500794366,923.1511858951812,0.6592979128215553,-314.5195358157447,0.3970762431538053,0.3882189194152793,1987.0943603515625,-3.5413464494312943,197.92964293539805
314159,28672,-4096,22.922207102146285,1160.6369469021515,932.599727838633,1.2445177842717272,228.03721906351848,0.5542052438012098,0.0,181.0193328857422,-3.5413464494312943,0.0
314159,32768,-4096,21.780170591111787,1304.4284896943404,912.0430706400122,1.4302268518733199,392.3854190543283,0.5882503807614369,0.13859375713409175,3161.36669921875,-3.5413464494312943,0.0
314159,-32768,0,22.604365456681805,1240.7165371063031,926.8785782202725,1.3385966255565431,313.8379588860306,0.572129176321353,0.13460149271379201,2626.34033203125,0.0,0.0
314159,-28672,0,22.583588010335323,1255.565382444958,926.5045841860358,1.3551637022368461,329.0607982589222,0.575137490614925,0.0,2638.78759765625,0.0,0.0
314159,-24576,0,22.683140344184807,1378.2696261922586,928.2965261953266,1.4847299190498655,449.973099996932,0.5972828231884901,0.06604557811416478,1664.0,0.0,0.0
314159,-20480,0,22.479296227933936,1279.5247168988358,924.6273321028109,1.3838274864630145,354.8973847960249,0.580243306795159,0.11767025196329538,2521.3076171875,0.0,0.0
314159,-16384,0,22.66599855664572,1423.1692775818706,927.9879740196229,1.5336074576670933,495.18130356224765,0.6050485258215152,0.25122636092331563,2534.270751953125,0.0,0.0
314159,-12288,0,22.373119474430787,1197.9558234872522,922.7161505397542,1.2982928962352,275.2396729474981,0.564628198021342,0.0,2691.0458984375,0.0,0.0
314159,-8192,0,22.690236228331717,1400.5854352195665,928.4242521099709,1.5085618800204161,472.16118310959564,0.6011071296552422,0.0655506566051028,1792.0,0.0,0.0
314159,-4096,0,22.52131075411828,1509.267474490593,925.383593574129,1.6309641590481594,583.883880916464,0.6196566882175782,0.12246904214158204,2591.802490234375,0.0,0.0
314159,0,0,22.387156255650673,1246.4217655014647,922.9688126017121,1.3504484100475582,323.45295289975263,0.5742845449461824,0.1392518212455707,2534.270751953125,0.0,0.0
314159,4096,0,22.6674605684166,1260.2652930415131,928.0142902314988,1.358023584666064,332.25100281001437,0.5756529694381903,0.0,2462.129150390625,0.0,0.0
314159,8192,0,22.504666469446768,1366.3857517518184,925.0839964500418,1.477039660177073,441.30175530177655,0.5960321844262362,0.0700618778696391,1541.3240966796875,0.0,0.0
314159,12288,0,22.519470249424746,1427.3679151814306,925.3504644896454,1.5425160195587742,502.01745069178514,0.6064310528861572,0.1049864259853898,2591.802490234375,0.0,0.0
314159,16384,0,22.322260565183747,1224.5090707032916,921.8006901733074,1.3283881035856808,302.7083805299842,0.5702526449669788,0.0,2626.34033203125,0.0,0.0
314159,20480,0,22.59262762891444,1261.850922056349,926.66729732046,1.3617087013916451,335.183624735889,0.5763144197153578,0.0,2721.3173828125,0.0,0.0
314159,24576,0,22.43568976325886,1436.3095038380172,923.8424157386595,1.5547126645940086,512.4670880993577,0.6083088055153725,0.07164209849389086,1936.991455078125,0.0,0.0
314159,28672,0,22.37050583884893,1351.529170662459,922.6691050992808,1.464803755965181,428.86006556317807,0.5940269843998387,0.10424449530731589,3278.399658203125,0.0,0.0
314159,32768,0,22.42209533380611,1352.7475315143558,923.5977160085099,1.464650148075823,429.14981550584594,0.5940019559993278,0.0,5684.12255859375,0.0,0.0
314159,-32768,4096,21.692024411144697,1319.9337139459933,910.4564394006045,1.4497494408573426,409.4772745453888,0.5915297743724383,0.157015984213968,2663.507568359375,3.5413464494312943,0.0
314159,-28672,4096,20.910283502011524,680.3166812181088,904.2135056242145,0.7523850030844863,-223.89682440610568,0.42907835301010544,0.27022665541446067,404.77154541015625,3.5413464494312943,114.39513842860688
314159,-24576,4096,20.794066486420743,629.1259992107139,934.3275302165624,0.6733463147178081,-305.20153100584855,0.4021378630792745,0.42057916748042673,2435.3662109375,3.5413464494312943,217.0356512815362
314159,-20480,4096,20.971517283727533,769.5030285334049,915.9046278468592,0.8401562838942955,-146.4015993134543,0.4562971625645249,0.30815822968254925,999.7119750976562,3.5413464494312943,138.27122342630605
314159,-16384,4096,21.711125433291066,1279.053201628611,910.8002577992393,1.404318005705421,368.2529438293718,0.5838150407205421,0.17129475923908202,2415.09912109375,3.5413464494312943,0.0
314159,-12288,4096,21.013524365843804,607.2043569933952,910.3844108085954,0.6669757849369166,-303.18005381520015,0.3998477862260659,0.29272620349734774,640.0,3.5413464494312943,129.88640786158084
314159,-8192,4096,20.609416539356886,721.4939012436022,927.9378928827799,0.7775239127288701,-206.44399163917774,0.43715463057078846,0.5449042858810402,2209.62255859375,3.5413464494312943,209.2308581862972
314159,-4096,4096,21.152118649619396,1096.2564646907313,904.3044541277945,1.212264807152891,191.95201056293672,0.547700774122741,0.013042943311720586,181.0193328857422,3.5413464494312943,99.71841675109508
314159,0,4096,21.55443090889527,1171.6680878223317,907.9797563601148,1.2904121260580563,263.68833146221687,0.5631265718984357,0.14713092860078245,2638.78759765625,3.5413464494312943,0.0
314159,4096,4096,20.998931303046007,665.9392077935455,902.9930738043962,0.7374798623735617,-237.0538660108507,0.42418339669767485,0.2704452795924299,256.0,3.5413464494312943,111.23356071710475
314159,8192,4096,20.57553423167351,676.4421270733324,929.292033130066,0.7279112517460439,-252.84990605673363,0.42100438506124793,0.41344804958135906,2353.25146484375,3.5413464494312943,219.30369653286382
314159,12288,4096,20.73553286372965,748.9913994278472,910.0423321807581,0.8230291855028542,-161.05093275291085,0.4511904699081385,0.3080146938104163,905.0966796875,3.5413464494312943,139.75057389161378
314159,16384,4096,21.55040242889785,1120.5292803322704,907.9072437201613,1.2341891620347556,212.62203661210913,0.5521381265449823,0.0,2521.3076171875,3.5413464494312943,0.0
314159,20480,4096,21.145083456937567,653.019828131329,903.1443887077227,0.7230514149190607,-250.12456057639372,0.4193647793017742,0.260800778557345,128.0,3.5413464494312943,99.55669663643883
314159,24576,4096,20.836968960697035,670.1967586841232,927.678230630038,0.7224452795760392,-257.4814719459148,0.4191677042691153,0.3918845591992716,1902.8568115234375,3.5413464494312943,192.2940372550661
314159,28672,4096,22.871510343027108,1091.590798884432,931.6871861744879,1.1716280046380256,159.903612709944,0.5392494543444137,0.0,286.2167053222656,3.5413464494312943,0.0
314159,32768,4096,21.76881190912737,1020.2607387270682,911.8386143642927,1.1189049494667038,108.42212436277555,0.5277849465396046,0.0,3082.648193359375,3.5413464494312943,0.0
314159,-32768,8192,20.65370175145738,1221.8021775274449,891.7666315262329,1.3700918315774673,330.03554600121197,0.5778020428071252,0.28861933979381493,1792.0,6.81455190771961,0.0
314159,-28672,8192,19.558635575676245,602.737948535129,908.5572402471829,0.6634011835854696,-305.8192917120539,0.3985583985230085,0.4595031579248068,2176.0,6.81455190771961,209.52598128729755
314159,-24576,8192,18.851810107732412,709.339655657568,933.5590240133737,0.7598230400131682,-224.21936835580573,0.4314984034171474,0.7262581718207114,5782.7109375,6.81455190771961,396.8035683405546
314159,-20480,8192,19.738864820031154,852.2693430911607,911.001222297448,0.935530405702232,-58.7318792062872,0.4830717917143479,0.5970481740468832,2118.777099609375,6.81455190771961,202.01807659725512
314159,-16384,8192,20.563171753661607,1114.8063705465083,890.1370915659089,1.2523985137900122,224.66927898059942,0.5557516408625639,0.2709783340979625,1924.261962890625,6.81455190771961,0.0
314159,-12288,8192,19.580669390398192,543.5535951841404,905.0648383646588,0.6005686798818469,-361.5112431805185,0.3749632197029057,0.4088359845949267,1902.8568115234375,6.81455190771961,193.2659079567237
314159,-8192,8192,18.963800579989194,610.9662981812733,935.1823795479688,0.6533124570595427,-324.21608136669556,0.3948982453825909,0.7025994995990553,5731.48486328125,6.81455190771961,386.90131672606805
314159,-4096,8192,19.87027588801821,881.1875855371654,914.3233851741554,0.9637592123593356,-33.13579963698999,0.49049941798477464,0.5862843455504299,2187.264892578125,6.81455190771961,207.0393610085253
314159,0,8192,20.77636913783251,1013.1956194784386,893.9746444809853,1.1333605776556106,119.22097499745337,0.5309775750178988,0.26198920620009264,1920.0,6.81455190771961,0.0
314159,4096,8192,19.649274045538327,538.9772840986432,908.388301451383,0.5933335812862065,-369.4110173527398,0.3721279278352662,0.45755488848071807,2048.0,6.81455190771961,196.82354372626793
314159,8192,8192,19.19777808015892,604.2874696562035,939.0281108348408,0.6435243659734138,-334.74064117863736,0.39129791688306276,0.7205273887722682,5684.12255859375,6.81455190771961,384.09160990369764
314159,12288,8192,19.544037639947565,901.0084712674002,904.7166674970505,0.9959012623920047,-3.708196229650298,0.4986970358333338,0.5698566059040402,1924.261962890625,6.81455190771961,195.79573778099936
314159,16384,8192,20.589372802547754,1150.0813536548571,890.6087104458595,1.2913430333272842,259.4726432089976,0.5632986974256655,0.2530443487167299,2051.99609375,6.81455190771961,0.0
314159,20480,8192,19.87747909470998,601.4699626431006,909.0473375320214,0.6616486708778394,-307.57737488892076,0.3979246301536974,0.43046339206372647,1810.193359375,6.81455190771961,183.00310867846412
314159,24576,8192,18.931605899259484,677.1164571265033,932.3502885202995,0.7262468467737926,-255.2338313937962,0.42044733860962574,0.6852145105158625,5445.64404296875,6.81455190771961,397.7305692925088
314159,28672,8192,19.86113563195666,840.7882597400801,910.7919268073347,0.9231397808798728,-70.00366706725458,0.4797431045916558,0.5589539473825152,1949.637939453125,6.81455190771961,200.36315372648724
314159,32768,8192,20.854725161805177,1137.770296031782,895.3850529124932,1.2707050361527281,242.38524311928882,0.5593330404299179,0.25777348303569575,1920.0,6.81455190771961,0.0
314159,-32768,12288,19.864400993391357,1214.697445744289,877.5592178810444,1.3841771825692846,337.13822786324465,0.5802907339802954,0.2260415469445506,2807.25927734375,9.848959817611854,0.0
314159,-28672,12288,20.89246118959162,497.7808107728297,896.0643014126492,0.5555190737853032,-398.28349063981955,0.3568717461345181,0.29634681005983693,128.0,9.848959817611854,0.0
314159,-24576,12288,18.98056999459691,691.3354224534503,894.9417453348592,0.7724920935437806,-203.60632288140891,0.43554801674413784,0.46430409922455074,1949.637939453125,9.848959817611854,189.18863753420845
314159,-20480,12288,19.260794899243837,938.6385799805089,880.3361565848065,1.0662274552278779,58.30242339570236,0.5157426425335564,0.471771841790908,724.0773315429688,9.848959817611854,132.42130251653415
314159,-16384,12288,19.882822409250377,1057.0080960901762,877.8908033665068,1.204031403492093,179.11729272366938,0.5460037693016042,0.21599698945522927,2575.9501953125,9.848959817611854,0.0
314159,-12288,12288,19.12645920332151,532.8122643092647,874.6604049134796,0.6091647241788313,-341.8481406042149,0.3782908081583815,0.28425093450736044,543.0579833984375,9.848959817611854,117.4344337304132
314159,-8192,12288,18.736337860810213,740.4073198615987,888.3049944094942,0.8335057491754718,-147.89767454789546,0.4543178040553459,0.42479055210528555,1796.5655517578125,9.848959817611854,185.71077773403852
314159,-4096,12288,19.30911699156471,1222.4475194509582,870.0969923310113,1.4049554592482745,352.35052711994695,0.583912839001662,0.1762961209429268,128.0,9.848959817611854,99.13510070730234
314159,0,12288,19.91660743744273,1202.026912427021,878.4989338739692,1.368273615457188,323.52797855305175,0.5774739307528189,0.23095678889810428,2807.25927734375,9.848959817611854,0.0
314159,4096,12288,21.036436409329575,540.405478078257,898.6558553679324,0.6013486418079381,-358.2503772896754,0.37526559843463103,0.2969085480879071,128.0,9.848959817611854,0.0
314159,8192,12288,18.81129133581201,709.0737372742253,887.963249967392,0.7985395085891945,-178.8895126931667,0.4437154727552098,0.46837891609103166,1683.5771484375,9.848959817611854,186.55284774848917
314159,12288,12288,19.239725158713487,1008.6281431597391,878.4560250802498,1.1481828507779859,130.17211807948934,0.5342071927333355,0.4724797588588425,640.0,9.848959817611854,133.31300978156267
314159,16384,12288,19.846718559550585,1111.4175242218264,877.2409340719105,1.2669467201706295,234.1765901499159,0.5585971399206576,0.23741073407382207,2638.78759765625,9.848959817611854,0.0
314159,20480,12288,19.206749015181288,525.1774860336843,879.3633306716806,0.5972246825809078,-354.1858446379963,0.3736479793341883,0.28889764865884004,724.0773315429688,9.848959817611854,138.2810440453589
314159,24576,12288,18.914311982772666,629.5508240224025,896.5362761240284,0.7022034030169119,-266.9854521016259,0.4122560029234976,0.47038676467186685,2145.6708984375,9.848959817611854,199.14669294771676
314159,28672,12288,19.326165993240657,1021.0060788197914,878.2551271320242,1.1625392750668315,142.75095168776716,0.5372977544465436,0.46277130427178315,543.0579833984375,9.848959817611854,120.8539449696753
314159,32768,12288,19.672647401773943,1207.4673369567872,874.107653231931,1.3813714277552542,333.35968372485627,0.5797953699844293,0.25665080703116444,2807.25927734375,9.848959817611854,0.0
314159,-32768,16384,19.21656780234539,1242.8912710384807,865.898220442217,1.43537801752697,376.99305059626363,0.5891067692095631,0.12208275611003355,2715.2900390625,12.6697827880121,0.0
314159,-28672,16384,18.898019924495006,1213.1174328790642,860.1643586409101,1.4103321309381294,352.95307423815404,0.5848373339815737,0.0,2638.78759765625,12.6697827880121,0.0
314159,-24576,16384,18.980531095223114,1303.6732209692395,861.649559714016,1.512997025614372,442.0236612552235,0.6017908469568245,0.05026287547807765,2083.68896484375,12.6697827880121,0.0
314159,-20480,16384,19.008056256896893,1320.3930610049886,862.1450126241441,1.5315208481993734,458.24804838084447,0.6047034750396816,0.10704266571561041,2715.2900390625,12.6697827880121,0.0
314159,-16384,16384,19.03621221496964,1160.541459708404,862.6518198694536,1.3453185085542747,297.88963983895053,0.5733352992607669,0.0,2626.34033203125,12.6697827880121,0.0
314159,-12288,16384,18.86678969258303,1128.0774223333892,859.6022144664946,1.3123249374520536,268.4752078668946,0.5672494460438351,0.0,2807.25927734375,12.6697827880121,0.0
314159,-8192,16384,19.127684382593515,1423.7862553376638,864.2983188866833,1.6473319734922844,559.4879364509804,0.6219893626342362,0.05309637094967226,2304.0,12.6697827880121,0.0
314159,-4096,16384,19.011749097982804,1474.3864700697416,862.2114837636905,1.710005605160592,612.1749863060511,0.6307271392207936,0.11029628017840246,2415.09912109375,12.6697827880121,0.0
314159,0,16384,18.86991519794574,1277.0727668778095,859.6584735630233,1.4855582840761525,417.41429331478616,0.5973963156446446,0.11705485339469965,2715.2900390625,12.6697827880121,0.0
314159,4096,16384,18.866966168541357,1322.8655667279158,859.6053910337444,1.5389219059422883,463.2601756941715,0.6058544364995923,0.0,3320.607177734375,12.6697827880121,0.0
314159,8192,16384,18.966032443991455,1339.763859752424,861.3885839918462,1.5553536286070702,478.3752757605778,0.6083883354934564,0.054415457237173954,2176.0,12.6697827880121,0.0
314159,12288,16384,19.202397443985642,1255.8108115241182,865.6431539917415,1.450725747362751,390.16765753237667,0.5916787039566698,0.10788468183969532,2757.204345703125,12.6697827880121,0.0
314159,16384,16384,18.913458762061772,1413.5889489261804,860.4422577171119,1.6428632325388728,553.1466912090684,0.6213492565721189,0.12174223844790186,5018.1875,12.6697827880121,0.0
314159,20480,16384,18.900941136637634,1159.193884807756,860.2169404594774,1.3475599355071786,298.9769443482785,0.5737416718970673,0.0,2807.25927734375,12.6697827880121,0.0
314159,24576,16384,19.225055251114792,1421.5780469327185,866.0509945200663,1.641448431937319,555.5270524126522,0.6211483037156269,0.0574707148840822,1792.0,12.6697827880121,0.0
314159,28672,16384,19.06330338652804,1535.1120550902906,863.1394609575048,1.7785214609321045,671.9725941327858,0.6398295655217624,0.1126637950170841,2795.562255859375,12.6697827880121,0.0
314159,32768,16384,19.184183214772077,1429.3924803292184,865.3152978658974,1.6518747372830327,564.077182463321,0.6226369461765757,0.12067582531000166,2715.2900390625,12.6697827880121,0.0
314159,-32768,20480,18.17701450182579,1215.1045221454438,847.1862610328642,1.4342826106079962,367.91826111257956,0.5889157902763895,0.17787854993884106,2842.061279296875,15.298804780876495,0.0
314159,-28672,20480,17.336696116282813,626.7963833979388,842.9800265389538,0.7435483210336477,-216.18364314101495,0.42616700890982684,0.29803732488583135,572.4334106445312,15.298804780876495,124.64730000270893
314159,-24576,20480,17.082989401193338,649.469010446929,861.8512684113061,0.7535743512266658,-212.38225796437712,0.4294520278054211,0.3833155168630602,2023.857666015625,15.298804780876495,192.77531711814282
314159,-20480,20480,17.482348790691162,786.9273616384822,845.6017746783041,0.9306122399493029,-58.67441303982184,0.48173451219414026,0.27066504802030766,572.4334106445312,15.298804780876495,119.34160043527723
314159,-16384,20480,18.156750575229157,1146.9302310985215,846.8215103541248,1.354394305145717,300.1087207443967,0.5749739214481335,0.168174997642215,2715.2900390625,15.298804780876495,0.0
314159,-12288,20480,17.427904548926975,653.8339603886192,844.6217783265487,0.7741144938081778,-190.7878179379295,0.43604752278241105,0.28939114548014083,572.4334106445312,15.298804780876495,123.79193361908563
314159,-8192,20480,17.113763943290767,724.9906633826843,857.111528452722,0.845853356670461,-132.12086507003778,0.4579556942828495,0.3482042220609765,1664.0,15.298804780876495,175.06451050663463
314159,-4096,20480,17.47076095927475,989.5081390510603,837.006583749792,1.1821987523898092,152.50155530126835,0.541450159993534,0.0,128.0,15.298804780876495,97.12540523563557
314159,0,20480,18.1440489921603,1013.6064738578344,846.5928818588854,1.1972773402396593,167.01359199894898,0.5445985518663098,0.0,3148.3837890625,15.298804780876495,0.0
314159,4096,20480,19.474089891640713,794.4926044816466,870.5336180495328,0.9126501125387215,-76.04101356788624,0.4768788112317829,0.23095647070498654,181.0193328857422,15.298804780876495,0.0
314159,8192,20480,16.85626361482124,657.289242338076,856.0255344042737,0.7678383598632925,-198.73629206619773,0.4340506032385559,0.3815749546810303,1902.8568115234375,15.298804780876495,197.1414114838893
314159,12288,20480,17.516734379804056,779.9266409573193,844.1853726664206,0.9238807804663383,-64.25873170910131,0.4799217742647829,0.2637213722666557,461.51055908203125,15.298804780876495,115.34051789977629
314159,16384,20480,18.261074735684513,1140.830528349116,848.6993452423212,1.3442104494889004,292.1311831067949,0.5731290665287826,0.15971982268489193,2264.55126953125,15.298804780876495,0.0
314159,20480,20480,17.356162186991185,638.4308802752272,842.5151727631849,0.7577678134642664,-204.08429248795767,0.4308057496197394,0.276932910981642,527.7575073242188,15.298804780876495,122.23896610448969
314159,24576,20480,16.982645970320746,630.6092320979968,864.1447794765014,0.7297495131313756,-233.5355473785046,0.4215995592979818,0.40669513647240224,2318.1787109375,15.298804780876495,214.85670716257312
314159,28672,20480,17.48411406800413,855.36828959047,848.7501917264965,1.00779746258497,6.618097863973503,0.5016474215503295,0.2931935849003963,746.36181640625,15.298804780876495,129.62589510151807
314159,32768,20480,18.149002727233068,1260.5528202960504,846.6820490901953,1.4888148646243076,413.87077120585514,0.5979185899069326,0.15530231307757664,2635.681396484375,15.298804780876495,0.0
314159,-32768,24576,17.423706973417715,1144.9817600589206,833.6267255215189,1.3734945449866873,311.3550345374017,0.5783879834820982,0.2762004372245722,1792.0,17.754944772668892,0.0
314159,-28672,24576,16.259106980542395,538.8989075744562,843.5110334193058,0.6388759437916822,-304.61212584484963,0.3895439027909126,0.48166950673676384,1782.833740234375,17.754944772668892,188.02067604912776
314159,-24576,24576,15.107810233662965,598.3906679375589,866.2640803010048,0.6907716498294992,-267.87341236344594,0.4082753244969253,0.7146720914188719,5795.4462890625,17.754944772668892,401.29637068079614
314159,-20480,24576,15.9307584420347,880.070799222385,846.1976844000492,1.0400297890750572,33.873114822335765,0.5095159250382992,0.6399815229882154,2391.2373046875,17.754944772668892,220.2359969444338
314159,-16384,24576,17.650845672719303,1142.203222994281,837.7152221089475,1.363474356021352,304.4880008853336,0.5766028509743919,0.27565432725987393,1664.0,17.754944772668892,0.0
314159,-12288,24576,16.126610527418176,479.10021523218325,842.8917788310185,0.568400626586527,-363.7915635988353,0.3621338733583416,0.4073384090280002,1902.8568115234375,17.754944772668892,193.1943479370541
314159,-8192,24576,15.341899321715838,720.2737097981995,868.9530723737123,0.8288982831151439,-148.67936257551276,0.45293773056347264,0.6831073524019261,5598.4453125,17.754944772668892,390.67387006471023
314159,-4096,24576,16.444181949077155,812.0676037142373,848.8573906345459,0.9566596376185084,-36.78978692030864,0.4886307182788606,0.5783831715264568,1920.0,17.754944772668892,195.21702760003728
314159,0,24576,17.431056214035962,1107.3970143388012,833.7590118526473,1.3281979548000553,273.63800248615394,0.5701895210295732,0.3654148813808306,2145.6708984375,17.754944772668892,0.0
314159,4096,24576,16.329125169405025,685.6748349781369,846.7863686004475,0.8097376863912055,-161.11153362231062,0.4471419514090097,0.5288392305221776,1920.0,17.754944772668892,190.017097342683
314159,8192,24576,18.379068248445478,717.1177862432836,857.8498767814987,0.8359478804540754,-140.73209053821506,0.45503331259152036,0.44439719917023957,362.0386657714844,17.754944772668892,111.99477746266152
314159,12288,24576,16.108783962057917,800.9127985971711,842.8202268681996,0.9502771445973116,-41.90742827102849,0.4869561115370417,0.5685064369933941,1920.0,17.754944772668892,193.78995827486608
314159,16384,24576,17.501733410551832,989.547761347277,835.0312013899329,1.1850428579197363,154.51655995734404,0.5420459928304516,0.27532677615451207,1536.0,17.754944772668892,0.0
314159,20480,24576,16.124359231850896,480.59442521731205,850.7607528539545,0.5648996190822323,-370.16632763664245,0.36071044202569646,0.42124665872782524,2472.090576171875,17.754944772668892,220.43903575128684
314159,24576,24576,15.200268606792951,667.8200545613713,867.3064471145935,0.7699931861259819,-199.48639255322223,0.43474287686122043,0.6933615520873013,5714.3076171875,17.754944772668892,413.8752804940714
314159,28672,24576,16.162718818349717,919.3259903035434,842.5136517744246,1.0911704378526612,76.81233852911885,0.5215029026802898,0.5591618814544138,1832.68115234375,17.754944772668892,189.51111956106507
314159,32768,24576,17.65476627811053,1025.332467250258,837.7857930059895,1.2238599362867542,187.54667424426862,0.5500361694377226,0.26684924478017563,1920.0,17.754944772668892,0.0
314159,-32768,28672,16.855560020413876,1314.6392906057729,823.4000803674497,1.5965984482526443,491.23921023832315,0.6145933115796914,0.23900772106049645,2591.802490234375,20.054712758020393,0.0
314159,-28672,28672,16.099376583268008,516.3385089536777,813.3550969334694,0.6348254420490992,-297.0165879797918,0.3880220861281174,0.30809474433499423,181.0193328857422,20.054712758020393,101.11821674600121
314159,-24576,28672,15.60947235792591,664.3899108320036,837.5246319828508,0.7932780547111212,-173.1347211508472,0.4420676571454605,0.4942902717238961,2179.761474609375,20.054712758020393,204.78543035419594
314159,-20480,28672,16.189781328071994,1092.7652190303006,813.9489503881424,1.3425476112589136,278.8162686421582,0.5728139133984755,0.4127742693621992,128.0,20.054712758020393,101.77084001173549
314159,-16384,28672,16.601442828060552,1193.1042155576042,818.8259709050899,1.4570913209296545,374.27824465251433,0.5927201169625443,0.2675386748278436,2435.3662109375,20.054712758020393,0.0
314159,-12288,28672,15.793055744283889,596.729741334957,814.6591426508023,0.7324900809352861,-217.92940131584533,0.42249676990588214,0.3906794953369971,543.0579833984375,20.054712758020393,116.04330208522697
314159,-8192,28672,15.30309796475353,708.0358190187046,832.780445405719,0.850207065889689,-124.74462638701436,0.4592219159674139,0.4604699281762718,2235.423828125,20.054712758020393,210.52755977404473
314159,-4096,28672,16.191961483043624,1221.5106706313402,815.0216251294306,1.498746331347167,406.4890455019096,0.5995049370126692,0.17151556998724213,181.0193328857422,20.054712758020393,103.05958120919777
314159,0,28672,16.61481266892871,1124.7571948862937,819.0666280407168,1.3732181929775569,305.690566845577,0.578333719294689,0.21176668150194486,3020.908447265625,20.054712758020393,0.0
314159,4096,28672,16.20244957634193,565.5202170125416,817.2340385043291,0.6919929792052414,-251.71382149178748,0.40868544017687886,0.2847846377979172,286.2167053222656,20.054712758020393,102.98480677636856
314159,8192,28672,15.587215138165012,726.3187123010149,831.6207854018805,0.8733772953378283,-105.30207310086564,0.4659056450691312,0.4650303616991637,1796.5655517578125,20.054712758020393,193.0714608210211
314159,12288,28672,15.71384429952547,919.3577182154478,816.8853358938807,1.1254427981736705,102.47238232156712,0.5292050044700254,0.4741842193019166,746.36181640625,20.054712758020393,140.2442286579753
314159,16384,28672,16.792325190748596,1123.6160277221375,822.2618534334747,1.3664941685307597,301.35417428866276,0.5771373944909121,0.22692697760056293,2876.442138671875,20.054712758020393,0.0
314159,20480,28672,15.91004868809741,498.93598668763207,814.2092789737604,0.612785925648621,-315.27329228612837,0.37966577951831226,0.29996604950475064,404.77154541015625,20.054712758020393,113.09696184822236
314159,24576,28672,15.593004514414625,659.6723374434602,835.3754498911563,0.7896716829892606,-175.70311244769618,0.4409433595826129,0.46114953152822613,2048.0,20.054712758020393,199.07281074397451
314159,28672,28672,15.935744789248343,939.6114449885412,818.9843784298771,1.1472886049303228,120.62706655866407,0.5339927683865097,0.4526730481642119,640.0,20.054712758020393,124.07017035777321
314159,32768,28672,16.911992921311217,1277.2412158249244,824.4158725836019,1.549268103999784,452.82534324132257,0.60744151905038,0.2219622124597544,3161.36669921875,20.054712758020393,0.0
314159,-32768,32768,15.916734529252956,1282.6621601358274,806.5012215265532,1.5904032454011567,476.16093860927424,0.6136659800803136,0.12579453383989248,4797.8662109375,22.21258134490239,0.0
314159,-28672,32768,15.960872242077428,1128.8681296964817,807.2957003573937,1.3983328899147194,321.572429339088,0.582742725309447,0.0,2946.78125,22.21258134490239,0.0
314159,-24576,32768,15.974597393011454,1402.6911529932736,807.5427530742062,1.7369868624954132,595.1483999190674,0.6343477047563271,0.045789311588216974,1664.0,22.21258134490239,0.0
314159,-20480,32768,16.048871237641706,1531.7498726331803,808.8796822775507,1.893668373917187,722.8701903556296,0.6541384265589245,0.11906121852029738,2715.2900390625,22.21258134490239,0.0
314159,-16384,32768,16.26910518913024,1326.3760886437512,812.8438934043443,1.6317722251546196,513.532195239407,0.6197382043758269,0.130517040646954,2626.34033203125,22.21258134490239,0.0
314159,-12288,32768,16.10996479027588,1153.9282481179798,809.9793662249658,1.42463906641973,343.948881893014,0.5872684495163133,0.0,2638.78759765625,22.21258134490239,0.0
314159,-8192,32768,16.22656176054285,1405.6521849859,812.0781116897713,1.7309322400785072,593.5740732961287,0.6335390052103186,0.05535168263134483,1782.833740234375,22.21258134490239,0.0
314159,-4096,32768,15.935471175523789,1510.5648245642137,806.8384811594283,1.8722022558883527,703.7263434047854,0.6515539469922909,0.11407522412254853,1902.8568115234375,22.21258134490239,0.0
314159,0,32768,16.159964211388065,1442.3064770545072,810.8793558049852,1.7786942863068511,631.4271212495221,0.6398347713972208,0.1278181595365025,5148.71923828125,22.21258134490239,0.0
314159,4096,32768,16.1418078586315,1348.028023652317,810.552541455367,1.6630976459982465,537.47548219695,0.6242082585074106,0.0,3042.525146484375,22.21258134490239,0.0
314159,8192,32768,16.084150305877,1256.6253424043343,809.514705505786,1.5523193511589057,447.11063689854836,0.6079052765074061,0.062278672255952794,2048.0,22.21258134490239,0.0
314159,12288,32768,16.060571107178035,1427.6710054766631,809.0902799292046,1.7645385699128462,618.5807255474585,0.6379907520912014,0.10868729084292639,2521.3076171875,22.21258134490239,0.0
314159,16384,32768,16.183701382058363,1223.2538581294,811.3066248770506,1.5077577584366182,411.9472332523494,0.60094203456077,0.1230881045565691,4985.431640625,22.21258134490239,0.0
314159,20480,32768,16.08430471138765,1150.0901604534827,809.5174848049777,1.420710709825561,340.57267564850497,0.5865988349249093,0.0,2810.17578125,22.21258134490239,0.0
314159,24576,32768,15.988140275921854,1326.7155863334274,807.7865249665933,1.6424086628435586,518.929061366834,0.6212663426147438,0.05510856681060717,2051.99609375,22.21258134490239,0.0
314159,28672,32768,15.88130066770826,1395.6139883134135,805.8634120187487,1.731824484768821,589.7505762946648,0.633656439835858,0.10401465637378275,2763.14013671875,22.21258134490239,0.0
314159,32768,32768,16.086578086846277,1375.933510993581,809.558405563233,1.6996099373908724,566.375105430348,0.6292881764504016,0.10314817677101928,2715.2900390625,22.21258134490239,0.0
271828,-32768,-32768,15.910255211661834,1256.6695447200646,806.384593809913,1.5583997441998454,450.28495091015157,0.6088355539041561,0.1814583944536334,2715.2900390625,-22.21258134490239,0.0
271828,-28672,-32768,16.1057045516218,1341.290032206081,809.9026819291923,1.6561125949245177,531.3873502768886,0.6232202271649246,0.0,2807.25927734375,-22.21258134490239,0.0
271828,-24576,-32768,16.09400279463899,1269.9531404339134,809.6920503035018,1.5684396801943272,460.2610901304116,0.610365066608892,0.03492596409569657,2048.0,-22.21258134490239,0.0
271828,-20480,-32768,16.071096696877024,1324.4896769864167,809.2797405437864,1.6366277451804747,515.2099364426304,0.6204368800255579,0.111599478177844,2428.629150390625,-22.21258134490239,0.0
271828,-16384,-32768,16.236585197120196,1297.306274834139,812.2585335481635,1.5971593048917032,485.04774128597546,0.6146725604832259,0.12407715496150523,2626.34033203125,-22.21258134490239,0.0
271828,-12288,-32768,16.05845001710274,1306.55454034967,809.0521003078493,1.6149201514371176,497.5024400418208,0.6172873670772344,0.0,2721.3173828125,-22.21258134490239,0.0
271828,-8192,-32768,15.923253164457183,1199.868009255297,806.6185569602293,1.4875283972848856,393.2494522950677,0.5976966568285756,0.04803501315215452,1180.1016845703125,-22.21258134490239,0.0
271828,-4096,-32768,15.892947466970451,1398.5979017456875,806.0730544054682,1.7350758645284892,592.5248473402194,0.6340918158464616,0.10435230835109217,2715.2900390625,-22.21258134490239,0.0
271828,0,-32768,16.213441972657535,1161.3816092603038,811.8419555078356,1.4305513547077262,349.5396537524682,0.5882725897847851,0.0,2534.270751953125,-22.21258134490239,0.0
271828,4096,-32768,15.978721367450023,1203.2273981155424,807.6169846141004,1.4898490510207318,395.61041350144205,0.5980718033882024,0.0,2691.0458984375,-22.21258134490239,0.0
271828,8192,-32768,15.976934089480801,1408.537844997478,807.5848136106545,1.744136122000617,600.9530313868236,0.6352999188063557,0.0457504770925614,2445.4365234375,-22.21258134490239,0.0
271828,12288,-32768,15.882258663643736,1462.157574677938,805.8806559455873,1.8143599351721658,656.2769187323509,0.644395301473674,0.09702970168194903,2924.456787109375,-22.21258134490239,0.0
271828,16384,-32768,16.26262042048004,1370.4694734234333,812.7271675686407,1.686260196670105,557.7423058547927,0.627447844073672,0.19743910284873667,2626.34033203125,-22.21258134490239,0.0
271828,20480,-32768,16.05544214350998,1191.6134880361099,808.9979585831796,1.472949931941751,382.6155294529302,0.5953270751167707,0.0,2715.2900390625,-22.21258134490239,0.0
271828,24576,-32768,15.964865142232632,1201.108692684926,807.3675725601875,1.4876850811287519,393.7411201247385,0.5977222590078297,0.03447275406702958,2318.1787109375,-22.21258134490239,0.0
271828,28672,-32768,15.931345332632127,1289.590948585789,806.7642159873783,1.5984731635717027,482.8267325984107,0.6148653172188095,0.10192666041712568,2807.25927734375,-22.21258134490239,0.0
271828,32768,-32768,16.064312943317507,1163.4613444663507,809.1576329797151,1.4378673537094566,354.3037114866356,0.5895065652296836,0.0,2715.2900390625,-22.21258134490239,0.0
271828,-32768,-28672,16.740100109908695,1124.1517676296285,821.3218019783565,1.3687104919433908,302.829965651272,0.5775325106808565,0.2196149420983256,2977.2041015625,-20.054712758020393,0.0
271828,-28672,-28672,15.948567180473887,570.9872963977966,809.6070957313765,0.7052646887710176,-238.61979933357986,0.41328142300711634,0.26592932144614223,128.0,-20.054712758020393,98.61127767678654
271828,-24576,-28672,15.591609846951792,782.5784136199688,831.6321807922749,0.9410150685540165,-49.05376717230604,0.4845054981234444,0.45591085060989606,1792.0,-20.054712758020393,182.77564264741324
271828,-20480,-28672,15.885687767674835,1021.8659330197353,816.3265190718394,1.2517857856456673,205.53941394789592,0.555605767008039,0.4464827667230644,543.0579833984375,-20.054712758020393,117.83956102330848
271828,-16384,-28672,16.948175678862953,1200.6797640367142,825.0671622195332,1.4552509407921852,375.61260181718103,0.5924172122735509,0.2277785563767119,2635.681396484375,-20.054712758020393,0.0
271828,-12288,-28672,16.01772929019939,485.4964062436517,818.7032664772814,0.5930065582034952,-333.20686023362975,0.3719709837434632,0.2902789190357428,543.0579833984375,-20.054712758020393,122.84474969785511
271828,-8192,-28672,15.568390992963273,755.6210578258828,837.5557199134943,0.9021740761366014,-81.93466208761151,0.4739882479641884,0.48389087266927566,2235.423828125,-20.054712758020393,208.27778261053396
271828,-4096,-28672,15.807475401678047,959.4278230680723,823.496534322879,1.1650660119134113,135.93128874519323,0.5378186687642224,0.5090959194088456,1031.968994140625,-20.054712758020393,143.12571797670057
271828,0,-28672,16.83497551077641,1219.7526563554347,823.0295591939754,1.482027762830275,396.72309716145935,0.596811464096012,0.22598379365472468,2353.25146484375,-20.054712758020393,0.0
271828,4096,-28672,15.955562064932279,547.8281456540557,812.7900632989553,0.6740094034005888,-264.9619176448996,0.40233608955281025,0.2681391889877201,286.2167053222656,-20.054712758020393,112.73362096063477
271828,8192,-28672,15.651333649121648,832.7067522253516,826.3577583833641,1.0076831055043378,6.348993841987522,0.5016110801139969,0.41722223040469403,1378.6021728515625,-20.054712758020393,162.86508162114063
271828,12288,-28672,16.26511629309963,1138.048050925356,815.3049797586399,1.395855635841032,322.74307116671605,0.582314470854355,0.41065552277370676,128.0,-20.054712758020393,102.31896532586907
271828,16384,-28672,16.704142120108347,1217.4817726801489,820.6745581619502,1.4835134835992971,396.80721451819863,0.5970517092121976,0.21322978925102423,2715.2900390625,-20.054712758020393,0.0
271828,20480,-28672,17.677514121934088,475.32623563272773,838.1952541948135,0.5670829478619934,-362.8690185620858,0.36159639786116254,0.277434271558906,128.0,-20.054712758020393,0.0
271828,24576,-28672,15.67617680244912,774.2561985889453,832.394343013753,0.9301555267491203,-58.138144424807706,0.48160727630339,0.4283106449487297,1740.98828125,-20.054712758020393,183.10193208856822
271828,28672,-28672,15.874736835275833,997.6109543145176,816.1294022886573,1.2223685992894446,181.4815520258603,0.5497265494121939,0.4680605153186914,543.0579833984375,-20.054712758020393,120.10913643402455
271828,32768,-28672,16.84655977502,1222.2280808714336,823.2380759503601,1.4846593185822614,398.9900049210735,0.5972383549061864,0.21578012397834886,2748.276611328125,-20.054712758020393,0.0
271828,-32768,-24576,17.44538120908348,1088.3659183437385,834.0168617635027,1.304968722146004,254.3490565802358,0.5658602799194526,0.2745067441217255,1920.0,-17.754944772668892,0.0
271828,-28672,-24576,16.74997390832156,682.6925750148025,850.6377809263129,0.8025655459029526,-167.94520591151036,0.4449449705347568,0.5444299389725614,1668.915771484375,-17.754944772668892,178.46301480484533
271828,-24576,-24576,18.350468885360232,771.6333954159652,862.4494121598912,0.89469989142147,-90.81601674392596,0.47192312942240194,0.4804209429862882,640.0,-17.754944772668892,123.68177248073212
271828,-20480,-24576,16.28326924507286,982.6883402340491,842.4588523340873,1.1664526255631913,140.22948789996178,0.5381211023039609,0.5517185125483762,1683.5771484375,-17.754944772668892,180.09721937264135
271828,-16384,-24576,17.580030658665706,1003.8817698004462,836.4405518559827,1.2001830465690924,167.44121794446357,0.5451961115082599,0.26336434359894256,1707.7330322265625,-17.754944772668892,0.0
271828,-12288,-24576,16.000268857262128,452.35783087109877,845.7794511529751,0.5348413587660944,-393.4216202818763,0.34819863699571385,0.37955680448070245,2268.165771484375,-17.754944772668892,213.5165008702759
271828,-8192,-24576,14.967687133735295,673.7114481098228,863.6879970861019,0.7800403043492334,-189.9765489762791,0.43793011640355956,0.7271577959897516,5788.37451171875,-17.754944772668892,407.7318626054611
271828,-4096,-24576,16.301055579202732,820.8418951346687,846.0317897631405,0.9702258296517154,-25.189894628471848,0.4921487175960581,0.5768706958151053,1902.8568115234375,-17.754944772668892,192.0816627194905
271828,0,-24576,17.554597852225463,1033.2087919170906,835.9827613400583,1.2359211693084247,197.22603057703225,0.5524614792092507,0.27416959866654866,2048.0,-17.754944772668892,0.0
271828,4096,-24576,16.379883286906292,511.590047985121,850.9165595984338,0.6012223433829418,-339.3265116133128,0.37520173729981066,0.40050345261539655,2145.6708984375,-17.754944772668892,203.8215913314304
271828,8192,-24576,15.475090829005751,722.5230813442839,869.7659239427162,0.8307098053106414,-147.24284259843228,0.45347898526051483,0.7029614784184579,5400.32568359375,-17.754944772668892,368.44234849434474
271828,12288,-24576,16.394853625192802,859.2036103142145,847.7201545909618,1.0135462813536547,11.483455723252746,0.50306906430447,0.5721645289681924,1902.8568115234375,-17.754944772668892,189.23047471917673
271828,16384,-24576,17.559309408916945,1164.2921210535144,836.067569360505,1.3925813698814598,328.2245516930094,0.5817505601967322,0.2552996018563459,2083.68896484375,-17.754944772668892,0.0
271828,20480,-24576,16.16899963548797,502.4312827820581,844.873091225661,0.5946825481838685,-342.44180844360295,0.37263936279359844,0.3983400964163894,1987.0943603515625,-17.754944772668892,198.74742213465782
271828,24576,-24576,15.043148251163455,715.5139787820219,863.2509407154772,0.8288597730214944,-147.7369619334553,0.4529243370017463,0.7125083016630923,5557.3232421875,-17.754944772668892,398.6391213043332
271828,28672,-24576,16.299779560158456,885.693805655733,846.2581476340093,1.0466000334909376,39.43565802172361,0.5110896490663689,0.5802762217652232,1920.0,-17.754944772668892,191.89965111276348
271828,32768,-24576,17.578758837769332,1042.5803461905712,836.4176590798479,1.2464829441041752,206.16268711072325,0.5545646023388234,0.2706476832144861,1792.0,-17.754944772668892,0.0
271828,-32768,-20480,18.136285611606326,1289.531267122982,846.4531410089139,1.5234526338764003,443.078126114068,0.6034350378111842,0.15467200112958848,3270.894775390625,-15.298804780876495,0.0
271828,-28672,-20480,17.724248447043564,634.4592827316957,842.6027904814296,0.7529755299874938,-208.14350774973389,0.42925076979511373,0.2681534118583569,181.0193328857422,-15.298804780876495,101.9054288091265
271828,-24576,-20480,16.976513200590258,595.600264463606,862.2356568004524,0.6907627395899333,-266.6353923368464,0.40827090681145806,0.39601667893343484,2187.264892578125,-15.298804780876495,206.12717053416793
271828,-20480,-20480,17.297889260117714,904.6705400982984,840.2461605120664,1.0766732210320011,64.42437958623202,0.5181636327678345,0.26584943638836533,461.51055908203125,-15.298804780876495,118.2566043243953
271828,-16384,-20480,18.419781338164764,1229.7573057017137,851.5560640869658,1.4441295853142135,378.2012416147479,0.5905726407675679,0.15649027355783576,3207.6708984375,-15.298804780876495,0.0
271828,-12288,-20480,17.396422743600397,571.633304756929,836.7019278194525,0.683198264221376,-265.06862306252356,0.4056049203509487,0.27268939592465186,181.0193328857422,-15.298804780876495,99.64732304009658
271828,-8192,-20480,17.109762687162636,598.8688705581189,863.1829610049381,0.6937913485466646,-264.31409044681914,0.4093285402734605,0.3920193297752614,2083.68896484375,-15.298804780876495,204.4225177311696
271828,-4096,-20480,17.52090002561749,797.397470621485,845.4804538584584,0.9431293969984279,-48.082983236973405,0.4850709768328748,0.2713958955385624,527.7575073242188,-15.298804780876495,121.53257222854343
271828,0,-20480,18.13096582276658,1192.4438950291396,846.3573848097984,1.4089129680095096,346.0865102193412,0.5845882669135762,0.17566421935174695,3034.43701171875,-15.298804780876495,0.0
271828,4096,-20480,17.431523840640057,643.8179059016214,841.5958317195282,0.764996547792054,-197.77792581790675,0.43313506166323845,0.29496916303235904,404.77154541015625,-15.298804780876495,112.7063228371625
271828,8192,-20480,16.721405026584787,583.2451454728788,861.6824998892238,0.6768678086741459,-278.437354416345,0.4033709067972189,0.4135848409928667,2485.310546875,-15.298804780876495,225.4452072095295
271828,12288,-20480,17.68489322047993,903.4314798832938,846.1564805566458,1.0676884248277216,57.27499932664807,0.5160731710140705,0.2541271530116504,404.77154541015625,-15.298804780876495,113.10577203160265
271828,16384,-20480,18.300763035962962,1303.2348875742666,849.4137346473333,1.5342757415093535,453.82115292693334,0.6051288376977264,0.15466055734647893,2807.25927734375,-15.298804780876495,0.0
271828,20480,-20480,19.177494632687953,784.8645138735843,865.1949033883832,0.907153418033094,-80.33038951479887,0.4753702414751151,0.2683177766459897,181.0193328857422,-15.298804780876495,0.0
271828,24576,-20480,16.926182892268777,688.3063578982778,859.598941452327,0.800729648102354,-171.2925835540492,0.44438246688603733,0.3933894803021027,2063.93798828125,-15.298804780876495,205.3721832186891
271828,28672,-20480,17.618497992908672,1009.7743591467324,849.273936095763,1.1889854571409708,160.5004230509694,0.5428753445431843,0.457310458438455,640.0,-15.298804780876495,126.92050274490488
271828,32768,-20480,18.430149922676062,1323.5401733779902,851.7426986081691,1.5539201868601684,471.79747476982106,0.6081655056955334,0.1881727125750568,2807.25927734375,-15.298804780876495,0.0
271828,-32768,-16384,18.85929261618023,1508.3677284015344,859.4672670912441,1.755003111993328,648.9004613102902,0.6367550847870496,0.1856784378232582,5166.19140625,-12.6697827880121,0.0
271828,-28672,-16384,19.181885201184137,1298.393151516622,865.2739336213144,1.5005573392031262,433.11921789530766,0.5998119343297937,0.0,2795.562255859375,-12.6697827880121,0.0
271828,-24576,-16384,19.16885864115235,1432.421248574092,865.0394555407423,1.6559027907908261,567.3817930333497,0.6232089354452267,0.049778627424180336,1920.0,-12.6697827880121,0.0
271828,-20480,-16384,19.023382110408157,1310.6073786828333,862.4208779873468,1.5196841961217713,448.18650069548653,0.6028474444440786,0.10811660627320913,2807.25927734375,-12.6697827880121,0.0
271828,-16384,-16384,19.071753488941983,1368.570786800532,863.2915628009557,1.585293828611268,505.2792239995763,0.6129221476840204,0.0,2715.2900390625,-12.6697827880121,0.0
271828,-12288,-16384,18.945228056104686,1175.1738632507877,861.0141050098844,1.364871790616365,314.15975824090333,0.5768607912278894,0.0,2575.9501953125,-12.6697827880121,0.0
271828,-8192,-16384,19.04189376430868,1343.1588470960648,862.7540877575561,1.5568269871513005,480.4047593385087,0.608614334477655,0.051892306647351345,1920.0,-12.6697827880121,0.0
271828,-4096,-16384,19.038541227436603,1366.8925694421694,862.6937420938589,1.584447067072216,504.1988273483105,0.6127951930723088,0.11421442704957228,2924.456787109375,-12.6697827880121,0.0
271828,0,-16384,18.850768888406268,1236.4582097085386,859.3138399913128,1.4388901378814503,377.1443697172258,0.589696056796224,0.12775373758372552,4890.873046875,-12.6697827880121,0.0
271828,4096,-16384,18.85252402037402,1185.0889701564045,859.3454323667323,1.3790600677221714,325.74353778967213,0.5793825354137698,0.0,2404.901611328125,-12.6697827880121,0.0
271828,8192,-16384,18.87021715805983,1458.167507948478,859.663908845077,1.6962064976154063,598.503599103401,0.6288372226579585,0.06097368561393414,1583.2725830078125,-12.6697827880121,0.0
271828,12288,-16384,19.216169097012042,1270.3011536011848,865.8910437462167,1.467045031561149,404.410109854968,0.5943785286030112,0.10877831974876494,2807.25927734375,-12.6697827880121,0.0
271828,16384,-16384,18.965297838755898,1312.423868361432,861.3753610976062,1.5236375773380353,451.04850726382574,0.6034689780021145,0.11849514459788418,2715.2900390625,-12.6697827880121,0.0
271828,20480,-16384,19.095098417382598,1255.155865679335,863.7117715128868,1.453211484521961,391.44409416644817,0.5920916210324324,0.0,2335.78076171875,-12.6697827880121,0.0
271828,24576,-16384,18.943879003222364,1197.705777794851,860.9898220580026,1.3910800651882325,336.7159557368484,0.5814964977739506,0.051195775085903575,1924.261962890625,-12.6697827880121,0.0
271828,28672,-16384,19.15486840544751,1332.1080859033946,864.7876312980552,1.5403875329529013,467.32045460533936,0.6060833894337577,0.10523616356696608,2807.25927734375,-12.6697827880121,0.0
271828,32768,-16384,19.22768670450781,1380.033993801886,866.0983606811405,1.5933917629362124,513.9356331207455,0.6141311574499472,0.11025421186786379,2626.34033203125,-12.6697827880121,0.0
271828,-32768,-12288,19.741823618788082,1172.3849377989702,875.3528251381855,1.3393284446347613,297.0321126607847,0.572247438890466,0.2393898460492972,3238.17236328125,-9.848959817611854,0.0
271828,-28672,-12288,19.166133813827802,477.24658502943345,875.3745479025929,0.545191296883056,-398.12796287315945,0.35257028234753407,0.3086850412335967,543.0579833984375,-9.848959817611854,118.91834407478511
271828,-24576,-12288,18.864102882187765,796.5265613684707,892.4159674305369,0.8925507727767882,-95.8894060620662,0.47133352039760706,0.44927175079296783,1920.0,-9.848959817611854,187.98307605433877
271828,-20480,-12288,19.30274419857894,1064.7698716252478,871.0157140090663,1.2224462251368347,193.7541576161815,0.5497613569219777,0.4211364030460786,181.0193328857422,-9.848959817611854,105.75484737784987
271828,-16384,-12288,19.774746973804174,1256.7504774988417,875.9454455284751,1.4347360145706556,380.8050319703666,0.5890016772941793,0.23772822297373922,2807.25927734375,-9.848959817611854,0.0
271828,-12288,-12288,19.00884938099253,503.9163470336717,874.3002610812724,0.5763653168883466,-370.38391404760074,0.3653641814264429,0.2922804302821415,640.0,-9.848959817611854,128.04404093072614
271828,-8192,-12288,18.856892014299664,715.2953013390202,890.6767700846357,0.803091901982635,-175.3814687456155,0.4451199333572254,0.44132608730368555,1810.193359375,-9.848959817611854,188.34783510110782
271828,-4096,-12288,19.07737604537307,1084.994592753123,876.4163710642247,1.2379898739632438,208.57822168889834,0.5528885706195582,0.47882092220276823,689.3010864257812,-9.848959817611854,126.58724497583101
271828,0,-12288,19.710119949965552,1267.7935259772405,874.7821590993799,1.4492676980089307,393.0113668778606,0.5914386577546593,0.24687068656409453,2635.681396484375,-9.848959817611854,0.0
271828,4096,-12288,19.18723767745181,498.7246634642222,882.1730188277571,0.5653365641662154,-383.4483553635349,0.3608984006956655,0.31801932963573326,905.0966796875,-9.848959817611854,143.60276333086625
271828,8192,-12288,18.639905230090324,676.8002155903622,889.5849224548483,0.7608045038833421,-212.7847068644861,0.4318021137003024,0.4402248844015242,2003.5169677734375,-9.848959817611854,195.9788188486695
271828,12288,-12288,19.157226787612252,1034.5938573577039,876.9710544004275,1.1797354680822856,157.62280295727635,0.5409457482970604,0.47584614070607884,640.0,-9.848959817611854,126.82214890513134
271828,16384,-12288,19.789033996526218,1250.3152308361055,876.2026119374719,1.4269704447369658,374.1126188986335,0.5876873066343403,0.22729071312911464,2672.718505859375,-9.848959817611854,0.0
271828,20480,-12288,19.03178204865035,490.50050424934204,881.5340539683804,0.5564169665837274,-391.0335497190383,0.35723828021199977,0.3198911040238129,1031.968994140625,-9.848959817611854,147.34077733748336
271828,24576,-12288,18.862185901569294,769.2174087294381,895.5980066623678,0.8588869146728975,-126.38059793292962,0.4617662927248848,0.484766500486243,2145.6708984375,-9.848959817611854,199.43510904182045
271828,28672,-12288,19.15224946083133,1149.2263538005373,875.1246295486565,1.3132145011085428,274.1017242518808,0.5674208387822909,0.5289023709567029,543.0579833984375,-9.848959817611854,118.46780762263354
271828,32768,-12288,19.797094358658065,1163.1134893802534,876.3476984558451,1.3272283266444351,286.7657909244083,0.5700248043501043,0.33472430636225975,2663.507568359375,-9.848959817611854,0.0
271828,-32768,-8192,20.780854227716013,1209.5497672833683,894.0553760988882,1.3528801454794723,315.49439118448004,0.5747157708355364,0.2628824262568683,2048.0,-6.81455190771961,0.0
271828,-28672,-8192,19.68608551571224,621.2279081080032,903.4133167563086,0.6876452854807502,-282.1854086483054,0.40719134878074253,0.46599514124415214,1664.0,-6.81455190771961,182.29461009746393
271828,-24576,-8192,18.935399248503163,707.2115864388603,933.8651425225082,0.7572951963155804,-226.6535560836479,0.43068120628332596,0.7227386094156142,5627.634765625,-6.81455190771961,397.83253856685474
271828,-20480,-8192,19.668916009198757,803.3587112278315,908.9681375570668,0.8838139402629996,-105.60942632923536,0.4688881819587304,0.5919368085508891,2063.93798828125,-6.81455190771961,203.01503208109025
271828,-16384,-8192,20.818710800351944,1219.588762402345,894.736794406335,1.3630698659392364,324.8519679960101,0.5765489659389816,0.2676535096096863,1920.0,-6.81455190771961,0.0
271828,-12288,-8192,19.715047097381095,589.5428819722074,911.5812307064803,0.6467255600637022,-322.03834873427286,0.39247281699039854,0.4583538809040612,2191.007080078125,-6.81455190771961,206.89996543088355
271828,-8192,-8192,18.88248322652759,682.866940747629,933.2295210193839,0.73172453867696,-250.36258027175495,0.4222796579503089,0.7123616686286657,5668.2470703125,-6.81455190771961,381.5467052983998
271828,-4096,-8192,19.66151591421399,958.40978219784,905.4919994999815,1.058440916901618,52.917782697858456,0.5139197096617582,0.5683992143133713,1832.68115234375,-6.81455190771961,187.01790501587305
271828,0,-8192,20.642792460081377,1161.2331552761739,891.5702642814648,1.3024583723774548,269.6628909947091,0.5654061845540639,0.2618368882981331,1796.5655517578125,-6.81455190771961,0.0
271828,4096,-8192,19.794141928639046,644.6213647197385,913.2629498898589,0.7058442092690621,-268.6415851701204,0.41351456209961013,0.4784221349577722,2209.62255859375,-6.81455190771961,212.37406722697932
271828,8192,-8192,19.096229059007122,668.5537063768063,935.494884365135,0.7146524449789099,-266.9411779883287,0.4165317550092139,0.7092046496292196,5468.16259765625,-6.81455190771961,372.67928764800126
271828,12288,-8192,19.726458629577518,967.3449763329797,906.6609683765249,1.0669313117836274,60.68400795645482,0.5159156849941886,0.5616435737476037,1832.68115234375,-6.81455190771961,184.56526829676216
271828,16384,-8192,20.60052101921241,1046.6440550147709,890.8093783458235,1.1749360530513526,155.8346766689474,0.5399376827950204,0.2678553882767624,1920.0,-6.81455190771961,0.0
271828,20480,-8192,19.73334233774018,617.8570636407085,911.8585812691509,0.6775799190053762,-294.00151762844246,0.40363934718723854,0.47025394885134086,2187.264892578125,-6.81455190771961,206.6673234851542
271828,24576,-8192,19.223499656018724,709.6320944033944,937.8699083612372,0.7566423531418678,-228.23781395784283,0.4304708718662768,0.6950045485019062,5478.63916015625,-6.81455190771961,371.67856291596775
271828,28672,-8192,19.77949154672011,953.0137540220882,910.7322164726551,1.046425872264839,42.2815375494331,0.5110689440284675,0.5760588019174502,2048.0,-6.81455190771961,197.0890488865217
271828,32768,-8192,20.93517382688249,977.5084279743232,896.8331288838848,1.0899557526279604,80.67529909043844,0.521242876743989,0.24745842736848195,1792.0,-6.81455190771961,0.0
271828,-32768,-4096,21.542106807087723,1468.232283362607,907.757922527579,1.6174271211805369,560.4743608350279,0.6176854577374045,0.3172814967611016,2721.3173828125,-3.5413464494312943,0.0
271828,-28672,-4096,20.946056394776377,648.0409000198079,902.6189612361492,0.7179562227812131,-254.57806121634133,0.4176436577377631,0.26813653818193967,286.2167053222656,-3.5413464494312943,110.7517967036629
271828,-24576,-4096,20.514542688253613,730.5121557676667,922.3703014339264,0.7919944458662698,-191.8581456662597,0.44169532882264795,0.3815923522316715,1936.991455078125,-3.5413464494312943,194.36058068045753
271828,-20480,-4096,22.939544629284214,1169.9847697415216,932.9118033271159,1.2541215209936394,237.07296641440576,0.5561037480255223,0.0,128.0,-3.5413464494312943,0.0
271828,-16384,-4096,21.48720544004635,1339.6746893509148,906.7696979208342,1.4774144884006428,432.9049914300806,0.5960880264437566,0.16054862702024206,2985.447265625,-3.5413464494312943,0.0
271828,-12288,-4096,21.18402859170123,636.680010549606,904.8788330852676,0.703608027141918,-268.19882253566163,0.41274277034990653,0.28708323169918115,181.0193328857422,-3.5413464494312943,101.8531471627019
271828,-8192,-4096,20.645059193263,728.3371177974626,926.5387148702231,0.7860838474509704,-198.20159707276048,0.43985008019839317,0.38843698219547557,2063.93798828125,-3.5413464494312943,203.33824382733013
271828,-4096,-4096,22.848593560419875,1036.7611344334787,931.2746840875577,1.1132710382321562,105.48645034592096,0.5265323894474407,0.00964933254997175,128.0,-3.5413464494312943,0.0
271828,0,-4096,21.58799402146958,1109.6852223397864,908.5838923864524,1.2213349054924678,201.10132995333402,0.5495479598271532,0.150156170020529,2721.3173828125,-3.5413464494312943,0.0
271828,4096,-4096,20.84146016169845,604.9680083757714,900.7362290407465,0.6716372550264152,-295.76822066497505,0.40151742681303165,0.28101302049039517,286.2167053222656,-3.5413464494312943,106.33665025616088
271828,8192,-4096,20.60524481391787,633.1845045132711,923.818396628516,0.6853993239624627,-290.63389211524486,0.40640778271288197,0.38047841383569714,1924.261962890625,-3.5413464494312943,197.99313318279616
271828,12288,-4096,22.828660246047182,994.0787743530759,930.9158844288493,1.067850265508123,63.16288992422665,0.5161378666448486,0.0,256.0,-3.5413464494312943,0.0
271828,16384,-4096,21.487573699194567,1179.0445486540848,906.7763265855021,1.3002595172437046,272.26822206858265,0.5649955694058885,0.15511645156761278,2807.25927734375,-3.5413464494312943,0.0
271828,20480,-4096,21.114882077472267,619.1843245800025,907.0945257039808,0.6826017653446469,-287.91020112397837,0.40541668239881073,0.28413240519358873,362.0386657714844,-3.5413464494312943,111.15950195551021
271828,24576,-4096,20.864464166479983,748.8551052113169,928.173144334131,0.8068054002451703,-179.31803912281418,0.4462708571289966,0.39120355433890336,1902.8568115234375,-3.5413464494312943,197.66314627018704
271828,28672,-4096,22.948720693910793,1134.3178997779976,933.0769724903943,1.2156745190597606,201.2409272876033,0.5484049080696088,0.0,256.0,-3.5413464494312943,0.0
271828,32768,-4096,21.59571076599851,1281.6727114382597,908.7227937879732,1.4104110958806924,372.9499176502866,0.5848659944686452,0.24998345903566677,3148.3837890625,-3.5413464494312943,0.0
271828,-32768,0,22.322406264982426,1322.8798208546782,921.8033127696837,1.4350998770875596,401.07650808499454,0.5890767940709652,0.0,2626.34033203125,0.0,0.0
271828,-28672,0,22.308259443316338,1341.0811206541794,921.5486699796941,1.455247198917589,419.5324506744853,0.5924471952980628,0.0,2721.3173828125,0.0,0.0
271828,-24576,0,22.622577903036127,1449.036458320936,927.2064022546504,1.5627981588537057,521.8300560662856,0.609544982699029,0.06731605135602527,2048.0,0.0,0.0
271828,-20480,0,22.514395154916382,1420.2003093757846,925.2591127884948,1.5349217205715093,494.9411965872898,0.6052524479907048,0.11910387180098166,3042.525146484375,0.0,0.0
271828,-16384,0,22.35503314487951,1406.3670436443324,922.3905966078312,1.5246979412153217,483.9764470365012,0.6036537961485612,0.13284536972479044,5249.560546875,0.0,0.0
271828,-12288,0,22.655608318683445,1104.2884555810697,927.8009497363021,1.1902213032816238,176.4875058447676,0.543157842784925,0.0,2901.960693359375,0.0,0.0
271828,-8192,0,22.604595755132397,1221.1652201986606,926.8827235923832,1.3174970135010247,294.2824966062774,0.5682354475742665,0.06702413335514754,1541.3240966796875,0.0,0.0
271828,-4096,0,22.68430172205684,1489.2004063026209,928.3174309970232,1.6041930880293858,560.8829753055977,0.6157491928880553,0.10815186773329666,2458.7998046875,0.0,0.0
271828,0,0,22.382252839233757,1255.915346996266,922.8805511062076,1.360864464519127,333.0347958900584,0.5761619003364252,0.0,2626.34033203125,0.0,0.0
271828,4096,0,22.503148213904247,1164.91632215414,925.0566678502764,1.2592918495050356,239.85965430386364,0.5571168674692826,0.0,2721.3173828125,0.0,0.0
271828,8192,0,22.44693492825142,1241.5917557376667,924.0448287085255,1.3436488330040814,317.5469270291412,0.573050305090748,0.05680975888008945,1920.0,0.0,0.0
271828,12288,0,22.499951371114,1288.9234064647678,924.9991246800521,1.3934320282849928,363.92428178471573,0.5819270824783953,0.11782851522267285,2807.25927734375,0.0,0.0
271828,16384,0,22.614730346782707,1335.9265916618522,927.0651462420888,1.4410277390721746,408.8614454197634,0.5900757362739698,0.11756933953009184,2534.270751953125,0.0,0.0
271828,20480,0,22.58267716464603,1126.4266134164827,926.4881889636285,1.215802453646501,199.93842445285418,0.5484290838700614,0.0,2715.2900390625,0.0,0.0
271828,24576,0,22.315824421386786,1245.6695478894367,921.6848395849622,1.3515135482215004,323.98470830447445,0.5744769190336715,0.06802068504293356,2051.99609375,0.0,0.0
271828,28672,0,22.539921624859595,1319.4217373606732,925.7185892474727,1.4252946334730583,393.70314811320054,0.5874173228317872,0.10772576026334642,2360.203369140625,0.0,0.0
271828,32768,0,22.366627539347796,1246.7444905585837,922.5992957082603,1.351339087682138,324.1451948503234,0.574445623982493,0.11678094548827095,5097.55078125,0.0,0.0
271828,-32768,4096,21.55708331538353,1290.203729843201,908.0274996769035,1.4208861849473549,382.1762301662975,0.5866612444043626,0.15870593318653473,2946.78125,3.5413464494312943,0.0
271828,-28672,4096,20.961960150289087,675.8622233904724,904.3419310146836,0.7473525225487954,-228.4797076242112,0.42743514270915234,0.2721473386882639,362.0386657714844,3.5413464494312943,109.420251642788
271828,-24576,4096,20.702149137731315,613.7036407218976,925.5008000303208,0.6631043870537895,-311.79715930842315,0.3984559610944711,0.3685184380787343,1920.0,3.5413464494312943,190.34824386535405
271828,-20480,4096,21.092681565528043,825.1622689916779,911.8092404029118,0.9049724793609834,-86.64697141123384,0.47478469268988044,0.2755412488079298,640.0,3.5413464494312943,121.74523341609012
271828,-16384,4096,21.56542859106169,1326.4411936239242,908.1777146391104,1.4605524582278726,418.2634789848138,0.5933216921369231,0.14165277791308242,2810.17578125,3.5413464494312943,0.0
271828,-12288,4096,20.86475748710853,584.8537476761759,899.1319532025989,0.6504648684689692,-314.278205526423,0.39384469987157117,0.27049734009838894,181.0193328857422,3.5413464494312943,101.22471443120132
271828,-8192,4096,20.688375550930232,667.1879942389276,932.1545247737849,0.7157482761786096,-264.9665305348574,0.4169032480937462,0.4062304659334601,2415.09912109375,3.5413464494312943,217.66627629340167
271828,-4096,4096,20.740740425355135,755.1110043791986,907.3694661588146,0.8321979442132047,-152.25846177961603,0.4539343970386234,0.282606230569893,746.36181640625,3.5413464494312943,133.6987248625794
271828,0,4096,21.49723330919829,1266.3729673641296,906.9501995655692,1.3962982399372366,359.42276779856047,0.5824216871829313,0.1476394631967294,2691.0458984375,3.5413464494312943,0.0
271828,4096,4096,20.877325811786715,607.2696595148933,899.3581830468063,0.6752255897173379,-292.088523531913,0.4027981192513966,0.2742908649980083,181.0193328857422,3.5413464494312943,102.35778976881801
271828,8192,4096,20.59330042466064,631.6026111102203,927.3378268337192,0.6810922544449088,-295.73521572349887,0.40488892764565837,0.40008263207785044,2187.264892578125,3.5413464494312943,205.2627060685428
271828,12288,4096,21.150226459003,1058.7769836289165,904.2703946966994,1.1708632615181878,154.50658893221703,0.5390791461107939,0.0,181.0193328857422,3.5413464494312943,107.05347527012171
271828,16384,4096,21.677947965272207,1321.837451845323,910.2030633748998,1.4522445650140343,411.6343884704231,0.5919451272091958,0.16576028959270248,2715.2900390625,3.5413464494312943,0.0
271828,20480,4096,20.861565863691677,710.4676748681,909.1500339448677,0.7814636180403903,-198.68235907676774,0.43839313306559313,0.29922393161340394,724.0773315429688,3.5413464494312943,132.7882340507012
271828,24576,4096,20.69608979904671,624.9601634602313,921.8896223056166,0.6779121364846541,-296.9294588453853,0.40376021575699117,0.3642074309992796,1683.5771484375,3.5413464494312943,177.74942883185298
271828,28672,4096,20.99766139681131,1037.1982422965386,900.49079162545,1.1518143793834048,136.70745067108862,0.534999798393802,0.0,128.0,3.5413464494312943,98.72143747355922
271828,32768,4096,21.70744393067849,1104.891900735145,910.7339907522128,1.2131883864602102,194.15790998293232,0.5478913592249054,0.0,2946.78125,3.5413464494312943,0.0
271828,-32768,8192,20.917418611916908,1154.6056238150256,896.5135350145043,1.287884207789842,258.0920888005213,0.5626406336333702,0.25121660953833314,1536.0,6.81455190771961,0.0
271828,-28672,8192,19.73815406627468,589.525635925797,902.3897369378745,0.6532938172881538,-312.8641010120775,0.39488215249266556,0.49601115954652836,1536.0,6.81455190771961,172.83724133416746
271828,-24576,8192,22.629229251937822,768.2007783122017,932.3384368844489,0.8239505612138676,-164.13765857224723,0.45147403683165716,0.47826326651733103,256.0,6.81455190771961,108.07072806086228
271828,-20480,8192,19.46371425668827,914.3526572807357,911.4328892401301,1.003203492078325,2.919768040605618,0.5005254497563388,0.6029043165873234,2514.801025390625,6.81455190771961,226.78832184729853
271828,-16384,8192,20.580544625607974,1203.4054865604155,890.4498032609436,1.35145797343476,312.95568329947196,0.5744575734694481,0.26087737248944537,1536.0,6.81455190771961,0.0
271828,-12288,8192,19.620538295141962,574.5632211889634,906.0936792905496,0.634110174611121,-331.5304581015862,0.3877842576125524,0.4410734079927412,1924.261962890625,6.81455190771961,193.30061126759924
271828,-8192,8192,18.982603746192254,637.4006641987972,934.0323388506686,0.6824181965510123,-296.6316746518713,0.40535950527791476,0.6968657513072295,5541.08447265625,6.81455190771961,391.5143288642096
271828,-4096,8192,19.7340203270513,849.0863740616211,913.4765946253777,0.9295108151181876,-64.39022056375666,0.48146076388402487,0.5879176760899769,2304.0,6.81455190771961,208.7536309329546
271828,0,8192,20.879445181666,1136.308590197995,895.8300132699881,1.2684421970304436,240.478576928007,0.5588938148435925,0.2657262044556084,1796.5655517578125,6.81455190771961,0.0
271828,4096,8192,19.758919277022652,620.94922433598,912.3709299400283,0.6805885676090053,-291.42170560404827,0.40470642493058046,0.47518267784504165,2191.007080078125,6.81455190771961,210.12834791456453
271828,8192,8192,18.876974839214398,682.9100814913357,932.1662189880986,0.7326054812763546,-249.2561374967629,0.42257292015775477,0.7176196514198392,5545.51806640625,6.81455190771961,380.1280813298606
271828,12288,8192,19.989323485685322,904.4904081994785,907.2382468607215,0.9969712050051337,-2.7478386612430086,0.49896624388576283,0.5502876094186121,1557.187255859375,6.81455190771961,171.88120527537905
271828,16384,8192,20.60625849520825,1243.0408764434476,890.9126529137485,1.39524438493275,352.1282235296991,0.5822332239792167,0.36379663921221345,2048.0,6.81455190771961,0.0
271828,20480,8192,19.651125492484887,682.9363477938564,908.6479082562171,0.7515962361091846,-225.7115604623607,0.42882274215599414,0.5333370644807751,2063.93798828125,6.81455190771961,201.76793896327888
271828,24576,8192,22.385709903144374,773.3958341414896,931.8269320865463,0.8299779792903196,-158.43109794505676,0.4532795186241968,0.4640821009529805,461.51055908203125,6.81455190771961,118.38917844700903
271828,28672,8192,19.815031485961846,954.1711606537892,912.7492271814336,1.0453815048414408,41.42193347235559,0.5108200364789641,0.573471573564559,2145.6708984375,6.81455190771961,199.97364154400128
271828,32768,8192,20.7910562331195,1033.232667231981,894.239012196151,1.155432332005374,138.99365503583,0.5357779832879761,0.25769944973648773,1792.0,6.81455190771961,0.0
271828,-32768,12288,19.67836101363897,1333.7024582212728,874.2104982455014,1.525607918113486,459.49195997577135,0.6037822605534316,0.22711781714585777,2540.7275390625,9.848959817611854,0.0
271828,-28672,12288,19.17827247917222,556.967981026996,870.2212149746681,0.6400303410704704,-313.25323394767213,0.3899819313759512,0.2839192829654457,256.0,9.848959817611854,109.72881374308271
271828,-24576,12288,18.7438807079609,685.6887300319313,894.7145347834515,0.7663770994822265,-209.02580475152024,0.4335951147236188,0.4565756055857779,2235.423828125,9.848959817611854,208.13727990553664
271828,-20480,12288,19.203910808575024,986.9505203312166,871.2603406845247,1.1327848568842205,115.69017964669183,0.5308437794904106,0.44359339727082536,286.2167053222656,9.848959817611854,108.39941567890538
271828,-16384,12288,19.808958003382493,1257.8752522335196,876.5612440608849,1.4350112564937325,381.3140081726348,0.5890483067121379,0.2100542778845025,2521.3076171875,9.848959817611854,0.0
271828,-12288,12288,19.266500951834185,520.1550743902767,870.3633355676607,0.5976298094531127,-350.208261177384,0.37380394730530364,0.27597307471417537,181.0193328857422,9.848959817611854,102.43596776950672
271828,-8192,12288,18.78643802273369,723.4320070686249,885.4232832188412,0.8170465141132068,-161.99127615021632,0.4493770411745792,0.43994341617243,1546.6298828125,9.848959817611854,175.22070385855665
271828,-4096,12288,19.240132554543994,962.5763341770192,880.3585244842142,1.0933912802638845,82.21780969280508,0.5220229606570191,0.4816867208304404,746.36181640625,9.848959817611854,132.79150173591648
271828,0,12288,19.77855462041927,1262.267227280989,876.0139831675469,1.440921322644649,386.25324411344195,0.5900426840173731,0.2592415664098619,2862.1669921875,9.848959817611854,0.0
271828,4096,12288,19.13039776907248,662.4206924119987,871.3738081527847,0.760202666426544,-208.95311574078596,0.43160220613784905,0.3669391306415948,362.0386657714844,9.848959817611854,112.99448595176578
271828,8192,12288,18.973814420004786,746.1509505749002,890.5924370335744,0.8378141555526943,-144.44148645867415,0.45559698559642603,0.4553090274317409,1664.0,9.848959817611854,185.93150398485278
271828,12288,12288,19.077482926138696,1015.1464671905904,872.278846500444,1.1637866391731577,142.8676206901464,0.537562412360608,0.4390723177029594,461.51055908203125,9.848959817611854,114.51631393284933
271828,16384,12288,19.953636489263193,1207.5779489576578,879.1654568067374,1.3735502681642708,328.41249215092034,0.5784130107289319,0.22782120924887386,2575.9501953125,9.848959817611854,0.0
271828,20480,12288,19.146592381009146,508.0591061358761,881.4414034917892,0.5763957809597139,-373.38229735591307,0.3653785831922631,0.3193470997015197,905.0966796875,9.848959817611854,141.80784483267593
271828,24576,12288,18.53611875716102,653.3534598902617,895.5363397809004,0.7295666639838528,-242.1828798906388,0.421548332035531,0.5113618554568932,2575.9501953125,9.848959817611854,229.63584536425722
271828,28672,12288,19.178085254120656,953.2613449935919,872.6449346304843,1.0923816860258797,80.61641036310766,0.5217899547587878,0.4494215813960505,384.0,9.848959817611854,114.44619372640615
271828,32768,12288,19.70139313876294,1307.4236282868521,874.6250764977328,1.494838946903029,432.7985517891193,0.598898057300038,0.23095450849919577,2638.78759765625,9.848959817611854,0.0
271828,-32768,16384,18.83694926967874,1276.6560644280212,859.0650868542173,1.4860993467945098,417.5909775738039,0.5974837023829265,0.12035968600747891,2626.34033203125,12.6697827880121,0.0
271828,-28672,16384,18.906351372539355,1278.384042076256,860.3143247057084,1.48594996661663,418.06971737054766,0.5974599326347588,0.0,2715.2900390625,12.6697827880121,0.0
271828,-24576,16384,18.904263499731165,1430.5468129384637,860.2767429951609,1.662891417891685,570.2700699433028,0.6241958763512662,0.05503140746719614,1810.193359375,12.6697827880121,0.0
271828,-20480,16384,19.006561090280737,1365.7845564168226,862.1180996250532,1.5842197919412906,503.6664567917694,0.6127609712853976,0.10431320968401837,3042.525146484375,12.6697827880121,0.0
271828,-16384,16384,18.965297838755898,1318.3368539757262,861.3753610976062,1.5305021637673006,456.96149287812,0.6045441690394685,0.11085200214586718,2715.2900390625,12.6697827880121,0.0
271828,-12288,16384,19.14673984832621,1288.3564573522292,864.6413172698717,1.4900472966296008,423.7151400823575,0.5981233929446651,0.0,2807.25927734375,12.6697827880121,0.0
271828,-8192,16384,19.216602211379133,1456.7826064217802,865.8988398048243,1.6823935308079896,590.8837666169559,0.626928707800043,0.060128339955496886,1920.0,12.6697827880121,0.0
271828,-4096,16384,19.097386006256006,1336.457472910106,863.7529481126081,1.547268204213262,472.7045247974978,0.607146622670071,0.09350367348901363,2712.271484375,12.6697827880121,0.0
271828,0,16384,18.974108382166794,1182.773363295707,861.5339508790023,1.3728691273152402,321.2394124167047,0.5782863802904658,0.0,5068.54150390625,12.6697827880121,0.0
271828,4096,16384,18.97124618214028,1268.0915638048514,861.482431278525,1.4719877246049908,406.60913252632633,0.5951877600736541,0.0,2691.0458984375,12.6697827880121,0.0
271828,8192,16384,18.926253094091564,1264.7848725615445,860.6725556936482,1.4695308502572237,404.1123168678963,0.5947849487865504,0.047653219735009356,2051.99609375,12.6697827880121,0.0
271828,12288,16384,19.075775260933565,1320.7463318084274,863.3639546968042,1.529767746989445,457.3823771116232,0.6044300555285794,0.12491116409005314,2807.25927734375,12.6697827880121,0.0
271828,16384,16384,19.071753488941983,1481.9660527312749,863.2915628009557,1.716646051680414,618.6744899303192,0.6316297251080429,0.1411431971487815,2534.270751953125,12.6697827880121,0.0
271828,20480,16384,18.976236420830606,1297.3787980587888,861.572255574951,1.5058270384914054,435.8065424838378,0.6006519434207437,0.0,2349.767578125,12.6697827880121,0.0
271828,24576,16384,19.021943523917464,1227.568007618547,862.3949834305143,1.4234405709729592,365.1730241880326,0.5870826087661463,0.0604893469034838,1459.424560546875,12.6697827880121,0.0
271828,28672,16384,18.952953737022643,1520.4652197909468,861.1531672664075,1.7656153139602557,659.3120525245392,0.6381488651520032,0.10882180550374941,3042.525146484375,12.6697827880121,0.0
271828,32768,16384,18.964832886768775,1481.6347533383605,861.3669919618379,1.7200969704722595,620.2677613765226,0.6320962671248379,0.13230113276347785,5249.560546875,12.6697827880121,0.0
271828,-32768,20480,18.142236204952084,1100.911538846915,846.5602516891375,1.3004526690808735,254.3512871577774,0.565012818863566,0.16792440553966853,2810.17578125,15.298804780876495,0.0
271828,-28672,20480,17.685565813954753,637.8289450057716,847.2243384811331,0.752845398834084,-209.39539347536152,0.4292100102286758,0.2786604583770028,461.51055908203125,15.298804780876495,115.37177858115925
271828,-24576,20480,17.16910079375371,632.162427323782,862.1523473329281,0.7332374948341545,-229.9899200091461,0.4227621087131383,0.3727276485149774,1936.991455078125,15.298804780876495,193.02456860396921
271828,-20480,20480,17.353784474570137,914.3549934096877,841.25227437221,1.0868974994356255,73.10271903747775,0.5205232895138033,0.25628751939973926,461.51055908203125,15.298804780876495,118.29750888075837
271828,-16384,20480,18.07340369660619,1241.954995556558,845.3212665389115,1.4692106359060693,396.6337290176466,0.5947273443171379,0.14697397213596008,2807.25927734375,15.298804780876495,0.0
271828,-12288,20480,17.72772031101119,677.9504697193324,844.6889117283757,0.8026037281963743,-166.7384420090433,0.44495467757939405,0.2745483547853217,286.2167053222656,15.298804780876495,105.75161908823745
271828,-8192,20480,16.819162088960574,604.4757788354898,861.0091463397447,0.702055003021966,-256.5333675042549,0.4121936533123648,0.3960373893866651,2304.0,15.298804780876495,207.8372081133133
271828,-4096,20480,17.520171237610644,1109.198106613884,837.8959687598381,1.3237897638481273,271.3021378540459,0.5693760484339524,0.0,128.0,15.298804780876495,97.33130903013826
271828,0,20480,18.128683413170563,1291.4375943069394,846.3163014370701,1.5259514582361704,445.1212928698693,0.6038271148806891,0.17597025291080315,3117.003662109375,15.298804780876495,0.0
271828,4096,20480,17.525910330996428,608.9174533065038,845.8505252116281,0.7198877758622368,-236.93307190512428,0.418279191665102,0.29660830113810893,543.0579833984375,15.298804780876495,120.86677480425473
271828,8192,20480,17.149306450750995,659.0965963944183,861.7960491588792,0.7647941726324953,-202.69945276446094,0.4330769310964099,0.3811968361571357,1936.991455078125,15.298804780876495,195.08677269404615
271828,12288,20480,17.183335623988846,735.438547419637,842.9418896302167,0.8724664848988114,-107.50334221057972,0.46565002969985664,0.28791370731180704,724.0773315429688,15.298804780876495,136.05758481999294
271828,16384,20480,18.065481829167446,1118.5622647833354,845.1786729250141,1.3234624826868726,273.3835918583213,0.5693179407601763,0.1668054610636515,2521.3076171875,15.298804780876495,0.0
271828,20480,20480,17.22945491405009,682.6381201096243,843.7720368513191,0.8090314567154966,-161.13391674169475,0.44692521979024635,0.29685992286717594,724.0773315429688,15.298804780876495,130.61752747735108
271828,24576,20480,17.236725011846186,632.9344570715526,864.3276785264538,0.7322853042848388,-231.3932214549012,0.42244574032362325,0.38362592231997844,2003.5169677734375,15.298804780876495,192.86629208983373
271828,28672,20480,17.592952918983055,821.3259673572435,848.814124765102,0.9676158105692864,-27.488157407858466,0.4914764305092823,0.27302401862967546,640.0,15.298804780876495,125.13040444142847
271828,32768,20480,18.10472198116603,1045.2157985822405,845.8849956609886,1.2356476399791103,199.33080292125192,0.5524102107891606,0.0,2862.1669921875,15.298804780876495,0.0
271828,-32768,24576,17.335720054516173,1146.8048177556134,832.0429609812911,1.3783000055707457,314.76185677432227,0.5792388839546277,0.27560684239768196,1924.261962890625,17.754944772668892,0.0
271828,-28672,24576,16.41429466477399,558.5471218582404,842.560267710862,0.6629165215394595,-284.0131458526216,0.3983625833609606,0.4049463453700871,1536.0,17.754944772668892,178.3773393081882
271828,-24576,24576,15.10934985061595,704.3153537452619,864.9962533605384,0.8142409299566027,-160.68089961527653,0.4485194852780633,0.7290581337861949,5627.634765625,17.754944772668892,389.0318343081325
271828,-20480,24576,16.19172830509747,788.9670057874754,851.0783900997894,0.9270203719953088,-62.111384312314044,0.48077098157355,0.6030008151781379,2404.901611328125,17.754944772668892,222.7490866897097
271828,-16384,24576,17.330128382811875,1215.6328016067696,831.9423108906137,1.461198433705585,383.69049071615586,0.5934040661681242,0.2737857362479933,1459.424560546875,17.754944772668892,0.0
271828,-12288,24576,16.341161036672574,569.7862196606275,847.5534817970555,0.672271699542214,-277.76726213642803,0.4017276108643338,0.4543712789271778,1958.0234375,17.754944772668892,196.71927771050184
271828,-8192,24576,15.31085676749872,722.5366091751171,868.8388739183807,0.8316117416760436,-146.30226474326366,0.4537476348049832,0.7134614276665605,5655.224609375,17.754944772668892,395.7988333220089
271828,-4096,24576,16.43601949212717,830.4708287405341,849.2609339952381,0.9778747561526133,-18.79010525470403,0.4941126520919403,0.585454499789329,1958.0234375,17.754944772668892,194.65986300183954
271828,0,24576,17.515708414916954,1156.8670167240678,835.2827514685052,1.3850004859913452,321.5842652555625,0.5804215193387787,0.2713963905202951,2176.0,17.754944772668892,0.0
271828,4096,24576,16.4233761343517,531.7243276060416,846.6716833332409,0.6280171382521135,-314.94735572719935,0.3854761963853807,0.4500013303390216,1796.5655517578125,17.754944772668892,186.64748968385476
271828,8192,24576,15.142748057972511,653.8896420652876,865.4602538132599,0.7555397711035464,-211.5706117479723,0.4300915492136971,0.7147731002138413,5610.13916015625,17.754944772668892,379.33110941812214
271828,12288,24576,16.331061822416974,888.2709574641386,850.460912688516,1.0444582980963766,37.8100447756226,0.5105792293074428,0.5840273631267585,2176.0,17.754944772668892,201.62810506916838
271828,16384,24576,17.452531114230883,1072.8313470739686,834.1455600561559,1.286144047810725,238.6857870178127,0.5622873856936054,0.27537497496928376,1408.0,17.754944772668892,0.0
271828,20480,24576,16.045805740506996,540.564459989663,850.710705481128,0.6354268924874306,-310.14624549146504,0.388259787573582,0.4365625542897113,2575.9501953125,17.754944772668892,227.5355640167687
271828,24576,24576,15.153017826123687,694.5097042156405,865.7480637107386,0.8022076321359098,-171.23835949509817,0.4448398710855221,0.6900953203167731,5623.26611328125,17.754944772668892,378.02184236774514
271828,28672,24576,16.546466771476503,867.4655973958579,847.1964078093529,1.0239250183306565,20.269189586505036,0.5056156718304782,0.5397496595100544,1683.5771484375,17.754944772668892,175.7433720310031
271828,32768,24576,17.639859042705254,1157.8182655084138,837.5174627686946,1.3824407453915737,320.3008027397192,0.5799717197405679,0.24428775590793972,1541.3240966796875,17.754944772668892,0.0
271828,-32768,28672,16.658380698000318,1131.770957812466,819.8508525640057,1.3804595729491038,311.92010524846023,0.5796160586745965,0.23383432933143564,2715.2900390625,20.054712758020393,0.0
271828,-28672,28672,15.942711233437235,506.67126408277153,811.9811125514383,0.6239939036151834,-305.30984846866676,0.3839429785100248,0.2973005741687046,256.0,20.054712758020393,110.51546843080516
271828,-24576,28672,15.543450261090282,655.9439026527496,835.3748457373227,0.7852090663249467,-179.4309430845732,0.4395467813832588,0.48657541941976323,2111.030029296875,20.054712758020393,201.33163920396572
271828,-20480,28672,16.081387174251056,968.8365192016478,811.9978556193655,1.1931515736117935,156.83866358228227,0.5437298398168844,0.4348741447802998,128.0,20.054712758020393,100.03588308588972
271828,-16384,28672,16.94115932831428,1108.2308042507352,824.9408679096571,1.3434063547596027,283.28993634107815,0.5729743746132347,0.23156529287435176,2635.681396484375,20.054712758020393,0.0
271828,-12288,28672,16.128553647250175,569.9934854232324,820.1292258909695,0.6950044790856035,-250.13574046773704,0.409736309232387,0.2991320742189381,512.0,20.054712758020393,122.06773851301205
271828,-8192,28672,15.560680429518268,691.0676277631718,828.4727555444593,0.8341464739042782,-137.40512778128755,0.4544881775911091,0.41525098026405205,1619.086181640625,20.054712758020393,179.56379885094225
271828,-4096,28672,15.99804650362512,1067.1182596648248,813.5547831954265,1.3116735119833831,253.56347646939832,0.5671114138100972,0.4148167121672989,286.2167053222656,20.054712758020393,106.19755346942839
271828,0,28672,16.619019467763497,1340.7157964752791,819.142350419743,1.636731144212325,521.5734460555361,0.6204552568162695,0.21847303660615225,2807.25927734375,20.054712758020393,0.0
271828,4096,28672,17.698037962699598,494.2283278012196,838.5646833285928,0.589374126560438,-344.33635552737314,0.37054349788695845,0.29226418886028205,128.0,20.054712758020393,0.0
271828,8192,28672,15.408419494436416,641.9321750830128,832.2792002913446,0.7712942662249643,-190.34702520833184,0.4351458955636867,0.46250916316601504,2063.93798828125,20.054712758020393,206.24490974253936
271828,12288,28672,16.17417551509351,1030.0403141693246,813.6680457545297,1.265922042218272,216.37226841479492,0.5583756958806445,0.43783985627014105,128.0,20.054712758020393,100.11715694546372
271828,16384,28672,16.9115911414997,1092.1334965643393,824.4086405469945,1.3247477559668825,267.7248560173448,0.5695486296898671,0.24706743361158276,2445.4365234375,20.054712758020393,0.0
271828,20480,28672,15.88426812385556,567.7911261284413,812.9434745388801,0.6984386293899527,-245.15234841043878,0.41092632829359654,0.34813681946976555,362.0386657714844,20.054712758020393,118.5702642727652
271828,24576,28672,15.523417749881013,863.7862025673035,836.1319024514788,1.0330740879934663,27.65430011582464,0.5078352685050438,0.5716111757665078,2191.007080078125,20.054712758020393,210.04526722164928
271828,28672,28672,15.898778728939782,1186.4738603575072,811.1903274704842,1.4626331456111672,375.28353288702294,0.5936334215538649,0.4688100880789675,256.0,20.054712758020393,105.79391393386472
271828,32768,28672,16.560522353635196,1293.0863022235171,818.0894023654336,1.5806173487697943,474.99689985808357,0.6122058403636282,0.2375203256879181,3207.6708984375,20.054712758020393,0.0
271828,-32768,32768,16.064312943317507,1266.0266408216146,809.1576329797151,1.5646229970784356,456.8690078418995,0.6097852954562745,0.12269367676408409,2626.34033203125,22.21258134490239,0.0
271828,-28672,32768,16.19986926212057,1205.213664103757,811.5976467181702,1.4849891063351879,393.61601738558693,0.5972875945535413,0.0,2999.135986328125,22.21258134490239,0.0
271828,-24576,32768,16.089995553306885,1432.5365992558445,809.6199199595239,1.7693939636854077,622.9166792963206,0.638625342005528,0.057237876466820985,1863.7081298828125,22.21258134490239,0.0
271828,-20480,32768,16.274600362665446,1506.1804729591006,812.9428065279781,1.852750846510214,693.2376664311225,0.6491812250994179,0.10860201596843262,2807.25927734375,22.21258134490239,0.0
271828,-16384,32768,16.161768992437523,1404.475935455583,810.9118418638755,1.7319711748534892,593.5640935917077,0.6336778923921801,0.11934929524072935,2715.2900390625,22.21258134490239,0.0
271828,-12288,32768,16.026142606278604,1117.3579526241697,808.4705669130149,1.382063860272094,308.8873857111548,0.5798948589844175,0.0,3053.2763671875,22.21258134490239,0.0
271828,-8192,32768,16.168311012870603,1325.2390549106344,811.0295982316709,1.6340205805067047,514.2094566789635,0.6200619903175066,0.05031395099751907,1920.0,22.21258134490239,0.0
271828,-4096,32768,16.13972653276121,1381.6970529420869,810.5150775897018,1.7047148056159027,571.181975352385,0.6299878765521265,0.10918698793118017,2691.0458984375,22.21258134490239,0.0
271828,0,32768,16.170290674685692,1387.3551156706033,811.0652321443424,1.7105345669948537,576.2898835262608,0.6307821590579066,0.11494790295967962,2715.2900390625,22.21258134490239,0.0
271828,4096,32768,15.981229616761777,1220.790566548258,807.662133101712,1.511511455737048,413.12843344654607,0.6015368413162888,0.0,2807.25927734375,22.21258134490239,0.0
271828,8192,32768,16.089419742784614,1325.012646114072,809.6095553701231,1.636606975949445,515.4030907439488,0.6204340099073828,0.062070613423522845,1796.5655517578125,22.21258134490239,0.0
271828,12288,32768,16.20123060004396,1399.7018599777148,811.6221508007914,1.7245732618271832,588.0797091769234,0.6326839347032023,0.11947571347377695,2715.2900390625,22.21258134490239,0.0
271828,16384,32768,15.883207804009073,1320.9683963502805,805.8977404721634,1.639126566574495,515.0706558781171,0.6207948768445044,0.20027770095259378,2626.34033203125,22.21258134490239,0.0
271828,20480,32768,16.256903557394573,1297.1425429167805,812.6242640331022,1.5962390003948264,484.51827888367825,0.6145361669729816,0.0,2635.681396484375,22.21258134490239,0.0
271828,24576,32768,15.931307545543374,1393.2476742771196,806.7635358197807,1.7269591552144108,586.4841384573389,0.6330034430927688,0.041335174253539664,1863.7081298828125,22.21258134490239,0.0
271828,28672,32768,16.075962254055785,1531.4983826683745,809.3673205730041,1.892216727485521,722.1310620953703,0.6539650760283249,0.11131025743999819,3161.36669921875,22.21258134490239,0.0
271828,32768,32768,15.910255211661834,1209.6806796589883,806.384593809913,1.5001287089868973,403.2960858490753,0.5997231203026999,0.12781246170677474,4818.3115234375,22.21258134490239,0.0
20260908,-32768,-32768,16.223081264566837,1248.460215837762,812.015462762203,1.5374833030776545,436.444753075559,0.6056148169963586,0.12533704951041524,5521.83154296875,-22.21258134490239,0.0
20260908,-28672,-32768,16.213764967899856,1336.4256707390211,811.8477694221974,1.6461530364124455,524.5779013168237,0.6218034642622182,0.0,2748.276611328125,-22.21258134490239,0.0
20260908,-24576,-32768,15.915384129627904,1467.3139790662879,806.4769143333023,1.819412252214666,660.8370647329856,0.6450324657636738,0.06396739857337491,1413.80615234375,-22.21258134490239,0.0
20260908,-20480,-32768,15.968191665114578,1480.060564868985,807.4274499720624,1.8330570318363542,672.6331148969226,0.646741671912049,0.10663713787753082,2807.25927734375,-22.21258134490239,0.0
20260908,-16384,-32768,16.083606478944564,1286.390648686378,809.5049166210022,1.5891078883819139,476.8857320653758,0.6134738753657522,0.11414770802256266,2534.270751953125,-22.21258134490239,0.0
20260908,-12288,-32768,16.01411843035182,1138.0391546135988,808.2541317463329,1.408021450078733,329.785022867266,0.5844210333313126,0.0,2691.0458984375,-22.21258134490239,0.0
20260908,-8192,-32768,16.016233810876425,1243.2419111669892,808.2922085957757,1.538109483112351,434.9497025712135,0.6057107159371777,0.05935240215421485,1796.5655517578125,-22.21258134490239,0.0
20260908,-4096,-32768,16.154965606880616,1355.8595607521654,810.789380923851,1.672270990040886,545.0701798283144,0.6254977615073688,0.10327230333562315,2691.0458984375,-22.21258134490239,0.0
20260908,0,-32768,16.02308291954698,1322.6706582062768,808.4154925518457,1.6361273013597655,514.2551656544312,0.6203645465901856,0.09827378081609738,2626.34033203125,-22.21258134490239,0.0
20260908,4096,-32768,15.886843765518293,1145.0469370820372,805.9631877793292,1.4207186561919602,339.08374930270793,0.5865988718492736,0.0,2691.0458984375,-22.21258134490239,0.0
20260908,8192,-32768,15.92123236050033,1452.969644945482,806.582182489006,1.8013907032533372,646.3874624564761,0.6427499813594032,0.05165700899483168,1920.0,-22.21258134490239,0.0
20260908,12288,-32768,16.164891454944435,1327.0676894062553,810.9680461889998,1.6363994804019395,516.0996432172556,0.6204046371562635,0.10338229338183037,2715.2900390625,-22.21258134490239,0.0
20260908,16384,-32768,15.964593367175134,1511.6538400690017,807.3626806091524,1.8723355393742795,704.2911594598493,0.6515702912439334,0.3098342583018767,2626.34033203125,-22.21258134490239,0.0
20260908,20480,-32768,16.00155090258255,1112.4459554332896,808.0279162464859,1.3767419826296472,304.41803918680364,0.5789545056164495,0.0,2635.681396484375,-22.21258134490239,0.0
20260908,24576,-32768,16.049236292347793,1388.460130027119,808.8862532622602,1.7165085009510566,579.5738767648588,0.631592973965081,0.05689715229389061,1583.2725830078125,-22.21258134490239,0.0
20260908,28672,-32768,15.887835379867594,1267.100170881083,805.9810368376167,1.5721215673419984,461.11913404346626,0.6109211954505762,0.12617356831754542,2700.162841796875,-22.21258134490239,0.0
20260908,32768,-32768,15.920083275154054,1322.2756677554653,806.561498952773,1.6393984457134236,515.7141688026923,0.620834159730203,0.14017470709356009,2715.2900390625,-22.21258134490239,0.0
20260908,-32768,-28672,16.732964427950236,1356.8700975760548,821.1933597031043,1.6523149895739782,535.6767378729505,0.6226849856269361,0.22923853208641978,2946.78125,-20.054712758020393,0.0
20260908,-28672,-28672,17.830456193670816,490.0749355759237,840.9482114860747,0.5827647040355693,-350.873275910151,0.367917732253277,0.30296352068722804,128.0,-20.054712758020393,0.0
20260908,-24576,-28672,15.434810802244174,782.4632112182697,831.8932227536177,0.9405813027641557,-49.430011535347944,0.4843904383965126,0.4695721599153086,2003.5169677734375,-20.054712758020393,203.46629206084697
20260908,-20480,-28672,16.151822418392364,1173.3484111818111,813.265690013909,1.4427614807674276,360.08272116790215,0.590330089968642,0.1773485999720118,128.0,-20.054712758020393,100.28443313766354
20260908,-16384,-28672,16.743016050912026,1118.985105249683,821.3742889164164,1.3623327639411316,297.6108163332667,0.5763925569950108,0.226998488255859,2807.25927734375,-20.054712758020393,0.0
20260908,-12288,-28672,17.73952930953837,510.5900688346916,839.3115275716907,0.6083439248260283,-328.7214587369991,0.3779624438915048,0.2974598950722382,128.0,-20.054712758020393,0.0
20260908,-8192,-28672,15.656643197584431,708.4059040390279,833.0722913837616,0.8503534583563468,-124.66638734473372,0.4592647767347243,0.4832738951811942,1810.193359375,-20.054712758020393,196.54606797198153
20260908,-4096,-28672,17.730391349410485,1231.8193914550448,839.1470442893888,1.4679422394893626,392.672347165656,0.5945170588694726,0.19064411304079038,181.0193328857422,-20.054712758020393,0.0
20260908,0,-28672,16.84760487455462,1082.8146487938495,823.2568877419832,1.3152816149085342,259.55776105186635,0.5677892140117441,0.23986697413946445,2638.78759765625,-20.054712758020393,0.0
20260908,4096,-28672,16.02492917233112,488.07213078848173,818.8328643556526,0.5960583069324535,-330.7607335671709,0.373170935657062,0.2917468604723801,543.0579833984375,-20.054712758020393,122.6198466410516
20260908,8192,-28672,15.653557365237017,752.4652628274125,828.2799215359983,0.9084673469230163,-75.81465870858574,0.47571838388763593,0.4380532726666739,1498.2015380859375,-20.054712758020393,172.32706529530986
20260908,12288,-28672,16.139533348077435,1121.3605806147266,814.0779187000392,1.3774609958778539,307.2826619146874,0.579084014809422,0.4217622006593955,181.0193328857422,-20.054712758020393,107.40265785801822
20260908,16384,-28672,16.601961972307127,1315.5885109125134,818.8353155015283,1.6066582449570201,496.7531954109851,0.6160784077799416,0.2657978226811803,2715.2900390625,-20.054712758020393,0.0
20260908,20480,-28672,15.90490361403692,655.4754030711786,815.1724188826121,0.8040941865644371,-159.69701581143352,0.4454023532620431,0.3741586033679473,461.51055908203125,-20.054712758020393,114.32393655485602
20260908,24576,-28672,15.339557648790175,803.4855334694462,829.5246208151723,0.9686096268967429,-26.039087345726102,0.491726156880107,0.5182026093917717,1958.0234375,-20.054712758020393,190.55536253202138
20260908,28672,-28672,15.81066405884621,977.9701269250594,818.2338014576493,1.1952208833011377,159.7363254674101,0.5441620238417395,0.4827830080129136,724.0773315429688,-20.054712758020393,132.09698629675378
20260908,32768,-28672,16.880557030207687,1064.4350001910138,823.8500265437383,1.2920252059183528,240.58497364727555,0.5634062542858739,0.22276870566509913,2404.901611328125,-20.054712758020393,0.0
20260908,-32768,-24576,17.48493296095185,1238.762910728802,834.7287932971333,1.4840304068531718,404.0341174316686,0.5971404505136141,0.2689519502538396,1920.0,-17.754944772668892,0.0
20260908,-28672,-24576,16.255274457951458,537.6665181848799,844.179653287256,0.636910065400408,-306.51313510237605,0.38881151734505404,0.4236276478428548,1832.68115234375,-17.754944772668892,183.58804003421153
20260908,-24576,-24576,15.02692490338568,648.2962112701085,862.7241949616765,0.7514524514974416,-214.427983691568,0.4287615488509009,0.6989017798657038,5527.7626953125,-17.754944772668892,388.2465073292568
20260908,-20480,-24576,16.38373176643616,887.1248014113611,847.769287347008,1.0464224343246868,39.35551406435309,0.5110477690755281,0.5735101979809736,1920.0,-17.754944772668892,192.89737633958353
20260908,-16384,-24576,17.381512202391285,1215.2053956436293,832.8672196430432,1.459062581625498,382.33817600058615,0.5930514060740681,0.2736561433157114,2268.165771484375,-17.754944772668892,0.0
20260908,-12288,-24576,16.16515387699891,563.1294757853087,842.5574828301101,0.6683573373460335,-279.42800704480135,0.40032323633652556,0.43591438242460573,1832.68115234375,-17.754944772668892,186.0777874266683
20260908,-8192,-24576,15.213438022873355,709.6692952977254,865.6887989646206,0.8197741453354862,-156.01950366689516,0.4501954840596127,0.7199359110050269,5478.63916015625,-17.754944772668892,394.6306139901335
20260908,-4096,-24576,16.091177925107996,836.5404241427855,842.9326880840587,0.9924166377320086,-6.3922639412732,0.49780054084546543,0.569071367061234,1949.637939453125,-17.754944772668892,191.66665096952556
20260908,0,-24576,17.45385467961079,1176.204593564832,834.1693842329942,1.4100308831716881,342.0352093318379,0.5847766783045547,0.269478474984996,1832.68115234375,-17.754944772668892,0.0
20260908,4096,-24576,16.0323818008284,610.6581843286825,846.8471011533655,0.7210961500570706,-236.18891682468302,0.4186876732002071,0.4666979318229275,2304.0,-17.754944772668892,208.52980802165632
20260908,8192,-24576,15.115129738389504,641.6168690113385,864.3118819917453,0.742344149582646,-222.69501298040677,0.4257778402490812,0.7025771612741123,5527.7626953125,-17.754944772668892,388.74470183076386
20260908,12288,-24576,16.377209952602982,978.4350730286808,843.8535566203419,1.1594844453193298,134.58151640833887,0.5366320269419035,0.5423648062145238,1664.0,-17.754944772668892,180.5940678646415
20260908,16384,-24576,17.387022610014913,1092.2670893043437,832.9664069802684,1.3112978868669043,259.3006823240753,0.5670481234030804,0.26281604867351793,2051.99609375,-17.754944772668892,0.0
20260908,20480,-24576,16.30383744463582,550.7726278652684,845.8929106592878,0.6511138950626705,-295.12028279401943,0.39406611430563765,0.4160850989218207,1889.8973388671875,-17.754944772668892,195.38469656582498
20260908,24576,-24576,14.924055829125118,708.8040282433889,860.1900969921847,0.824008589173317,-151.38606874879588,0.451469223260332,0.6910934686132426,5442.634765625,-17.754944772668892,400.9680657617133
20260908,28672,-24576,16.277684902765685,945.2873916886858,846.1068612951437,1.11721986303447,99.18053039354209,0.5273880956240792,0.5745551582719004,1936.991455078125,-17.754944772668892,190.99631111885873
20260908,32768,-24576,17.43624760845228,1197.6000568168024,833.852456952141,1.4362253739638964,363.7475998646614,0.5892388868638285,0.38700365495498124,1557.187255859375,-17.754944772668892,0.0
20260908,-32768,-20480,18.061106308231704,1096.4359061555033,845.0999135481707,1.2974038792077174,251.33599260733263,0.5644353607455024,0.0,2721.3173828125,-15.298804780876495,0.0
20260908,-28672,-20480,17.336797278537436,712.6427460707163,837.6522971438482,0.8507620029224796,-125.00955107313189,0.45938569145040997,0.25201687999053024,286.2167053222656,-15.298804780876495,111.5811311149583
20260908,-24576,-20480,17.342127158933916,660.0209344460335,858.6741778225423,0.768651196801724,-198.65324337650884,0.434311414913196,0.349697677229737,1498.2015380859375,-15.298804780876495,173.41426585655148
20260908,-20480,-20480,17.570404090924725,933.0309529144198,843.2939219461251,1.1064125195651862,89.73703096829468,0.524963649646567,0.24898555923504914,362.0386657714844,-15.298804780876495,115.19716883796815
20260908,-16384,-20480,18.146814375453953,1180.9079361910808,846.6426587581711,1.394812704008087,334.26527743290967,0.5821436936950658,0.16433171871648475,2757.204345703125,-15.298804780876495,0.0
20260908,-12288,-20480,17.28922855655252,703.0917516906156,844.8479624163627,0.8322109811091832,-141.7562107257471,0.4539180868610979,0.42918545850306183,724.0773315429688,-15.298804780876495,136.39904083641645
20260908,-8192,-20480,16.925399824784304,613.3053039353604,857.7657298914788,0.7150032725286815,-244.46042595611846,0.41662751989691277,0.3944223436746808,1936.991455078125,-15.298804780876495,196.7158261414122
20260908,-4096,-20480,17.62350649268503,773.6589615663662,847.607256122023,0.9127564163454835,-73.94829455565684,0.4769001247333953,0.27324765327943057,543.0579833984375,-15.298804780876495,124.28308679150736
20260908,0,-20480,18.377556860497247,1217.618301023423,850.7960234889504,1.4311518476898908,366.82227753447273,0.5883878769952637,0.16792015051591508,2715.2900390625,-15.298804780876495,0.0
20260908,4096,-20480,17.535792178384625,583.4161339977146,841.2342053410975,0.6935240273083704,-257.81807134338294,0.40922806799056444,0.28377723682811373,286.2167053222656,-15.298804780876495,115.44868318622942
20260908,8192,-20480,17.028875391520195,620.3320803186323,863.021556932374,0.7187909448329588,-242.6894766137417,0.417913942305201,0.39812041787773683,2176.0,-15.298804780876495,205.34135183479748
20260908,12288,-20480,19.203733046888892,1020.4031898465893,865.667194844,1.1787476710729161,154.73599500258922,0.5407340383935377,0.0,181.0193328857422,-15.298804780876495,0.0
20260908,16384,-20480,18.384116217402834,1382.233086159228,850.914091913251,1.6244096781278172,531.3189942459769,0.6186848833082502,0.25652321458798394,3337.83154296875,-15.298804780876495,0.0
20260908,20480,-20480,19.11153252730567,784.1928452591885,864.007585491502,0.9076226394622336,-79.81474023231351,0.4754988118104214,0.2519666780315503,362.0386657714844,-15.298804780876495,0.0
20260908,24576,-20480,17.0299529915282,745.1499091648395,858.9629905033506,0.8674994352529475,-113.8130813385111,0.4642352007256794,0.376961100881844,1889.8973388671875,-15.298804780876495,189.2594509089384
20260908,28672,-20480,19.340560624265223,1093.2864895772975,868.130091236774,1.2593579010949343,225.15639834052354,0.5571123380560555,0.0,181.0193328857422,-15.298804780876495,0.0
20260908,32768,-20480,18.053208981651615,1305.0622634507292,844.957761669729,1.544529587930861,460.1045017810002,0.6067178586018255,0.13721259220357038,2691.0458984375,-15.298804780876495,0.0
20260908,-32768,-16384,18.97509555040609,1297.4387915928426,861.5517199073096,1.5059325651771993,435.887071685533,0.6006687458509936,0.18943590331017465,2626.34033203125,-12.6697827880121,0.0
20260908,-28672,-16384,19.029590841759312,1352.4289707727182,862.5326351516676,1.567974260515844,489.89633562105064,0.6103124562975242,0.0,2721.3173828125,-12.6697827880121,0.0
20260908,-24576,-16384,19.215822875962182,1461.2904899521168,865.8848117673192,1.6876268876567326,595.4056781847976,0.627654837190698,0.054926131828948975,2176.0,-12.6697827880121,0.0
20260908,-20480,-16384,19.11093169866218,1283.7070166412348,863.9967705759193,1.485777563480413,419.71024606531546,0.5974332173090268,0.10484717713537627,2807.25927734375,-12.6697827880121,0.0
20260908,-16384,-16384,18.86891799203294,1141.9129607935365,859.640523856593,1.3283610173128981,282.27243693694356,0.570228445605308,0.0,2715.2900390625,-12.6697827880121,0.0
20260908,-12288,-16384,18.8700246306963,1125.682461840361,859.6604433525333,1.309450109685617,266.0220184878276,0.5667110441492708,0.0,2876.442138671875,-12.6697827880121,0.0
20260908,-8192,-16384,19.056200737667076,1394.9984350186767,863.0116132780074,1.6164306639165664,531.9868217406693,0.6175264408719737,0.066106143366061,2051.99609375,-12.6697827880121,0.0
20260908,-4096,-16384,18.904103532841983,1303.0118352183629,860.2738635911558,1.5146477073928841,442.7379716272071,0.6020516773432889,0.11131718082933009,2635.681396484375,-12.6697827880121,0.0
20260908,0,-16384,19.11099295389383,1242.1196863787143,863.997873170089,1.4376420648134944,378.1218132086253,0.5894876063036033,0.12781006631494132,2626.34033203125,-12.6697827880121,0.0
20260908,4096,-16384,18.951733841669242,1118.1815597272719,861.1312091500463,1.2985031175805826,257.0503505772256,0.5646489672240982,0.0,2691.0458984375,-12.6697827880121,0.0
20260908,8192,-16384,19.047924833639986,1480.6907799200392,862.8626470055198,1.7160214143683603,617.8281329145194,0.631544908687232,0.06149744743769366,1920.0,-12.6697827880121,0.0
20260908,12288,-16384,19.132911417848412,1328.1148855523618,864.3924055212715,1.5364721821583365,463.7224800310903,0.6054754825557489,0.11428516295244484,2901.960693359375,-12.6697827880121,0.0
20260908,16384,-16384,18.90271833287065,1463.3105183894884,860.2489299916717,1.7010314891105474,603.0615883978166,0.6295001486877646,0.12735271749285565,2626.34033203125,-12.6697827880121,0.0
20260908,20480,-16384,19.036428709884778,1178.5540555313487,862.655716777926,1.366192830592166,315.89833875342265,0.5770974517464346,0.0,2715.2900390625,-12.6697827880121,0.0
20260908,24576,-16384,18.845089678726016,1476.279912694817,859.2116142170682,1.718179652448058,617.0682984777488,0.6318361935795246,0.11251637792801288,1668.915771484375,-12.6697827880121,0.0
20260908,28672,-16384,19.07561237151413,1350.1983069195187,863.3610226872543,1.5638861049308888,486.83728423226444,0.6096916388143306,0.11427597001159401,2626.34033203125,-12.6697827880121,0.0
20260908,32768,-16384,19.11256372656643,1380.5149365838026,864.0261470781958,1.5977698606137944,516.4887895056069,0.6147805295695046,0.12251589992255017,4638.12353515625,-12.6697827880121,0.0
20260908,-32768,-12288,20.02489733981697,1064.2839691281558,880.4481521167054,1.208798004254409,183.83581701145044,0.546983810108062,0.2265889447811834,2691.0458984375,-9.848959817611854,0.0
20260908,-28672,-12288,19.338710265845958,491.2187997140949,876.9809386151748,0.560124830637448,-385.7621389010798,0.3587634338241197,0.286027924742234,461.51055908203125,-9.848959817611854,115.49615793813012
20260908,-24576,-12288,18.854989014816976,730.0435460444306,894.0911708983987,0.8165202496193648,-164.04762485396805,0.44922032520342303,0.4784301665046928,2048.0,-9.848959817611854,199.5943501996558
20260908,-20480,-12288,19.177470510355743,1001.7681746626093,880.5161776168858,1.1377055869363941,121.25199704572356,0.5319261392737036,0.5895070763630835,819.5999145507812,-9.848959817611854,139.15765072270153
20260908,-16384,-12288,19.956442459662675,1200.3271713087076,879.2159642739282,1.3652244955537842,321.11120703477945,0.5769297212732711,0.3318930983467587,2575.9501953125,-9.848959817611854,0.0
20260908,-12288,-12288,19.170062231041673,483.35158216925277,872.8895227467572,0.5537374084274383,-389.5379405775044,0.35612801617820433,0.30300949189417,404.77154541015625,-9.848959817611854,112.49630573067606
20260908,-8192,-12288,19.006503465810372,738.813398854007,891.1808398580749,0.829027472102819,-152.36744100406793,0.45298345102519344,0.40685827835680516,1664.0,-9.848959817611854,175.5506630707531
20260908,-4096,-12288,19.09599921049106,1036.2854166335328,870.7546340983191,1.1901003750690613,165.5307825352137,0.5431151281316412,0.4456047931831197,362.0386657714844,-9.848959817611854,113.94282165262372
20260908,0,-12288,19.973168441756638,1321.437305035276,879.5170319516194,1.5024578911258262,441.92027308365664,0.6001202126850192,0.23162251176073756,3082.648193359375,-9.848959817611854,0.0
20260908,4096,-12288,21.096838070376936,504.09770062948115,899.7430852667849,0.5602684909548485,-395.6453846373037,0.35882906140703685,0.29257577142655244,128.0,-9.848959817611854,0.0
20260908,8192,-12288,18.698237059144986,805.6489838354751,891.4959164560988,0.9037046260829943,-85.84693262062376,0.47442888041953546,0.5001917802187535,2063.93798828125,-9.848959817611854,203.5279088720573
20260908,12288,-12288,19.113825519390428,963.9528531294517,867.6151777836731,1.1110373329243428,96.33767534577862,0.5260120425920215,0.4247873837075886,181.0193328857422,-9.848959817611854,106.42101725573028
20260908,16384,-12288,19.9467844345345,1159.883591250136,879.042119821621,1.3194857960680026,280.8414714285151,0.5685910937613236,0.2383962258181773,2560.0,-9.848959817611854,0.0
20260908,20480,-12288,19.06672960497771,467.49723453591713,868.7910790197731,0.5381008689262533,-401.29384448385593,0.349585971698876,0.31501806347565076,286.2167053222656,-9.848959817611854,109.87074843613298
20260908,24576,-12288,18.743426123554578,766.1645830679352,897.3711275473818,0.8537878694202596,-131.20654447944662,0.46028726099526734,0.48549282084110307,2432.0,-9.848959817611854,218.37614330482154
20260908,28672,-12288,18.93579339292002,1142.360829596738,869.7284349025078,1.3134684158334906,272.63239469423024,0.5674665548827013,0.45627050598012897,461.51055908203125,-9.848959817611854,120.8629238794163
20260908,32768,-12288,19.73715896438637,1131.1812669079827,875.2688613589546,1.2923814805335299,255.9124055490281,0.5634915911383308,0.23465633817462025,2977.2041015625,-9.848959817611854,0.0
20260908,-32768,-8192,20.755472150544136,1198.764464031847,893.5984987097945,1.3415023254433178,305.16596532205244,0.5726500780647451,0.2524271629717514,1987.0943603515625,-6.81455190771961,0.0
20260908,-28672,-8192,19.896965700103735,598.7098808429715,913.0730319933564,0.6557086452722303,-314.36315115038485,0.39576721535044707,0.5825607960763003,2063.93798828125,-6.81455190771961,199.30747226660904
20260908,-24576,-8192,22.060506549997896,880.817101988144,929.2300901233691,0.9478998919107349,-48.41298813522508,0.48635789604200924,0.5868259801006886,640.0,-6.81455190771961,126.54665512503607
20260908,-20480,-8192,20.02376908384001,801.6065710392018,912.0125565532499,0.8789424720956659,-110.4059855140481,0.4675129060089057,0.5787491405463435,1832.68115234375,-6.81455190771961,184.96137678167628
20260908,-16384,-8192,20.84299990277317,1067.8987953841581,895.1739982499171,1.1929510882486773,172.72479713424104,0.5437165052361687,0.24813121580318545,1664.0,-6.81455190771961,0.0
20260908,-12288,-8192,19.502518051966643,491.87050128903417,910.9898190452077,0.5399297456524321,-419.11931775617353,0.3503699721151217,0.3738869843155228,2428.629150390625,-6.81455190771961,214.94721623191833
20260908,-8192,-8192,22.237726947493332,716.5652431543887,932.4200572782869,0.7685004602389469,-215.85481412389822,0.43428583452621294,0.45407344877002626,640.0,-6.81455190771961,126.35871628791601
20260908,-4096,-8192,19.798150943002753,958.9332130397055,900.3266757465614,1.065094747131142,58.60653729314413,0.515483464875096,0.5186600904077806,1336.3592529296875,-6.81455190771961,163.94534405060443
20260908,0,-8192,20.865994060297524,1049.9475125234592,895.5878930853554,1.1723556343602697,154.35961943810378,0.5393929694256288,0.26493301846581135,1958.0234375,-6.81455190771961,0.0
20260908,4096,-8192,19.691949602643724,542.2277830664331,910.9568927325975,0.5952288054376671,-368.7291096661644,0.3728740868270361,0.45882034974030994,2176.0,-6.81455190771961,202.16880300152766
20260908,8192,-8192,19.060764615808857,675.117131689236,936.258060139545,0.721080181236157,-261.14092845030905,0.4187096992750847,0.7057887485018365,5645.07568359375,-6.81455190771961,392.7471888483214
20260908,12288,-8192,19.558634916177603,893.037798607585,908.7658114448174,0.9826929967664311,-15.728012837232313,0.4953605559851453,0.583004823326005,2191.007080078125,-6.81455190771961,207.82139496863434
20260908,16384,-8192,20.725012478503526,1150.4184340202705,893.0502246130634,1.2881900729813023,257.36820940720713,0.5626980042772046,0.30123690940651876,1668.915771484375,-6.81455190771961,0.0
20260908,20480,-8192,19.495137339441406,502.5119000580936,909.8448890698882,0.5523050204434286,-407.33298901179455,0.3555449720294161,0.4209571774806672,2353.25146484375,-6.81455190771961,217.7069526820177
20260908,24576,-8192,18.755791110146994,679.1604054571845,931.7765771102835,0.7288876133412402,-252.61617165309895,0.42133185900073367,0.6940671756833895,5775.623046875,-6.81455190771961,413.20600503148603
20260908,28672,-8192,19.706337545855163,907.6127416660262,905.6972793725355,1.002114903441929,1.915462293490691,0.5002522893780211,0.5489967268531408,1792.0,-6.81455190771961,185.3159961053707
20260908,32768,-8192,20.749535460685085,1101.6468648090174,893.4916382923316,1.2329682982982566,208.15522651668584,0.5518889912185037,0.2785469678385617,2048.0,-6.81455190771961,0.0
20260908,-32768,-4096,21.494464909571178,1157.00311301859,906.9003683722813,1.275777531213486,250.1027446463088,0.5603182538291134,0.15412759005449966,2626.34033203125,-3.5413464494312943,0.0
20260908,-28672,-4096,23.034661295960706,670.036289562572,934.6239033272927,0.7169047219712873,-264.5876137647207,0.41729644449654174,0.2637527597153347,128.0,-3.5413464494312943,0.0
20260908,-24576,-4096,20.513633548798445,751.4800435115814,924.8381449160697,0.8125530371368702,-173.35810140448837,0.44802473895309786,0.4064134277898767,2111.030029296875,-3.5413464494312943,203.8371111234327
20260908,-20480,-4096,20.812010178455218,865.8510244741852,901.6428315216739,0.9603037857162531,-35.791807047488646,0.48959798279118966,0.24914209973081314,362.0386657714844,-3.5413464494312943,115.46038023529114
20260908,-16384,-4096,21.527504646935984,1119.7299657819156,907.4950836448477,1.2338689056966032,212.23488213706787,0.5520738273587463,0.15352803535279727,2807.25927734375,-3.5413464494312943,0.0
20260908,-12288,-4096,20.882394384200367,611.1473059328745,901.473045045781,0.6779429615689037,-290.3257391129065,0.403765254304177,0.27374418359519553,286.2167053222656,-3.5413464494312943,110.4129494414434
20260908,-8192,-4096,20.844327643383796,625.7410767584224,928.1218875589027,0.6742014008571802,-302.3808108004803,0.40244130262190597,0.380733979726574,1924.261962890625,-3.5413464494312943,191.00269746170167
20260908,-4096,-4096,20.82344261681065,1063.4228510790163,897.3548535854381,1.185063909589437,166.0679974935781,0.5420710249436267,0.009867862549643511,128.0,-3.5413464494312943,102.08535665668047
20260908,0,-4096,21.66084492999614,1188.9661112789618,909.8952087399305,1.306706640345434,279.0709025390313,0.5662117302433405,0.15851640222913702,2712.271484375,-3.5413464494312943,0.0
20260908,4096,-4096,20.923222664836864,678.7823360574921,911.9397163975459,0.7443280776704186,-233.1573803400538,0.42644526725664994,0.2840076347869697,819.5999145507812,-3.5413464494312943,138.23430154873594
20260908,8192,-4096,20.711067129508614,636.9699046302882,927.7268577226442,0.686592071069175,-290.75695309235607,0.4068283973922565,0.3817035213125806,2063.93798828125,-3.5413464494312943,202.43476213303944
20260908,12288,-4096,20.935670406618765,744.3122860878101,913.6448079527622,0.8146626343289994,-169.33252186495213,0.44866277058133897,0.30046898013678963,905.0966796875,-3.5413464494312943,138.34992633836197
20260908,16384,-4096,21.495657073472916,1213.578235758907,906.9218273225125,1.3381288212477258,306.6564084363946,0.5720378032872733,0.0,2748.276611328125,-3.5413464494312943,0.0
20260908,20480,-4096,21.128246686716455,696.476107936291,907.3350886703762,0.7676062753804865,-210.8589807340852,0.43399255277441495,0.2617761627224033,362.0386657714844,-3.5413464494312943,113.28514396294865
20260908,24576,-4096,20.852472593370514,714.1898011144718,925.5676672503381,0.771623541297824,-211.37786613586627,0.4352805426058723,0.36636285058229795,1740.98828125,-3.5413464494312943,181.82551168748154
20260908,28672,-4096,21.13037374426537,802.7168210976956,909.2308812267243,0.8828525709714995,-106.51406012902862,0.46861723799765304,0.2575279470473846,461.51055908203125,-3.5413464494312943,115.37064077854333
20260908,32768,-4096,21.7179542614778,1347.1532644445356,910.9231767066004,1.4788879006406495,436.23008773793515,0.5963292077704461,0.4171541552809735,2748.276611328125,-3.5413464494312943,0.0
20260908,-32768,0,22.53728893809326,1398.852373035966,925.6712008856787,1.5111762920760086,473.18117215028724,0.601521476162468,0.128038021200736,2534.270751953125,0.0,0.0
20260908,-28672,0,22.331636612376226,1284.0504348707614,921.9694590227721,1.3927255640677856,362.0809758479893,0.5818028366774223,0.0,2458.7998046875,0.0,0.0
20260908,-24576,0,22.698006254036716,1326.3601237225482,928.5641125726609,1.4283990795721815,397.79601114988736,0.5879453318435741,0.06651414969749218,1810.193359375,0.0,0.0
20260908,-20480,0,22.697343216943036,1270.8876410837968,928.5521779049747,1.3686766035606195,342.3354631788221,0.5775607358659064,0.10812093056568765,2807.25927734375,0.0,0.0
20260908,-16384,0,22.41640386458309,1354.6413989146247,923.4952695624957,1.4668633869195495,431.14612935212904,0.5943660236135697,0.1195243573906271,2715.2900390625,0.0,0.0
20260908,-12288,0,22.503094701145212,1143.1462348502293,925.0557046206138,1.235759348480597,218.09053022961552,0.5524575504421604,0.0,2428.629150390625,0.0,0.0
20260908,-8192,0,22.534711603271056,1302.8777489766996,925.6248088588791,1.4075657183204742,377.2529401178206,0.5843804683684889,0.044219193563310194,2145.6708984375,0.0,0.0
20260908,-4096,0,22.436480751261232,1346.7494214570088,923.8566535227021,1.4577471692408122,422.8927679343067,0.5928622203869733,0.1113116654744049,2721.3173828125,0.0,0.0
20260908,0,0,22.318096277425028,1464.4983429350932,921.7257329936505,1.5888656359615618,542.7726099414427,0.6134733465962275,0.12425982589712264,2626.34033203125,0.0,0.0
20260908,4096,0,22.47050677504093,1325.2683608314999,924.4691219507367,1.4335452957423072,400.79923888076314,0.5888151643492766,0.0,2757.204345703125,0.0,0.0
20260908,8192,0,22.547226594735488,1279.9840828006058,925.8500787052387,1.3824960565868376,354.1340040953671,0.5800091847079267,0.05936375132130826,1832.68115234375,0.0,0.0
20260908,12288,0,22.402527379438364,1505.2394995414843,923.2454928298905,1.6303783893140837,581.9940067115938,0.6195714335622416,0.11012472202677948,2289.733642578125,0.0,0.0
20260908,16384,0,22.55521018969311,1386.4751635536663,925.993783414476,1.4972834465920797,460.4813801391904,0.5993057159339337,0.11643809466213928,2534.270751953125,0.0,0.0
20260908,20480,0,22.582766939801807,1216.1451989846034,926.4898049164326,1.3126374327392596,289.65539406817084,0.5673284849199769,0.0,2626.34033203125,0.0,0.0
20260908,24576,0,22.47872187281843,1269.667401728165,924.6169937107318,1.3731819881794027,345.05040801743326,0.5783612384646519,0.052952302656241707,2048.0,0.0,0.0
20260908,28672,0,22.610801580349268,1324.3670850132105,926.9944284462867,1.4286677938646843,397.37265656692375,0.5879904611667152,0.10916218913637685,2807.25927734375,0.0,0.0
20260908,32768,0,22.55417482073496,1323.1199276461602,925.9751467732293,1.4288935639977727,397.14478087293094,0.5880284538588111,0.1242736822825498,2626.34033203125,0.0,0.0
20260908,-32768,4096,21.703017801200506,1059.5841262376766,910.6543204216091,1.163541535439174,148.92980581606753,0.5375220476413618,0.0,2721.3173828125,3.5413464494312943,0.0
20260908,-28672,4096,21.157408321706804,639.5421617294326,903.3662362735689,0.7079544663608152,-263.82407454413635,0.41423582030945677,0.2601556021227679,128.0,3.5413464494312943,102.5928264241631
20260908,-24576,4096,20.702889192840974,666.294422066491,921.7157829446257,0.7228849005252634,-255.4213608781347,0.419314123952923,0.35360738510554185,1664.0,3.5413464494312943,182.0622744774298
20260908,-20480,4096,21.145275279565315,903.4284410942142,906.20490116235,0.996936167455534,-2.776460068135748,0.4989571438954534,0.24811692151664821,286.2167053222656,3.5413464494312943,108.70620628684989
20260908,-16384,4096,21.50826948889164,1105.0753965922117,907.1488508000496,1.21818530180312,197.9265457921622,0.5489082490555243,0.17683603615719456,2807.25927734375,3.5413464494312943,0.0
20260908,-12288,4096,20.916485448479346,592.3922068657942,911.6428441896429,0.649807334792794,-319.25063732384876,0.3936069172942961,0.3127489185994056,809.5430908203125,3.5413464494312943,138.8485201619052
20260908,-8192,4096,20.74862423864075,701.0759773590241,925.5159790751604,0.757497431929363,-224.4400017161363,0.43074431191892765,0.3767847841814146,1863.7081298828125,3.5413464494312943,195.320518265126
20260908,-4096,4096,20.99635990161539,913.1949881390058,906.8186320590246,1.007031567123299,6.3763560799811785,0.501476198755558,0.26400012543414064,461.51055908203125,3.5413464494312943,117.7608625188584
20260908,0,4096,21.461493447871437,1360.567039623878,906.3068820616859,1.5012211278025733,454.26015756219203,0.5999306339801538,0.2271642797532964,2721.3173828125,3.5413464494312943,0.0
20260908,4096,4096,20.826912369472392,630.5155088620056,897.4173091333495,0.702588976661153,-266.90180027134386,0.4123892831921155,0.257467953715649,128.0,3.5413464494312943,101.55154855487395
20260908,8192,4096,20.589233972513043,686.3237142735304,925.8134441412454,0.7413196671713296,-239.48972986771503,0.42545899503547374,0.39548594837748713,2083.68896484375,3.5413464494312943,203.28611402586216
20260908,12288,4096,22.888341965559118,1007.3900269683311,931.9901553800642,1.0809020043323516,75.39987158826693,0.5191714675982267,0.0,362.0386657714844,3.5413464494312943,0.0
20260908,16384,4096,21.73058840513213,1404.0167216115722,911.1505912923783,1.5409271914317821,492.86613031919387,0.6061810447757561,0.23420829135497737,2626.34033203125,3.5413464494312943,0.0
20260908,20480,4096,20.8620906657201,654.1413863554747,899.0839504176072,0.7275643014777858,-244.94256406213253,0.4208793737165667,0.26728095356227916,181.0193328857422,3.5413464494312943,103.07673493419257
20260908,24576,4096,20.56803787435612,666.2994827587164,925.1523311298993,0.720205160100453,-258.85284837118286,0.41841107966191865,0.3731037128877084,2063.93798828125,3.5413464494312943,197.33013639955718
20260908,28672,4096,20.98193686425363,874.1816800612198,904.7015118660454,0.9662653025284824,-30.51983180482557,0.491145533609232,0.2586234121761866,362.0386657714844,3.5413464494312943,119.56854211746023
20260908,32768,4096,21.476035911953396,1148.3098378653258,906.5686464151611,1.2666551423392818,241.7411914501647,0.5585494700418587,0.1689039217307487,2807.25927734375,3.5413464494312943,0.0
20260908,-32768,8192,20.84995248459074,1053.3208152065765,895.2991447226334,1.176501531823644,158.02167048394313,0.5402698150694057,0.2612155662873649,1792.0,6.81455190771961,0.0
20260908,-28672,8192,19.676315406373227,562.2141836482706,913.0590088933268,0.6157479179025924,-350.8448252450562,0.3808334300783078,0.43385902713501906,2349.767578125,6.81455190771961,214.11983934804113
20260908,-24576,8192,18.83156119986696,691.9148462631089,931.4423737921403,0.7428423547515306,-239.52752752903143,0.42596224384656894,0.715407161395925,5557.3232421875,6.81455190771961,397.5320800428614
20260908,-20480,8192,19.782357149585124,937.0062504853481,903.5128528109178,1.0370701950395382,33.4933976744303,0.5088224438226755,0.5531937572466807,1557.187255859375,6.81455190771961,176.7157936569709
20260908,-16384,8192,20.804783538445204,1154.5777886404996,894.4861036920137,1.2907721918484267,260.091684948486,0.5631911244126391,0.28020754783038104,1958.0234375,6.81455190771961,0.0
20260908,-12288,8192,19.859173554205782,519.5808151473773,912.1664926073971,0.5696118190684389,-392.58567746001984,0.36264651298602024,0.46075418420665976,2048.0,6.81455190771961,197.2906147701911
20260908,-8192,8192,19.148941899315624,738.2079705294258,936.6714238929874,0.7881183856995347,-198.4634533635616,0.44048991412287575,0.7425314162186385,5496.55322265625,6.81455190771961,376.43352592169504
20260908,-4096,8192,19.89756753208487,970.2879308880008,911.0183311286848,1.0650586247654152,59.26959975931595,0.515478246270319,0.5667283304693264,1920.0,6.81455190771961,194.17808682416705
20260908,0,8192,20.71363504167887,1153.1998132281626,892.8454307502196,1.2916007334653417,260.354382477943,0.5633484734255053,0.2669975094461778,1924.261962890625,6.81455190771961,0.0
20260908,4096,8192,19.769779345072934,507.29364426955607,912.3578280963233,0.5560248716537541,-405.0641838267672,0.35708522050431946,0.42525353052198694,2176.0,6.81455190771961,204.11437957509804
20260908,8192,8192,19.172380447789124,639.9976774479309,936.3171370808169,0.6835266087762424,-296.31945963288604,0.40575138935669103,0.6819605693706405,5400.32568359375,6.81455190771961,373.4195837562308
20260908,12288,8192,19.982560615643994,880.5844981273856,908.7498685550802,0.9690064654727513,-28.165370427694597,0.49185476998865335,0.5485894200894935,1664.0,6.81455190771961,178.13309657632186
20260908,16384,8192,20.594450532755662,1026.940259938118,890.7001095896019,1.1529584973457454,136.24015034851618,0.5352437466907376,0.2741154246789977,1810.193359375,6.81455190771961,0.0
20260908,20480,8192,19.871988707208555,617.0029842737316,913.7744571638744,0.6752245911849554,-296.77147289014283,0.402801978657331,0.46083448895644213,2145.6708984375,6.81455190771961,208.10739083175258
20260908,24576,8192,18.748428940674636,663.6583224456516,929.9459931266784,0.7136525425678641,-266.28767068102684,0.41618997011647596,0.7016541489466812,5557.3232421875,6.81455190771961,398.5804309192007
20260908,28672,8192,20.008374538256767,957.0412322812297,907.253705433552,1.0548771821481684,49.78752684767767,0.5130776977573982,0.5488677383558879,1536.0,6.81455190771961,174.14882979697182
20260908,32768,8192,20.81288801199431,1038.4134834887368,894.6319842158975,1.1607158047214876,143.78149927283926,0.5369126532072421,0.26455196705744444,2145.6708984375,6.81455190771961,0.0
20260908,-32768,12288,19.87868485902074,1187.8606106343664,877.8163274623734,1.3531994945551782,310.044283171993,0.5747684065842918,0.24077455869757663,2996.403076171875,9.848959817611854,0.0
20260908,-28672,12288,19.01314067305272,579.311359957792,869.263180424429,0.6664395467376585,-289.95182046663706,0.3996423390583559,0.31043826165223803,362.0386657714844,9.848959817611854,107.32108263538535
20260908,-24576,12288,18.70524086386182,754.3486442958688,892.7729959836332,0.8449501135109354,-138.42435168776444,0.4577020444728461,0.4763132346870287,2145.6708984375,9.848959817611854,204.37269634838847
20260908,-20480,12288,19.04334277524106,951.568783320358,869.8068182638191,1.094000142721047,81.76196505653888,0.5221584301793585,0.4287694146223001,362.0386657714844,9.848959817611854,114.7141816487457
20260908,-16384,12288,19.804638893510717,1102.9449511942375,876.4835000831929,1.2583750305505463,226.46145111104465,0.5569223924665433,0.2427297616132409,3034.43701171875,9.848959817611854,0.0
20260908,-12288,12288,19.106564448582265,472.50735059267157,869.5081062046551,0.5434191437905446,-397.0007556119835,0.35182569805968905,0.3013491686482112,286.2167053222656,9.848959817611854,109.25643718325722
20260908,-8192,12288,18.679098441461747,778.7515023999931,889.5758926120368,0.8754188471917409,-110.82439021204368,0.4665061537520512,0.4911316252686404,1953.835205078125,9.848959817611854,195.1980674345823
20260908,-4096,12288,21.096838070376936,1245.4683950533336,899.7430852667849,1.3842489211062254,345.7253097865487,0.5803101914577242,0.18107629630293665,181.0193328857422,9.848959817611854,0.0
20260908,0,12288,19.83107120879396,1176.4642274149803,876.9592817582914,1.3415266271612813,299.50494565668896,0.5726493209223475,0.22979870945226072,2638.78759765625,9.848959817611854,0.0
20260908,4096,12288,19.037065163749094,524.7909667393018,876.3090213459012,0.5988651879142912,-351.51805460659943,0.3742892598237518,0.2992912653895706,724.0773315429688,9.848959817611854,129.02794423571416
20260908,8192,12288,19.01719688744098,746.8228805079088,892.0337311720252,0.8372137223181833,-145.21085066411638,0.4554196233918488,0.4694925305023388,1707.7330322265625,9.848959817611854,183.76393718179855
20260908,12288,12288,19.202318688284734,988.1343222166297,869.2080548237706,1.1368214051087815,118.92626739285913,0.5317288861433244,0.4165137942346513,181.0193328857422,9.848959817611854,103.86559938399039
20260908,16384,12288,19.740795328312036,1167.5002326731988,875.3343159096166,1.3337763771547944,292.1659167635821,0.5712303050570985,0.22841478140144839,2807.25927734375,9.848959817611854,0.0
20260908,20480,12288,19.369013702534616,522.7446092491265,871.1751331284696,0.6000453747708601,-348.4305238793431,0.37474887864023276,0.29154646069186635,128.0,9.848959817611854,98.24043862024769
20260908,24576,12288,18.85902155782009,824.314366909577,890.513300955672,0.9256620490956706,-66.19893404609502,0.4804179244499243,0.4615015987303727,1796.5655517578125,9.848959817611854,183.3694251407734
20260908,28672,12288,19.380130463867744,1034.2218130911997,872.4086667842648,1.1854786093579113,161.81314630693487,0.5421499729647413,0.4089166570216511,181.0193328857422,9.848959817611854,104.5177685779174
20260908,32768,12288,19.700277423074002,1255.9913925523242,874.604993615332,1.436067026510408,381.38639893699224,0.5892257092865688,0.22605668527664316,2635.681396484375,9.848959817611854,0.0
20260908,-32768,16384,18.99913284354193,1441.1343572738701,861.9843911837547,1.671879876264087,579.1499660901154,0.6254601062721113,0.12809569546023652,5006.74755859375,12.6697827880121,0.0
20260908,-28672,16384,19.068166374604086,1140.9627203956989,863.2269947428736,1.32174124227377,277.7357256528253,0.5690048735946416,0.0,2700.162841796875,12.6697827880121,0.0
20260908,-24576,16384,19.14477561675676,1416.1483757680141,864.6059611016217,1.6379118806486772,551.5424146663925,0.6206401595847709,0.07149377133524953,1810.193359375,12.6697827880121,0.0
20260908,-20480,16384,19.156961050236163,1479.7691412153624,864.825298904251,1.711061347407686,614.9438423111114,0.6308716954239973,0.10940729987843492,2876.442138671875,12.6697827880121,0.0
20260908,-16384,16384,18.90271833287065,1446.200621160024,860.2489299916717,1.6811420168508957,585.9516911683522,0.62675286679104,0.12352559418762686,5340.83740234375,12.6697827880121,0.0
20260908,-12288,16384,18.890663188966112,1139.9185679774719,860.03193740139,1.3254374848238393,279.88663057608187,0.5696885379789235,0.0,2924.456787109375,12.6697827880121,0.0
20260908,-8192,16384,19.014041914410928,1251.1120873420227,862.2527544593968,1.4509806792399609,388.85933288262595,0.5917200582450504,0.06563597876160221,1740.98828125,12.6697827880121,0.0
20260908,-4096,16384,18.982728987517557,1453.577548015369,861.689121775316,1.6868932324695018,591.888426240053,0.6275518993444417,0.10063813958467283,2757.204345703125,12.6697827880121,0.0
20260908,0,16384,19.150859348149417,1362.7353483228158,864.7154682666895,1.5759349732165662,498.0198800561262,0.6115169059052382,0.0,2715.2900390625,12.6697827880121,0.0
20260908,4096,16384,18.837271723203415,1130.4479072600348,859.0708910176614,1.3158959511721997,271.3770162423733,0.5679162177409021,0.0,2876.442138671875,12.6697827880121,0.0
20260908,8192,16384,19.1951835634527,1252.1509729571687,865.5133041421486,1.4467148765532092,386.6376688150201,0.5910096217185953,0.064479576980706,2304.0,12.6697827880121,0.0
20260908,12288,16384,19.172405854190274,1438.326278963933,865.103305375425,1.6626063847250578,573.222973588508,0.6241571835124125,0.10445100081348703,2921.654296875,12.6697827880121,0.0
20260908,16384,16384,18.86891799203294,1297.1002381358535,859.640523856593,1.5088867987710621,437.45971427926054,0.6011381260361036,0.176848118998811,2715.2900390625,12.6697827880121,0.0
20260908,20480,16384,19.227677884072545,1218.1260530604693,866.0982019133057,1.4064525828243213,352.0278511471636,0.5841702877543927,0.0,2807.25927734375,12.6697827880121,0.0
20260908,24576,16384,19.102905509326707,1448.3336009546265,863.8522991678808,1.676598652743943,584.4813017867457,0.6261207112138812,0.06828723845184292,1557.187255859375,12.6697827880121,0.0
20260908,28672,16384,18.881130194507328,1497.5458172755461,859.8603435011319,1.7416151687818533,637.6854737744143,0.6349821511585475,0.1135340424610959,2415.09912109375,12.6697827880121,0.0
20260908,32768,16384,18.860251772206503,1280.9894571715263,859.484531899717,1.490415952385039,421.50492527180927,0.5981811890823343,0.12182258511890093,2715.2900390625,12.6697827880121,0.0
20260908,-32768,20480,18.265743723603155,1229.4197390656652,848.7833870248568,1.4484493427410372,380.63635204080845,0.5912937142304682,0.16161009659321188,2691.0458984375,15.298804780876495,0.0
20260908,-28672,20480,17.506677727973173,644.5475804705753,844.9354593439833,0.7628364667888465,-200.387878873408,0.4324420763290054,0.27210563463203596,512.0,15.298804780876495,120.20395084597533
20260908,-24576,20480,16.81368387244427,622.4120341475594,859.2004392441812,0.7244084217357721,-236.78840509662177,0.4198076336992369,0.40379863948100725,2179.761474609375,15.298804780876495,210.056280601781
20260908,-20480,20480,19.11153252730567,1130.9291467483426,864.007585491502,1.3089342799056547,266.9215612568406,0.566615729086368,0.0,181.0193328857422,15.298804780876495,0.0
20260908,-16384,20480,18.091551314267264,1328.1684192171613,845.6479236568107,1.570592656898868,482.5204955603506,0.6107037146235603,0.1583726894878443,2485.310546875,15.298804780876495,0.0
20260908,-12288,20480,17.3861520478779,600.812168712598,843.0549902591457,0.7126607109316974,-242.2428215465477,0.41582519540424245,0.2749062216723245,527.7575073242188,15.298804780876495,117.80361356827747
20260908,-8192,20480,16.99192144848177,603.4572027770848,865.8440433960712,0.6969583118111718,-262.3868406189864,0.4104309945650527,0.4125797776059295,2432.0,15.298804780876495,219.69197181744826
20260908,-4096,20480,17.47939235860341,748.9803936310681,848.2709108532788,0.8829495200745078,-99.29051722221072,0.4686249224571827,0.28532937499114125,724.0773315429688,15.298804780876495,127.10069269363328
20260908,0,20480,18.137228200932714,1142.8217072320717,846.4701076167889,1.350102852952069,296.3515996152828,0.5741980641762603,0.1651882128982482,2712.271484375,15.298804780876495,0.0
20260908,4096,20480,17.64680688494695,611.8576093032418,846.5266777589927,0.7227859740026273,-234.6690684557509,0.41925736403186964,0.28431070109821166,461.51055908203125,15.298804780876495,120.14434002863537
20260908,8192,20480,17.18579097701269,757.1790558568065,857.724745399359,0.8827762751607007,-100.54568954255251,0.4685792899727034,0.3520702951908574,1619.086181640625,15.298804780876495,180.0176642442662
20260908,12288,20480,17.40346149961948,836.5395675892556,841.0907095811576,0.9945889998069669,-4.551141991902,0.4983465263115416,0.2624574083325372,404.77154541015625,15.298804780876495,116.61499753130038
20260908,16384,20480,18.204025476796488,1320.4900823833489,847.6724585823367,1.5577833973652526,472.81762380101213,0.6087557098397441,0.15610671798812134,2862.1669921875,15.298804780876495,0.0
20260908,20480,20480,17.629491130564492,673.49446178058,840.8971587848063,0.8009236976776772,-167.4026970042263,0.44443591520540543,0.2830845632832077,181.0193328857422,15.298804780876495,104.9684351723552
20260908,24576,20480,16.864860099969626,786.8776770932075,862.4528133780619,0.9123718595237215,-75.57513628485447,0.47680006013129295,0.5329794276036477,2349.767578125,15.298804780876495,221.18898734511555
20260908,28672,20480,17.277244808363818,901.945856647376,839.8745603804963,1.07390543682947,62.0712962668797,0.5175208230492927,0.2648955264811298,461.51055908203125,15.298804780876495,121.88560154017836
20260908,32768,20480,18.057733780745796,1162.275804800981,845.0392080534243,1.3754105060738206,317.23659674755663,0.5787318211344972,0.0,2462.129150390625,15.298804780876495,0.0
20260908,-32768,24576,17.60402938909717,1092.646537144794,836.8725290037492,1.305630785187237,255.77400814104476,0.5659858824003557,0.2685190220962601,1924.261962890625,17.754944772668892,0.0
20260908,-28672,24576,16.159546790167546,491.7587390436401,847.3736421080263,0.5803328243964295,-355.61490306438617,0.3669478821346281,0.38664099927066525,2176.0,17.754944772668892,201.366895951245
20260908,-24576,24576,15.07329468455917,708.6980791919408,864.2100930918198,0.8200529996779888,-155.51201389987898,0.450279178717022,0.6745870616269134,5610.13916015625,17.754944772668892,379.3814767614553
20260908,-20480,24576,16.262649416899666,943.325204155851,847.0851486940201,1.1136132012350912,96.24005546183093,0.5265824229803958,0.5717669219050205,2023.857666015625,17.754944772668892,201.85771590949128
20260908,-16384,24576,17.62762855682267,1190.322177539813,837.2973140228081,1.4216242636930143,353.024863517005,0.5867646359953499,0.3049263352075083,1557.187255859375,17.754944772668892,0.0
20260908,-12288,24576,16.011076337491854,560.236162201935,848.5895992686856,0.6601968285785573,-288.35343706675053,0.3973797170634336,0.5043163831866257,2462.129150390625,17.754944772668892,217.70533186156177
20260908,-8192,24576,14.94012617940151,628.6402153290184,863.2457673242985,0.7282285521972967,-234.60555199528017,0.4210905739845796,0.7103174312647347,5795.4462890625,17.754944772668892,417.8712388399438
20260908,-4096,24576,16.41363550908519,813.0738118378264,846.2925469330761,0.9607479290516822,-33.21873509524971,0.4896954262791194,0.5650541582258196,1782.833740234375,17.754944772668892,187.28804528606867
20260908,0,24576,17.625523533288725,1036.196988002585,837.259423599197,1.2376056438376033,198.9375644033879,0.5527986575676743,0.28444659364760216,2051.99609375,17.754944772668892,0.0
20260908,4096,24576,16.411787504386584,475.9507671266711,850.1135437106516,0.5598672914316818,-374.1627765839805,0.358649361029358,0.393984822864897,2048.0,17.754944772668892,197.7234784212781
20260908,8192,24576,15.33070597158513,688.7165109680943,868.5782653157922,0.7929239522447584,-179.8617543476979,0.44196805472870654,0.7037390128039457,5576.453125,17.754944772668892,377.3913366362519
20260908,12288,24576,16.387404554478902,821.4801340696283,849.9009313721093,0.9665598703879551,-28.42079730248099,0.4912039193965911,0.5767782697534916,2063.93798828125,17.754944772668892,201.17260558459247
20260908,16384,24576,17.40780107482411,1114.6797295649035,833.340419346834,1.337604301539317,281.3393102180695,0.5719180123341979,0.25540546851331186,2048.0,17.754944772668892,0.0
20260908,20480,24576,16.412375297520946,538.1415259090107,846.4059589025196,0.6357960033820939,-308.2644329935089,0.38839630673661946,0.4335211055904412,1792.0,17.754944772668892,180.0221415779464
20260908,24576,24576,14.982804357274098,636.8797425989501,861.1745397017012,0.7395478073696377,-224.2947971027511,0.4248543565890812,0.6944018677707087,5433.59619140625,17.754944772668892,394.26337435249815
20260908,28672,24576,15.995157273771266,878.8624715396112,846.939122506522,1.0376926135359195,31.923349033089153,0.5089539380608954,0.5900414957532868,2360.203369140625,17.754944772668892,216.61399826539656
20260908,32768,24576,17.299533116143767,1023.1864438324919,831.3915960905879,1.2306913476679,191.79484774190405,0.5514111623539728,0.25759534092573605,1707.7330322265625,17.754944772668892,0.0
20260908,-32768,28672,16.59045921983822,1136.7679084602387,818.6282659570879,1.3886252841895244,318.13964250315075,0.5810519992448883,0.23789724185226604,2404.901611328125,20.054712758020393,0.0
20260908,-28672,28672,15.760982020631776,504.9020226630072,819.6984567776003,0.6159606846740675,-314.7964341145931,0.3808855160312492,0.3011402461243533,858.6500854492188,20.054712758020393,139.5043838992754
20260908,-24576,28672,15.650137498142668,772.1037817913636,836.403843598261,0.923123187083557,-64.30006180689736,0.4797142738633843,0.461683581613287,2048.0,20.054712758020393,198.54974743870065
20260908,-20480,28672,15.878158039054403,1133.4360047240057,814.6909985329269,1.3912465054420216,318.7450061910788,0.581509569581699,0.4400525489577023,461.51055908203125,20.054712758020393,118.43864039831996
20260908,-16384,28672,16.797788574736714,1154.1685816566828,822.3601943452609,1.4034830352843113,331.80838731142194,0.5836418643627103,0.23503437629764434,2638.78759765625,20.054712758020393,0.0
20260908,-12288,28672,16.111891645376193,551.1054912884467,817.0406979262515,0.6745141248009058,-265.93520663780475,0.40251763882463465,0.29777910162986926,362.0386657714844,20.054712758020393,111.03120201477985
20260908,-8192,28672,15.584408418468895,736.906776037024,833.8108369645549,0.8837817204675521,-96.90406092753096,0.4688544366629069,0.45854082844862887,1949.637939453125,20.054712758020393,190.50251319847933
20260908,-4096,28672,16.0165508958301,948.198846169287,817.1820699548894,1.16032752189684,131.01677621439762,0.5368031535631858,0.4678404290847946,461.51055908203125,20.054712758020393,124.12611807240981
20260908,0,28672,16.64854378734649,1223.2951883237367,819.6737881722368,1.492417112729104,403.6214001515,0.5984900956867075,0.24995366466313979,3093.259765625,20.054712758020393,0.0
20260908,4096,28672,16.05277032013851,502.171408314212,817.8340195924407,0.6140260692071284,-315.66261127822867,0.3801433345432835,0.32054577539147705,461.51055908203125,20.054712758020393,111.44968268407105
20260908,8192,28672,15.211819970574757,723.882814247761,833.5765243273863,0.8684059508895872,-109.69371007962536,0.4644861731904955,0.4799691651941745,2415.09912109375,20.054712758020393,218.0996956654233
20260908,12288,28672,16.072326001290968,1008.581195797647,814.8918141534117,1.2376872344035736,193.68938164423525,0.5528068600064969,0.43746916175339823,286.2167053222656,20.054712758020393,110.38941021220042
20260908,16384,28672,16.67849477143341,1255.0979615457695,820.2129058858013,1.5302099644363771,434.8850556599682,0.6044846083661574,0.22021671792127423,2876.442138671875,20.054712758020393,0.0
20260908,20480,28672,16.11058209285473,477.31498345690505,813.5567961060306,0.5867014887485456,-336.2418126491255,0.3694755091084888,0.27043610230500514,181.0193328857422,20.054712758020393,106.4243633712848
20260908,24576,28672,15.828161638266552,682.1814605235984,830.8166700289202,0.8210974636556728,-148.63520950532177,0.45058276279023085,0.43234691761420485,1459.424560546875,20.054712758020393,166.6357631325614
20260908,28672,28672,16.09927446438897,973.1974079258596,820.1710796126938,1.186578546984891,153.02632831316578,0.5423620703799,0.4581765120636697,543.0579833984375,20.054712758020393,119.47248456208078
20260908,32768,28672,16.81065967023677,1310.4616266825983,822.5918740642619,1.5930884658608035,487.8697526183364,0.6140715901564664,0.2287380938275797,2691.0458984375,20.054712758020393,0.0
20260908,-32768,32768,15.920083275154054,1303.8163779775557,806.561498952773,1.6165120448600767,497.25487902478267,0.6175192002452619,0.12844825146406125,2626.34033203125,22.21258134490239,0.0
20260908,-28672,32768,15.95714534273088,1168.6986654967789,807.2286161691559,1.4477914212742384,361.470049327623,0.5911692738196872,0.0,2721.3173828125,22.21258134490239,0.0
20260908,-24576,32768,16.149013330675658,1385.6376578857862,810.6822399521618,1.70922414430536,574.9554179336244,0.6306035180627018,0.06066511790277984,1792.0,22.21258134490239,0.0
20260908,-20480,32768,15.953328476811135,1270.2877235008343,807.1599125826004,1.5737745441747764,463.1278109182339,0.6111713864942622,0.10781126733398694,2715.2900390625,22.21258134490239,0.0
20260908,-16384,32768,16.219207830090667,1313.0010805821257,811.945740941632,1.617104462004331,501.0553396404937,0.6176076782772212,0.13028416120229994,2626.34033203125,22.21258134490239,0.0
20260908,-12288,32768,16.089145784563573,1275.88567613673,809.6046241221443,1.575936745075011,466.2810520145856,0.6114984938959115,0.0,2591.802490234375,22.21258134490239,0.0
20260908,-8192,32768,16.166169953383438,1402.965386968048,810.9910591609018,1.7299394008358575,591.9743278071462,0.6334054059708452,0.048266998678835306,2063.93798828125,22.21258134490239,0.0
20260908,-4096,32768,16.10555739968529,1467.4257290468274,809.9000331943353,1.8118603147343235,657.5256958524922,0.644080733917233,0.11820095669049786,2807.25927734375,22.21258134490239,0.0
20260908,0,32768,16.2033753478689,1356.0195293445752,811.6607562616402,1.6706727766291807,544.3587730829349,0.6252740610705207,0.13627718188175184,5197.80859375,22.21258134490239,0.0
20260908,4096,32768,16.226163413720535,1228.1839326157512,812.0709414469696,1.5124096552788115,416.1129911687816,0.6016808328159874,0.0,2663.507568359375,22.21258134490239,0.0
20260908,8192,32768,16.23204215687476,1236.3564860734282,812.1767588237457,1.5222751360972344,424.1797272496825,0.60323807342557,0.041056176547233925,1664.0,22.21258134490239,0.0
20260908,12288,32768,15.880667383282965,1439.9692085864915,805.8520128990933,1.7868903788006059,634.1171956873982,0.6408917606868572,0.17997349313937927,3095.906982421875,22.21258134490239,0.0
20260908,16384,32768,16.011367959860138,1352.061947029198,808.2046232774825,1.6729203324106598,543.8573237517156,0.6255877759851449,0.10860359222609468,5438.1171875,22.21258134490239,0.0
20260908,20480,32768,16.203971785985196,1290.4791800720457,811.6714921477335,1.5899032953065249,478.8076879243122,0.6135933088949846,0.0,2550.3818359375,22.21258134490239,0.0
20260908,24576,32768,16.200579192884984,1276.6552650681047,811.6104254719297,1.5729902241284837,465.04483959617494,0.6110545302345506,0.11422618765891963,1792.0,22.21258134490239,0.0
20260908,28672,32768,16.001770937559414,1400.1307985769042,808.0318768760694,1.7327667863673242,592.0989217008348,0.633783475583036,0.11721600028918268,2715.2900390625,22.21258134490239,0.0
20260908,32768,32768,16.223081264566837,1256.1787451076843,812.015462762203,1.546988699986805,444.1632823454813,0.6070859566153752,0.13558974841087004,2626.34033203125,22.21258134490239,0.0
-424242,-32768,-32768,16.139138875041862,1360.4831347082277,810.5044997507534,1.6785633332407208,549.9786349574742,0.6263770166661696,0.1341070694421172,2715.2900390625,-22.21258134490239,0.0
-424242,-28672,-32768,16.226655888558874,1249.0153447736818,812.0798059940597,1.5380450733469146,436.9355387796221,0.6057020910546534,0.0,3012.76220703125,-22.21258134490239,0.0
-424242,-24576,-32768,15.944803165705974,1431.5101930922342,807.0064569827075,1.773852217297573,624.5037361095267,0.6392049789155758,0.06299817189474757,1792.0,-22.21258134490239,0.0
-424242,-20480,-32768,15.90750021242007,1294.9368252941435,806.3350038235612,1.6059538766811319,488.6018214705823,0.6159702124903662,0.11410388712414048,2524.5546875,-22.21258134490239,0.0
-424242,-16384,-32768,16.116575724996164,1443.7363683526896,810.0983630499309,1.782174158354279,633.6380053027588,0.6402847837342887,0.13447015923527797,2534.270751953125,-22.21258134490239,0.0
-424242,-12288,-32768,16.086461272037862,1171.6143043306372,809.5563028966815,1.4472301681037778,362.0580014339557,0.5910764189816656,0.0,2807.25927734375,-22.21258134490239,0.0
-424242,-8192,-32768,16.13636455709253,1387.5946704746834,810.4545620276656,1.7121190199769851,577.1401084470178,0.6309975465604777,0.051170892991130534,1792.0,-22.21258134490239,0.0
-424242,-4096,-32768,16.000659041786992,1473.8572836516253,808.0118627521658,1.824054016523379,665.8454208994594,0.645616191349993,0.11307382817728065,2946.78125,-22.21258134490239,0.0
-424242,0,-32768,16.09319880547711,1222.6444920665147,809.677578498588,1.5100387173048622,412.96691356792667,0.601303900530975,0.11519235473740763,2534.270751953125,-22.21258134490239,0.0
-424242,4096,-32768,16.001900349482817,1251.1853606378968,808.0342062906907,1.5484311813747427,443.1511543472061,0.6073068039554573,0.0,2715.2900390625,-22.21258134490239,0.0
-424242,8192,-32768,15.97753799660041,1184.7520832239218,807.5956839388074,1.467011410271098,377.1563992851144,0.5943529286463957,0.040419191885728976,2111.030029296875,-22.21258134490239,0.0
-424242,12288,-32768,16.12726038309745,1324.1011998074116,810.2906868957541,1.6341064030737904,513.8105129116575,0.620074098835176,0.10467217150761708,2691.0458984375,-22.21258134490239,0.0
-424242,16384,-32768,16.02575821336685,1251.505615055663,808.4636478406032,1.5480048093670253,443.0419672150597,0.6072412808801091,0.16654370312880595,3818.607177734375,-22.21258134490239,0.0
-424242,20480,-32768,16.22369178950413,1324.8800899881282,812.0264522110743,1.6315725754753432,512.8536377770539,0.6197090770044899,0.10457533527012847,2842.061279296875,-22.21258134490239,0.0
-424242,24576,-32768,15.904663671086622,1336.7190202617087,806.2839460795592,1.6578762689761026,530.4350741821495,0.6234688296830178,0.06401921144026566,1863.7081298828125,-22.21258134490239,0.0
-424242,28672,-32768,16.217692329915902,1382.3535039657563,811.9184619384862,1.702576759574274,570.4350420272701,0.6296957850488283,0.11639061988317696,2638.78759765625,-22.21258134490239,0.0
-424242,32768,-32768,16.0998250532752,1262.5804287906524,809.7968509589537,1.5591323024972457,452.7835778316987,0.6089487143136485,0.12292168402717839,3620.38671875,-22.21258134490239,0.0
-424242,-32768,-28672,16.708604464121482,1123.396383169427,820.7548803541868,1.3687355507220853,302.6415028152403,0.5775367727106274,0.22359089983023145,2807.25927734375,-20.054712758020393,0.0
-424242,-28672,-28672,15.941780987406814,541.593476918693,809.4849442561691,0.6690593577578642,-267.8914673374761,0.4005636569867641,0.2975268241390112,128.0,-20.054712758020393,100.0070749060238
-424242,-24576,-28672,15.437048062813762,772.7702434270935,834.8352603050038,0.9256559709094762,-62.06501687791024,0.48039761248746377,0.4978134616867116,2209.62255859375,-20.054712758020393,212.57278823768672
-424242,-20480,-28672,16.12669943701212,987.7838867279743,817.3072381756982,1.2085833094208183,170.47664855227606,0.5469180780015501,0.45542650322999995,362.0386657714844,-20.054712758020393,120.56305797435786
-424242,-16384,-28672,16.638009752738522,1264.0129234366325,819.4841755492935,1.542449459245964,444.528747887339,0.6063874706525398,0.2506194798877093,2638.78759765625,-20.054712758020393,0.0
-424242,-12288,-28672,16.17956120564426,480.2951871707394,818.2587500110767,0.5869722592813553,-337.9635628403373,0.36958465010871105,0.31079416582758734,362.0386657714844,-20.054712758020393,111.78221778487017
-424242,-8192,-28672,15.201471044368493,688.329769857654,832.6527703772721,0.8266708456945074,-144.32300051961806,0.45225865058307874,0.4790835473657875,2360.203369140625,-20.054712758020393,218.3127309512373
-424242,-4096,-28672,16.045563670061526,1066.0732759044354,815.8467943705875,1.3067076848992139,250.22648153384785,0.5661808447071908,0.44388814003810606,362.0386657714844,-20.054712758020393,116.5788618099803
-424242,0,-28672,16.61891107690525,1207.427241602528,819.1403993842945,1.4740174486694695,388.2868422182336,0.5955052828791794,0.2243601018964055,2715.2900390625,-20.054712758020393,0.0
-424242,4096,-28672,17.520074956616053,633.2904790150787,835.3613492190889,0.7581036393497141,-202.07087020401013,0.43091191182063643,0.282592284462303,256.0,-20.054712758020393,0.0
-424242,8192,-28672,15.409693096653724,738.2454154472769,830.7265964054924,0.8886743468207513,-92.48118095821553,0.47022839252787196,0.4783507863173507,1953.835205078125,-20.054712758020393,194.0410539973387
-424242,12288,-28672,16.030692272574132,1230.4055185629477,811.0853473891808,1.5169864953466674,419.3201711737669,0.6024044166236119,0.2488469814216851,128.0,-20.054712758020393,100.50361652877635
-424242,16384,-28672,16.575899847754076,1338.2061120685278,818.3661972595734,1.6352167483819826,519.8399148089544,0.6202369701737895,0.32025700497847986,2691.0458984375,-20.054712758020393,0.0
-424242,20480,-28672,16.075909897932505,480.9168760523586,812.9326965974304,0.591582646466626,-332.01582054507185,0.37140752579329117,0.30078480325320783,181.0193328857422,-20.054712758020393,100.3019254281571
-424242,24576,-28672,15.61648062934549,760.60065466259,829.4771591413494,0.9169639528711577,-68.87650447875933,0.47804114171144807,0.4343573691583103,1619.086181640625,-20.054712758020393,172.81004002794612
-424242,28672,-28672,15.884485211395015,1029.6772902910152,811.5106799352847,1.2688400975488439,218.16661035573054,0.5589425763998049,0.4504827902323685,286.2167053222656,-20.054712758020393,115.19491578392805
-424242,32768,-28672,16.93428012899495,1149.2992248065618,824.8170423219091,1.3933989792102452,324.48218248465275,0.5818894026312051,0.2407705053036966,2672.718505859375,-20.054712758020393,0.0
-424242,-32768,-24576,17.640446619814696,1205.045727353834,837.5280391566646,1.4388123991254496,367.5176881971695,0.5896756687239669,0.26974550173012124,1810.193359375,-17.754944772668892,0.0
-424242,-28672,-24576,16.40924040800391,517.5224535721844,844.5045779205952,0.6128118983634978,-326.9821243484108,0.3796861262578165,0.38110095843614433,1668.915771484375,-17.754944772668892,175.32383258902843
-424242,-24576,-24576,15.002348931723342,689.3386212512303,863.0360236115324,0.7987367877954462,-173.69740236030214,0.44376842607221256,0.7102738537755,5623.26611328125,-17.754944772668892,389.6538369292697
-424242,-20480,-24576,16.1093302037516,780.8816494442377,851.5205619490621,0.9170437971067457,-70.63891250482436,0.4780706454279513,0.6084888524905415,2550.3818359375,-17.754944772668892,222.8476870392277
-424242,-16384,-24576,17.31816708581324,1098.3761663084283,831.7270075446384,1.320596970334018,266.64915876378996,0.5687817104649434,0.2651304690063478,1541.3240966796875,-17.754944772668892,0.0
-424242,-12288,-24576,16.19475954186313,555.886491425354,851.4501658633445,0.6528702603066641,-295.56367443799047,0.39471137000405543,0.4030586792181759,2428.629150390625,-17.754944772668892,211.50340219425507
-424242,-8192,-24576,15.147820886026885,717.7398742497604,865.1350481430189,0.8296275544383077,-147.39517389325852,0.45315438997257557,0.6748074526920503,5557.3232421875,-17.754944772668892,384.88074244032595
-424242,-4096,-24576,16.448828364734347,871.2425575856133,844.2262447715351,1.0320012709642654,27.01631281407822,0.5075784403358661,0.5278797019716812,1603.83544921875,-17.754944772668892,175.5989268061324
-424242,0,-24576,17.49471616260219,1121.4527120453897,834.9048909268395,1.3432101359478796,286.54782111855025,0.5729421697611485,0.2584993574645643,2435.3662109375,-17.754944772668892,0.0
-424242,4096,-24576,16.28714443801488,470.80031103520133,842.2323773577561,0.5589909907194399,-371.4320663225548,0.3582866051916739,0.39570336959710994,1664.0,-17.754944772668892,181.65824351583126
-424242,8192,-24576,15.040752231363177,667.7443339544423,862.496301467544,0.7741996491095327,-194.7519675131017,0.4360805992915818,0.7194745118526159,5468.16259765625,-17.754944772668892,377.4562857891671
-424242,12288,-24576,16.033762506397178,927.677208202372,844.2004661528468,1.0988826059643648,83.47674204952511,0.5232606973517,0.584960274794403,2111.030029296875,-17.754944772668892,202.19659661135
-424242,16384,-24576,17.43320146221663,1065.9277023116324,833.7976263198993,1.2784009796433178,232.13007599173307,0.5608004935037458,0.25613302038484326,1792.0,-17.754944772668892,0.0
-424242,20480,-24576,16.233190254061363,602.3483701298372,851.6414570165291,0.7072792959609839,-249.29308688669187,0.4139880285700742,0.4641993195757124,2391.2373046875,-17.754944772668892,218.5921536457885
-424242,24576,-24576,18.467914834907607,829.0134556304741,859.449115337817,0.9645870137461485,-30.435659707342893,0.4906965504156372,0.4500283061296562,362.0386657714844,-17.754944772668892,111.53542633223536
-424242,28672,-24576,16.459311093699334,807.8899023351554,847.8523127307177,0.9528663072618703,-39.9624103955623,0.4876376632335847,0.5693698746104823,1832.68115234375,-17.754944772668892,191.6109054399668
-424242,32768,-24576,17.520147550856716,1191.0453164791072,835.3626559154209,1.425782333032252,355.68266056368634,0.5874719507353959,0.26692818423031645,2048.0,-17.754944772668892,0.0
-424242,-32768,-20480,18.054549797426937,1160.2284229008446,844.9818963536849,1.3730808055267574,315.24652654715976,0.5783184403776589,0.0,2977.2041015625,-15.298804780876495,0.0
-424242,-28672,-20480,17.610024272022937,640.7162049349535,844.8088394844199,0.7584156024290388,-204.09263454946642,0.43101608502345334,0.2574342368786842,404.77154541015625,-15.298804780876495,113.98639526381453
-424242,-24576,-20480,17.334704116441067,642.6975215304572,860.4051819090697,0.7469707703345508,-217.70766037861256,0.42729630101771643,0.35067753850501077,1619.086181640625,-15.298804780876495,178.47042339722412
-424242,-20480,-20480,17.440910278452847,871.0002807915596,846.0773572355582,1.029457026999793,24.922923556001365,0.5069621194719327,0.2728065415785573,640.0,-15.298804780876495,126.68691867312572
-424242,-16384,-20480,18.280141004430494,1069.8114568496753,849.042538079749,1.260021034127727,220.76891876992636,0.5572358417229549,0.0,2700.162841796875,-15.298804780876495,0.0
-424242,-12288,-20480,17.62995238842807,698.7789673717486,845.1675455797124,0.8267934222349325,-146.38857820796375,0.45229977964531826,0.26037189570083574,404.77154541015625,-15.298804780876495,119.1379858190918
-424242,-8192,-20480,16.976923805886695,716.620709394245,856.6355414208708,0.8365526233077042,-140.01483202662587,0.4552122369043758,0.3791406461694373,1796.5655517578125,-15.298804780876495,186.25730450399766
-424242,-4096,-20480,17.329839996376315,856.547660346611,838.9637682442536,1.020959060173905,17.583892102357368,0.5048876452651228,0.2553298196240984,362.0386657714844,-15.298804780876495,115.03995491473704
-424242,0,-20480,18.12451043401879,1286.5236515710596,846.2411878123382,1.5202801164723716,440.2824637587214,0.6029360067357897,0.3284143619056391,3042.525146484375,-15.298804780876495,0.0
-424242,4096,-20480,17.473117837567283,611.9246936606437,841.5427693856911,0.7271462793356731,-229.61807572504745,0.42072078558497783,0.2707923699739135,362.0386657714844,-15.298804780876495,118.9539996541835
-424242,8192,-20480,17.164302164455304,711.2917107584044,859.1805995298644,0.8278721739615823,-147.88888877145996,0.45262758121899455,0.37294089977723094,1740.98828125,-15.298804780876495,182.51672946804985
-424242,12288,-20480,17.599282361997208,822.8459448969418,848.9280547393568,0.9692764190124181,-26.08210984241498,0.49190503025265125,0.2763438788426557,640.0,-15.298804780876495,122.89462802921281
-424242,16384,-20480,18.368457177166597,1105.4070113335558,850.6322291889987,1.2995122608832514,254.7747821445571,0.5648364061613798,0.17309541987007276,2921.654296875,-15.298804780876495,0.0
-424242,20480,-20480,17.370791294493095,678.9956536100822,838.2641894310501,0.810001980486525,-159.26853582096794,0.44721966185315687,0.2846585966105625,286.2167053222656,-15.298804780876495,111.82496326163451
-424242,24576,-20480,17.016330786291043,689.9468875739817,866.2834114766381,0.7964447644194421,-176.33652390265638,0.44306027695108063,0.41492762266116284,2432.0,-15.298804780876495,220.36607517228586
-424242,28672,-20480,17.574215086761438,904.4305498258062,847.255368007569,1.067482820383531,57.175181818237206,0.516025455915022,0.26752063410093974,572.4334106445312,-15.298804780876495,119.18671444043473
-424242,32768,-20480,18.37201642030017,1308.782480221923,850.696295565403,1.5384838126655525,458.0861846565199,0.6057835396901661,0.15584458381137295,3042.525146484375,-15.298804780876495,0.0
-424242,-32768,-16384,19.228653698101,1394.5322765847136,866.1157665658179,1.6100991696688391,528.4165100188957,0.6166000411992025,0.127168678438591,2626.34033203125,-12.6697827880121,0.0
-424242,-28672,-16384,19.00351687825215,1139.8872157649646,862.0633038085386,1.3222778544557208,277.82391195642595,0.5691040315901991,0.0,2721.3173828125,-12.6697827880121,0.0
-424242,-24576,-16384,19.16129643127876,1494.0047762744705,864.9033357630177,1.7273661859061504,629.1014405114528,0.6330775205415021,0.07098834471785358,1260.65380859375,-12.6697827880121,0.0
-424242,-20480,-16384,18.859084292247772,1403.8364925237809,859.4635172604599,1.633386949336151,544.372975263321,0.6199869657102324,0.1168038201430279,2807.25927734375,-12.6697827880121,0.0
-424242,-16384,-16384,18.956776505889675,1482.694374659554,861.2219771060142,1.721616974571282,621.4723975535397,0.6323016057878493,0.13657098556757283,2715.2900390625,-12.6697827880121,0.0
-424242,-12288,-16384,19.18514657258968,1161.6018275591146,865.3326383066142,1.342376071509651,296.2691892525004,0.5728004761057329,0.0,3042.525146484375,-12.6697827880121,0.0
-424242,-8192,-16384,19.09129704713851,1374.5313984868756,863.6433468484931,1.591549802939669,510.8880516383824,0.6138562438462155,0.0593535424538602,1557.187255859375,-12.6697827880121,0.0
-424242,-4096,-16384,19.13406883575197,1268.3113581620403,864.4132390435354,1.4672511952332128,403.89811911850484,0.5944119310538386,0.10219914953664182,2638.78759765625,-12.6697827880121,0.0
-424242,0,-16384,18.980730921161957,1222.897559006377,861.6531565809153,1.4192457251115964,361.24440242546166,0.5863667327130947,0.10838893898169052,2534.270751953125,-12.6697827880121,0.0
-424242,4096,-16384,19.22578383002397,1317.066475586327,866.0641089404314,1.5207494017938987,451.00236664589556,0.6030163603389581,0.0,2715.2900390625,-12.6697827880121,0.0
-424242,8192,-16384,18.928031940376975,1436.4720475779832,860.7045749267855,1.6689490092464936,575.7674726511976,0.6250485856967691,0.060315760026751604,2176.0,-12.6697827880121,0.0
-424242,12288,-16384,18.86315673475226,1321.6916105217713,859.5368212255407,1.5376788729507633,462.15478929623055,0.6056614382315108,0.10659280734321135,2626.34033203125,-12.6697827880121,0.0
-424242,16384,-16384,18.89682569784781,1256.9969984775637,860.1428625612606,1.4613816531995447,396.8541359163031,0.5934438143575089,0.0,2534.270751953125,-12.6697827880121,0.0
-424242,20480,-16384,19.019805146647258,1249.1261557510866,862.3564926396507,1.4485032192748315,386.7696631114359,0.5913071791158404,0.0,2524.5546875,-12.6697827880121,0.0
-424242,24576,-16384,18.95922052091729,1233.3231035477468,861.2659693765113,1.4319886625040759,372.0571341712355,0.5885328948708082,0.06573090262451008,1557.187255859375,-12.6697827880121,0.0
-424242,28672,-16384,18.976258649353394,1529.7708138527705,861.572655688361,1.775556366317762,668.1981581644095,0.6394444749800878,0.10257202425228765,2748.276611328125,-12.6697827880121,0.0
-424242,32768,-16384,18.868197468128145,1423.5170934389362,859.6275544263066,1.6559695953312654,563.8895390126296,0.6232167016083471,0.11416422036209467,5178.86181640625,-12.6697827880121,0.0
-424242,-32768,-12288,19.81619351460581,1311.0801411833772,876.6914832629045,1.4954863440714037,434.3886579204727,0.5990027130012049,0.2410385892890718,2672.718505859375,-9.848959817611854,0.0
-424242,-28672,-12288,19.404320988506154,522.2946051388218,871.8106642759573,0.5990917828156986,-349.51605913713547,0.3743764836885139,0.2977632966363562,128.0,-9.848959817611854,100.43455808767159
-424242,-24576,-12288,18.8738268946529,695.9365200530691,896.4392670573727,0.7763342656078994,-200.50274700430361,0.4367686051732576,0.47144679634803044,2191.007080078125,-9.848959817611854,211.992365481631
-424242,-20480,-12288,19.036146621452822,1039.6596273092578,868.2405853163251,1.197432652760041,171.41904199293265,0.5446380174473686,0.43835743412366523,286.2167053222656,-9.848959817611854,111.27759771259696
-424242,-16384,-12288,19.875113243887046,1191.9989198057337,877.7520383899669,1.358013274446141,314.2468814157669,0.5756360585458106,0.24300057857646232,2807.25927734375,-9.848959817611854,0.0
-424242,-12288,-12288,19.35809322490032,547.1867844100274,876.2740806362128,0.6244470725560501,-329.08729622618546,0.38413606006105677,0.31701831158364113,404.77154541015625,-9.848959817611854,114.43560762401637
-424242,-8192,-12288,18.870703013252047,746.8269276780862,900.062879432369,0.82974972609589,-153.23595175428272,0.45320198259350464,0.4802181174681191,2462.129150390625,-9.848959817611854,225.28431058882697
-424242,-4096,-12288,19.19071584624805,1160.594143679416,872.459533541945,1.3302555580632192,288.134610137471,0.570581866484889,0.43009490206663836,362.0386657714844,-9.848959817611854,113.19874300690651
-424242,0,-12288,19.853032286242815,1182.541443178255,877.3545811523707,1.3478489411031893,305.18686202588424,0.573799662485322,0.22294756562816526,2715.2900390625,-9.848959817611854,0.0
-424242,4096,-12288,20.91429511875645,629.661326054746,896.4573121376161,0.7023885214939114,-266.79598608287006,0.4123198488364146,0.2810865949824812,286.2167053222656,-9.848959817611854,0.0
-424242,8192,-12288,19.030630220839864,730.3964664777425,894.9751806309606,0.8161080690112662,-164.57871415321813,0.44909567119926824,0.4807978171193156,1889.8973388671875,-9.848959817611854,189.9817373881964
-424242,12288,-12288,19.15419580910349,1001.044828450011,868.3418429985082,1.152823437591422,132.70298545150274,0.5352074219363169,0.42423943235326245,181.0193328857422,-9.848959817611854,102.46233943260438
-424242,16384,-12288,19.841355577879465,1225.4983874388865,877.1444004018304,1.3971455405489348,348.3539870370562,0.5825601164429627,0.24837101157638206,2626.34033203125,-9.848959817611854,0.0
-424242,20480,-12288,19.211822714047777,498.02230931492954,877.9537810762669,0.5672534477890322,-379.9314717613373,0.36167825482971333,0.31230113057025616,640.0,-9.848959817611854,123.36817746442784
-424242,24576,-12288,18.71065127188981,711.3532372725665,885.8555003675049,0.8030127227041605,-174.50226309493837,0.4450940734581121,0.40852648892116966,1664.0,-9.848959817611854,176.2352486516256
-424242,28672,-12288,19.349679968807244,1130.8738777261729,871.8605578731758,1.2970811301348881,259.01331985299703,0.5643831126692748,0.4116782742262834,181.0193328857422,-9.848959817611854,106.59336264464491
-424242,32768,-12288,19.751433734116482,1285.5090152833307,875.5258072140966,1.4682708432933478,409.983208069234,0.5945829372897903,0.22799117548140965,3270.894775390625,-9.848959817611854,0.0
-424242,-32768,-8192,20.62561095046168,1108.1148127579459,891.2609971083102,1.2433112369476689,216.85381564963564,0.5539533158182081,0.2504507635269972,1920.0,-6.81455190771961,0.0
-424242,-28672,-8192,19.57970299224546,514.0658377985307,910.504306077866,0.5645946256014389,-396.4384682793353,0.3606036784697859,0.41745927182651393,2289.733642578125,-6.81455190771961,207.343669487227
-424242,-24576,-8192,18.79980525274883,646.4448649472478,932.2744109119838,0.6934062089239075,-285.829545964736,0.4092150262556221,0.6942405104966334,5737.19921875,-6.81455190771961,398.1427273380695
-424242,-20480,-8192,19.84793958199308,897.9604145540636,908.2461160230181,0.9886752045646031,-10.285701468954471,0.496877583918051,0.5741314792877049,1792.0,-6.81455190771961,191.79813761908093
-424242,-16384,-8192,20.78131743460134,1175.9784624489987,894.0637138228242,1.315318409938334,281.9147486261745,0.5678196590693922,0.27056696508884986,1987.0943603515625,-6.81455190771961,0.0
-424242,-12288,-8192,19.56173137330016,548.2587907846863,906.8125333510959,0.6045999262478364,-358.5537425664096,0.37653292232102215,0.425359759175714,2048.0,-6.81455190771961,196.72966864779067
-424242,-8192,-8192,18.854656132687197,607.9446844982128,933.3493646739794,0.6513581168082425,-325.40468017576654,0.39418208533224897,0.7034501042793292,5748.61083984375,-6.81455190771961,393.22593360094254
-424242,-4096,-8192,19.62304882061838,962.5819924902984,908.4221114071414,1.0596197300825974,54.15988108315696,0.5141986550596979,0.5832765637082094,2083.68896484375,-6.81455190771961,202.30177197145912
-424242,0,-8192,20.796408836113052,1138.5879570199388,894.3353590500349,1.2731107469902003,244.25259796990395,0.5597988616502824,0.2663217050393817,2048.0,-6.81455190771961,0.0
-424242,4096,-8192,19.988284469216136,561.0449582340891,906.8920841908206,0.6186457771705931,-345.8471259567315,0.38193941743610776,0.4502609834887909,1536.0,-6.81455190771961,175.2546321179086
-424242,8192,-8192,19.174850794356587,695.017912435997,936.9100756014253,0.7418192316801034,-241.89216316542831,0.425626798932709,0.714267631360224,5468.16259765625,-6.81455190771961,371.5649931256824
-424242,12288,-8192,19.503221432777114,939.4093072393451,909.3222145284424,1.0330873833611394,30.087092710902766,0.5078625174433705,0.6217292184309969,2304.0,-6.81455190771961,214.53550342602696
-424242,16384,-8192,20.577187830771994,1096.4277285573555,890.3893809538959,1.2314025212011466,206.03834760345967,0.5515737455479174,0.256873510164038,1782.833740234375,-6.81455190771961,0.0
-424242,20480,-8192,19.617077777497418,572.6691943993525,908.0350493864427,0.6306686011584066,-335.3658549870902,0.38649359128254024,0.45172814581841575,2063.93798828125,-6.81455190771961,200.12340282883878
-424242,24576,-8192,19.078216265532408,609.3563313892216,935.7298685420234,0.6512096619707888,-326.37353715280176,0.3941283037235051,0.6968049506611744,5538.126953125,-6.81455190771961,392.6423600760294
-424242,28672,-8192,19.70159267446632,919.5131319320849,905.8813819676355,1.0150480518043545,13.631749964449341,0.5034581110127948,0.5635325957840694,1810.193359375,-6.81455190771961,189.0938438593047
-424242,32768,-8192,20.59339528379834,1270.2175988827216,890.6811151083701,1.426119379131748,379.5364837743515,0.5875472290456044,0.27044302925693375,2304.0,-6.81455190771961,0.0
-424242,-32768,-4096,21.796069742005464,1150.5165803817915,912.3292553560984,1.2610760573853617,238.1873250256931,0.5574624618075921,0.0,2715.2900390625,-3.5413464494312943,0.0
-424242,-28672,-4096,20.93192865458342,646.6555102538886,907.1588550361939,0.712836022780253,-260.50334478230536,0.4159052840582944,0.27427206711134133,543.0579833984375,-3.5413464494312943,119.35387932665753
-424242,-24576,-4096,20.735365998716144,703.0432242051548,926.0987035280477,0.7591450258237648,-223.0554793228929,0.4312773091989439,0.37089583781153146,1920.0,-3.5413464494312943,188.69600198676804
-424242,-20480,-4096,20.834138577631254,828.536690782959,907.1554666207695,0.9133348375988164,-78.61877583781052,0.4770774643340254,0.2721450438578844,640.0,-3.5413464494312943,128.20080842750846
-424242,-16384,-4096,21.641006278992126,1162.4744070084703,909.5381130218583,1.27809312261391,252.936293986612,0.5607657434656801,0.0,2807.25927734375,-3.5413464494312943,0.0
-424242,-12288,-4096,20.837965290407816,679.1620700455368,906.0028716732038,0.7496246328571365,-226.84080162766702,0.42817871722067485,0.26738660147375,572.4334106445312,-3.5413464494312943,126.36106219098113
-424242,-8192,-4096,20.717721493175297,634.4204974476472,922.6431740752428,0.6876119774944646,-288.22267662759555,0.4071852190915593,0.3698167013345768,1707.7330322265625,-3.5413464494312943,183.222092066127
-424242,-4096,-4096,20.805203239555638,807.917072113385,904.8777975656938,0.8928466078920789,-96.9607254523088,0.4714199385278086,0.26579920937284074,543.0579833984375,-3.5413464494312943,121.90578091390257
-424242,0,-4096,21.815346933642367,1395.6752218636566,912.6762448055626,1.529211732864804,482.99897705809394,0.6043580814819154,0.2401953821495856,2876.442138671875,-3.5413464494312943,0.0
-424242,4096,-4096,20.84759133368254,662.9774652958218,908.2802462537952,0.7299261081921296,-245.30278095797337,0.4216722617581512,0.27247520366555406,689.3010864257812,-3.5413464494312943,129.25046966688163
-424242,8192,-4096,20.51799670583167,605.1347192055772,922.4324737503314,0.6560206155202695,-317.2977545447542,0.3958836235621291,0.37073967704417243,1936.991455078125,-3.5413464494312943,194.64270762332092
-424242,12288,-4096,20.796464457759946,870.420620413539,909.6580686701615,0.9568657173414797,-39.23744825662243,0.4887041913130399,0.30993669084142333,819.5999145507812,-3.5413464494312943,135.2502114772126
-424242,16384,-4096,21.729987457170168,1297.2152841349598,911.139774229063,1.4237280830293733,386.07550990589675,0.5871465879710246,0.15664593886615008,2575.9501953125,-3.5413464494312943,0.0
-424242,20480,-4096,20.80587891201667,642.9932668776607,900.0957665464745,0.7143609499961593,-257.1024996688137,0.41642240373391815,0.27986353984727164,286.2167053222656,-3.5413464494312943,110.89962643582967
-424242,24576,-4096,20.595499018318023,628.4222422354684,925.6466317212136,0.6789008037191635,-297.2243894857452,0.40411216040645526,0.3886215803158453,2063.93798828125,-3.5413464494312943,198.6907840083586
-424242,28672,-4096,23.06250506132339,1040.9864846706473,935.125091103821,1.113205596314251,105.86139356682634,0.5265188355709642,0.0,256.0,-3.5413464494312943,0.0
-424242,32768,-4096,21.513749549509413,1105.0363409021509,907.2474918911694,1.2180098052392385,197.7888490109815,0.5488726044995722,0.0,2715.2900390625,-3.5413464494312943,0.0
-424242,-32768,0,22.300778386543612,1481.156704860806,921.414010957785,1.6074822905299473,559.7426939030211,0.6162317984292649,0.11534305009069656,2626.34033203125,0.0,0.0
-424242,-28672,0,22.53055248603458,1121.0686377192499,925.5499447486225,1.2112459668761903,195.5186929706274,0.5474987613992508,0.0,2757.204345703125,0.0,0.0
-424242,-24576,0,22.375992187531637,1264.4818439791645,922.7678593755695,1.370314138200295,341.713984603595,0.5778508010491804,0.04910364878196393,2179.761474609375,0.0,0.0
-424242,-20480,0,22.682261270896987,1488.225976798929,928.2807028761458,1.6032068448561652,559.9452739227831,0.6156036669147711,0.10869800085466626,2691.0458984375,0.0,0.0
-424242,-16384,0,22.573247555162375,1375.9838916040599,926.3184559929227,1.485432879699174,449.6654356111371,0.5973961225887748,0.11271973550872007,2715.2900390625,0.0,0.0
-424242,-12288,0,22.621453975133747,1215.6839986383188,927.1861715524075,1.3111541521406358,288.49782708591135,0.5670511281614443,0.0,2876.442138671875,0.0,0.0
-424242,-8192,0,22.559738875467627,1218.284870374713,926.0752997584173,1.3155354329097466,292.20957061629565,0.5678696227026124,0.046816856593437324,2023.857666015625,0.0,0.0
-424242,-4096,0,22.340356665162943,1431.483823348022,922.126419972933,1.5523726382224685,509.357403375089,0.6079493739605283,0.10947823350083136,2712.271484375,0.0,0.0
-424242,0,0,22.52574253669124,1331.6918871074045,925.4633656604424,1.4389460853018892,406.2285214469621,0.5897255671305746,0.12963341334868192,2715.2900390625,0.0,0.0
-424242,4096,0,22.585331164909835,1244.4061896341861,926.535960968377,1.3430738169445515,317.8702286658091,0.5729462864786475,0.0,2807.25927734375,0.0,0.0
-424242,8192,0,22.38529930161423,1462.0609507961547,922.9353874290562,1.58414226034706,539.1255633670985,0.6127674746909662,0.06437722555137523,1958.0234375,0.0,0.0
-424242,12288,0,22.43151363339971,1396.6268070219717,923.7672454011947,1.5118817147661614,472.85956162077696,0.6016328014470939,0.11085058754695812,2462.129150390625,0.0,0.0
-424242,16384,0,22.55121344710077,1251.9343479294419,925.9218420478139,1.3520950592985286,326.01250588162793,0.5745832853440916,0.0,4978.8544921875,0.0,0.0
-424242,20480,0,22.62681083772147,1238.7584897494908,927.2825950789866,1.3359018020218232,311.4758946705042,0.5716359041007935,0.0,2918.84912109375,0.0,0.0
-424242,24576,0,22.334153460381017,1316.6436544353091,922.0147622868583,1.4280071299180277,394.62889214845086,0.5878769925827669,0.04229547943724101,1683.5771484375,0.0,0.0
-424242,28672,0,22.688364638940836,1448.5196288069408,928.3905635009351,1.5602481172844038,520.1290653060057,0.6091565751695117,0.10721452737874287,2635.681396484375,0.0,0.0
-424242,32768,0,22.443274499937733,1219.4868732378216,923.9789409988791,1.3198210685618872,295.50793223894243,0.5686669683153166,0.11633959357093861,2534.270751953125,0.0,0.0
-424242,-32768,4096,21.529467785199493,1305.665060755653,907.530420133591,1.4387011518175397,398.1346406220621,0.5896792184903585,0.17524610274514843,2807.25927734375,3.5413464494312943,0.0
-424242,-28672,4096,21.011946026648918,637.1908990302899,911.23863072719,0.6992579962526353,-274.0477316969001,0.4112422583878496,0.2988733159658542,689.3010864257812,3.5413464494312943,127.67498371961275
-424242,-24576,4096,20.707847115632077,696.99773199555,921.8050255548657,0.7561227295067127,-224.80729355931567,0.4302979043260804,0.35386137584689226,1664.0,3.5413464494312943,182.72344809509366
-424242,-20480,4096,20.815271289782107,838.6799541421274,901.7015315255579,0.9301081619803767,-63.021577383430554,0.48161758985312647,0.2519896891089219,362.0386657714844,3.5413464494312943,111.41379940203669
-424242,-16384,4096,21.77289148202407,1122.2016283762766,911.9120466764333,1.2306029210451463,210.28958169984332,0.5514196293468527,0.16553552583058814,2977.2041015625,3.5413464494312943,0.0
-424242,-12288,4096,20.859566791298544,649.0772396556645,904.3563560733213,0.7177228703007424,-255.27911641765684,0.4175651127453054,0.2862198361661842,461.51055908203125,3.5413464494312943,116.32060371501566
-424242,-8192,4096,20.633558503318454,605.8259485652305,926.3317024512213,0.6540054140024772,-320.50575388599077,0.3951491538809335,0.39381317798894544,2063.93798828125,3.5413464494312943,207.97502791195188
-424242,-4096,4096,20.765220888511486,820.5077219456989,912.7359530858809,0.8989540941951872,-92.22823114018195,0.4731213576031972,0.3263450320175562,1031.968994140625,3.5413464494312943,150.71828728298874
-424242,0,4096,21.752969882954716,1183.4273223286,911.5534578931849,1.2982533411301842,271.87386443541504,0.5646174494994064,0.14514287849032864,2235.423828125,3.5413464494312943,0.0
-424242,4096,4096,20.823484744804325,628.2954488047452,902.6511279944849,0.6960556845485757,-274.3556791897397,0.4101288245426111,0.28559486120775607,404.77154541015625,3.5413464494312943,115.52485083153692
-424242,8192,4096,20.560191763718638,620.9134909458731,925.0111011384246,0.6712497722261991,-304.09761019255143,0.4013857521711939,0.38234936523994056,2063.93798828125,3.5413464494312943,200.43725633231853
-424242,12288,4096,22.899550229418757,1109.4293189297273,932.1919041295376,1.1901297511971962,177.23741480018964,0.543140013628233,0.0,128.0,3.5413464494312943,0.0
-424242,16384,4096,21.812510458456227,1318.2065192047594,912.6251882522121,1.4444117214530148,405.5813309525473,0.5906388527416213,0.15848519354834759,2810.17578125,3.5413464494312943,0.0
-424242,20480,4096,20.907646235934504,627.118327135472,899.9039506814664,0.6968725125171156,-272.78562354599444,0.410411769670941,0.2655057921384831,181.0193328857422,3.5413464494312943,105.0427148821153
-424242,24576,4096,20.56036820997513,652.5150378293265,928.971959358161,0.7024055260830022,-276.4569215288345,0.4123351654636179,0.4131723802857428,2349.767578125,3.5413464494312943,215.42372981493196
-424242,28672,4096,20.85604010448458,822.1044005414931,910.7304303112048,0.9026868688911301,-88.62602976971175,0.4741538155264669,0.29282402441442756,819.5999145507812,3.5413464494312943,138.14692547874643
-424242,32768,4096,21.819461537669678,1227.2854336398498,912.7503076780542,1.34460150088795,314.53512596179553,0.5732204325017014,0.0,2635.681396484375,3.5413464494312943,0.0
-424242,-32768,8192,20.911162699860714,999.1135996377882,896.4009285974928,1.1145834054422494,102.71267104029539,0.5268156846483374,0.266470913901595,1936.991455078125,6.81455190771961,0.0
-424242,-28672,8192,19.54875798273807,563.8307592898801,908.3794435742957,0.6206996022183375,-344.5486842844156,0.38272254576685355,0.44234739944162277,2176.0,6.81455190771961,202.55541079262656
-424242,-24576,8192,19.174059465777837,637.6653907988036,937.1949815426806,0.6803977863274163,-299.52959074387695,0.4046458696409325,0.6945969631270186,5505.48828125,6.81455190771961,377.2917069322868
-424242,-20480,8192,19.814871298751807,921.1646009747357,903.8530426939369,1.0191530674380445,17.31155828079875,0.5044664295378951,0.5538282222656165,1541.3240966796875,6.81455190771961,174.14949564239402
-424242,-16384,8192,20.702751582886656,1127.4383292632983,892.6495284919598,1.263024617475562,234.78880077133852,0.557837367107583,0.28730861969552124,2176.0,6.81455190771961,0.0
-424242,-12288,8192,19.70808747645041,529.0746413081301,909.4469432078005,0.5817542686349338,-380.37230189967033,0.36753505261683356,0.426298366672369,2048.0,6.81455190771961,192.46814963979688
-424242,-8192,8192,19.144541946803702,684.4548974327903,937.5726586489978,0.7300286448402415,-253.11776121620755,0.4217148962554638,0.7095701789284818,5620.3515625,6.81455190771961,379.0478799120866
-424242,-4096,8192,19.701088411175366,932.3931571685458,912.883820139611,1.0213711061566972,19.50933702893485,0.5050126111240149,0.5997632665097259,2304.0,6.81455190771961,213.42775203624902
-424242,0,8192,20.741626261410342,1056.6459804325377,893.3492727053862,1.182791560609469,163.29670772715156,0.5415933117894874,0.2526973914759008,1796.5655517578125,6.81455190771961,0.0
-424242,4096,8192,19.58978131666347,607.1240871746925,904.2007767440722,0.671448314124303,-297.0766895693797,0.4014508401333171,0.3843733506235963,1832.68115234375,6.81455190771961,188.7740233596386
-424242,8192,8192,22.001560836512034,688.453369472354,930.4456895598594,0.739917844960969,-241.9923200875054,0.42499769700691176,0.45892622603876615,768.0,6.81455190771961,133.13373320637643
-424242,12288,8192,19.67559072107184,924.2495436809343,910.8190521691207,1.0147455100767038,13.430491511813557,0.50338508363465,0.5817000354010888,2187.264892578125,6.81455190771961,209.52382366726616
-424242,16384,8192,20.871485546758777,1150.4532121657285,895.686739841658,1.28443702579443,254.7664723240705,0.5619807336755926,0.26179061818685034,1810.193359375,6.81455190771961,0.0
-424242,20480,8192,19.85867107170399,610.4247129668111,910.0688686281632,0.6707456259733009,-299.6441556613521,0.4012009780066938,0.4487489454181186,1902.8568115234375,6.81455190771961,196.82380983266415
-424242,24576,8192,18.900046573524776,647.2204239454464,933.1945811639582,0.6935535600069378,-285.9741572185118,0.40926665160905734,0.6989957208425073,5623.26611328125,6.81455190771961,380.62611480560486
-424242,28672,8192,19.940253922889003,970.9420498933802,911.8485605899964,1.064806253864291,59.09348930338376,0.5154193064186887,0.569598606544766,1924.261962890625,6.81455190771961,191.73409521814023
-424242,32768,8192,20.755793830884084,1115.0071983245255,893.6042889559135,1.2477639287377402,221.40290936861197,0.5548371938465774,0.25070046687516784,2176.0,6.81455190771961,0.0
-424242,-32768,12288,19.71545432039623,1268.5073976237113,874.8781777671321,1.44992460648773,393.6292198565792,0.5915481861943175,0.23028714013513893,2807.25927734375,9.848959817611854,0.0
-424242,-28672,12288,19.394063210847154,571.3505586678976,871.6260242780953,0.655499655533009,-300.27546561019767,0.3956785486799456,0.3063560834444692,128.0,9.848959817611854,98.90359621279919
-424242,-24576,12288,18.671716500931574,686.2487076991551,887.6756100608981,0.7730850097954992,-201.42690236174292,0.4357344032094044,0.4029965645261912,1832.68115234375,9.848959817611854,188.33723003477917
-424242,-20480,12288,21.154400542251626,1188.7991234387684,900.7792097605293,1.3197452944710044,288.01991367823916,0.5686460557636701,0.18130106574983465,286.2167053222656,9.848959817611854,0.0
-424242,-16384,12288,19.730598081188614,1247.0528051860383,875.150765461395,1.4249576808957825,371.90203972464326,0.5873449076791876,0.22840936206682316,2721.3173828125,9.848959817611854,0.0
-424242,-12288,12288,21.01012170326012,476.30335282265366,898.1821906586822,0.5302970352522315,-421.87883783602854,0.3462801590899576,0.3019768372499023,128.0,9.848959817611854,0.0
-424242,-8192,12288,18.67288795735376,746.4579742633587,894.4245952257087,0.8345678084523038,-147.96662096235002,0.45463542164020093,0.4800679860940253,2307.552734375,9.848959817611854,210.32214447406142
-424242,-4096,12288,18.943454674126805,1061.4291647270593,871.366323387975,1.218120480718256,190.06284133908434,0.5488838769407237,0.5455757478936423,543.0579833984375,9.848959817611854,126.1005413311461
-424242,0,12288,19.74697403040611,1323.1792868132002,875.44553254731,1.5114353065039992,447.7337542658902,0.601547716304585,0.3407228131744659,2428.629150390625,9.848959817611854,0.0
-424242,4096,12288,19.078342513416704,545.0120057326777,880.5207379907775,0.6189655532433196,-335.5087322580998,0.3820536248681668,0.3254743180487008,923.0211181640625,9.848959817611854,139.85576127523342
-424242,8192,12288,19.267845360595206,663.1320561009854,891.9210864302223,0.7434873624919779,-228.78903032923688,0.42616285907965756,0.39576629895872234,1408.0,9.848959817611854,164.80579293255133
-424242,12288,12288,19.362188805029515,1100.7691274502442,877.4035523204789,1.2545756448546714,223.36557512976538,0.5561763956734501,0.44096864684508036,461.51055908203125,9.848959817611854,114.74339511324825
-424242,16384,12288,20.02434048687987,1349.4181614248255,880.4381287638377,1.5326666546341539,468.98003266098783,0.6048879828609245,0.22140501540508695,2700.162841796875,9.848959817611854,0.0
-424242,20480,12288,20.938202535708633,525.7848388936806,896.8876456427554,0.5862326696638533,-371.10280674907483,0.3693158676624154,0.2773715207354612,181.0193328857422,9.848959817611854,0.0
-424242,24576,12288,18.863878773002245,683.501053400815,887.930325727171,0.7697687910828606,-204.429272326356,0.43467782599191074,0.43641333437204205,1619.086181640625,9.848959817611854,174.34151017393305
-424242,28672,12288,19.33680832991767,1056.0873119717269,878.4466891922104,1.2022212901079616,177.64062277951643,0.545630979014911,0.4548040059662605,543.0579833984375,9.848959817611854,117.64173658352918
-424242,32768,12288,19.905509010600802,1218.4058598993006,878.2991621908145,1.3872333167893838,340.1066977084861,0.5808280225621537,0.22377680946697315,2807.25927734375,9.848959817611854,0.0
-424242,-32768,16384,18.839431327337973,1216.2868384636918,859.1097638920835,1.4157525494221654,357.1770745716083,0.5857680739237167,0.0,2715.2900390625,12.6697827880121,0.0
-424242,-28672,16384,18.948703107812936,1121.4741395343888,861.0766559406329,1.3024091778557159,260.39748359375585,0.5653871542350987,0.0,2550.3818359375,12.6697827880121,0.0
-424242,-24576,16384,19.212670540062387,1438.508557106364,865.828069721123,1.6614251806016143,572.6804873852409,0.6239906746660173,0.04510040664929122,1920.0,12.6697827880121,0.0
-424242,-20480,16384,19.16169452703096,1465.7887425555798,864.9105014865572,1.6947288072422158,600.8782410690226,0.6286354238441786,0.11545851853294915,2921.654296875,12.6697827880121,0.0
-424242,-16384,16384,18.89682569784781,1369.8416034085828,860.1428625612606,1.5925745164350775,509.69874084732226,0.6140076832911033,0.12734339871224892,2626.34033203125,12.6697827880121,0.0
-424242,-12288,16384,19.177049717732647,1129.3557637274128,865.1868949191876,1.3053315651907784,264.16886880822517,0.5659391739053851,0.0,2591.802490234375,12.6697827880121,0.0
-424242,-8192,16384,19.105686939033365,1299.5855300030223,863.9023649026005,1.5043199125280116,435.6831651004218,0.6004124731128088,0.057408837454861326,1792.0,12.6697827880121,0.0
-424242,-4096,16384,18.852377458108958,1461.3947364733192,859.3427942459612,1.7005957881518452,602.051942227358,0.6294401141978245,0.1046461100615498,2807.25927734375,12.6697827880121,0.0
-424242,0,16384,19.13938544015492,1347.8066384771103,864.5089379227886,1.5590430351311024,483.29770055432164,0.6089536679037,0.12630000544527376,2626.34033203125,12.6697827880121,0.0
-424242,4096,16384,18.990293364224435,1111.321929873846,861.8252805560398,1.2894979469119703,249.49664931780626,0.5629377201469424,0.0,2700.162841796875,12.6697827880121,0.0
-424242,8192,16384,18.94542870503619,1326.0539657444647,861.0177166906515,1.5401006739340912,465.0362490538132,0.6060377164009053,0.05760444771129146,1936.991455078125,12.6697827880121,0.0
-424242,12288,16384,19.07148012365215,1276.7965922111914,863.2866422257387,1.478994959216947,413.50994998545275,0.596332067654048,0.09750208084896425,2715.2900390625,12.6697827880121,0.0
-424242,16384,16384,18.956776505889675,1362.2540747077883,861.2219771060142,1.5817688249031974,501.0320976017741,0.6123932301258214,0.0,2626.34033203125,12.6697827880121,0.0
-424242,20480,16384,19.19438198035643,1222.98230609027,865.4988756464157,1.4130374290513783,357.4834304438542,0.5853042931326045,0.0,2810.17578125,12.6697827880121,0.0
-424242,24576,16384,19.221034549441832,1391.8154111523866,865.978621889953,1.6072168249544339,525.8367892624335,0.6161763271871976,0.04912978814890161,2048.0,12.6697827880121,0.0
-424242,28672,16384,19.15139908405138,1303.9696854667563,864.7251835129248,1.5079584940147246,439.24450195383156,0.6009921966953631,0.1090557624789807,2807.25927734375,12.6697827880121,0.0
-424242,32768,16384,18.963812582168085,1358.0441806797019,861.3486264790256,1.5766486866427611,496.69555420067627,0.6116233921769413,0.11511723620218711,2626.34033203125,12.6697827880121,0.0
-424242,-32768,20480,18.099667716868943,1223.217523989202,845.794018903641,1.4462357224691604,377.4235050855609,0.5909230449409738,0.45141951759483373,2663.507568359375,15.298804780876495,0.0
-424242,-28672,20480,17.64247702925545,690.4241346542029,842.5768968761662,0.8194197315567683,-152.15276222196326,0.4500806195452251,0.25704038320882255,256.0,15.298804780876495,106.5952396926447
-424242,-24576,20480,17.123338626193664,638.3346508949768,864.7742248116703,0.7381518002967685,-226.43957391669346,0.4243939127046771,0.40003010489430224,2179.761474609375,15.298804780876495,208.96095538573474
-424242,-20480,20480,17.406482513958274,945.0125436527092,838.9066313814233,1.1264811938565342,106.10591227128589,0.5294427651799068,0.24500018602025875,286.2167053222656,15.298804780876495,106.3340064208371
-424242,-16384,20480,18.10039918193399,1234.8089367696086,845.8071852748119,1.4599177664450862,389.00175149479674,0.5931972392473902,0.1769799588560213,2807.25927734375,15.298804780876495,0.0
-424242,-12288,20480,17.54451076084259,616.325947307278,848.824795942676,0.7260932412121719,-232.49884863539796,0.4203701086977554,0.27765611005767,689.3010864257812,15.298804780876495,131.67232311999436
-424242,-8192,20480,16.96332228718039,780.5091127364697,863.6040299077014,0.9037812304093664,-83.09491717123171,0.474440992843791,0.539153192856007,2304.0,15.298804780876495,212.90381213794325
-424242,-4096,20480,17.526151920195584,819.4398713203909,842.4973828730006,0.9726319487498214,-23.05751155260964,0.4927665606468481,0.2521026910698292,362.0386657714844,15.298804780876495,110.7949100190595
-424242,0,20480,18.249881181277686,1146.9039348198544,848.4978612629984,1.351687478755309,298.406073556856,0.5744855254439255,0.16716299612997193,2721.3173828125,15.298804780876495,0.0
-424242,4096,20480,17.28785497802216,655.1465539813903,841.5655288580913,0.7784854910470842,-186.418974876701,0.4374315741242545,0.2941004982565291,543.0579833984375,15.298804780876495,122.70990543710225
-424242,8192,20480,17.089477596145084,691.8575799442115,859.6513395102385,0.8048118442278905,-167.793759566027,0.4456383929744697,0.37422932310891033,1863.7081298828125,15.298804780876495,196.30837618177722
-424242,12288,20480,17.547015958014672,855.6201024354899,851.8470676504925,1.0044292396232624,3.773034784997435,0.5008115563569354,0.29813121366412176,858.6500854492188,15.298804780876495,135.0989765432515
-424242,16384,20480,18.378389255420913,1298.0151037848411,850.8110065975765,1.5256209589667273,447.20409718726467,0.6037767880463347,0.1747442787547012,2521.3076171875,15.298804780876495,0.0
-424242,20480,20480,17.463939733156334,661.7850806192182,845.2704116426771,0.7829270627527608,-183.4853310234589,0.4388333745110553,0.28526652283408566,572.4334106445312,15.298804780876495,122.67037927719645
-424242,24576,20480,17.16700396344957,700.0842521988965,863.9337207335814,0.8103448625716827,-163.8494685346849,0.4473330430110667,0.3823489252986962,2063.93798828125,15.298804780876495,198.62939248837506
-424242,28672,20480,17.671149284456767,1067.9264638937464,841.6470055548672,1.268853161533797,226.27945833887918,0.5589559789092785,0.0,181.0193328857422,15.298804780876495,103.16466357530518
-424242,32768,20480,18.13411363289396,1325.2296141217141,846.4140453920913,1.5656989877900918,478.8155687296228,0.609961789324566,0.14372897869356666,2977.2041015625,15.298804780876495,0.0
-424242,-32768,24576,17.590001151264012,999.9755563972082,836.6200207227522,1.1952565461358835,163.35553567445595,0.544176079246151,0.26793389204451024,1664.0,17.754944772668892,0.0
-424242,-28672,24576,16.096567785948068,563.3418482954625,851.4164909873878,0.6616524982293388,-288.0746426919253,0.39790819708738023,0.43013482950549986,2560.0,17.754944772668892,221.1536296768291
-424242,-24576,24576,14.968986494007941,712.2123516397721,863.4946105751295,0.8248023125070856,-151.2822589353574,0.4517087630787662,0.7114608260910692,5760.0,17.754944772668892,399.77833011759066
-424242,-20480,24576,16.258231879764807,875.9431259986932,843.6313773829091,1.0383007904661166,32.31174861578404,0.5090992132436707,0.5657384978977789,1792.0,17.754944772668892,185.87152623933625
-424242,-16384,24576,17.55000363218547,1154.6508120185579,835.9000653793385,1.3813263807971683,318.7507466392194,0.5797746997692531,0.2644435729524274,2111.030029296875,17.754944772668892,0.0
-424242,-12288,24576,16.444974236217323,504.5494436995698,847.5942492960415,0.5952723772236738,-343.04480559647175,0.37287203591999174,0.41603090440766344,1832.68115234375,17.754944772668892,187.77329459723006
-424242,-8192,24576,14.926832595964568,653.6775184190435,863.3693971959474,0.7571237995486735,-209.69187877690388,0.43060429272320994,0.6887662660108408,5843.30859375,17.754944772668892,398.06892411174783
-424242,-4096,24576,16.150563204843216,944.3969943548298,848.0348197273332,1.1136299741306372,96.36217462749653,0.5265865069077914,0.5970235709242014,2235.423828125,17.754944772668892,217.99058691246844
-424242,0,24576,17.636506541837083,1086.076368877454,837.4571177530675,1.2968740080583974,248.61925112438644,0.5643322791846868,0.30800391201172655,1683.5771484375,17.754944772668892,0.0
-424242,4096,24576,16.034944646663675,533.9017630308211,846.6986558573939,0.630568809029436,-312.79689282657273,0.3864371751279984,0.4610233015491187,2289.733642578125,17.754944772668892,206.39035450765056
-424242,8192,24576,15.060271860906115,712.654231603438,865.3545221751767,0.8235401946153729,-152.70029057173872,0.45133013347648343,0.7271376643931743,5788.37451171875,17.754944772668892,400.2518752321977
-424242,12288,24576,16.281896677167882,941.139969177656,848.001789580511,1.1098325271733431,93.13817959714504,0.5257348836052688,0.5949730904078473,2063.93798828125,17.754944772668892,203.2344241472622
-424242,16384,24576,17.379326954839765,1068.230402179759,832.8278851871157,1.2826544609991706,235.4025169926433,0.5616181214186501,0.27134150440167365,2048.0,17.754944772668892,0.0
-424242,20480,24576,16.401047716784674,516.7573530022627,846.4715727293659,0.6104840016493743,-329.7142197271032,0.378790790354433,0.44994618829344896,1810.193359375,17.754944772668892,183.3901027239977
-424242,24576,24576,15.071262033099831,704.8463248021756,864.1735053655516,0.8156305654198696,-159.32718056337603,0.44894103326508683,0.7090447904734439,5610.13916015625,17.754944772668892,378.94391541507474
-424242,28672,24576,16.323894147637585,946.0647231939398,849.9087550915971,1.1131368132476525,96.15596810234274,0.5264767313630944,0.5752788044592009,2145.6708984375,17.754944772668892,207.44909382551583
-424242,32768,24576,17.414728364626463,1052.9917270385956,833.4651105632763,1.263390289159144,219.52661647531932,0.5578891692042534,0.31257541807344325,1920.0,17.754944772668892,0.0
-424242,-32768,28672,16.63588773690449,1254.7408659006667,819.4459792642808,1.5312063243353815,435.29488663638585,0.6046399478794561,0.24099815725877777,2691.0458984375,20.054712758020393,0.0
-424242,-28672,28672,15.81189636105588,514.3069747811168,816.7551067224127,0.6296954503841409,-302.44813194129597,0.3860983522634369,0.29625623222171144,640.0,20.054712758020393,125.3723715437574
-424242,-24576,28672,15.432412085895594,658.8804982791562,832.4847861778138,0.7914625098487064,-173.60428789865762,0.44150082097286547,0.48269691702510287,2048.0,20.054712758020393,199.38650846775067
-424242,-20480,28672,15.885783129153838,950.5460736868479,818.0850685481761,1.1619159305446622,132.4610051386718,0.5371436176729569,0.44952925875698324,640.0,20.054712758020393,128.18557552879744
-424242,-16384,28672,16.669144493749034,1288.2663428385886,820.0446008874826,1.5709710684569829,468.22174195110597,0.6107522206104342,0.21769796715783393,2807.25927734375,20.054712758020393,0.0
-424242,-12288,28672,15.899450434847015,480.04274855101056,816.2943612245898,0.58807554156182,-336.25161267357925,0.3700215964947178,0.29216756910242503,527.7575073242188,20.054712758020393,119.39272476621193
-424242,-8192,28672,15.690602708382732,674.7870903612076,836.2619465377668,0.8069087600540882,-161.47485617655923,0.4462732847243582,0.42179643167709596,1987.0943603515625,20.054712758020393,190.56412750438963
-424242,-4096,28672,15.908210634540243,1299.091979136462,808.8806779045709,1.6060366066621814,490.21130123189107,0.6159833200299222,0.19095306477763685,128.0,20.054712758020393,102.45701760785595
-424242,0,28672,16.604700342388917,1130.6524426361154,818.8846061630005,1.3807225512932124,311.7678364731149,0.5796621209180428,0.2516480094554768,2807.25927734375,20.054712758020393,0.0
-424242,4096,28672,16.126719119922864,529.0908376283647,813.8472625932569,0.6501107295519563,-284.7564249648922,0.3936869097922852,0.320708167025566,181.0193328857422,20.054712758020393,104.71743347474121
-424242,8192,28672,15.4108895865711,705.8618231927825,837.1597774153206,0.8431626103347768,-131.29795422253812,0.4571579976049449,0.4972840605174296,2415.09912109375,20.054712758020393,214.02840971200663
-424242,12288,28672,16.145540895467626,937.6575917304866,819.5038899483648,1.144177109140466,118.15370178212186,0.5333171051131926,0.44387122015485186,461.51055908203125,20.054712758020393,116.72112096598548
-424242,16384,28672,16.886467492535697,1114.0715080396697,823.9564148656425,1.352100047939228,290.11509317402715,0.5745515548690078,0.22192239476573733,2862.1669921875,20.054712758020393,0.0
-424242,20480,28672,16.146313064379115,495.09720985555947,821.0177744125165,0.6030286131257375,-325.920564556957,0.37589520715284114,0.2891140322277089,543.0579833984375,20.054712758020393,117.03328033294395
-424242,24576,28672,15.420871011205014,762.8248625351283,829.1603912458199,0.9199967468163525,-66.33552871069162,0.4788649868067294,0.41720381155344105,1832.68115234375,20.054712758020393,188.83925694426966
-424242,28672,28672,17.537720681920717,1391.8313376382857,835.678972274573,1.6655095842006922,556.1523653637128,0.6245568312819295,0.19004954261866547,128.0,20.054712758020393,0.0
-424242,32768,28672,16.74484476321007,1319.7293777458544,821.4072057377813,1.6066688586697802,498.32217200807315,0.6160808736106141,0.24414140673768497,2985.447265625,20.054712758020393,0.0
-424242,-32768,32768,16.0998250532752,1271.4356677891617,809.7968509589537,1.5700674388688223,461.63881683020804,0.6106117622990429,0.1250727901862328,2534.270751953125,22.21258134490239,0.0
-424242,-28672,32768,15.90729211280304,1226.1444141273557,806.3312580304547,1.5206460147933951,419.813156096901,0.6029796328107727,0.0,2715.2900390625,22.21258134490239,0.0
-424242,-24576,32768,16.07967315885223,1198.0386003915635,809.4341168593402,1.4800940254903454,388.6044835322233,0.5964923447062693,0.03489689980765593,2051.99609375,22.21258134490239,0.0
-424242,-20480,32768,16.190496964464103,1261.4670576321325,811.4289453603539,1.5546241785495065,450.0381122717787,0.6082595539081632,0.108339691962653,2638.78759765625,22.21258134490239,0.0
-424242,-16384,32768,16.252159964514213,1542.7254555991717,812.5388793612558,1.8986481690721337,730.1865762379159,0.6547336106180468,0.19363370092049184,2534.270751953125,22.21258134490239,0.0
-424242,-12288,32768,15.899393815411882,1163.235463432572,806.1890886774138,1.4428816759860983,357.04637475515824,0.590347629492815,0.0,2691.0458984375,22.21258134490239,0.0
-424242,-8192,32768,16.265814056340698,1215.8795228212384,812.7846530141326,1.4959430130874984,403.09486980710585,0.5990545319256106,0.05870207752062519,1987.0943603515625,22.21258134490239,0.0
-424242,-4096,32768,15.886303382594951,1498.5037253477258,805.9534608867091,1.8592931205966579,692.5502644610167,0.649981155275875,0.11996150315369025,2807.25927734375,22.21258134490239,0.0
-424242,0,32768,16.230849954248722,1369.3333163788714,812.155299176477,1.6860486138148347,557.1780172023944,0.6274183089062462,0.1423564426489913,2715.2900390625,22.21258134490239,0.0
-424242,4096,32768,16.22083002335344,1227.3944396851355,811.9749404203619,1.5116161578209661,415.41949926477355,0.6015550182495255,0.0,2638.78759765625,22.21258134490239,0.0
-424242,8192,32768,16.094022269468685,1189.1843402365348,809.6924008504363,1.468686551815863,379.49193938609847,0.5946288167690726,0.049257644736874405,1668.915771484375,22.21258134490239,0.0
-424242,12288,32768,16.20340469857205,1278.5412810275325,811.6612845742969,1.5752153088071787,466.87999645323555,0.6113904516273294,0.10643782331698017,2691.0458984375,22.21258134490239,0.0
-424242,16384,32768,16.19084200382925,1308.442286714855,811.4351560689265,1.612503817376765,497.00713064592856,0.6169344160676462,0.0,2715.2900390625,22.21258134490239,0.0
-424242,20480,32768,16.0793840315288,1286.345299621331,809.4289125675184,1.5892010770174096,476.9163870538125,0.6134877528269954,0.0,2807.25927734375,22.21258134490239,0.0
-424242,24576,32768,16.03913367867495,1264.3150466508685,808.7044062161491,1.5633834030489313,455.61064043471936,0.6095965227824379,0.05273115878373357,1664.0,22.21258134490239,0.0
-424242,28672,32768,16.261109196850178,1505.1932123384254,812.6999655433033,1.8520896716565984,692.4932467951221,0.6490998493140572,0.11610708021696331,2715.2900390625,22.21258134490239,0.0
-424242,32768,32768,16.139138875041862,1353.2623588423444,810.5044997507534,1.6696543440024083,542.757859091591,0.6251307633755269,0.13111774890712724,2534.270751953125,22.21258134490239,0.0
987654321012345,-32768,-32768,15.906875409677236,1400.6665277819156,806.3237573741902,1.7371018960711448,594.3427704077254,0.634362631574209,0.12668332582097894,2626.34033203125,-22.21258134490239,0.0
987654321012345,-28672,-32768,16.04660848670284,1112.593265596485,808.8389527606512,1.3755436255871318,303.75431283583384,0.5787425194877769,0.0,2807.25927734375,-22.21258134490239,0.0
987654321012345,-24576,-32768,16.098201893275423,1351.3280409316699,809.7676340789576,1.6687849502267296,541.5604068527123,0.625008438132613,0.06285172869337106,1557.187255859375,-22.21258134490239,0.0
987654321012345,-20480,-32768,16.17777221786278,1488.121541108588,811.19989992153,1.834469581730149,676.921641187058,0.6469189542667503,0.12397894107464748,2807.25927734375,-22.21258134490239,0.0
987654321012345,-16384,-32768,16.06690259814314,1232.1656272344812,809.2042467665765,1.522688038474806,422.96138046790475,0.6033019008553213,0.13472961264429262,2715.2900390625,-22.21258134490239,0.0
987654321012345,-12288,-32768,16.13098253987938,1137.4513361196375,810.3576857178289,1.4036410787071927,327.09365040180865,0.5836648554957802,0.0,2428.629150390625,-22.21258134490239,0.0
987654321012345,-8192,-32768,16.101104175062854,1419.244183544455,809.8198751511313,1.7525430371532815,609.4243083933236,0.6364140877525296,0.03788050272956572,1541.3240966796875,-22.21258134490239,0.0
987654321012345,-4096,-32768,15.93087734267843,1470.3383445973118,806.7557921682118,1.8225321204644545,663.5825524291,0.6454247525894268,0.12481008017752485,2575.9501953125,-22.21258134490239,0.0
987654321012345,0,-32768,16.155526683569768,1479.401282963677,810.7994803042559,1.8246204134325856,668.6018026594211,0.6456881940164908,0.1350517833264441,2715.2900390625,-22.21258134490239,0.0
987654321012345,4096,-32768,15.945184480275742,1133.0732638832496,807.0133206449634,1.404032913580286,326.0599432382862,0.5837314383163626,0.0,2524.5546875,-22.21258134490239,0.0
987654321012345,8192,-32768,15.968424463141842,1467.1015107283233,807.4316403365531,1.8169977957722925,659.6698703917702,0.6447286914021739,0.06818066048860112,1541.3240966796875,-22.21258134490239,0.0
987654321012345,12288,-32768,15.962945776363076,1464.55491228533,807.3330239745353,1.8140654089377677,657.2218883107946,0.6443586104360771,0.10978506866855438,2458.7998046875,-22.21258134490239,0.0
987654321012345,16384,-32768,16.034349707122164,1374.3929997442744,808.618294728199,1.6996808119537408,565.7747050160755,0.6292975696704195,0.12049159389932552,2534.270751953125,-22.21258134490239,0.0
987654321012345,20480,-32768,16.218972730344618,1203.0987983510352,811.9415091462031,1.4817555018416948,391.15728920483207,0.5967632660304255,0.0,2715.2900390625,-22.21258134490239,0.0
987654321012345,24576,-32768,16.181241945515335,1313.5269143819346,811.262355019276,1.6191148353613973,502.2645593626586,0.617900811378132,0.04096897976720821,2176.0,-22.21258134490239,0.0
987654321012345,28672,-32768,16.017260969381685,1281.3721337968361,808.3106974488703,1.5852470316686478,473.0614363479658,0.6128964731744351,0.0979556643625169,2810.17578125,-22.21258134490239,0.0
987654321012345,32768,-32768,16.135801681375703,1447.6583720494843,810.4444302647627,1.7862524782563456,637.2139417847217,0.6408111975101305,0.18271061102421307,5277.5751953125,-22.21258134490239,0.0
987654321012345,-32768,-28672,16.79462275200298,1065.4148301298364,822.3032095360536,1.295647174636406,243.11162059378285,0.5640941674482581,0.24100998003030474,2485.310546875,-20.054712758020393,0.0
987654321012345,-28672,-28672,15.905121230461575,488.3154232024309,814.1205847363154,0.5998072427570307,-325.80516153388453,0.37463705178334983,0.28741834052036086,404.77154541015625,-20.054712758020393,114.9586714372336
987654321012345,-24576,-28672,15.487182327938154,716.9700503986619,835.4796648565073,0.8581538014115528,-118.50961445784537,0.46153412199820876,0.45425195072144986,2191.007080078125,-20.054712758020393,209.32463977517912
987654321012345,-20480,-28672,15.812626822391525,1054.9692183717023,816.7682550264544,1.291638370956928,238.20096334524783,0.5633300093351679,0.4794031769138054,640.0,-20.054712758020393,129.84827703858474
987654321012345,-16384,-28672,16.767177944845056,1133.9521115494272,821.809203007211,1.3798240606213767,312.1429085422162,0.5795045635427218,0.2378482656463237,2807.25927734375,-20.054712758020393,0.0
987654321012345,-12288,-28672,15.798687887183952,537.3902295639351,820.3771623755395,0.6550526443323114,-282.98693281160433,0.395498326462542,0.30642795291871316,858.6500854492188,-20.054712758020393,140.22408276001522
987654321012345,-8192,-28672,15.324882420153394,631.8878452662943,836.9339161825023,0.7550032721203576,-205.046070916208,0.4299078036805261,0.4680009031846867,2514.801025390625,-20.054712758020393,226.94069079827898
987654321012345,-4096,-28672,15.788479534895611,1062.19891167874,811.2192799376011,1.3093856839305449,250.97963174113886,0.5666819263863357,0.4501790850535291,362.0386657714844,-20.054712758020393,117.63208309513013
987654321012345,0,-28672,16.771083895063857,1255.8902364984554,821.8795101111494,1.528070989783662,434.0107263873059,0.6041507187348503,0.2365229774838889,2807.25927734375,-20.054712758020393,0.0
987654321012345,4096,-28672,15.969041137306055,513.66936340013,813.0326866016834,0.6317942339405404,-299.3633232015534,0.38688602115167964,0.31102083611368336,286.2167053222656,-20.054712758020393,110.12375057173995
987654321012345,8192,-28672,15.35463294351237,766.216011309033,836.7736181770548,0.9156789777601564,-70.55760686802182,0.4776938686034558,0.5715371093482492,2462.129150390625,-20.054712758020393,220.99784461281462
987654321012345,12288,-28672,15.966354858611982,1153.20915098778,819.5353596784227,1.4071499629256847,333.6737913093574,0.5842747856958116,0.5197704603597554,640.0,-20.054712758020393,121.8894080581213
987654321012345,16384,-28672,16.888235245431986,1278.8431615259,823.9882344177757,1.552016288714998,454.85492710812434,0.6078639020178105,0.2371160244032745,2715.2900390625,-20.054712758020393,0.0
987654321012345,20480,-28672,17.892431424237675,529.218645653577,842.0637656362782,0.6284781120509206,-312.84511998270114,0.38564849428926684,0.2915064497476996,181.0193328857422,-20.054712758020393,0.0
987654321012345,24576,-28672,15.336658152203663,791.9874574361536,828.483683395509,0.955948165678077,-36.496225959355456,0.4884375907115672,0.44802563769556014,1889.8973388671875,-20.054712758020393,186.69025773607444
987654321012345,28672,-28672,17.87952800186652,1263.641677422616,841.8315040335974,1.5010624707770313,421.8101733890187,0.5998850061547213,0.1694539651499127,128.0,-20.054712758020393,0.0
987654321012345,32768,-28672,16.711710127141945,1307.4297260991996,820.810782288555,1.5928515491157065,486.6189438106446,0.6140357188156146,0.2076427973793571,2985.447265625,-20.054712758020393,0.0
987654321012345,-32768,-24576,17.547863959575455,934.5000528786605,835.8615512723582,1.1180081814460225,98.63850160630238,0.5275602963780789,0.26430937060757814,1536.0,-17.754944772668892,0.0
987654321012345,-28672,-24576,16.265513694403413,518.7162822491273,853.1694716930937,0.6079873922583606,-334.4531894439664,0.37782916805687666,0.45795739902388033,2462.129150390625,-17.754944772668892,222.97363309558523
987654321012345,-24576,-24576,15.374054382672226,654.832909931547,870.7094635581932,0.7520682125763776,-215.87655362664623,0.42896477772482094,0.6900781372840469,5750.03564453125,-17.754944772668892,386.8249877460605
987654321012345,-20480,-24576,16.350833671762935,826.4748241243049,843.378783565221,0.9799568595151777,-16.903959440916196,0.4946422716632626,0.5511296199402106,1664.0,-17.754944772668892,181.83860367363218
987654321012345,-16384,-24576,17.558313935306913,1040.0681265755127,836.0496508355244,1.2440267459427774,204.01847573998828,0.5540771810333596,0.27986872354150977,1987.0943603515625,-17.754944772668892,0.0
987654321012345,-12288,-24576,16.32469344887617,565.7374333277176,847.6755798666486,0.6673985269420125,-281.93814653893105,0.39998036503498635,0.46226226708215423,1987.0943603515625,-17.754944772668892,196.41458913067663
987654321012345,-8192,-24576,15.065087627861386,597.066880646298,865.9002983019199,0.6895330580404931,-268.8334176556218,0.4078417120493498,0.675137986794532,5848.91357421875,-17.754944772668892,386.72367653250444
987654321012345,-4096,-24576,16.316923548565466,829.8244746501175,851.9688526126328,0.9740079958385712,-22.14437796251525,0.4931232262490124,0.6007279259616073,2304.0,-17.754944772668892,214.3015241662488
987654321012345,0,-24576,17.448495618500253,1097.8174612903342,834.0729211330046,1.3162128076272506,263.74454015732965,0.5679667462124564,0.30225322105572844,1740.98828125,-17.754944772668892,0.0
987654321012345,4096,-24576,16.155333314851617,492.05114057906474,843.9045327126905,0.5830649338941101,-351.8533921336258,0.3680384850513197,0.3988194503416741,1936.991455078125,-17.754944772668892,192.84526251841658
987654321012345,8192,-24576,15.009529814096112,595.2033408654133,864.3438737813677,0.6886186839752712,-269.1405329159544,0.40752078049688895,0.6928838346657773,5775.623046875,-17.754944772668892,411.9465653643655
987654321012345,12288,-24576,15.903965580542081,804.1298045502886,846.3057139107466,0.9501646879287099,-42.175909360458036,0.4869277640943882,0.6159179829949836,2435.3662109375,-17.754944772668892,222.4248427124976
987654321012345,16384,-24576,17.618184435678874,1216.8052298768907,837.1273198422198,1.4535485833937805,379.67791003467096,0.5921387687606663,0.25850410457413636,1664.0,-17.754944772668892,0.0
987654321012345,20480,-24576,16.474135389965696,594.0623069514514,843.6374007643127,0.7041678171371338,-249.57509381286127,0.412916124028863,0.41497533465861325,1536.0,-17.754944772668892,178.89362673018906
987654321012345,24576,-24576,18.206056394382568,816.7261330051665,862.1266096015289,0.9473389684406722,-45.40047659636241,0.4861891237786829,0.5702543923112386,768.0,-17.754944772668892,129.3468839739595
987654321012345,28672,-24576,16.520530566820273,972.8153490958595,844.4725139476951,1.1519798845177258,128.34283514816434,0.5350172372967971,0.5640520201520067,1536.0,-17.754944772668892,171.89649489881356
987654321012345,32768,-24576,17.53051162464831,1139.4253051697783,835.5492092436696,1.3636842600822687,303.87609592610875,0.5766396767055508,0.2542476720300327,1924.261962890625,-17.754944772668892,0.0
987654321012345,-32768,-20480,18.231419760240748,1302.3008377949388,848.1655556843334,1.5354323564155952,454.13528211060543,0.6053084732078504,0.15371267369948383,2946.78125,-15.298804780876495,0.0
987654321012345,-28672,-20480,17.496702306716,671.2949001340352,842.7690441088951,0.7965348333882283,-171.47414397485989,0.44308024270848706,0.27258855526417813,404.77154541015625,-15.298804780876495,112.93777744876371
987654321012345,-24576,-20480,16.976553194882378,784.7543804760785,860.7851901438934,0.911672725624955,-76.03080966781488,0.4766082725728813,0.5169840002179555,2083.68896484375,-15.298804780876495,198.31045972904656
987654321012345,-20480,-20480,17.6547927155729,838.2327839889155,846.6704227102598,0.9900343291852162,-8.437638721344342,0.49720101406657197,0.25804789677615114,461.51055908203125,-15.298804780876495,119.68150184101896
987654321012345,-16384,-20480,18.37497760607774,1248.9177890262627,850.7495969093993,1.4680204299400523,398.16819211686334,0.5945338121532172,0.40495147899583234,2635.681396484375,-15.298804780876495,0.0
987654321012345,-12288,-20480,17.599180164855166,639.5799176460476,848.9262151908,0.7533987126340529,-209.34629754475236,0.42939059030789756,0.27547400455054155,640.0,-15.298804780876495,131.0933809213011
987654321012345,-8192,-20480,17.20300619857655,677.6420237306271,862.5781015523722,0.7856007734384658,-184.93607782174513,0.4396789352891419,0.3943565479973712,1924.261962890625,-15.298804780876495,191.77308715769414
987654321012345,-4096,-20480,17.498815909132077,1149.8733087844237,838.5450047990228,1.371272027385123,311.3283039854009,0.5779947339045103,0.0,181.0193328857422,-15.298804780876495,102.90825133553432
987654321012345,0,-20480,18.039121250440832,1238.5324019855116,844.704182507935,1.4662321172700918,393.82821947757657,0.5942379148317871,0.14907462312837233,2715.2900390625,-15.298804780876495,0.0
987654321012345,4096,-20480,17.473072962057557,679.9273242347176,846.656285540443,0.803073615405456,-166.72896130572542,0.4450999080402503,0.26838682656332313,640.0,-15.298804780876495,126.85617343534854
987654321012345,8192,-20480,16.92063705136994,620.1120999296712,855.8241807519007,0.7245788491099421,-235.7120808222295,0.41986381405940126,0.37632489912301575,1810.193359375,-15.298804780876495,185.4541018304671
987654321012345,12288,-20480,17.38075906245782,825.7717771805615,846.8898016266629,0.9750640231993123,-21.118024446101458,0.49339232473094574,0.2881990975787994,746.36181640625,-15.298804780876495,128.87565474451984
987654321012345,16384,-20480,18.15901794236543,1143.0535402902049,846.8623229625778,1.349751322377245,296.1912173276271,0.5741345284288759,0.0,2635.681396484375,-15.298804780876495,0.0
987654321012345,20480,-20480,17.538468479706424,667.609072345288,844.5765864646631,0.7904659956770193,-176.9675141193751,0.4411944221506374,0.26507476699814975,461.51055908203125,-15.298804780876495,119.6903264472461
987654321012345,24576,-20480,17.261031560460157,700.422979968686,861.5456758578256,0.8129841511551752,-161.12269588913955,0.4481362933016057,0.37102638285776357,1782.833740234375,-15.298804780876495,184.09257059371726
987654321012345,28672,-20480,17.63660183504271,819.9267109923978,846.3429868607163,0.9687877417566811,-26.416275868318507,0.4917780920796373,0.25580917806282255,461.51055908203125,-15.298804780876495,112.69520349647182
987654321012345,32768,-20480,18.383043536564998,1186.827848223534,850.8947836581699,1.3947997696273555,335.933064565364,0.5821428720434194,0.1534621695800593,2921.654296875,-15.298804780876495,0.0
987654321012345,-32768,-16384,18.965354902539634,1411.5303269289323,861.3763882457134,1.6386916871539363,550.1539386832188,0.620751202109239,0.11510236269187325,2534.270751953125,-12.6697827880121,0.0
987654321012345,-28672,-16384,18.94796920571355,1282.2492719325558,861.0634457028439,1.489146099897341,421.1858262297119,0.5979768069213953,0.0,2876.442138671875,-12.6697827880121,0.0
987654321012345,-24576,-16384,18.946852508233555,1257.2475746042444,861.043345148204,1.4601443489326837,396.20422945604037,0.5932397307449898,0.05004371416553513,1958.0234375,-12.6697827880121,0.0
987654321012345,-20480,-16384,18.908283614240705,1288.1450362387748,860.3491050563327,1.497235283524159,427.795931182442,0.5992782262075137,0.09316587954986812,2810.17578125,-12.6697827880121,0.0
987654321012345,-16384,-16384,19.095909293330976,1345.8473056802309,863.7263672799576,1.5581871257659599,482.1209384002733,0.6088226428020383,0.10391657232358598,2534.270751953125,-12.6697827880121,0.0
987654321012345,-12288,-16384,18.972495890135974,1278.25308058072,861.5049260224475,1.4837443663640917,416.7481545582725,0.5971030245538956,0.0,2715.2900390625,-12.6697827880121,0.0
987654321012345,-8192,-16384,19.111649446977292,1300.80893488542,864.0096900455912,1.5055490116283072,436.7992448398288,0.60060843503313,0.05721332010860601,2176.0,-12.6697827880121,0.0
987654321012345,-4096,-16384,19.208252030609348,1273.4338609502902,865.7485365509683,1.4709050113136641,407.68532439932187,0.5950118375130414,0.10848715343356878,2715.2900390625,-12.6697827880121,0.0
987654321012345,0,-16384,19.14443523197424,1241.7740110999855,864.5998341755362,1.4362413246170866,377.1741769244493,0.5892518851763741,0.1187729706081093,2626.34033203125,-12.6697827880121,0.0
987654321012345,4096,-16384,19.08687007136279,1152.1029965111577,863.5636612845302,1.3341263049413545,288.5393352266275,0.5712907445846607,0.0,3148.3837890625,-12.6697827880121,0.0
987654321012345,8192,-16384,19.062092984157353,1448.9568495935507,863.1176737148323,1.6787477463614948,585.8391758787184,0.626420305525268,0.06059036829901899,1920.0,-12.6697827880121,0.0
987654321012345,12288,-16384,18.953750576323273,1441.8915652857381,861.1675103738189,1.674345058210378,580.7240549119192,0.6258049459400186,0.0999806375863406,2635.681396484375,-12.6697827880121,0.0
987654321012345,16384,-16384,19.055350580094306,1398.505162320761,862.9963104416975,1.6205227593672795,535.5088518790635,0.6181234262858714,0.10033904144052729,2715.2900390625,-12.6697827880121,0.0
987654321012345,20480,-16384,18.955170349417084,1169.327806627071,861.1930662895074,1.3577998388505113,308.13474033756347,0.5755923171728533,0.0,3207.6708984375,-12.6697827880121,0.0
987654321012345,24576,-16384,19.12968331885849,1372.4615688782824,864.3342997394528,1.5878828010088235,508.12726913882955,0.6133095462929952,0.07519185996314354,2176.0,-12.6697827880121,0.0
987654321012345,28672,-16384,19.063008650354593,1435.903135453942,863.1341557063827,1.6635920684645011,572.7689797475593,0.624295589020453,0.10823304442846171,2921.654296875,-12.6697827880121,0.0
987654321012345,32768,-16384,19.168861212490494,1293.0095490164606,865.0395018248289,1.4947404670986875,427.9700471916317,0.598879191055261,0.126201402752787,4302.7802734375,-12.6697827880121,0.0
987654321012345,-32768,-12288,19.674140246840288,1094.4077450178386,874.1345244431252,1.2519900706530729,220.27322057471338,0.5556660357014641,0.2295953842089684,2462.129150390625,-9.848959817611854,0.0
987654321012345,-28672,-12288,19.206080500542082,468.44301146571723,875.813702407101,0.5348660453453065,-407.37069094138377,0.34821830408646026,0.29361440795088284,527.7575073242188,-9.848959817611854,116.58440100542465
987654321012345,-24576,-12288,18.80178789965119,760.0560870263638,891.5407152390827,0.8525197717106403,-131.48462821271892,0.45991622759069134,0.4444386186062485,1936.991455078125,-9.848959817611854,198.4815493683009
987654321012345,-20480,-12288,19.363736572390035,946.0759121199823,874.1372044331949,1.0822968148729393,71.93870768678732,0.5194756744946593,0.42171126479817567,286.2167053222656,-9.848959817611854,112.08413345712607
987654321012345,-16384,-12288,19.822328453963596,1105.4939032537857,876.8019121713447,1.260825150935289,228.69199108244095,0.5574024281480253,0.21817142098279568,2715.2900390625,-9.848959817611854,0.0
987654321012345,-12288,-12288,21.09864457476693,594.2951561328271,899.7756023458047,0.6604926323668261,-305.48044621297765,0.3975030297145103,0.2751840382856102,256.0,-9.848959817611854,0.0
987654321012345,-8192,-12288,18.87233743279562,651.9667197661823,890.7529867052316,0.7319276269594271,-238.78626693904926,0.42233490771224746,0.43324038496708916,1796.5655517578125,-9.848959817611854,193.63613072751252
987654321012345,-4096,-12288,19.094385680757757,1084.6601278213388,875.8399144770466,1.2384228097996381,208.82021334429226,0.5529748174516426,0.47402717931736693,640.0,-9.848959817611854,126.5185307860634
987654321012345,0,-12288,19.976119555283553,1191.9484448084665,879.570151995104,1.3551488100236277,312.3782928133626,0.5751207475999489,0.22721043340607056,2635.681396484375,-9.848959817611854,0.0
987654321012345,4096,-12288,20.93991371990194,497.3431205002956,896.9184469582349,0.5545020533215261,-399.5753264579393,0.356451530021146,0.2806466467090389,128.0,-9.848959817611854,0.0
987654321012345,8192,-12288,18.71108629856421,802.6647981466463,891.727202765645,0.9001237100956702,-89.0624046189987,0.4734390617124134,0.5068990241152175,2063.93798828125,-9.848959817611854,203.66721362910346
987654321012345,12288,-12288,19.33867988852245,993.228355859886,873.6861841235784,1.136825068209387,119.54217173630764,0.53173115503918,0.419087953639225,286.2167053222656,-9.848959817611854,108.19681934667662
987654321012345,16384,-12288,19.889390610895497,1136.4410016799602,878.009030996119,1.294338624729913,258.4319706838412,0.5638646373043611,0.22402816488486071,2691.0458984375,-9.848959817611854,0.0
987654321012345,20480,-12288,19.353614818333956,560.7601769574865,870.8979532128577,0.6438873520011937,-310.13777625537125,0.39141241385396786,0.27988772424705544,128.0,-9.848959817611854,100.09278929229791
987654321012345,24576,-12288,18.72304426039221,725.7910737526797,890.1233297324211,0.815382598690969,-164.33225597974138,0.4488741470719217,0.44236008008376876,1936.991455078125,-9.848959817611854,185.7583777723192
987654321012345,28672,-12288,19.229135094569823,956.8999551766441,871.7143778324311,1.0977218909203172,85.18557734421302,0.523006372388261,0.4257883203619487,286.2167053222656,-9.848959817611854,111.36592475057498
987654321012345,32768,-12288,19.751419683921192,1078.081485994939,875.5255543105815,1.231353534670792,202.55593168435746,0.5515591951548615,0.23821542203964508,2191.007080078125,-9.848959817611854,0.0
987654321012345,-32768,-8192,20.894767040996822,1190.237518935252,896.1058067379428,1.3282332398537007,294.1317121973092,0.5702164585461212,0.26909460325438755,1920.0,-6.81455190771961,0.0
987654321012345,-28672,-8192,19.85977774383894,456.9605217152523,908.7287132163427,0.5028569198588345,-451.7681915010904,0.33435583601280355,0.40490079132436546,1810.193359375,-6.81455190771961,180.33568894166456
987654321012345,-24576,-8192,18.933247381949307,646.1584390414962,934.577367899929,0.6913910621369599,-288.41892885843276,0.40851224092281346,0.6967258765777228,5724.333984375,-6.81455190771961,409.8040393713193
987654321012345,-20480,-8192,19.752885553722574,850.092441953893,916.7235030311941,0.9273160763774659,-66.63106107730118,0.4808715773638212,0.6159609797228384,2521.3076171875,-6.81455190771961,224.11621543670896
987654321012345,-16384,-8192,20.859665512862968,1066.797822726862,895.4739792315333,1.1913219674371256,171.32384349532867,0.5433775505066155,0.2563634304517986,1536.0,-6.81455190771961,0.0
987654321012345,-12288,-8192,19.63463234311911,512.0190947364,909.9251820611545,0.5627046100390132,-397.9060873247545,0.35983074185360114,0.4014176745507123,2176.0,-6.81455190771961,199.9706903986048
987654321012345,-8192,-8192,18.91851050583997,600.5789049184115,932.2959504081261,0.6441934073139536,-331.7170454897147,0.3915436144173298,0.6828215616540093,5468.16259765625,-6.81455190771961,370.13791202396646
987654321012345,-4096,-8192,19.726391261938936,848.1898016655857,911.6291722550852,0.9304109910912896,-63.439370589499504,0.48170187522286356,0.5895864866625199,2179.761474609375,-6.81455190771961,207.5571400975731
987654321012345,0,-8192,20.70872952450917,1065.654138336855,892.757131441165,1.1936663408295434,172.89700689569008,0.5438644529474316,0.3011180838854297,1920.0,-6.81455190771961,0.0
987654321012345,4096,-8192,19.67916886154187,533.4066107567173,908.9831994466809,0.5868167982438116,-375.5765886899636,0.3695513207769918,0.3996084632466207,2051.99609375,-6.81455190771961,198.1530079107927
987654321012345,8192,-8192,18.960731044478724,683.4369153424265,934.4574558556026,0.7313729598493726,-251.02054051317612,0.42216275965964545,0.7126197505118718,5645.07568359375,-6.81455190771961,377.94118697686616
987654321012345,12288,-8192,19.866933969382252,906.4501386122397,913.1975524865783,0.9926112221216912,-6.7474138743385765,0.4978723467719164,0.5798752090497465,2111.030029296875,-6.81455190771961,203.45580610414527
987654321012345,16384,-8192,20.79554448519317,1159.4846576244024,894.319800733477,1.296498922056126,265.1648568909254,0.5642798042938927,0.2629942585663538,1664.0,-6.81455190771961,0.0
987654321012345,20480,-8192,19.439780755021363,563.9214011032552,908.8013851689932,0.6205111593204636,-344.879984065738,0.382650934325093,0.4268190163910229,2349.767578125,-6.81455190771961,219.89701139291586
987654321012345,24576,-8192,18.77136461843624,694.7046800357215,930.2652350140918,0.7467812983736816,-235.5605549783703,0.4272555559642311,0.6931819875502276,5545.51806640625,-6.81455190771961,392.64062550922614
987654321012345,28672,-8192,19.721852679666018,952.2728803095201,902.0963119789186,1.0556221854189047,50.176568330601526,0.513252502125991,0.5423464825504883,1536.0,-6.81455190771961,173.31614503024414
987654321012345,32768,-8192,20.867166257962126,1170.9247553267812,895.6089926433183,1.3074062062182856,275.31576268346294,0.5663388839366675,0.2752597994916637,1832.68115234375,-6.81455190771961,0.0
987654321012345,-32768,-4096,21.713978016633938,1176.8606860244172,910.8516042994108,1.292044368664871,266.00908172500635,0.563438388080706,0.2713173639979486,2748.276611328125,-3.5413464494312943,0.0
987654321012345,-28672,-4096,20.798101764398428,593.7811682176525,908.0076801575891,0.6539384866376889,-314.2265119399366,0.3951194932406014,0.2865350641380217,724.0773315429688,-3.5413464494312943,131.85098724036885
987654321012345,-24576,-4096,20.66377551494421,605.6788191671219,930.2605712623367,0.6510851237575653,-324.5817520952148,0.3940811348441531,0.40647695172502907,2307.552734375,-3.5413464494312943,211.98782954007538
987654321012345,-20480,-4096,20.976030038088588,864.8365924298298,907.952679939287,0.9525128473519784,-43.1160875094572,0.48756445080690597,0.26790957187630765,543.0579833984375,-3.5413464494312943,124.07462967640146
987654321012345,-16384,-4096,21.654838309536036,1336.8945685889396,909.7870895716487,1.4694587161248729,427.10747901729087,0.594788218222593,0.160235100480455,2445.4365234375,-3.5413464494312943,0.0
987654321012345,-12288,-4096,20.88186278964209,576.8881620362354,901.4634763437319,0.639946239836638,-324.57531430749657,0.3899601332567445,0.28263465631679235,286.2167053222656,-3.5413464494312943,112.73989081946988
987654321012345,-8192,-4096,20.691581247291268,680.2556855254977,931.8924948946674,0.7299722760428364,-251.63680936916967,0.42169448150033956,0.4075679071734026,2391.2373046875,-3.5413464494312943,214.7980083451397
987654321012345,-4096,-4096,20.693802577786602,819.6751793215172,912.3581386738763,0.8984138405483236,-92.68295935235903,0.47297139114996284,0.3179413161153268,1086.115966796875,-3.5413464494312943,150.76635950657032
987654321012345,0,-4096,21.441032450205444,1290.0773096385087,905.9385841036981,1.4240229219454905,384.13872553481065,0.5871952557617154,0.25011343070468006,2748.276611328125,-3.5413464494312943,0.0
987654321012345,4096,-4096,20.92936627896105,653.6790696677903,908.8695652447059,0.7192220915569908,-255.19049557691562,0.4180740240960738,0.2699111211447326,640.0,-3.5413464494312943,127.00953115912877
987654321012345,8192,-4096,20.552049035007204,683.4591987327974,923.0454156754911,0.7404394053922441,-239.58621694269368,0.4251677989642189,0.36888011847893043,1936.991455078125,-3.5413464494312943,192.78355855258707
987654321012345,12288,-4096,20.754941940297613,874.1044822085645,908.9106633558395,0.9617056080970982,-34.80618114727497,0.4899647205248509,0.2899945444388575,819.5999145507812,-3.5413464494312943,132.2691941214082
987654321012345,16384,-4096,21.78280008735092,1190.9503102680135,912.0904015723165,1.3057371376948836,278.85990869569696,0.5660300694592223,0.14528375376085592,2862.1669921875,-3.5413464494312943,0.0
987654321012345,20480,-4096,21.11180830771363,589.2058584733965,905.0248598884135,0.6510383135177563,-315.81900141501706,0.3940568176120247,0.27060424828228935,256.0,-3.5413464494312943,108.60613327700578
987654321012345,24576,-4096,20.844493291748766,716.2732227053601,929.9022478831708,0.7702672236096689,-213.62902517781072,0.4348493742742768,0.3888728219634633,2048.0,-3.5413464494312943,195.77189339575995
987654321012345,28672,-4096,20.885176737929044,824.0898741127088,901.5231274128971,0.9141084117027606,-77.43325330018831,0.47728696203755966,0.2395566646365789,286.2167053222656,-3.5413464494312943,106.09404264543244
987654321012345,32768,-4096,21.48014178748783,1312.3114623695437,906.642552174781,1.4474408455919887,405.6689101947627,0.591143534402857,0.16093667720217877,2289.733642578125,-3.5413464494312943,0.0
987654321012345,-32768,0,22.512332751453346,1236.119252452258,925.2219895261603,1.3360245070324361,310.8972629260977,0.5716578070357109,0.12672562431374282,2715.2900390625,0.0,0.0
987654321012345,-28672,0,22.591005558175052,1139.9210073160502,926.6381000471509,1.2301685061924894,213.2829072688993,0.5513365994018976,0.0,2748.276611328125,0.0,0.0
987654321012345,-24576,0,22.667686379581433,1432.4748397000585,928.0183548324658,1.54358459855965,504.45648486759274,0.6065970645253661,0.05330190720783475,1668.915771484375,0.0,0.0
987654321012345,-20480,0,22.683991863156557,1424.765373735347,928.311853536818,1.5347917494612053,496.4535201985291,0.6052330642467167,0.1225680982835437,2063.93798828125,0.0,0.0
987654321012345,-16384,0,22.69794828505005,1333.5035814184907,928.5630691309009,1.4360937083860104,404.94051228758985,0.5892462694789672,0.1363429461311136,2534.270751953125,0.0,0.0
987654321012345,-12288,0,22.612672715365978,1173.8693564952582,927.0281088765876,1.2662715890220453,246.84124761867065,0.5584807897789579,0.0,2626.34033203125,0.0,0.0
987654321012345,-8192,0,22.49331977220024,1321.9322494054002,924.8797558996043,1.429301745414023,397.05249350579584,0.5880973347795729,0.05795885402952796,1668.915771484375,0.0,0.0
987654321012345,-4096,0,22.413133945082436,1495.7397019474045,923.4364110114839,1.6197538716380584,572.3032909359206,0.6180292805711254,0.10768115513125225,2289.733642578125,0.0,0.0
987654321012345,0,0,22.45689574429506,1273.787672391895,924.2241233973111,1.378223788089019,349.5635489945839,0.5792545882796157,0.12367941588670212,4709.982421875,0.0,0.0
987654321012345,4096,0,22.641820608391072,1239.4840193198356,927.5527709510393,1.3362948806125248,311.93124836879633,0.5717080193851204,0.0,2996.403076171875,0.0,0.0
987654321012345,8192,0,22.490177870840135,1417.5314086280887,924.8232016751224,1.5327593490956208,492.7082069529663,0.6049154500114993,0.06679165647885665,2051.99609375,0.0,0.0
987654321012345,12288,0,22.663083177639255,1350.7773354408216,927.9354971975066,1.4556802057043359,422.841838243315,0.5925208281069143,0.1036083484135991,2462.129150390625,0.0,0.0
987654321012345,16384,0,22.325026595889323,1412.2419490211887,921.8504787260079,1.5319642193741647,490.39147029518085,0.6047905993955293,0.10232982541748778,4458.0029296875,0.0,0.0
987654321012345,20480,0,22.495172519683468,1115.616013151282,924.9131053543024,1.2061846747472866,190.70290779697962,0.5464609850717789,0.0,2795.562255859375,0.0,0.0
987654321012345,24576,0,22.510597434655875,1207.9887926117474,925.1907538238057,1.3056645752447695,282.79803878794166,0.5660202275995458,0.05366294905092478,2048.0,0.0,0.0
987654321012345,28672,0,22.424258119194672,1345.4578035178977,923.6366461455041,1.4566959952625596,421.8211573723936,0.5926880283405809,0.11364130568696738,2985.447265625,0.0,0.0
987654321012345,32768,0,22.620288838278103,1362.5233151446662,927.1651990890059,1.4695583014584943,435.3581160556603,0.5948095110611253,0.12015026717865109,4838.6708984375,0.0,0.0
987654321012345,-32768,4096,21.454092836909428,1270.4273767953653,906.1736710643697,1.4019689794155594,364.25370573099553,0.5834068540901973,0.1347317330840651,2807.25927734375,3.5413464494312943,0.0
987654321012345,-28672,4096,22.863051425113724,694.2710049285938,931.534925652047,0.7452978796716876,-237.26392072345323,0.42676940861704016,0.2439132413239289,128.0,3.5413464494312943,0.0
987654321012345,-24576,4096,20.479668044336087,668.1951922729988,921.9255102301643,0.7247821921167794,-253.73031795716543,0.419952547422574,0.38572878110008624,1949.637939453125,3.5413464494312943,202.97173468545816
987654321012345,-20480,4096,21.151409230355593,970.4478421659666,904.2916845810461,1.073157985098105,66.15615758492049,0.517368125119674,0.0,181.0193328857422,3.5413464494312943,100.57494054481796
987654321012345,-16384,4096,21.754216074305184,1157.829255060462,911.5758893374933,1.2701402797104895,246.25336572296862,0.5592283511240707,0.0,2807.25927734375,3.5413464494312943,0.0
987654321012345,-12288,4096,20.874322016165312,718.0734549997122,898.2706827738222,0.7993954036018759,-180.19722777410993,0.44398309440081524,0.2544194177637653,128.0,3.5413464494312943,96.0628235605754
987654321012345,-8192,4096,20.737746570806227,702.0795832403354,922.3432157480004,0.7611912477406407,-220.26363250766497,0.4319365913147707,0.3666528531116329,1664.0,3.5413464494312943,186.2900413885074
987654321012345,-4096,4096,20.99365534362354,888.9162725032655,903.4757423153981,0.9838850462384081,-14.559469812132534,0.4956619998071906,0.24587780150626629,286.2167053222656,3.5413464494312943,107.98948358100266
987654321012345,0,4096,21.535296958042192,1218.9612620856826,907.6353452447595,1.3430077051009608,311.3259168409231,0.5729287487514605,0.12285836250481802,2818.907470703125,3.5413464494312943,0.0
987654321012345,4096,4096,20.87459505539856,687.333990712866,898.2755974800206,0.7651705029515217,-210.94160676715455,0.4332092758217378,0.26048658033217914,128.0,3.5413464494312943,98.28196984226098
987654321012345,8192,4096,20.7084380636054,723.9541213856943,926.1644682818463,0.7816690730197433,-202.21034689615203,0.438462825090877,0.37455245461556813,1958.0234375,3.5413464494312943,196.08655193444005
987654321012345,12288,4096,20.901033403448828,789.5346773176722,901.8085473922532,0.8755014349783645,-112.27387007458105,0.46653342288352984,0.2453620947347142,286.2167053222656,3.5413464494312943,109.79056561843282
987654321012345,16384,4096,21.47279226072875,1107.6060703138385,906.5102606931175,1.2218351168655974,201.09580962072096,0.5496486993186971,0.16651932985518378,3148.3837890625,3.5413464494312943,0.0
987654321012345,20480,4096,20.986414575571008,658.7170004971089,908.6749588061414,0.72492038447121,-249.9579583090325,0.4199951399838472,0.28332776262379594,572.4334106445312,3.5413464494312943,123.23433549334632
987654321012345,24576,4096,20.71496467761717,735.7380403745188,927.7970135885981,0.7929946201581096,-192.0589732140793,0.4420081383223435,0.3747764533419651,2063.93798828125,3.5413464494312943,197.06806446306058
987654321012345,28672,4096,20.863308265634824,1001.789189927111,899.1058672160723,1.1142060423084326,102.68332271103873,0.5267321065715834,0.0,181.0193328857422,3.5413464494312943,107.80585306971359
987654321012345,32768,4096,21.482594973233642,1040.29959715626,906.6867095182056,1.1473638978441114,133.61288763805442,0.5340384547837111,0.0,3053.2763671875,3.5413464494312943,0.0
987654321012345,-32768,8192,20.717843957366863,1173.9482051501923,892.9211912326035,1.314727678855571,281.02701391758876,0.5677090667349263,0.2565345025303683,2051.99609375,6.81455190771961,0.0
987654321012345,-28672,8192,19.935623130784826,616.6829619161164,913.5425849858199,0.67504566514071,-296.8596230697035,0.40273816170571664,0.46614573142126303,2048.0,6.81455190771961,195.69316273928362
987654321012345,-24576,8192,21.967642604659105,788.1997807553116,929.0594152822813,0.8483846864797431,-140.85963452696967,0.45871995480830063,0.44770782814400256,724.0773315429688,6.81455190771961,128.5538694003037
987654321012345,-20480,8192,19.595520472805067,837.6416582359974,905.5814840616483,0.9249765735923264,-67.93982582565093,0.48023767024016284,0.5488377824461009,1920.0,6.81455190771961,194.3655721445573
987654321012345,-16384,8192,20.904708209188673,1093.7883578957787,896.2847477653961,1.2203581067543499,197.50361013038264,0.5493461564951252,0.250244208231563,1664.0,6.81455190771961,0.0
987654321012345,-12288,8192,19.549467390238913,605.7512712883997,911.9247464852895,0.6642557663042553,-306.17347519688974,0.39886800357617014,0.42677244481680476,2435.3662109375,6.81455190771961,214.64447354095
987654321012345,-8192,8192,18.920924875041685,687.2529768468589,933.2022055780103,0.7364459414465117,-245.94922873115138,0.4238495052444677,0.6969499697490776,5576.453125,6.81455190771961,382.7984433703374
987654321012345,-4096,8192,19.80948877100657,831.5525662318215,905.6345753516065,0.9181987844368429,-74.08200911978497,0.47840220787406473,0.543853686455313,1664.0,6.81455190771961,181.74061092444083
987654321012345,0,8192,20.67624347628341,1085.8741051038037,892.1723825731015,1.2171124396072985,193.70172253070223,0.5486854967103133,0.25795096873007367,1863.7081298828125,6.81455190771961,0.0
987654321012345,4096,8192,19.519672320946697,562.4245219194689,909.1287134992973,0.6186412480083918,-346.7041915798284,0.38193832887781887,0.4637227154467121,2268.165771484375,6.81455190771961,205.8630940236464
987654321012345,8192,8192,18.926327656337982,634.6160820304499,932.80702725405,0.6803294395182683,-298.1909452236001,0.40462046132433993,0.6980253120418517,5514.40869140625,6.81455190771961,369.79474658574435
987654321012345,12288,8192,19.82054720153471,939.334824118439,903.2857385893567,1.0399088394613418,36.04908552908228,0.509505504071186,0.5493713691631209,1498.2015380859375,6.81455190771961,173.53092629079418
987654321012345,16384,8192,20.78032535636242,1182.2397226153528,894.0458564145235,1.322347969215584,288.19386620082923,0.5691271987588132,0.27190646837774474,2176.0,6.81455190771961,0.0
987654321012345,20480,8192,19.89285484109774,619.35775006585,909.656100183889,0.6808702211095441,-290.2983501180389,0.4048053224908745,0.44893098220318106,1832.68115234375,6.81455190771961,189.08272709346676
987654321012345,24576,8192,19.040421208809533,659.7670974540887,937.2546098146098,0.7039358254899291,-277.4875123605211,0.4128649156973889,0.7035204487390171,5822.24169921875,6.81455190771961,395.1063332146861
987654321012345,28672,8192,19.574806933304707,812.2498386830441,911.2318563780934,0.8913755955718266,-98.98201769504931,0.4710109947871889,0.6033718417460593,2349.767578125,6.81455190771961,214.99151513137076
987654321012345,32768,8192,20.714591530309427,1096.4266621003014,892.8626475455696,1.2279902906839233,203.56401455473178,0.5508880828463008,0.2521907718357204,1260.65380859375,6.81455190771961,0.0
987654321012345,-32768,12288,19.90507161339368,1240.1002819607822,878.2912890410862,1.411946466319525,361.80899291969604,0.5851208898479143,0.3150994970657933,2807.25927734375,9.848959817611854,0.0
987654321012345,-28672,12288,19.206182056118983,462.01569559176346,876.0954162638341,0.5273577364005161,-414.0797206720706,0.345016699138245,0.29001318927262754,543.0579833984375,9.848959817611854,119.13786961174097
987654321012345,-24576,12288,18.673953693548683,680.446524442097,888.9932820350334,0.7654124482070969,-208.5467575929364,0.4332840530631354,0.45136177811217726,1920.0,9.848959817611854,186.64123877787887
987654321012345,-20480,12288,19.228092950829183,1099.5095009358936,878.2466453383323,1.2519370347407621,221.26285559756127,0.555656897392913,0.46387887304808817,640.0,9.848959817611854,127.84019243560401
987654321012345,-16384,12288,19.827826270734942,1241.5896615443426,876.900872873229,1.4158837104086628,364.68878867111357,0.5857962757477126,0.2324010587449116,2807.25927734375,9.848959817611854,0.0
987654321012345,-12288,12288,19.294655145683645,491.8729727156184,876.1879464522531,0.5613783831508374,-384.31497373663467,0.35927763756092285,0.30629930962602486,461.51055908203125,9.848959817611854,117.85757579862066
987654321012345,-8192,12288,18.59832597242843,809.4509193305463,893.0824794970528,0.9063562861365231,-83.63156016650646,0.4751599938619485,0.49291209833292743,2307.552734375,9.848959817611854,210.3578034537852
987654321012345,-4096,12288,18.973950202386263,996.5769842866121,871.9152428966452,1.1429746095226185,124.66174138996689,0.5330736174218511,0.4627027311140756,543.0579833984375,9.848959817611854,125.35024485207455
987654321012345,0,12288,20.016148789082237,1328.4087865228855,880.2906782034803,1.509056973355592,448.1181083194052,0.6011717012781133,0.23471795675297571,3210.2236328125,9.848959817611854,0.0
987654321012345,4096,12288,19.191907548150006,566.5484075124607,867.9872223495466,0.6527151470949952,-301.43881483708594,0.39465994136761406,0.29886901841867125,128.0,9.848959817611854,103.07881996776106
987654321012345,8192,12288,19.0702732909014,789.9626598046764,894.3158321511356,0.8833150788626272,-104.35317234645925,0.4687430971055134,0.4402945645445692,1796.5655517578125,9.848959817611854,183.34240166214755
987654321012345,12288,12288,19.221333905765597,1012.078684894865,871.573956433955,1.1612080391155617,140.50472846090997,0.5370107269110739,0.4245218277820642,286.2167053222656,9.848959817611854,107.47063690421555
987654321012345,16384,12288,19.85540028290657,1221.9325399915763,877.3972050923182,1.3926788607253502,344.53533489925803,0.5817812859393504,0.2197267927454536,2715.2900390625,9.848959817611854,0.0
987654321012345,20480,12288,19.307943231127297,459.4185598355884,879.6839503836983,0.5222541114171747,-420.2653905481099,0.34282344546941546,0.2884321744559854,640.0,9.848959817611854,126.52416356506492
987654321012345,24576,12288,18.623866602654807,663.193773633149,890.8223398854842,0.7444736665656623,-227.6285662523352,0.42648675333177005,0.45017637719895087,2111.030029296875,9.848959817611854,201.5508762812209
987654321012345,28672,12288,19.260227202282245,964.8389110794036,870.2504080757258,1.1086911331795055,94.58850300367783,0.5254858252339113,0.4256402652370195,181.0193328857422,9.848959817611854,102.54939609218734
987654321012345,32768,12288,19.941664614856396,1159.5820298383042,878.9499630674152,1.3192810496191631,280.63206677088897,0.5685529983701059,0.22436272026596507,2721.3173828125,9.848959817611854,0.0
987654321012345,-32768,16384,19.105938460267435,1341.5634948823608,863.9068922848138,1.5529028728249485,477.656602597547,0.6080133695357482,0.11249955007049911,2715.2900390625,12.6697827880121,0.0
987654321012345,-28672,16384,19.044154786139583,1279.5231001193781,862.7947861505124,1.4829981829493444,416.7283139688657,0.5969824207207023,0.0,2807.25927734375,12.6697827880121,0.0
987654321012345,-24576,16384,18.85289529922694,1445.2621644159924,859.352115386085,1.6818043948919275,585.9100490299074,0.6268447316088185,0.06507428274213593,2179.761474609375,12.6697827880121,0.0
987654321012345,-20480,16384,18.992191157475215,1304.562942849723,861.8594408345539,1.513660906918292,442.7035020151691,0.6018960368177851,0.12315332220915011,2691.0458984375,12.6697827880121,0.0
987654321012345,-16384,16384,19.055350580094306,1425.3850524282557,862.9963104416975,1.6516699262581056,562.3887419865582,0.6226070830948858,0.13183536158501588,2715.2900390625,12.6697827880121,0.0
987654321012345,-12288,16384,19.05387756234587,1341.4935246666655,862.9697961222257,1.5545080844019072,478.5237285444398,0.6082592768701387,0.0,2700.162841796875,12.6697827880121,0.0
987654321012345,-8192,16384,19.11481726829356,1307.540803892632,864.0667108292841,1.513240572174949,443.47409306334794,0.6018301948384779,0.06739141448402029,1792.0,12.6697827880121,0.0
987654321012345,-4096,16384,19.047585991039735,1514.3451766579617,862.8565478387152,1.7550370110200781,651.4886288192465,0.6367606082610414,0.1004903679417939,2635.681396484375,12.6697827880121,0.0
987654321012345,0,16384,18.97128519883148,1385.4137235745957,861.4831335789667,1.6081727773578096,523.930589995629,0.6163155214020359,0.11626397458562267,2715.2900390625,12.6697827880121,0.0
987654321012345,4096,16384,19.127837136102332,1162.4801748001823,864.301068449842,1.3449944900393753,298.17910635034036,0.5732769146917537,0.0,2591.802490234375,12.6697827880121,0.0
987654321012345,8192,16384,19.102700755607422,1198.6632414900232,863.8486136009336,1.3875848413918526,334.8146278890896,0.5808850763482469,0.044009342250328216,2209.62255859375,12.6697827880121,0.0
987654321012345,12288,16384,18.988491894149487,1252.253344026245,861.7928540946907,1.4530792847449765,390.4604899315543,0.5920690267374684,0.1077732749397369,2715.2900390625,12.6697827880121,0.0
987654321012345,16384,16384,19.095909293330976,1349.7010161003518,863.7263672799576,1.5626488518010895,485.97464882039424,0.6095033985896804,0.11106603039360372,2534.270751953125,12.6697827880121,0.0
987654321012345,20480,16384,19.18394984830938,1252.5460759618425,865.3110972695688,1.447509548778662,387.23497869227367,0.5911422873546586,0.0,2807.25927734375,12.6697827880121,0.0
987654321012345,24576,16384,18.95400212383033,1287.2701732762648,861.1720382289459,1.494788632389431,426.0981350473189,0.5988856859635299,0.0576347208715713,1541.3240966796875,12.6697827880121,0.0
987654321012345,28672,16384,19.060380467044514,1464.0441978575132,863.0868484068012,1.6962883869219392,600.957349450712,0.6288495659240049,0.11743824445067169,2360.203369140625,12.6697827880121,0.0
987654321012345,32768,16384,18.9206864019299,1478.1114030779554,860.5723552347382,1.7175910823614258,617.5390478432172,0.6317569192102795,0.12951280619976918,2626.34033203125,12.6697827880121,0.0
987654321012345,-32768,20480,18.26511361274757,1341.6148635186264,848.7720450294562,1.5806539239544186,492.8428184891702,0.6122218118057124,0.22226795941028163,3034.43701171875,15.298804780876495,0.0
987654321012345,-28672,20480,19.42389700816266,712.3330357476204,869.6301461469279,0.8191218288645534,-157.29711039930748,0.44999974976996887,0.2527038461629832,181.0193328857422,15.298804780876495,0.0
987654321012345,-24576,20480,16.947342241135747,618.6272164810186,855.8992681099861,0.722780401304798,-237.27205162896746,0.4192586327262662,0.36949023756685173,1782.833740234375,15.298804780876495,192.84366809414018
987654321012345,-20480,20480,19.371231952006408,1100.5739455447583,868.6821751361153,1.2669466198869654,231.89177040864297,0.5585943543037573,0.0,128.0,15.298804780876495,0.0
987654321012345,-16384,20480,18.313378110731893,1152.8492009116856,849.6408059931741,1.3568665638229096,303.20839491851143,0.5754204897146917,0.16678127396822254,2807.25927734375,15.298804780876495,0.0
987654321012345,-12288,20480,17.37704649761589,667.3992274008897,845.1554118991263,0.7896763340853424,-177.75618449823662,0.44094822219932966,0.2955219485863011,652.6744995117188,15.298804780876495,128.77284596511632
987654321012345,-8192,20480,17.297556504150393,648.5616194567837,858.4589808196373,0.7554951767614472,-209.89736136285364,0.4300747744015579,0.3568752018337206,1536.0,15.298804780876495,178.5092964939256
987654321012345,-4096,20480,19.344415553761937,1145.6705366183694,868.1994799677149,1.3195936683364204,277.47105665065453,0.5686076655999617,0.0,128.0,15.298804780876495,0.0
987654321012345,0,20480,18.278896435742514,1215.6993586273718,849.0201358433653,1.4318851901195129,366.67922278400647,0.5885113452631907,0.17329574461458802,2307.552734375,15.298804780876495,0.0
987654321012345,4096,20480,17.326966737457212,690.4841558044933,844.9090035217392,0.8172290186593181,-154.42484771724594,0.4494189209403257,0.31012337339030677,689.3010864257812,15.298804780876495,132.72354397550095
987654321012345,8192,20480,16.898373159087974,655.4564466209611,854.3938774332523,0.7671595781913444,-198.93743081229127,0.4338328133405765,0.36283380166227064,1740.98828125,15.298804780876495,188.61527796461937
987654321012345,12288,20480,17.68261029262226,823.0543459317989,845.3136335766807,0.9736674214626132,-22.259287644881738,0.49303350491611503,0.2608549335852995,362.0386657714844,15.298804780876495,116.37073290132744
987654321012345,16384,20480,18.1922043571325,1134.0877259674135,847.459678428385,1.338220277418485,286.62804753902844,0.5720356161234078,0.15655962669130893,2807.25927734375,15.298804780876495,0.0
987654321012345,20480,20480,17.744148049484593,612.0624603265701,842.960983325368,0.7260863461462543,-230.89852299879794,0.4203658004238037,0.2744389468788107,181.0193328857422,15.298804780876495,104.13946161903804
987654321012345,24576,20480,16.89310476460061,660.172599364336,862.9612173414197,0.7650084222766954,-202.78861797708373,0.43314608738963944,0.40720147248718613,2349.767578125,15.298804780876495,223.7132957001933
987654321012345,28672,20480,17.399064925643334,869.6643830987055,846.8250170599974,1.0269705849243822,22.83936603870802,0.506357933282351,0.280127038396093,724.0773315429688,15.298804780876495,130.1686573701424
987654321012345,32768,20480,18.042786171704417,1496.2119661324778,844.7701510906795,1.771146819286553,651.4418150417982,0.6388656664494549,0.39923739933099217,2739.319580078125,15.298804780876495,0.0
987654321012345,-32768,24576,17.5421491114437,1195.0043759294404,835.7586840059867,1.429843803957268,359.2456919234537,0.5881612868615791,0.2452284258194608,2048.0,17.754944772668892,0.0
987654321012345,-28672,24576,16.310706429475,553.2374812877919,842.6564932040383,0.6565397475123148,-289.4190119162464,0.3960482981459288,0.4365115098092206,1664.0,17.754944772668892,172.99429096182539
987654321012345,-24576,24576,15.126749153877695,632.1142395609745,864.7557569643335,0.7309743062942636,-232.641517403359,0.4220087464381588,0.7303238171784711,5557.3232421875,17.754944772668892,379.79154523666165
987654321012345,-20480,24576,16.117117593716284,845.9433601086304,845.0357660783822,1.0010740303152612,0.9075940302482195,0.499972692934469,0.602478814878837,2063.93798828125,17.754944772668892,203.75505980329126
987654321012345,-16384,24576,17.477138392997826,1043.6724021193613,834.5884910739609,1.2505233576565957,209.08391104540044,0.5553632313105327,0.27999188913351725,2048.0,17.754944772668892,0.0
987654321012345,-12288,24576,16.350393753526337,567.6152486180079,848.1381853503516,0.6692485474917458,-280.52293673234374,0.40064504874931156,0.4138714491258686,1987.0943603515625,17.754944772668892,192.57288158996622
987654321012345,-8192,24576,15.18853414297757,658.6261352466692,866.4215706230476,0.7601682109242135,-207.79543537637846,0.431589479616765,0.8021193812705226,5627.634765625,17.754944772668892,383.1882222042412
987654321012345,-4096,24576,16.339769176413125,925.0558507998703,846.9779607265933,1.092184087064434,78.07789007327699,0.5217361591110657,0.5803623272822068,1920.0,17.754944772668892,192.4479654994372
987654321012345,0,24576,17.51714962438441,1193.8611886722247,835.3086932389194,1.4292454973059285,358.55249543330524,0.5880597477627625,0.2829574099113375,1958.0234375,17.754944772668892,0.0
987654321012345,4096,24576,16.25984591573512,502.77386178505174,847.6610806529319,0.593130760937824,-344.88721886788016,0.37202964493285157,0.413086757446699,2067.9033203125,17.754944772668892,198.7677212781295
987654321012345,8192,24576,14.954192364639544,609.5836402220365,863.401904637702,0.7060253596241811,-253.81826441566557,0.41356147782306996,0.7009452974712127,5782.7109375,17.754944772668892,403.23757489600746
987654321012345,12288,24576,16.090591848349998,932.0067265339297,846.3410362239205,1.1012188782576582,85.66569031000927,0.5237912149839624,0.5837690521260567,2191.007080078125,17.754944772668892,208.69137339751495
987654321012345,16384,24576,17.476233728393773,1073.5976465682193,834.5722071110879,1.2864047441557267,239.02543945713137,0.5623374182759104,0.25416545114637423,1920.0,17.754944772668892,0.0
987654321012345,20480,24576,16.458009350767387,532.0620751333848,847.4968821410547,0.6278041681866979,-315.43480700766986,0.3853961269309391,0.4359435337059253,1810.193359375,17.754944772668892,183.58136169294187
987654321012345,24576,24576,15.313309428901901,643.3547783728793,867.6419621868989,0.7414979984961748,-224.2871838140196,0.4255001093022817,0.7185484023729785,5498.04345703125,17.754944772668892,394.0986797087615
987654321012345,28672,24576,16.05251262960584,927.854945690169,848.3892597763297,1.0936665392661733,79.46568591383925,0.5220750996606128,0.6150562771744426,2391.2373046875,17.754944772668892,217.70442529028463
987654321012345,32768,24576,17.474367852825335,1097.5697499442917,834.538621350856,1.3151814929399803,263.0311285934357,0.5677745574134263,0.2630732117802865,1683.5771484375,17.754944772668892,0.0
987654321012345,-32768,28672,16.565975555675823,1101.660416244221,818.1875600021649,1.3464643928848126,283.4728562420562,0.5735281656162214,0.2300713109063041,2721.3173828125,20.054712758020393,0.0
987654321012345,-28672,28672,16.178060493520423,512.2642146881722,820.0892427133151,0.6246444752687096,-307.82502802514296,0.38419236238116555,0.29103767466469155,461.51055908203125,20.054712758020393,115.11837177239755
987654321012345,-24576,28672,15.544698879550017,790.8448878200717,830.7877833790429,0.9519216623570071,-39.94289555897126,0.4873838064875414,0.46102676721963504,1792.0,20.054712758020393,182.1575810542045
987654321012345,-20480,28672,16.13813226438912,1030.079255606146,820.8705200126965,1.2548620403498152,209.20873559344955,0.5562133861119087,0.462964214135297,543.0579833984375,20.054712758020393,123.02901234157319
987654321012345,-16384,28672,16.838806957606412,1280.9376075723985,823.0985252369154,1.5562384918666956,457.8390823354831,0.6085109835444488,0.24241355530285053,2524.5546875,20.054712758020393,0.0
987654321012345,-12288,28672,15.955779478096002,547.5579243847172,818.1235270515912,0.6692851461661828,-270.56560266687393,0.4006478055360036,0.30546513537765146,572.4334106445312,20.054712758020393,123.67372162332529
987654321012345,-8192,28672,15.370088815376755,780.564870919684,832.5256161915946,0.9375866108365457,-51.96074527191058,0.48359424527472006,0.47152459569620053,2130.344482421875,20.054712758020393,206.32612932782678
987654321012345,-4096,28672,16.05758814938585,1278.0879625797168,811.5694731717919,1.5748349399893864,466.5184894079249,0.6113330384613176,0.18641292652972044,128.0,20.054712758020393,97.0824309045952
987654321012345,0,28672,16.934724932074094,1119.9342393269576,824.8250487773337,1.3577839821754618,295.1091905496239,0.5755769720200508,0.2519905026429014,2862.1669921875,20.054712758020393,0.0
987654321012345,4096,28672,15.749729650252759,517.7747504223835,815.6361059279566,0.634810973495719,-297.8613555055731,0.38801748948484677,0.30655938784961456,640.0,20.054712758020393,122.85100727984363
987654321012345,8192,28672,15.490878367007484,667.2112485062556,838.5995754631755,0.7956255500579539,-171.38832695691985,0.4427969575826404,0.46771477130744193,2415.09912109375,20.054712758020393,217.60845851345346
987654321012345,12288,28672,16.018977992258325,1121.6104961659503,813.9315499908242,1.3780157510525235,307.67894617512604,0.5791821036841817,0.4116698238352262,286.2167053222656,20.054712758020393,107.73502288398399
987654321012345,16384,28672,16.861736340411237,1225.7885158807867,823.5112541274023,1.4884903026366532,402.27726175338444,0.5978581931343098,0.20480068491138578,2691.0458984375,20.054712758020393,0.0
987654321012345,20480,28672,15.986454912068906,544.9571251250168,811.3225068518857,0.6716898896834175,-266.3653817268689,0.401506890905949,0.2752740325936768,181.0193328857422,20.054712758020393,104.47211603044988
987654321012345,24576,28672,15.72016180885324,753.0719831515041,829.4788015210902,0.9078857491843408,-76.40681836958606,0.47555909822444054,0.43643019916699605,1498.2015380859375,20.054712758020393,167.501170714681
987654321012345,28672,28672,15.818022050913472,965.2918510566648,818.36624531486,1.1795352711367957,146.92560574180482,0.540883350720929,0.4831827519162573,724.0773315429688,20.054712758020393,127.57108288890794
987654321012345,32768,28672,16.766495344005456,1266.2230549919227,821.7969161920983,1.540798012310791,444.42613879982446,0.6061325753024032,0.23925206703618346,2763.14013671875,20.054712758020393,0.0
987654321012345,-32768,32768,16.135801681375703,1379.3474346943087,810.4444302647627,1.7019642349120618,568.9030044295461,0.6296113550339835,0.10907525067627596,2626.34033203125,22.21258134490239,0.0
987654321012345,-28672,32768,16.234825511515126,1334.710211232008,812.2268592072722,1.643272684351606,522.4833520247358,0.6213916737137196,0.0,2757.204345703125,22.21258134490239,0.0
987654321012345,-24576,32768,15.885541489415152,1402.6630476718858,805.9397468094728,1.740406839623807,596.723300862413,0.634803255668909,0.054790156048655496,2179.761474609375,22.21258134490239,0.0
987654321012345,-20480,32768,16.211779898484306,1268.899883912615,811.8120381727175,1.5630464002095144,457.0878457398975,0.6095463404184707,0.122305441563683,2715.2900390625,22.21258134490239,0.0
987654321012345,-16384,32768,16.18257449526073,1289.6190193138123,811.2863409146931,1.589597845145301,478.3326783991191,0.6135476143291311,0.13708165301567046,2626.34033203125,22.21258134490239,0.0
987654321012345,-12288,32768,16.19547651708836,1354.969635744494,811.5185773075905,1.669671740898322,543.4510584369036,0.6251335659336913,0.0,2700.162841796875,22.21258134490239,0.0
987654321012345,-8192,32768,15.968709983947122,1240.8824225921583,807.4367797110482,1.5368168180748767,433.4456428811101,0.6055095864019352,0.06134003707821497,1792.0,22.21258134490239,0.0
987654321012345,-4096,32768,15.972050630237455,1431.7322548079574,807.4969113442742,1.7730498218556554,624.2353434636832,0.6391008011323545,0.12203990269860746,3280.8974609375,22.21258134490239,0.0
987654321012345,0,32768,16.120831390609773,1263.3297189674904,810.174965030976,1.5593294948569396,453.15475393651445,0.6089789667442489,0.14391880189696535,5249.560546875,22.21258134490239,0.0
987654321012345,4096,32768,15.969418270266852,1289.6689974730684,807.4495288648034,1.5972131401032823,482.21946860826506,0.6146788092682738,0.0,2635.681396484375,22.21258134490239,0.0
987654321012345,8192,32768,16.260069156233495,1428.9643793810126,812.681244812203,1.7583331576837635,616.2831345688096,0.6371779669358496,0.04036241814580456,1664.0,22.21258134490239,0.0
987654321012345,12288,32768,16.231352109405826,1308.8527916731937,812.1643379693048,1.6115615159190366,496.68845370388885,0.6167965250561852,0.10122180698778245,2715.2900390625,22.21258134490239,0.0
987654321012345,16384,32768,16.223933545960975,1228.5755846427444,812.0308038272975,1.5129667234939495,416.54478081544687,0.6017690734027462,0.09897059087969019,2626.34033203125,22.21258134490239,0.0
987654321012345,20480,32768,16.11455394628463,1300.773900787436,810.0619710331233,1.6057708512454631,490.7119297543128,0.6159445997411116,0.0,2575.9501953125,22.21258134490239,0.0
987654321012345,24576,32768,15.929005883518247,1293.0006397034988,806.7221059033284,1.6027832016028112,486.2785338001704,0.6155027560907353,0.0570172078515557,2176.0,22.21258134490239,0.0
987654321012345,28672,32768,15.991018416527274,1324.4117877314122,807.8383314974909,1.6394515289666294,516.5734562339213,0.6208422424512235,0.12065975320101643,2795.562255859375,22.21258134490239,0.0
987654321012345,32768,32768,15.906875409677236,1393.9751923939364,806.3237573741902,1.7288033245274144,587.6514350197461,0.6332511958635925,0.1339760294945595,5081.455078125,22.21258134490239,0.0
