"seed","ordinal","stage","x","z","legacyFieldsExact"
"8675309","0","continent","-129","-129","True"
"8675309","0","terrain","-129","-129","True"
"8675309","0","hydrology","-129","-129","True"
"8675309","0","legacy_compatibility","-129","-129","True"
"8675309","0","finalized","-129","-129","True"
"8675309","1","continent","-129","0","True"
"8675309","1","terrain","-129","0","True"
"8675309","1","hydrology","-129","0","True"
"8675309","1","legacy_compatibility","-129","0","True"
"8675309","1","finalized","-129","0","True"
"8675309","2","continent","0","-129","True"
"8675309","2","terrain","0","-129","True"
"8675309","2","hydrology","0","-129","True"
"8675309","2","legacy_compatibility","0","-129","True"
"8675309","2","finalized","0","-129","True"
"8675309","3","continent","-128","-128","True"
"8675309","3","terrain","-128","-128","True"
"8675309","3","hydrology","-128","-128","True"
"8675309","3","legacy_compatibility","-128","-128","True"
"8675309","3","finalized","-128","-128","True"
"8675309","4","continent","-128","0","True"
"8675309","4","terrain","-128","0","True"
"8675309","4","hydrology","-128","0","True"
"8675309","4","legacy_compatibility","-128","0","True"
"8675309","4","finalized","-128","0","True"
"8675309","5","continent","0","-128","True"
"8675309","5","terrain","0","-128","True"
"8675309","5","hydrology","0","-128","True"
"8675309","5","legacy_compatibility","0","-128","True"
"8675309","5","finalized","0","-128","True"
"8675309","6","continent","-127","-127","True"
"8675309","6","terrain","-127","-127","True"
"8675309","6","hydrology","-127","-127","True"
"8675309","6","legacy_compatibility","-127","-127","True"
"8675309","6","finalized","-127","-127","True"
"8675309","7","continent","-127","0","True"
"8675309","7","terrain","-127","0","True"
"8675309","7","hydrology","-127","0","True"
"8675309","7","legacy_compatibility","-127","0","True"
"8675309","7","finalized","-127","0","True"
"8675309","8","continent","0","-127","True"
"8675309","8","terrain","0","-127","True"
"8675309","8","hydrology","0","-127","True"
"8675309","8","legacy_compatibility","0","-127","True"
"8675309","8","finalized","0","-127","True"
"8675309","9","continent","-17","-17","True"
"8675309","9","terrain","-17","-17","True"
"8675309","9","hydrology","-17","-17","True"
"8675309","9","legacy_compatibility","-17","-17","True"
"8675309","9","finalized","-17","-17","True"
"8675309","10","continent","-17","0","True"
"8675309","10","terrain","-17","0","True"
"8675309","10","hydrology","-17","0","True"
"8675309","10","legacy_compatibility","-17","0","True"
"8675309","10","finalized","-17","0","True"
"8675309","11","continent","0","-17","True"
"8675309","11","terrain","0","-17","True"
"8675309","11","hydrology","0","-17","True"
"8675309","11","legacy_compatibility","0","-17","True"
"8675309","11","finalized","0","-17","True"
"8675309","12","continent","-16","-16","True"
"8675309","12","terrain","-16","-16","True"
"8675309","12","hydrology","-16","-16","True"
"8675309","12","legacy_compatibility","-16","-16","True"
"8675309","12","finalized","-16","-16","True"
"8675309","13","continent","-16","0","True"
"8675309","13","terrain","-16","0","True"
"8675309","13","hydrology","-16","0","True"
"8675309","13","legacy_compatibility","-16","0","True"
"8675309","13","finalized","-16","0","True"
"8675309","14","continent","0","-16","True"
"8675309","14","terrain","0","-16","True"
"8675309","14","hydrology","0","-16","True"
"8675309","14","legacy_compatibility","0","-16","True"
"8675309","14","finalized","0","-16","True"
"8675309","15","continent","-15","-15","True"
"8675309","15","terrain","-15","-15","True"
"8675309","15","hydrology","-15","-15","True"
"8675309","15","legacy_compatibility","-15","-15","True"
"8675309","15","finalized","-15","-15","True"
"8675309","16","continent","-15","0","True"
"8675309","16","terrain","-15","0","True"
"8675309","16","hydrology","-15","0","True"
"8675309","16","legacy_compatibility","-15","0","True"
"8675309","16","finalized","-15","0","True"
"8675309","17","continent","0","-15","True"
"8675309","17","terrain","0","-15","True"
"8675309","17","hydrology","0","-15","True"
"8675309","17","legacy_compatibility","0","-15","True"
"8675309","17","finalized","0","-15","True"
"8675309","18","continent","-5","-5","True"
"8675309","18","terrain","-5","-5","True"
"8675309","18","hydrology","-5","-5","True"
"8675309","18","legacy_compatibility","-5","-5","True"
"8675309","18","finalized","-5","-5","True"
"8675309","19","continent","-5","0","True"
"8675309","19","terrain","-5","0","True"
"8675309","19","hydrology","-5","0","True"
"8675309","19","legacy_compatibility","-5","0","True"
"8675309","19","finalized","-5","0","True"
"8675309","20","continent","0","-5","True"
"8675309","20","terrain","0","-5","True"
"8675309","20","hydrology","0","-5","True"
"8675309","20","legacy_compatibility","0","-5","True"
"8675309","20","finalized","0","-5","True"
"8675309","21","continent","-4","-4","True"
"8675309","21","terrain","-4","-4","True"
"8675309","21","hydrology","-4","-4","True"
"8675309","21","legacy_compatibility","-4","-4","True"
"8675309","21","finalized","-4","-4","True"
"8675309","22","continent","-4","0","True"
"8675309","22","terrain","-4","0","True"
"8675309","22","hydrology","-4","0","True"
"8675309","22","legacy_compatibility","-4","0","True"
"8675309","22","finalized","-4","0","True"
"8675309","23","continent","0","-4","True"
"8675309","23","terrain","0","-4","True"
"8675309","23","hydrology","0","-4","True"
"8675309","23","legacy_compatibility","0","-4","True"
"8675309","23","finalized","0","-4","True"
"8675309","24","continent","-3","-3","True"
"8675309","24","terrain","-3","-3","True"
"8675309","24","hydrology","-3","-3","True"
"8675309","24","legacy_compatibility","-3","-3","True"
"8675309","24","finalized","-3","-3","True"
"8675309","25","continent","-3","0","True"
"8675309","25","terrain","-3","0","True"
"8675309","25","hydrology","-3","0","True"
"8675309","25","legacy_compatibility","-3","0","True"
"8675309","25","finalized","-3","0","True"
"8675309","26","continent","0","-3","True"
"8675309","26","terrain","0","-3","True"
"8675309","26","hydrology","0","-3","True"
"8675309","26","legacy_compatibility","0","-3","True"
"8675309","26","finalized","0","-3","True"
"8675309","27","continent","-1","-1","True"
"8675309","27","terrain","-1","-1","True"
"8675309","27","hydrology","-1","-1","True"
"8675309","27","legacy_compatibility","-1","-1","True"
"8675309","27","finalized","-1","-1","True"
"8675309","28","continent","-1","0","True"
"8675309","28","terrain","-1","0","True"
"8675309","28","hydrology","-1","0","True"
"8675309","28","legacy_compatibility","-1","0","True"
"8675309","28","finalized","-1","0","True"
"8675309","29","continent","0","-1","True"
"8675309","29","terrain","0","-1","True"
"8675309","29","hydrology","0","-1","True"
"8675309","29","legacy_compatibility","0","-1","True"
"8675309","29","finalized","0","-1","True"
"8675309","30","continent","0","0","True"
"8675309","30","terrain","0","0","True"
"8675309","30","hydrology","0","0","True"
"8675309","30","legacy_compatibility","0","0","True"
"8675309","30","finalized","0","0","True"
"8675309","31","continent","0","0","True"
"8675309","31","terrain","0","0","True"
"8675309","31","hydrology","0","0","True"
"8675309","31","legacy_compatibility","0","0","True"
"8675309","31","finalized","0","0","True"
"8675309","32","continent","0","0","True"
"8675309","32","terrain","0","0","True"
"8675309","32","hydrology","0","0","True"
"8675309","32","legacy_compatibility","0","0","True"
"8675309","32","finalized","0","0","True"
"8675309","33","continent","1","1","True"
"8675309","33","terrain","1","1","True"
"8675309","33","hydrology","1","1","True"
"8675309","33","legacy_compatibility","1","1","True"
"8675309","33","finalized","1","1","True"
"8675309","34","continent","1","0","True"
"8675309","34","terrain","1","0","True"
"8675309","34","hydrology","1","0","True"
"8675309","34","legacy_compatibility","1","0","True"
"8675309","34","finalized","1","0","True"
"8675309","35","continent","0","1","True"
"8675309","35","terrain","0","1","True"
"8675309","35","hydrology","0","1","True"
"8675309","35","legacy_compatibility","0","1","True"
"8675309","35","finalized","0","1","True"
"8675309","36","continent","3","3","True"
"8675309","36","terrain","3","3","True"
"8675309","36","hydrology","3","3","True"
"8675309","36","legacy_compatibility","3","3","True"
"8675309","36","finalized","3","3","True"
"8675309","37","continent","3","0","True"
"8675309","37","terrain","3","0","True"
"8675309","37","hydrology","3","0","True"
"8675309","37","legacy_compatibility","3","0","True"
"8675309","37","finalized","3","0","True"
"8675309","38","continent","0","3","True"
"8675309","38","terrain","0","3","True"
"8675309","38","hydrology","0","3","True"
"8675309","38","legacy_compatibility","0","3","True"
"8675309","38","finalized","0","3","True"
"8675309","39","continent","4","4","True"
"8675309","39","terrain","4","4","True"
"8675309","39","hydrology","4","4","True"
"8675309","39","legacy_compatibility","4","4","True"
"8675309","39","finalized","4","4","True"
"8675309","40","continent","4","0","True"
"8675309","40","terrain","4","0","True"
"8675309","40","hydrology","4","0","True"
"8675309","40","legacy_compatibility","4","0","True"
"8675309","40","finalized","4","0","True"
"8675309","41","continent","0","4","True"
"8675309","41","terrain","0","4","True"
"8675309","41","hydrology","0","4","True"
"8675309","41","legacy_compatibility","0","4","True"
"8675309","41","finalized","0","4","True"
"8675309","42","continent","5","5","True"
"8675309","42","terrain","5","5","True"
"8675309","42","hydrology","5","5","True"
"8675309","42","legacy_compatibility","5","5","True"
"8675309","42","finalized","5","5","True"
"8675309","43","continent","5","0","True"
"8675309","43","terrain","5","0","True"
"8675309","43","hydrology","5","0","True"
"8675309","43","legacy_compatibility","5","0","True"
"8675309","43","finalized","5","0","True"
"8675309","44","continent","0","5","True"
"8675309","44","terrain","0","5","True"
"8675309","44","hydrology","0","5","True"
"8675309","44","legacy_compatibility","0","5","True"
"8675309","44","finalized","0","5","True"
"8675309","45","continent","15","15","True"
"8675309","45","terrain","15","15","True"
"8675309","45","hydrology","15","15","True"
"8675309","45","legacy_compatibility","15","15","True"
"8675309","45","finalized","15","15","True"
"8675309","46","continent","15","0","True"
"8675309","46","terrain","15","0","True"
"8675309","46","hydrology","15","0","True"
"8675309","46","legacy_compatibility","15","0","True"
"8675309","46","finalized","15","0","True"
"8675309","47","continent","0","15","True"
"8675309","47","terrain","0","15","True"
"8675309","47","hydrology","0","15","True"
"8675309","47","legacy_compatibility","0","15","True"
"8675309","47","finalized","0","15","True"
"8675309","48","continent","16","16","True"
"8675309","48","terrain","16","16","True"
"8675309","48","hydrology","16","16","True"
"8675309","48","legacy_compatibility","16","16","True"
"8675309","48","finalized","16","16","True"
"8675309","49","continent","16","0","True"
"8675309","49","terrain","16","0","True"
"8675309","49","hydrology","16","0","True"
"8675309","49","legacy_compatibility","16","0","True"
"8675309","49","finalized","16","0","True"
"8675309","50","continent","0","16","True"
"8675309","50","terrain","0","16","True"
"8675309","50","hydrology","0","16","True"
"8675309","50","legacy_compatibility","0","16","True"
"8675309","50","finalized","0","16","True"
"8675309","51","continent","17","17","True"
"8675309","51","terrain","17","17","True"
"8675309","51","hydrology","17","17","True"
"8675309","51","legacy_compatibility","17","17","True"
"8675309","51","finalized","17","17","True"
"8675309","52","continent","17","0","True"
"8675309","52","terrain","17","0","True"
"8675309","52","hydrology","17","0","True"
"8675309","52","legacy_compatibility","17","0","True"
"8675309","52","finalized","17","0","True"
"8675309","53","continent","0","17","True"
"8675309","53","terrain","0","17","True"
"8675309","53","hydrology","0","17","True"
"8675309","53","legacy_compatibility","0","17","True"
"8675309","53","finalized","0","17","True"
"8675309","54","continent","63","63","True"
"8675309","54","terrain","63","63","True"
"8675309","54","hydrology","63","63","True"
"8675309","54","legacy_compatibility","63","63","True"
"8675309","54","finalized","63","63","True"
"8675309","55","continent","63","0","True"
"8675309","55","terrain","63","0","True"
"8675309","55","hydrology","63","0","True"
"8675309","55","legacy_compatibility","63","0","True"
"8675309","55","finalized","63","0","True"
"8675309","56","continent","0","63","True"
"8675309","56","terrain","0","63","True"
"8675309","56","hydrology","0","63","True"
"8675309","56","legacy_compatibility","0","63","True"
"8675309","56","finalized","0","63","True"
"8675309","57","continent","64","64","True"
"8675309","57","terrain","64","64","True"
"8675309","57","hydrology","64","64","True"
"8675309","57","legacy_compatibility","64","64","True"
"8675309","57","finalized","64","64","True"
"8675309","58","continent","64","0","True"
"8675309","58","terrain","64","0","True"
"8675309","58","hydrology","64","0","True"
"8675309","58","legacy_compatibility","64","0","True"
"8675309","58","finalized","64","0","True"
"8675309","59","continent","0","64","True"
"8675309","59","terrain","0","64","True"
"8675309","59","hydrology","0","64","True"
"8675309","59","legacy_compatibility","0","64","True"
"8675309","59","finalized","0","64","True"
"8675309","60","continent","65","65","True"
"8675309","60","terrain","65","65","True"
"8675309","60","hydrology","65","65","True"
"8675309","60","legacy_compatibility","65","65","True"
"8675309","60","finalized","65","65","True"
"8675309","61","continent","65","0","True"
"8675309","61","terrain","65","0","True"
"8675309","61","hydrology","65","0","True"
"8675309","61","legacy_compatibility","65","0","True"
"8675309","61","finalized","65","0","True"
"8675309","62","continent","0","65","True"
"8675309","62","terrain","0","65","True"
"8675309","62","hydrology","0","65","True"
"8675309","62","legacy_compatibility","0","65","True"
"8675309","62","finalized","0","65","True"
"8675309","63","continent","126","126","True"
"8675309","63","terrain","126","126","True"
"8675309","63","hydrology","126","126","True"
"8675309","63","legacy_compatibility","126","126","True"
"8675309","63","finalized","126","126","True"
"8675309","64","continent","126","0","True"
"8675309","64","terrain","126","0","True"
"8675309","64","hydrology","126","0","True"
"8675309","64","legacy_compatibility","126","0","True"
"8675309","64","finalized","126","0","True"
"8675309","65","continent","0","126","True"
"8675309","65","terrain","0","126","True"
"8675309","65","hydrology","0","126","True"
"8675309","65","legacy_compatibility","0","126","True"
"8675309","65","finalized","0","126","True"
"8675309","66","continent","127","127","True"
"8675309","66","terrain","127","127","True"
"8675309","66","hydrology","127","127","True"
"8675309","66","legacy_compatibility","127","127","True"
"8675309","66","finalized","127","127","True"
"8675309","67","continent","127","0","True"
"8675309","67","terrain","127","0","True"
"8675309","67","hydrology","127","0","True"
"8675309","67","legacy_compatibility","127","0","True"
"8675309","67","finalized","127","0","True"
"8675309","68","continent","0","127","True"
"8675309","68","terrain","0","127","True"
"8675309","68","hydrology","0","127","True"
"8675309","68","legacy_compatibility","0","127","True"
"8675309","68","finalized","0","127","True"
"8675309","69","continent","128","128","True"
"8675309","69","terrain","128","128","True"
"8675309","69","hydrology","128","128","True"
"8675309","69","legacy_compatibility","128","128","True"
"8675309","69","finalized","128","128","True"
"8675309","70","continent","128","0","True"
"8675309","70","terrain","128","0","True"
"8675309","70","hydrology","128","0","True"
"8675309","70","legacy_compatibility","128","0","True"
"8675309","70","finalized","128","0","True"
"8675309","71","continent","0","128","True"
"8675309","71","terrain","0","128","True"
"8675309","71","hydrology","0","128","True"
"8675309","71","legacy_compatibility","0","128","True"
"8675309","71","finalized","0","128","True"
"8675309","72","continent","129","129","True"
"8675309","72","terrain","129","129","True"
"8675309","72","hydrology","129","129","True"
"8675309","72","legacy_compatibility","129","129","True"
"8675309","72","finalized","129","129","True"
"8675309","73","continent","129","0","True"
"8675309","73","terrain","129","0","True"
"8675309","73","hydrology","129","0","True"
"8675309","73","legacy_compatibility","129","0","True"
"8675309","73","finalized","129","0","True"
"8675309","74","continent","0","129","True"
"8675309","74","terrain","0","129","True"
"8675309","74","hydrology","0","129","True"
"8675309","74","legacy_compatibility","0","129","True"
"8675309","74","finalized","0","129","True"
"8675309","75","continent","-4032","-4096","True"
"8675309","75","terrain","-4032","-4096","True"
"8675309","75","hydrology","-4032","-4096","True"
"8675309","75","legacy_compatibility","-4032","-4096","True"
"8675309","75","finalized","-4032","-4096","True"
"8675309","76","continent","-4096","-1728","True"
"8675309","76","terrain","-4096","-1728","True"
"8675309","76","hydrology","-4096","-1728","True"
"8675309","76","legacy_compatibility","-4096","-1728","True"
"8675309","76","finalized","-4096","-1728","True"
"8675309","77","continent","-2688","-4096","True"
"8675309","77","terrain","-2688","-4096","True"
"8675309","77","hydrology","-2688","-4096","True"
"8675309","77","legacy_compatibility","-2688","-4096","True"
"8675309","77","finalized","-2688","-4096","True"
"8675309","78","continent","-2688","-4096","True"
"8675309","78","terrain","-2688","-4096","True"
"8675309","78","hydrology","-2688","-4096","True"
"8675309","78","legacy_compatibility","-2688","-4096","True"
"8675309","78","finalized","-2688","-4096","True"
"8675309","79","continent","1280","-4096","True"
"8675309","79","terrain","1280","-4096","True"
"8675309","79","hydrology","1280","-4096","True"
"8675309","79","legacy_compatibility","1280","-4096","True"
"8675309","79","finalized","1280","-4096","True"
"8675309","80","continent","3392","-3072","True"
"8675309","80","terrain","3392","-3072","True"
"8675309","80","hydrology","3392","-3072","True"
"8675309","80","legacy_compatibility","3392","-3072","True"
"8675309","80","finalized","3392","-3072","True"
"8675309","81","continent","-2688","-4096","True"
"8675309","81","terrain","-2688","-4096","True"
"8675309","81","hydrology","-2688","-4096","True"
"8675309","81","legacy_compatibility","-2688","-4096","True"
"8675309","81","finalized","-2688","-4096","True"
"8675309","82","continent","-64","-4096","True"
"8675309","82","terrain","-64","-4096","True"
"8675309","82","hydrology","-64","-4096","True"
"8675309","82","legacy_compatibility","-64","-4096","True"
"8675309","82","finalized","-64","-4096","True"
"8675309","83","continent","-2752","-2432","True"
"8675309","83","terrain","-2752","-2432","True"
"8675309","83","hydrology","-2752","-2432","True"
"8675309","83","legacy_compatibility","-2752","-2432","True"
"8675309","83","finalized","-2752","-2432","True"
"8675309","84","continent","-4096","-4096","True"
"8675309","84","terrain","-4096","-4096","True"
"8675309","84","hydrology","-4096","-4096","True"
"8675309","84","legacy_compatibility","-4096","-4096","True"
"8675309","84","finalized","-4096","-4096","True"
"4303642605","0","continent","-129","-129","True"
"4303642605","0","terrain","-129","-129","True"
"4303642605","0","hydrology","-129","-129","True"
"4303642605","0","legacy_compatibility","-129","-129","True"
"4303642605","0","finalized","-129","-129","True"
"4303642605","1","continent","-129","0","True"
"4303642605","1","terrain","-129","0","True"
"4303642605","1","hydrology","-129","0","True"
"4303642605","1","legacy_compatibility","-129","0","True"
"4303642605","1","finalized","-129","0","True"
"4303642605","2","continent","0","-129","True"
"4303642605","2","terrain","0","-129","True"
"4303642605","2","hydrology","0","-129","True"
"4303642605","2","legacy_compatibility","0","-129","True"
"4303642605","2","finalized","0","-129","True"
"4303642605","3","continent","-128","-128","True"
"4303642605","3","terrain","-128","-128","True"
"4303642605","3","hydrology","-128","-128","True"
"4303642605","3","legacy_compatibility","-128","-128","True"
"4303642605","3","finalized","-128","-128","True"
"4303642605","4","continent","-128","0","True"
"4303642605","4","terrain","-128","0","True"
"4303642605","4","hydrology","-128","0","True"
"4303642605","4","legacy_compatibility","-128","0","True"
"4303642605","4","finalized","-128","0","True"
"4303642605","5","continent","0","-128","True"
"4303642605","5","terrain","0","-128","True"
"4303642605","5","hydrology","0","-128","True"
"4303642605","5","legacy_compatibility","0","-128","True"
"4303642605","5","finalized","0","-128","True"
"4303642605","6","continent","-127","-127","True"
"4303642605","6","terrain","-127","-127","True"
"4303642605","6","hydrology","-127","-127","True"
"4303642605","6","legacy_compatibility","-127","-127","True"
"4303642605","6","finalized","-127","-127","True"
"4303642605","7","continent","-127","0","True"
"4303642605","7","terrain","-127","0","True"
"4303642605","7","hydrology","-127","0","True"
"4303642605","7","legacy_compatibility","-127","0","True"
"4303642605","7","finalized","-127","0","True"
"4303642605","8","continent","0","-127","True"
"4303642605","8","terrain","0","-127","True"
"4303642605","8","hydrology","0","-127","True"
"4303642605","8","legacy_compatibility","0","-127","True"
"4303642605","8","finalized","0","-127","True"
"4303642605","9","continent","-17","-17","True"
"4303642605","9","terrain","-17","-17","True"
"4303642605","9","hydrology","-17","-17","True"
"4303642605","9","legacy_compatibility","-17","-17","True"
"4303642605","9","finalized","-17","-17","True"
"4303642605","10","continent","-17","0","True"
"4303642605","10","terrain","-17","0","True"
"4303642605","10","hydrology","-17","0","True"
"4303642605","10","legacy_compatibility","-17","0","True"
"4303642605","10","finalized","-17","0","True"
"4303642605","11","continent","0","-17","True"
"4303642605","11","terrain","0","-17","True"
"4303642605","11","hydrology","0","-17","True"
"4303642605","11","legacy_compatibility","0","-17","True"
"4303642605","11","finalized","0","-17","True"
"4303642605","12","continent","-16","-16","True"
"4303642605","12","terrain","-16","-16","True"
"4303642605","12","hydrology","-16","-16","True"
"4303642605","12","legacy_compatibility","-16","-16","True"
"4303642605","12","finalized","-16","-16","True"
"4303642605","13","continent","-16","0","True"
"4303642605","13","terrain","-16","0","True"
"4303642605","13","hydrology","-16","0","True"
"4303642605","13","legacy_compatibility","-16","0","True"
"4303642605","13","finalized","-16","0","True"
"4303642605","14","continent","0","-16","True"
"4303642605","14","terrain","0","-16","True"
"4303642605","14","hydrology","0","-16","True"
"4303642605","14","legacy_compatibility","0","-16","True"
"4303642605","14","finalized","0","-16","True"
"4303642605","15","continent","-15","-15","True"
"4303642605","15","terrain","-15","-15","True"
"4303642605","15","hydrology","-15","-15","True"
"4303642605","15","legacy_compatibility","-15","-15","True"
"4303642605","15","finalized","-15","-15","True"
"4303642605","16","continent","-15","0","True"
"4303642605","16","terrain","-15","0","True"
"4303642605","16","hydrology","-15","0","True"
"4303642605","16","legacy_compatibility","-15","0","True"
"4303642605","16","finalized","-15","0","True"
"4303642605","17","continent","0","-15","True"
"4303642605","17","terrain","0","-15","True"
"4303642605","17","hydrology","0","-15","True"
"4303642605","17","legacy_compatibility","0","-15","True"
"4303642605","17","finalized","0","-15","True"
"4303642605","18","continent","-5","-5","True"
"4303642605","18","terrain","-5","-5","True"
"4303642605","18","hydrology","-5","-5","True"
"4303642605","18","legacy_compatibility","-5","-5","True"
"4303642605","18","finalized","-5","-5","True"
"4303642605","19","continent","-5","0","True"
"4303642605","19","terrain","-5","0","True"
"4303642605","19","hydrology","-5","0","True"
"4303642605","19","legacy_compatibility","-5","0","True"
"4303642605","19","finalized","-5","0","True"
"4303642605","20","continent","0","-5","True"
"4303642605","20","terrain","0","-5","True"
"4303642605","20","hydrology","0","-5","True"
"4303642605","20","legacy_compatibility","0","-5","True"
"4303642605","20","finalized","0","-5","True"
"4303642605","21","continent","-4","-4","True"
"4303642605","21","terrain","-4","-4","True"
"4303642605","21","hydrology","-4","-4","True"
"4303642605","21","legacy_compatibility","-4","-4","True"
"4303642605","21","finalized","-4","-4","True"
"4303642605","22","continent","-4","0","True"
"4303642605","22","terrain","-4","0","True"
"4303642605","22","hydrology","-4","0","True"
"4303642605","22","legacy_compatibility","-4","0","True"
"4303642605","22","finalized","-4","0","True"
"4303642605","23","continent","0","-4","True"
"4303642605","23","terrain","0","-4","True"
"4303642605","23","hydrology","0","-4","True"
"4303642605","23","legacy_compatibility","0","-4","True"
"4303642605","23","finalized","0","-4","True"
"4303642605","24","continent","-3","-3","True"
"4303642605","24","terrain","-3","-3","True"
"4303642605","24","hydrology","-3","-3","True"
"4303642605","24","legacy_compatibility","-3","-3","True"
"4303642605","24","finalized","-3","-3","True"
"4303642605","25","continent","-3","0","True"
"4303642605","25","terrain","-3","0","True"
"4303642605","25","hydrology","-3","0","True"
"4303642605","25","legacy_compatibility","-3","0","True"
"4303642605","25","finalized","-3","0","True"
"4303642605","26","continent","0","-3","True"
"4303642605","26","terrain","0","-3","True"
"4303642605","26","hydrology","0","-3","True"
"4303642605","26","legacy_compatibility","0","-3","True"
"4303642605","26","finalized","0","-3","True"
"4303642605","27","continent","-1","-1","True"
"4303642605","27","terrain","-1","-1","True"
"4303642605","27","hydrology","-1","-1","True"
"4303642605","27","legacy_compatibility","-1","-1","True"
"4303642605","27","finalized","-1","-1","True"
"4303642605","28","continent","-1","0","True"
"4303642605","28","terrain","-1","0","True"
"4303642605","28","hydrology","-1","0","True"
"4303642605","28","legacy_compatibility","-1","0","True"
"4303642605","28","finalized","-1","0","True"
"4303642605","29","continent","0","-1","True"
"4303642605","29","terrain","0","-1","True"
"4303642605","29","hydrology","0","-1","True"
"4303642605","29","legacy_compatibility","0","-1","True"
"4303642605","29","finalized","0","-1","True"
"4303642605","30","continent","0","0","True"
"4303642605","30","terrain","0","0","True"
"4303642605","30","hydrology","0","0","True"
"4303642605","30","legacy_compatibility","0","0","True"
"4303642605","30","finalized","0","0","True"
"4303642605","31","continent","0","0","True"
"4303642605","31","terrain","0","0","True"
"4303642605","31","hydrology","0","0","True"
"4303642605","31","legacy_compatibility","0","0","True"
"4303642605","31","finalized","0","0","True"
"4303642605","32","continent","0","0","True"
"4303642605","32","terrain","0","0","True"
"4303642605","32","hydrology","0","0","True"
"4303642605","32","legacy_compatibility","0","0","True"
"4303642605","32","finalized","0","0","True"
"4303642605","33","continent","1","1","True"
"4303642605","33","terrain","1","1","True"
"4303642605","33","hydrology","1","1","True"
"4303642605","33","legacy_compatibility","1","1","True"
"4303642605","33","finalized","1","1","True"
"4303642605","34","continent","1","0","True"
"4303642605","34","terrain","1","0","True"
"4303642605","34","hydrology","1","0","True"
"4303642605","34","legacy_compatibility","1","0","True"
"4303642605","34","finalized","1","0","True"
"4303642605","35","continent","0","1","True"
"4303642605","35","terrain","0","1","True"
"4303642605","35","hydrology","0","1","True"
"4303642605","35","legacy_compatibility","0","1","True"
"4303642605","35","finalized","0","1","True"
"4303642605","36","continent","3","3","True"
"4303642605","36","terrain","3","3","True"
"4303642605","36","hydrology","3","3","True"
"4303642605","36","legacy_compatibility","3","3","True"
"4303642605","36","finalized","3","3","True"
"4303642605","37","continent","3","0","True"
"4303642605","37","terrain","3","0","True"
"4303642605","37","hydrology","3","0","True"
"4303642605","37","legacy_compatibility","3","0","True"
"4303642605","37","finalized","3","0","True"
"4303642605","38","continent","0","3","True"
"4303642605","38","terrain","0","3","True"
"4303642605","38","hydrology","0","3","True"
"4303642605","38","legacy_compatibility","0","3","True"
"4303642605","38","finalized","0","3","True"
"4303642605","39","continent","4","4","True"
"4303642605","39","terrain","4","4","True"
"4303642605","39","hydrology","4","4","True"
"4303642605","39","legacy_compatibility","4","4","True"
"4303642605","39","finalized","4","4","True"
"4303642605","40","continent","4","0","True"
"4303642605","40","terrain","4","0","True"
"4303642605","40","hydrology","4","0","True"
"4303642605","40","legacy_compatibility","4","0","True"
"4303642605","40","finalized","4","0","True"
"4303642605","41","continent","0","4","True"
"4303642605","41","terrain","0","4","True"
"4303642605","41","hydrology","0","4","True"
"4303642605","41","legacy_compatibility","0","4","True"
"4303642605","41","finalized","0","4","True"
"4303642605","42","continent","5","5","True"
"4303642605","42","terrain","5","5","True"
"4303642605","42","hydrology","5","5","True"
"4303642605","42","legacy_compatibility","5","5","True"
"4303642605","42","finalized","5","5","True"
"4303642605","43","continent","5","0","True"
"4303642605","43","terrain","5","0","True"
"4303642605","43","hydrology","5","0","True"
"4303642605","43","legacy_compatibility","5","0","True"
"4303642605","43","finalized","5","0","True"
"4303642605","44","continent","0","5","True"
"4303642605","44","terrain","0","5","True"
"4303642605","44","hydrology","0","5","True"
"4303642605","44","legacy_compatibility","0","5","True"
"4303642605","44","finalized","0","5","True"
"4303642605","45","continent","15","15","True"
"4303642605","45","terrain","15","15","True"
"4303642605","45","hydrology","15","15","True"
"4303642605","45","legacy_compatibility","15","15","True"
"4303642605","45","finalized","15","15","True"
"4303642605","46","continent","15","0","True"
"4303642605","46","terrain","15","0","True"
"4303642605","46","hydrology","15","0","True"
"4303642605","46","legacy_compatibility","15","0","True"
"4303642605","46","finalized","15","0","True"
"4303642605","47","continent","0","15","True"
"4303642605","47","terrain","0","15","True"
"4303642605","47","hydrology","0","15","True"
"4303642605","47","legacy_compatibility","0","15","True"
"4303642605","47","finalized","0","15","True"
"4303642605","48","continent","16","16","True"
"4303642605","48","terrain","16","16","True"
"4303642605","48","hydrology","16","16","True"
"4303642605","48","legacy_compatibility","16","16","True"
"4303642605","48","finalized","16","16","True"
"4303642605","49","continent","16","0","True"
"4303642605","49","terrain","16","0","True"
"4303642605","49","hydrology","16","0","True"
"4303642605","49","legacy_compatibility","16","0","True"
"4303642605","49","finalized","16","0","True"
"4303642605","50","continent","0","16","True"
"4303642605","50","terrain","0","16","True"
"4303642605","50","hydrology","0","16","True"
"4303642605","50","legacy_compatibility","0","16","True"
"4303642605","50","finalized","0","16","True"
"4303642605","51","continent","17","17","True"
"4303642605","51","terrain","17","17","True"
"4303642605","51","hydrology","17","17","True"
"4303642605","51","legacy_compatibility","17","17","True"
"4303642605","51","finalized","17","17","True"
"4303642605","52","continent","17","0","True"
"4303642605","52","terrain","17","0","True"
"4303642605","52","hydrology","17","0","True"
"4303642605","52","legacy_compatibility","17","0","True"
"4303642605","52","finalized","17","0","True"
"4303642605","53","continent","0","17","True"
"4303642605","53","terrain","0","17","True"
"4303642605","53","hydrology","0","17","True"
"4303642605","53","legacy_compatibility","0","17","True"
"4303642605","53","finalized","0","17","True"
"4303642605","54","continent","63","63","True"
"4303642605","54","terrain","63","63","True"
"4303642605","54","hydrology","63","63","True"
"4303642605","54","legacy_compatibility","63","63","True"
"4303642605","54","finalized","63","63","True"
"4303642605","55","continent","63","0","True"
"4303642605","55","terrain","63","0","True"
"4303642605","55","hydrology","63","0","True"
"4303642605","55","legacy_compatibility","63","0","True"
"4303642605","55","finalized","63","0","True"
"4303642605","56","continent","0","63","True"
"4303642605","56","terrain","0","63","True"
"4303642605","56","hydrology","0","63","True"
"4303642605","56","legacy_compatibility","0","63","True"
"4303642605","56","finalized","0","63","True"
"4303642605","57","continent","64","64","True"
"4303642605","57","terrain","64","64","True"
"4303642605","57","hydrology","64","64","True"
"4303642605","57","legacy_compatibility","64","64","True"
"4303642605","57","finalized","64","64","True"
"4303642605","58","continent","64","0","True"
"4303642605","58","terrain","64","0","True"
"4303642605","58","hydrology","64","0","True"
"4303642605","58","legacy_compatibility","64","0","True"
"4303642605","58","finalized","64","0","True"
"4303642605","59","continent","0","64","True"
"4303642605","59","terrain","0","64","True"
"4303642605","59","hydrology","0","64","True"
"4303642605","59","legacy_compatibility","0","64","True"
"4303642605","59","finalized","0","64","True"
"4303642605","60","continent","65","65","True"
"4303642605","60","terrain","65","65","True"
"4303642605","60","hydrology","65","65","True"
"4303642605","60","legacy_compatibility","65","65","True"
"4303642605","60","finalized","65","65","True"
"4303642605","61","continent","65","0","True"
"4303642605","61","terrain","65","0","True"
"4303642605","61","hydrology","65","0","True"
"4303642605","61","legacy_compatibility","65","0","True"
"4303642605","61","finalized","65","0","True"
"4303642605","62","continent","0","65","True"
"4303642605","62","terrain","0","65","True"
"4303642605","62","hydrology","0","65","True"
"4303642605","62","legacy_compatibility","0","65","True"
"4303642605","62","finalized","0","65","True"
"4303642605","63","continent","126","126","True"
"4303642605","63","terrain","126","126","True"
"4303642605","63","hydrology","126","126","True"
"4303642605","63","legacy_compatibility","126","126","True"
"4303642605","63","finalized","126","126","True"
"4303642605","64","continent","126","0","True"
"4303642605","64","terrain","126","0","True"
"4303642605","64","hydrology","126","0","True"
"4303642605","64","legacy_compatibility","126","0","True"
"4303642605","64","finalized","126","0","True"
"4303642605","65","continent","0","126","True"
"4303642605","65","terrain","0","126","True"
"4303642605","65","hydrology","0","126","True"
"4303642605","65","legacy_compatibility","0","126","True"
"4303642605","65","finalized","0","126","True"
"4303642605","66","continent","127","127","True"
"4303642605","66","terrain","127","127","True"
"4303642605","66","hydrology","127","127","True"
"4303642605","66","legacy_compatibility","127","127","True"
"4303642605","66","finalized","127","127","True"
"4303642605","67","continent","127","0","True"
"4303642605","67","terrain","127","0","True"
"4303642605","67","hydrology","127","0","True"
"4303642605","67","legacy_compatibility","127","0","True"
"4303642605","67","finalized","127","0","True"
"4303642605","68","continent","0","127","True"
"4303642605","68","terrain","0","127","True"
"4303642605","68","hydrology","0","127","True"
"4303642605","68","legacy_compatibility","0","127","True"
"4303642605","68","finalized","0","127","True"
"4303642605","69","continent","128","128","True"
"4303642605","69","terrain","128","128","True"
"4303642605","69","hydrology","128","128","True"
"4303642605","69","legacy_compatibility","128","128","True"
"4303642605","69","finalized","128","128","True"
"4303642605","70","continent","128","0","True"
"4303642605","70","terrain","128","0","True"
"4303642605","70","hydrology","128","0","True"
"4303642605","70","legacy_compatibility","128","0","True"
"4303642605","70","finalized","128","0","True"
"4303642605","71","continent","0","128","True"
"4303642605","71","terrain","0","128","True"
"4303642605","71","hydrology","0","128","True"
"4303642605","71","legacy_compatibility","0","128","True"
"4303642605","71","finalized","0","128","True"
"4303642605","72","continent","129","129","True"
"4303642605","72","terrain","129","129","True"
"4303642605","72","hydrology","129","129","True"
"4303642605","72","legacy_compatibility","129","129","True"
"4303642605","72","finalized","129","129","True"
"4303642605","73","continent","129","0","True"
"4303642605","73","terrain","129","0","True"
"4303642605","73","hydrology","129","0","True"
"4303642605","73","legacy_compatibility","129","0","True"
"4303642605","73","finalized","129","0","True"
"4303642605","74","continent","0","129","True"
"4303642605","74","terrain","0","129","True"
"4303642605","74","hydrology","0","129","True"
"4303642605","74","legacy_compatibility","0","129","True"
"4303642605","74","finalized","0","129","True"
"4303642605","75","continent","-4032","-4096","True"
"4303642605","75","terrain","-4032","-4096","True"
"4303642605","75","hydrology","-4032","-4096","True"
"4303642605","75","legacy_compatibility","-4032","-4096","True"
"4303642605","75","finalized","-4032","-4096","True"
"4303642605","76","continent","-4096","-1728","True"
"4303642605","76","terrain","-4096","-1728","True"
"4303642605","76","hydrology","-4096","-1728","True"
"4303642605","76","legacy_compatibility","-4096","-1728","True"
"4303642605","76","finalized","-4096","-1728","True"
"4303642605","77","continent","-2688","-4096","True"
"4303642605","77","terrain","-2688","-4096","True"
"4303642605","77","hydrology","-2688","-4096","True"
"4303642605","77","legacy_compatibility","-2688","-4096","True"
"4303642605","77","finalized","-2688","-4096","True"
"4303642605","78","continent","-2688","-4096","True"
"4303642605","78","terrain","-2688","-4096","True"
"4303642605","78","hydrology","-2688","-4096","True"
"4303642605","78","legacy_compatibility","-2688","-4096","True"
"4303642605","78","finalized","-2688","-4096","True"
"4303642605","79","continent","1280","-4096","True"
"4303642605","79","terrain","1280","-4096","True"
"4303642605","79","hydrology","1280","-4096","True"
"4303642605","79","legacy_compatibility","1280","-4096","True"
"4303642605","79","finalized","1280","-4096","True"
"4303642605","80","continent","3392","-3072","True"
"4303642605","80","terrain","3392","-3072","True"
"4303642605","80","hydrology","3392","-3072","True"
"4303642605","80","legacy_compatibility","3392","-3072","True"
"4303642605","80","finalized","3392","-3072","True"
"4303642605","81","continent","-2688","-4096","True"
"4303642605","81","terrain","-2688","-4096","True"
"4303642605","81","hydrology","-2688","-4096","True"
"4303642605","81","legacy_compatibility","-2688","-4096","True"
"4303642605","81","finalized","-2688","-4096","True"
"4303642605","82","continent","-64","-4096","True"
"4303642605","82","terrain","-64","-4096","True"
"4303642605","82","hydrology","-64","-4096","True"
"4303642605","82","legacy_compatibility","-64","-4096","True"
"4303642605","82","finalized","-64","-4096","True"
"4303642605","83","continent","-2752","-2432","True"
"4303642605","83","terrain","-2752","-2432","True"
"4303642605","83","hydrology","-2752","-2432","True"
"4303642605","83","legacy_compatibility","-2752","-2432","True"
"4303642605","83","finalized","-2752","-2432","True"
"4303642605","84","continent","-4096","-4096","True"
"4303642605","84","terrain","-4096","-4096","True"
"4303642605","84","hydrology","-4096","-4096","True"
"4303642605","84","legacy_compatibility","-4096","-4096","True"
"4303642605","84","finalized","-4096","-4096","True"
"42","0","continent","-129","-129","True"
"42","0","terrain","-129","-129","True"
"42","0","hydrology","-129","-129","True"
"42","0","legacy_compatibility","-129","-129","True"
"42","0","finalized","-129","-129","True"
"42","1","continent","-129","0","True"
"42","1","terrain","-129","0","True"
"42","1","hydrology","-129","0","True"
"42","1","legacy_compatibility","-129","0","True"
"42","1","finalized","-129","0","True"
"42","2","continent","0","-129","True"
"42","2","terrain","0","-129","True"
"42","2","hydrology","0","-129","True"
"42","2","legacy_compatibility","0","-129","True"
"42","2","finalized","0","-129","True"
"42","3","continent","-128","-128","True"
"42","3","terrain","-128","-128","True"
"42","3","hydrology","-128","-128","True"
"42","3","legacy_compatibility","-128","-128","True"
"42","3","finalized","-128","-128","True"
"42","4","continent","-128","0","True"
"42","4","terrain","-128","0","True"
"42","4","hydrology","-128","0","True"
"42","4","legacy_compatibility","-128","0","True"
"42","4","finalized","-128","0","True"
"42","5","continent","0","-128","True"
"42","5","terrain","0","-128","True"
"42","5","hydrology","0","-128","True"
"42","5","legacy_compatibility","0","-128","True"
"42","5","finalized","0","-128","True"
"42","6","continent","-127","-127","True"
"42","6","terrain","-127","-127","True"
"42","6","hydrology","-127","-127","True"
"42","6","legacy_compatibility","-127","-127","True"
"42","6","finalized","-127","-127","True"
"42","7","continent","-127","0","True"
"42","7","terrain","-127","0","True"
"42","7","hydrology","-127","0","True"
"42","7","legacy_compatibility","-127","0","True"
"42","7","finalized","-127","0","True"
"42","8","continent","0","-127","True"
"42","8","terrain","0","-127","True"
"42","8","hydrology","0","-127","True"
"42","8","legacy_compatibility","0","-127","True"
"42","8","finalized","0","-127","True"
"42","9","continent","-17","-17","True"
"42","9","terrain","-17","-17","True"
"42","9","hydrology","-17","-17","True"
"42","9","legacy_compatibility","-17","-17","True"
"42","9","finalized","-17","-17","True"
"42","10","continent","-17","0","True"
"42","10","terrain","-17","0","True"
"42","10","hydrology","-17","0","True"
"42","10","legacy_compatibility","-17","0","True"
"42","10","finalized","-17","0","True"
"42","11","continent","0","-17","True"
"42","11","terrain","0","-17","True"
"42","11","hydrology","0","-17","True"
"42","11","legacy_compatibility","0","-17","True"
"42","11","finalized","0","-17","True"
"42","12","continent","-16","-16","True"
"42","12","terrain","-16","-16","True"
"42","12","hydrology","-16","-16","True"
"42","12","legacy_compatibility","-16","-16","True"
"42","12","finalized","-16","-16","True"
"42","13","continent","-16","0","True"
"42","13","terrain","-16","0","True"
"42","13","hydrology","-16","0","True"
"42","13","legacy_compatibility","-16","0","True"
"42","13","finalized","-16","0","True"
"42","14","continent","0","-16","True"
"42","14","terrain","0","-16","True"
"42","14","hydrology","0","-16","True"
"42","14","legacy_compatibility","0","-16","True"
"42","14","finalized","0","-16","True"
"42","15","continent","-15","-15","True"
"42","15","terrain","-15","-15","True"
"42","15","hydrology","-15","-15","True"
"42","15","legacy_compatibility","-15","-15","True"
"42","15","finalized","-15","-15","True"
"42","16","continent","-15","0","True"
"42","16","terrain","-15","0","True"
"42","16","hydrology","-15","0","True"
"42","16","legacy_compatibility","-15","0","True"
"42","16","finalized","-15","0","True"
"42","17","continent","0","-15","True"
"42","17","terrain","0","-15","True"
"42","17","hydrology","0","-15","True"
"42","17","legacy_compatibility","0","-15","True"
"42","17","finalized","0","-15","True"
"42","18","continent","-5","-5","True"
"42","18","terrain","-5","-5","True"
"42","18","hydrology","-5","-5","True"
"42","18","legacy_compatibility","-5","-5","True"
"42","18","finalized","-5","-5","True"
"42","19","continent","-5","0","True"
"42","19","terrain","-5","0","True"
"42","19","hydrology","-5","0","True"
"42","19","legacy_compatibility","-5","0","True"
"42","19","finalized","-5","0","True"
"42","20","continent","0","-5","True"
"42","20","terrain","0","-5","True"
"42","20","hydrology","0","-5","True"
"42","20","legacy_compatibility","0","-5","True"
"42","20","finalized","0","-5","True"
"42","21","continent","-4","-4","True"
"42","21","terrain","-4","-4","True"
"42","21","hydrology","-4","-4","True"
"42","21","legacy_compatibility","-4","-4","True"
"42","21","finalized","-4","-4","True"
"42","22","continent","-4","0","True"
"42","22","terrain","-4","0","True"
"42","22","hydrology","-4","0","True"
"42","22","legacy_compatibility","-4","0","True"
"42","22","finalized","-4","0","True"
"42","23","continent","0","-4","True"
"42","23","terrain","0","-4","True"
"42","23","hydrology","0","-4","True"
"42","23","legacy_compatibility","0","-4","True"
"42","23","finalized","0","-4","True"
"42","24","continent","-3","-3","True"
"42","24","terrain","-3","-3","True"
"42","24","hydrology","-3","-3","True"
"42","24","legacy_compatibility","-3","-3","True"
"42","24","finalized","-3","-3","True"
"42","25","continent","-3","0","True"
"42","25","terrain","-3","0","True"
"42","25","hydrology","-3","0","True"
"42","25","legacy_compatibility","-3","0","True"
"42","25","finalized","-3","0","True"
"42","26","continent","0","-3","True"
"42","26","terrain","0","-3","True"
"42","26","hydrology","0","-3","True"
"42","26","legacy_compatibility","0","-3","True"
"42","26","finalized","0","-3","True"
"42","27","continent","-1","-1","True"
"42","27","terrain","-1","-1","True"
"42","27","hydrology","-1","-1","True"
"42","27","legacy_compatibility","-1","-1","True"
"42","27","finalized","-1","-1","True"
"42","28","continent","-1","0","True"
"42","28","terrain","-1","0","True"
"42","28","hydrology","-1","0","True"
"42","28","legacy_compatibility","-1","0","True"
"42","28","finalized","-1","0","True"
"42","29","continent","0","-1","True"
"42","29","terrain","0","-1","True"
"42","29","hydrology","0","-1","True"
"42","29","legacy_compatibility","0","-1","True"
"42","29","finalized","0","-1","True"
"42","30","continent","0","0","True"
"42","30","terrain","0","0","True"
"42","30","hydrology","0","0","True"
"42","30","legacy_compatibility","0","0","True"
"42","30","finalized","0","0","True"
"42","31","continent","0","0","True"
"42","31","terrain","0","0","True"
"42","31","hydrology","0","0","True"
"42","31","legacy_compatibility","0","0","True"
"42","31","finalized","0","0","True"
"42","32","continent","0","0","True"
"42","32","terrain","0","0","True"
"42","32","hydrology","0","0","True"
"42","32","legacy_compatibility","0","0","True"
"42","32","finalized","0","0","True"
"42","33","continent","1","1","True"
"42","33","terrain","1","1","True"
"42","33","hydrology","1","1","True"
"42","33","legacy_compatibility","1","1","True"
"42","33","finalized","1","1","True"
"42","34","continent","1","0","True"
"42","34","terrain","1","0","True"
"42","34","hydrology","1","0","True"
"42","34","legacy_compatibility","1","0","True"
"42","34","finalized","1","0","True"
"42","35","continent","0","1","True"
"42","35","terrain","0","1","True"
"42","35","hydrology","0","1","True"
"42","35","legacy_compatibility","0","1","True"
"42","35","finalized","0","1","True"
"42","36","continent","3","3","True"
"42","36","terrain","3","3","True"
"42","36","hydrology","3","3","True"
"42","36","legacy_compatibility","3","3","True"
"42","36","finalized","3","3","True"
"42","37","continent","3","0","True"
"42","37","terrain","3","0","True"
"42","37","hydrology","3","0","True"
"42","37","legacy_compatibility","3","0","True"
"42","37","finalized","3","0","True"
"42","38","continent","0","3","True"
"42","38","terrain","0","3","True"
"42","38","hydrology","0","3","True"
"42","38","legacy_compatibility","0","3","True"
"42","38","finalized","0","3","True"
"42","39","continent","4","4","True"
"42","39","terrain","4","4","True"
"42","39","hydrology","4","4","True"
"42","39","legacy_compatibility","4","4","True"
"42","39","finalized","4","4","True"
"42","40","continent","4","0","True"
"42","40","terrain","4","0","True"
"42","40","hydrology","4","0","True"
"42","40","legacy_compatibility","4","0","True"
"42","40","finalized","4","0","True"
"42","41","continent","0","4","True"
"42","41","terrain","0","4","True"
"42","41","hydrology","0","4","True"
"42","41","legacy_compatibility","0","4","True"
"42","41","finalized","0","4","True"
"42","42","continent","5","5","True"
"42","42","terrain","5","5","True"
"42","42","hydrology","5","5","True"
"42","42","legacy_compatibility","5","5","True"
"42","42","finalized","5","5","True"
"42","43","continent","5","0","True"
"42","43","terrain","5","0","True"
"42","43","hydrology","5","0","True"
"42","43","legacy_compatibility","5","0","True"
"42","43","finalized","5","0","True"
"42","44","continent","0","5","True"
"42","44","terrain","0","5","True"
"42","44","hydrology","0","5","True"
"42","44","legacy_compatibility","0","5","True"
"42","44","finalized","0","5","True"
"42","45","continent","15","15","True"
"42","45","terrain","15","15","True"
"42","45","hydrology","15","15","True"
"42","45","legacy_compatibility","15","15","True"
"42","45","finalized","15","15","True"
"42","46","continent","15","0","True"
"42","46","terrain","15","0","True"
"42","46","hydrology","15","0","True"
"42","46","legacy_compatibility","15","0","True"
"42","46","finalized","15","0","True"
"42","47","continent","0","15","True"
"42","47","terrain","0","15","True"
"42","47","hydrology","0","15","True"
"42","47","legacy_compatibility","0","15","True"
"42","47","finalized","0","15","True"
"42","48","continent","16","16","True"
"42","48","terrain","16","16","True"
"42","48","hydrology","16","16","True"
"42","48","legacy_compatibility","16","16","True"
"42","48","finalized","16","16","True"
"42","49","continent","16","0","True"
"42","49","terrain","16","0","True"
"42","49","hydrology","16","0","True"
"42","49","legacy_compatibility","16","0","True"
"42","49","finalized","16","0","True"
"42","50","continent","0","16","True"
"42","50","terrain","0","16","True"
"42","50","hydrology","0","16","True"
"42","50","legacy_compatibility","0","16","True"
"42","50","finalized","0","16","True"
"42","51","continent","17","17","True"
"42","51","terrain","17","17","True"
"42","51","hydrology","17","17","True"
"42","51","legacy_compatibility","17","17","True"
"42","51","finalized","17","17","True"
"42","52","continent","17","0","True"
"42","52","terrain","17","0","True"
"42","52","hydrology","17","0","True"
"42","52","legacy_compatibility","17","0","True"
"42","52","finalized","17","0","True"
"42","53","continent","0","17","True"
"42","53","terrain","0","17","True"
"42","53","hydrology","0","17","True"
"42","53","legacy_compatibility","0","17","True"
"42","53","finalized","0","17","True"
"42","54","continent","63","63","True"
"42","54","terrain","63","63","True"
"42","54","hydrology","63","63","True"
"42","54","legacy_compatibility","63","63","True"
"42","54","finalized","63","63","True"
"42","55","continent","63","0","True"
"42","55","terrain","63","0","True"
"42","55","hydrology","63","0","True"
"42","55","legacy_compatibility","63","0","True"
"42","55","finalized","63","0","True"
"42","56","continent","0","63","True"
"42","56","terrain","0","63","True"
"42","56","hydrology","0","63","True"
"42","56","legacy_compatibility","0","63","True"
"42","56","finalized","0","63","True"
"42","57","continent","64","64","True"
"42","57","terrain","64","64","True"
"42","57","hydrology","64","64","True"
"42","57","legacy_compatibility","64","64","True"
"42","57","finalized","64","64","True"
"42","58","continent","64","0","True"
"42","58","terrain","64","0","True"
"42","58","hydrology","64","0","True"
"42","58","legacy_compatibility","64","0","True"
"42","58","finalized","64","0","True"
"42","59","continent","0","64","True"
"42","59","terrain","0","64","True"
"42","59","hydrology","0","64","True"
"42","59","legacy_compatibility","0","64","True"
"42","59","finalized","0","64","True"
"42","60","continent","65","65","True"
"42","60","terrain","65","65","True"
"42","60","hydrology","65","65","True"
"42","60","legacy_compatibility","65","65","True"
"42","60","finalized","65","65","True"
"42","61","continent","65","0","True"
"42","61","terrain","65","0","True"
"42","61","hydrology","65","0","True"
"42","61","legacy_compatibility","65","0","True"
"42","61","finalized","65","0","True"
"42","62","continent","0","65","True"
"42","62","terrain","0","65","True"
"42","62","hydrology","0","65","True"
"42","62","legacy_compatibility","0","65","True"
"42","62","finalized","0","65","True"
"42","63","continent","126","126","True"
"42","63","terrain","126","126","True"
"42","63","hydrology","126","126","True"
"42","63","legacy_compatibility","126","126","True"
"42","63","finalized","126","126","True"
"42","64","continent","126","0","True"
"42","64","terrain","126","0","True"
"42","64","hydrology","126","0","True"
"42","64","legacy_compatibility","126","0","True"
"42","64","finalized","126","0","True"
"42","65","continent","0","126","True"
"42","65","terrain","0","126","True"
"42","65","hydrology","0","126","True"
"42","65","legacy_compatibility","0","126","True"
"42","65","finalized","0","126","True"
"42","66","continent","127","127","True"
"42","66","terrain","127","127","True"
"42","66","hydrology","127","127","True"
"42","66","legacy_compatibility","127","127","True"
"42","66","finalized","127","127","True"
"42","67","continent","127","0","True"
"42","67","terrain","127","0","True"
"42","67","hydrology","127","0","True"
"42","67","legacy_compatibility","127","0","True"
"42","67","finalized","127","0","True"
"42","68","continent","0","127","True"
"42","68","terrain","0","127","True"
"42","68","hydrology","0","127","True"
"42","68","legacy_compatibility","0","127","True"
"42","68","finalized","0","127","True"
"42","69","continent","128","128","True"
"42","69","terrain","128","128","True"
"42","69","hydrology","128","128","True"
"42","69","legacy_compatibility","128","128","True"
"42","69","finalized","128","128","True"
"42","70","continent","128","0","True"
"42","70","terrain","128","0","True"
"42","70","hydrology","128","0","True"
"42","70","legacy_compatibility","128","0","True"
"42","70","finalized","128","0","True"
"42","71","continent","0","128","True"
"42","71","terrain","0","128","True"
"42","71","hydrology","0","128","True"
"42","71","legacy_compatibility","0","128","True"
"42","71","finalized","0","128","True"
"42","72","continent","129","129","True"
"42","72","terrain","129","129","True"
"42","72","hydrology","129","129","True"
"42","72","legacy_compatibility","129","129","True"
"42","72","finalized","129","129","True"
"42","73","continent","129","0","True"
"42","73","terrain","129","0","True"
"42","73","hydrology","129","0","True"
"42","73","legacy_compatibility","129","0","True"
"42","73","finalized","129","0","True"
"42","74","continent","0","129","True"
"42","74","terrain","0","129","True"
"42","74","hydrology","0","129","True"
"42","74","legacy_compatibility","0","129","True"
"42","74","finalized","0","129","True"
"42","75","continent","-3520","-4096","True"
"42","75","terrain","-3520","-4096","True"
"42","75","hydrology","-3520","-4096","True"
"42","75","legacy_compatibility","-3520","-4096","True"
"42","75","finalized","-3520","-4096","True"
"42","76","continent","-4096","-4096","True"
"42","76","terrain","-4096","-4096","True"
"42","76","hydrology","-4096","-4096","True"
"42","76","legacy_compatibility","-4096","-4096","True"
"42","76","finalized","-4096","-4096","True"
"42","77","continent","-1344","-4096","True"
"42","77","terrain","-1344","-4096","True"
"42","77","hydrology","-1344","-4096","True"
"42","77","legacy_compatibility","-1344","-4096","True"
"42","77","finalized","-1344","-4096","True"
"42","78","continent","-1344","-4096","True"
"42","78","terrain","-1344","-4096","True"
"42","78","hydrology","-1344","-4096","True"
"42","78","legacy_compatibility","-1344","-4096","True"
"42","78","finalized","-1344","-4096","True"
"42","79","continent","-3136","-4096","True"
"42","79","terrain","-3136","-4096","True"
"42","79","hydrology","-3136","-4096","True"
"42","79","legacy_compatibility","-3136","-4096","True"
"42","79","finalized","-3136","-4096","True"
"42","80","continent","-128","-3392","True"
"42","80","terrain","-128","-3392","True"
"42","80","hydrology","-128","-3392","True"
"42","80","legacy_compatibility","-128","-3392","True"
"42","80","finalized","-128","-3392","True"
"42","81","continent","-3584","-4096","True"
"42","81","terrain","-3584","-4096","True"
"42","81","hydrology","-3584","-4096","True"
"42","81","legacy_compatibility","-3584","-4096","True"
"42","81","finalized","-3584","-4096","True"
"42","82","continent","-2304","256","True"
"42","82","terrain","-2304","256","True"
"42","82","hydrology","-2304","256","True"
"42","82","legacy_compatibility","-2304","256","True"
"42","82","finalized","-2304","256","True"
"42","83","continent","-2304","256","True"
"42","83","terrain","-2304","256","True"
"42","83","hydrology","-2304","256","True"
"42","83","legacy_compatibility","-2304","256","True"
"42","83","finalized","-2304","256","True"
"42","84","continent","-3904","-4096","True"
"42","84","terrain","-3904","-4096","True"
"42","84","hydrology","-3904","-4096","True"
"42","84","legacy_compatibility","-3904","-4096","True"
"42","84","finalized","-3904","-4096","True"
"-987654321","0","continent","-129","-129","True"
"-987654321","0","terrain","-129","-129","True"
"-987654321","0","hydrology","-129","-129","True"
"-987654321","0","legacy_compatibility","-129","-129","True"
"-987654321","0","finalized","-129","-129","True"
"-987654321","1","continent","-129","0","True"
"-987654321","1","terrain","-129","0","True"
"-987654321","1","hydrology","-129","0","True"
"-987654321","1","legacy_compatibility","-129","0","True"
"-987654321","1","finalized","-129","0","True"
"-987654321","2","continent","0","-129","True"
"-987654321","2","terrain","0","-129","True"
"-987654321","2","hydrology","0","-129","True"
"-987654321","2","legacy_compatibility","0","-129","True"
"-987654321","2","finalized","0","-129","True"
"-987654321","3","continent","-128","-128","True"
"-987654321","3","terrain","-128","-128","True"
"-987654321","3","hydrology","-128","-128","True"
"-987654321","3","legacy_compatibility","-128","-128","True"
"-987654321","3","finalized","-128","-128","True"
"-987654321","4","continent","-128","0","True"
"-987654321","4","terrain","-128","0","True"
"-987654321","4","hydrology","-128","0","True"
"-987654321","4","legacy_compatibility","-128","0","True"
"-987654321","4","finalized","-128","0","True"
"-987654321","5","continent","0","-128","True"
"-987654321","5","terrain","0","-128","True"
"-987654321","5","hydrology","0","-128","True"
"-987654321","5","legacy_compatibility","0","-128","True"
"-987654321","5","finalized","0","-128","True"
"-987654321","6","continent","-127","-127","True"
"-987654321","6","terrain","-127","-127","True"
"-987654321","6","hydrology","-127","-127","True"
"-987654321","6","legacy_compatibility","-127","-127","True"
"-987654321","6","finalized","-127","-127","True"
"-987654321","7","continent","-127","0","True"
"-987654321","7","terrain","-127","0","True"
"-987654321","7","hydrology","-127","0","True"
"-987654321","7","legacy_compatibility","-127","0","True"
"-987654321","7","finalized","-127","0","True"
"-987654321","8","continent","0","-127","True"
"-987654321","8","terrain","0","-127","True"
"-987654321","8","hydrology","0","-127","True"
"-987654321","8","legacy_compatibility","0","-127","True"
"-987654321","8","finalized","0","-127","True"
"-987654321","9","continent","-17","-17","True"
"-987654321","9","terrain","-17","-17","True"
"-987654321","9","hydrology","-17","-17","True"
"-987654321","9","legacy_compatibility","-17","-17","True"
"-987654321","9","finalized","-17","-17","True"
"-987654321","10","continent","-17","0","True"
"-987654321","10","terrain","-17","0","True"
"-987654321","10","hydrology","-17","0","True"
"-987654321","10","legacy_compatibility","-17","0","True"
"-987654321","10","finalized","-17","0","True"
"-987654321","11","continent","0","-17","True"
"-987654321","11","terrain","0","-17","True"
"-987654321","11","hydrology","0","-17","True"
"-987654321","11","legacy_compatibility","0","-17","True"
"-987654321","11","finalized","0","-17","True"
"-987654321","12","continent","-16","-16","True"
"-987654321","12","terrain","-16","-16","True"
"-987654321","12","hydrology","-16","-16","True"
"-987654321","12","legacy_compatibility","-16","-16","True"
"-987654321","12","finalized","-16","-16","True"
"-987654321","13","continent","-16","0","True"
"-987654321","13","terrain","-16","0","True"
"-987654321","13","hydrology","-16","0","True"
"-987654321","13","legacy_compatibility","-16","0","True"
"-987654321","13","finalized","-16","0","True"
"-987654321","14","continent","0","-16","True"
"-987654321","14","terrain","0","-16","True"
"-987654321","14","hydrology","0","-16","True"
"-987654321","14","legacy_compatibility","0","-16","True"
"-987654321","14","finalized","0","-16","True"
"-987654321","15","continent","-15","-15","True"
"-987654321","15","terrain","-15","-15","True"
"-987654321","15","hydrology","-15","-15","True"
"-987654321","15","legacy_compatibility","-15","-15","True"
"-987654321","15","finalized","-15","-15","True"
"-987654321","16","continent","-15","0","True"
"-987654321","16","terrain","-15","0","True"
"-987654321","16","hydrology","-15","0","True"
"-987654321","16","legacy_compatibility","-15","0","True"
"-987654321","16","finalized","-15","0","True"
"-987654321","17","continent","0","-15","True"
"-987654321","17","terrain","0","-15","True"
"-987654321","17","hydrology","0","-15","True"
"-987654321","17","legacy_compatibility","0","-15","True"
"-987654321","17","finalized","0","-15","True"
"-987654321","18","continent","-5","-5","True"
"-987654321","18","terrain","-5","-5","True"
"-987654321","18","hydrology","-5","-5","True"
"-987654321","18","legacy_compatibility","-5","-5","True"
"-987654321","18","finalized","-5","-5","True"
"-987654321","19","continent","-5","0","True"
"-987654321","19","terrain","-5","0","True"
"-987654321","19","hydrology","-5","0","True"
"-987654321","19","legacy_compatibility","-5","0","True"
"-987654321","19","finalized","-5","0","True"
"-987654321","20","continent","0","-5","True"
"-987654321","20","terrain","0","-5","True"
"-987654321","20","hydrology","0","-5","True"
"-987654321","20","legacy_compatibility","0","-5","True"
"-987654321","20","finalized","0","-5","True"
"-987654321","21","continent","-4","-4","True"
"-987654321","21","terrain","-4","-4","True"
"-987654321","21","hydrology","-4","-4","True"
"-987654321","21","legacy_compatibility","-4","-4","True"
"-987654321","21","finalized","-4","-4","True"
"-987654321","22","continent","-4","0","True"
"-987654321","22","terrain","-4","0","True"
"-987654321","22","hydrology","-4","0","True"
"-987654321","22","legacy_compatibility","-4","0","True"
"-987654321","22","finalized","-4","0","True"
"-987654321","23","continent","0","-4","True"
"-987654321","23","terrain","0","-4","True"
"-987654321","23","hydrology","0","-4","True"
"-987654321","23","legacy_compatibility","0","-4","True"
"-987654321","23","finalized","0","-4","True"
"-987654321","24","continent","-3","-3","True"
"-987654321","24","terrain","-3","-3","True"
"-987654321","24","hydrology","-3","-3","True"
"-987654321","24","legacy_compatibility","-3","-3","True"
"-987654321","24","finalized","-3","-3","True"
"-987654321","25","continent","-3","0","True"
"-987654321","25","terrain","-3","0","True"
"-987654321","25","hydrology","-3","0","True"
"-987654321","25","legacy_compatibility","-3","0","True"
"-987654321","25","finalized","-3","0","True"
"-987654321","26","continent","0","-3","True"
"-987654321","26","terrain","0","-3","True"
"-987654321","26","hydrology","0","-3","True"
"-987654321","26","legacy_compatibility","0","-3","True"
"-987654321","26","finalized","0","-3","True"
"-987654321","27","continent","-1","-1","True"
"-987654321","27","terrain","-1","-1","True"
"-987654321","27","hydrology","-1","-1","True"
"-987654321","27","legacy_compatibility","-1","-1","True"
"-987654321","27","finalized","-1","-1","True"
"-987654321","28","continent","-1","0","True"
"-987654321","28","terrain","-1","0","True"
"-987654321","28","hydrology","-1","0","True"
"-987654321","28","legacy_compatibility","-1","0","True"
"-987654321","28","finalized","-1","0","True"
"-987654321","29","continent","0","-1","True"
"-987654321","29","terrain","0","-1","True"
"-987654321","29","hydrology","0","-1","True"
"-987654321","29","legacy_compatibility","0","-1","True"
"-987654321","29","finalized","0","-1","True"
"-987654321","30","continent","0","0","True"
"-987654321","30","terrain","0","0","True"
"-987654321","30","hydrology","0","0","True"
"-987654321","30","legacy_compatibility","0","0","True"
"-987654321","30","finalized","0","0","True"
"-987654321","31","continent","0","0","True"
"-987654321","31","terrain","0","0","True"
"-987654321","31","hydrology","0","0","True"
"-987654321","31","legacy_compatibility","0","0","True"
"-987654321","31","finalized","0","0","True"
"-987654321","32","continent","0","0","True"
"-987654321","32","terrain","0","0","True"
"-987654321","32","hydrology","0","0","True"
"-987654321","32","legacy_compatibility","0","0","True"
"-987654321","32","finalized","0","0","True"
"-987654321","33","continent","1","1","True"
"-987654321","33","terrain","1","1","True"
"-987654321","33","hydrology","1","1","True"
"-987654321","33","legacy_compatibility","1","1","True"
"-987654321","33","finalized","1","1","True"
"-987654321","34","continent","1","0","True"
"-987654321","34","terrain","1","0","True"
"-987654321","34","hydrology","1","0","True"
"-987654321","34","legacy_compatibility","1","0","True"
"-987654321","34","finalized","1","0","True"
"-987654321","35","continent","0","1","True"
"-987654321","35","terrain","0","1","True"
"-987654321","35","hydrology","0","1","True"
"-987654321","35","legacy_compatibility","0","1","True"
"-987654321","35","finalized","0","1","True"
"-987654321","36","continent","3","3","True"
"-987654321","36","terrain","3","3","True"
"-987654321","36","hydrology","3","3","True"
"-987654321","36","legacy_compatibility","3","3","True"
"-987654321","36","finalized","3","3","True"
"-987654321","37","continent","3","0","True"
"-987654321","37","terrain","3","0","True"
"-987654321","37","hydrology","3","0","True"
"-987654321","37","legacy_compatibility","3","0","True"
"-987654321","37","finalized","3","0","True"
"-987654321","38","continent","0","3","True"
"-987654321","38","terrain","0","3","True"
"-987654321","38","hydrology","0","3","True"
"-987654321","38","legacy_compatibility","0","3","True"
"-987654321","38","finalized","0","3","True"
"-987654321","39","continent","4","4","True"
"-987654321","39","terrain","4","4","True"
"-987654321","39","hydrology","4","4","True"
"-987654321","39","legacy_compatibility","4","4","True"
"-987654321","39","finalized","4","4","True"
"-987654321","40","continent","4","0","True"
"-987654321","40","terrain","4","0","True"
"-987654321","40","hydrology","4","0","True"
"-987654321","40","legacy_compatibility","4","0","True"
"-987654321","40","finalized","4","0","True"
"-987654321","41","continent","0","4","True"
"-987654321","41","terrain","0","4","True"
"-987654321","41","hydrology","0","4","True"
"-987654321","41","legacy_compatibility","0","4","True"
"-987654321","41","finalized","0","4","True"
"-987654321","42","continent","5","5","True"
"-987654321","42","terrain","5","5","True"
"-987654321","42","hydrology","5","5","True"
"-987654321","42","legacy_compatibility","5","5","True"
"-987654321","42","finalized","5","5","True"
"-987654321","43","continent","5","0","True"
"-987654321","43","terrain","5","0","True"
"-987654321","43","hydrology","5","0","True"
"-987654321","43","legacy_compatibility","5","0","True"
"-987654321","43","finalized","5","0","True"
"-987654321","44","continent","0","5","True"
"-987654321","44","terrain","0","5","True"
"-987654321","44","hydrology","0","5","True"
"-987654321","44","legacy_compatibility","0","5","True"
"-987654321","44","finalized","0","5","True"
"-987654321","45","continent","15","15","True"
"-987654321","45","terrain","15","15","True"
"-987654321","45","hydrology","15","15","True"
"-987654321","45","legacy_compatibility","15","15","True"
"-987654321","45","finalized","15","15","True"
"-987654321","46","continent","15","0","True"
"-987654321","46","terrain","15","0","True"
"-987654321","46","hydrology","15","0","True"
"-987654321","46","legacy_compatibility","15","0","True"
"-987654321","46","finalized","15","0","True"
"-987654321","47","continent","0","15","True"
"-987654321","47","terrain","0","15","True"
"-987654321","47","hydrology","0","15","True"
"-987654321","47","legacy_compatibility","0","15","True"
"-987654321","47","finalized","0","15","True"
"-987654321","48","continent","16","16","True"
"-987654321","48","terrain","16","16","True"
"-987654321","48","hydrology","16","16","True"
"-987654321","48","legacy_compatibility","16","16","True"
"-987654321","48","finalized","16","16","True"
"-987654321","49","continent","16","0","True"
"-987654321","49","terrain","16","0","True"
"-987654321","49","hydrology","16","0","True"
"-987654321","49","legacy_compatibility","16","0","True"
"-987654321","49","finalized","16","0","True"
"-987654321","50","continent","0","16","True"
"-987654321","50","terrain","0","16","True"
"-987654321","50","hydrology","0","16","True"
"-987654321","50","legacy_compatibility","0","16","True"
"-987654321","50","finalized","0","16","True"
"-987654321","51","continent","17","17","True"
"-987654321","51","terrain","17","17","True"
"-987654321","51","hydrology","17","17","True"
"-987654321","51","legacy_compatibility","17","17","True"
"-987654321","51","finalized","17","17","True"
"-987654321","52","continent","17","0","True"
"-987654321","52","terrain","17","0","True"
"-987654321","52","hydrology","17","0","True"
"-987654321","52","legacy_compatibility","17","0","True"
"-987654321","52","finalized","17","0","True"
"-987654321","53","continent","0","17","True"
"-987654321","53","terrain","0","17","True"
"-987654321","53","hydrology","0","17","True"
"-987654321","53","legacy_compatibility","0","17","True"
"-987654321","53","finalized","0","17","True"
"-987654321","54","continent","63","63","True"
"-987654321","54","terrain","63","63","True"
"-987654321","54","hydrology","63","63","True"
"-987654321","54","legacy_compatibility","63","63","True"
"-987654321","54","finalized","63","63","True"
"-987654321","55","continent","63","0","True"
"-987654321","55","terrain","63","0","True"
"-987654321","55","hydrology","63","0","True"
"-987654321","55","legacy_compatibility","63","0","True"
"-987654321","55","finalized","63","0","True"
"-987654321","56","continent","0","63","True"
"-987654321","56","terrain","0","63","True"
"-987654321","56","hydrology","0","63","True"
"-987654321","56","legacy_compatibility","0","63","True"
"-987654321","56","finalized","0","63","True"
"-987654321","57","continent","64","64","True"
"-987654321","57","terrain","64","64","True"
"-987654321","57","hydrology","64","64","True"
"-987654321","57","legacy_compatibility","64","64","True"
"-987654321","57","finalized","64","64","True"
"-987654321","58","continent","64","0","True"
"-987654321","58","terrain","64","0","True"
"-987654321","58","hydrology","64","0","True"
"-987654321","58","legacy_compatibility","64","0","True"
"-987654321","58","finalized","64","0","True"
"-987654321","59","continent","0","64","True"
"-987654321","59","terrain","0","64","True"
"-987654321","59","hydrology","0","64","True"
"-987654321","59","legacy_compatibility","0","64","True"
"-987654321","59","finalized","0","64","True"
"-987654321","60","continent","65","65","True"
"-987654321","60","terrain","65","65","True"
"-987654321","60","hydrology","65","65","True"
"-987654321","60","legacy_compatibility","65","65","True"
"-987654321","60","finalized","65","65","True"
"-987654321","61","continent","65","0","True"
"-987654321","61","terrain","65","0","True"
"-987654321","61","hydrology","65","0","True"
"-987654321","61","legacy_compatibility","65","0","True"
"-987654321","61","finalized","65","0","True"
"-987654321","62","continent","0","65","True"
"-987654321","62","terrain","0","65","True"
"-987654321","62","hydrology","0","65","True"
"-987654321","62","legacy_compatibility","0","65","True"
"-987654321","62","finalized","0","65","True"
"-987654321","63","continent","126","126","True"
"-987654321","63","terrain","126","126","True"
"-987654321","63","hydrology","126","126","True"
"-987654321","63","legacy_compatibility","126","126","True"
"-987654321","63","finalized","126","126","True"
"-987654321","64","continent","126","0","True"
"-987654321","64","terrain","126","0","True"
"-987654321","64","hydrology","126","0","True"
"-987654321","64","legacy_compatibility","126","0","True"
"-987654321","64","finalized","126","0","True"
"-987654321","65","continent","0","126","True"
"-987654321","65","terrain","0","126","True"
"-987654321","65","hydrology","0","126","True"
"-987654321","65","legacy_compatibility","0","126","True"
"-987654321","65","finalized","0","126","True"
"-987654321","66","continent","127","127","True"
"-987654321","66","terrain","127","127","True"
"-987654321","66","hydrology","127","127","True"
"-987654321","66","legacy_compatibility","127","127","True"
"-987654321","66","finalized","127","127","True"
"-987654321","67","continent","127","0","True"
"-987654321","67","terrain","127","0","True"
"-987654321","67","hydrology","127","0","True"
"-987654321","67","legacy_compatibility","127","0","True"
"-987654321","67","finalized","127","0","True"
"-987654321","68","continent","0","127","True"
"-987654321","68","terrain","0","127","True"
"-987654321","68","hydrology","0","127","True"
"-987654321","68","legacy_compatibility","0","127","True"
"-987654321","68","finalized","0","127","True"
"-987654321","69","continent","128","128","True"
"-987654321","69","terrain","128","128","True"
"-987654321","69","hydrology","128","128","True"
"-987654321","69","legacy_compatibility","128","128","True"
"-987654321","69","finalized","128","128","True"
"-987654321","70","continent","128","0","True"
"-987654321","70","terrain","128","0","True"
"-987654321","70","hydrology","128","0","True"
"-987654321","70","legacy_compatibility","128","0","True"
"-987654321","70","finalized","128","0","True"
"-987654321","71","continent","0","128","True"
"-987654321","71","terrain","0","128","True"
"-987654321","71","hydrology","0","128","True"
"-987654321","71","legacy_compatibility","0","128","True"
"-987654321","71","finalized","0","128","True"
"-987654321","72","continent","129","129","True"
"-987654321","72","terrain","129","129","True"
"-987654321","72","hydrology","129","129","True"
"-987654321","72","legacy_compatibility","129","129","True"
"-987654321","72","finalized","129","129","True"
"-987654321","73","continent","129","0","True"
"-987654321","73","terrain","129","0","True"
"-987654321","73","hydrology","129","0","True"
"-987654321","73","legacy_compatibility","129","0","True"
"-987654321","73","finalized","129","0","True"
"-987654321","74","continent","0","129","True"
"-987654321","74","terrain","0","129","True"
"-987654321","74","hydrology","0","129","True"
"-987654321","74","legacy_compatibility","0","129","True"
"-987654321","74","finalized","0","129","True"
"-987654321","75","continent","-2048","-4096","True"
"-987654321","75","terrain","-2048","-4096","True"
"-987654321","75","hydrology","-2048","-4096","True"
"-987654321","75","legacy_compatibility","-2048","-4096","True"
"-987654321","75","finalized","-2048","-4096","True"
"-987654321","76","continent","-4096","-4096","True"
"-987654321","76","terrain","-4096","-4096","True"
"-987654321","76","hydrology","-4096","-4096","True"
"-987654321","76","legacy_compatibility","-4096","-4096","True"
"-987654321","76","finalized","-4096","-4096","True"
"-987654321","77","continent","-512","-4096","True"
"-987654321","77","terrain","-512","-4096","True"
"-987654321","77","hydrology","-512","-4096","True"
"-987654321","77","legacy_compatibility","-512","-4096","True"
"-987654321","77","finalized","-512","-4096","True"
"-987654321","78","continent","-512","-4096","True"
"-987654321","78","terrain","-512","-4096","True"
"-987654321","78","hydrology","-512","-4096","True"
"-987654321","78","legacy_compatibility","-512","-4096","True"
"-987654321","78","finalized","-512","-4096","True"
"-987654321","79","continent","1472","-3648","True"
"-987654321","79","terrain","1472","-3648","True"
"-987654321","79","hydrology","1472","-3648","True"
"-987654321","79","legacy_compatibility","1472","-3648","True"
"-987654321","79","finalized","1472","-3648","True"
"-987654321","80","continent","-1024","-4096","True"
"-987654321","80","terrain","-1024","-4096","True"
"-987654321","80","hydrology","-1024","-4096","True"
"-987654321","80","legacy_compatibility","-1024","-4096","True"
"-987654321","80","finalized","-1024","-4096","True"
"-987654321","81","continent","-3968","-4096","True"
"-987654321","81","terrain","-3968","-4096","True"
"-987654321","81","hydrology","-3968","-4096","True"
"-987654321","81","legacy_compatibility","-3968","-4096","True"
"-987654321","81","finalized","-3968","-4096","True"
"-987654321","82","continent","64","-4096","True"
"-987654321","82","terrain","64","-4096","True"
"-987654321","82","hydrology","64","-4096","True"
"-987654321","82","legacy_compatibility","64","-4096","True"
"-987654321","82","finalized","64","-4096","True"
"-987654321","83","continent","-448","-3520","True"
"-987654321","83","terrain","-448","-3520","True"
"-987654321","83","hydrology","-448","-3520","True"
"-987654321","83","legacy_compatibility","-448","-3520","True"
"-987654321","83","finalized","-448","-3520","True"
"-987654321","84","continent","-2432","-4096","True"
"-987654321","84","terrain","-2432","-4096","True"
"-987654321","84","hydrology","-2432","-4096","True"
"-987654321","84","legacy_compatibility","-2432","-4096","True"
"-987654321","84","finalized","-2432","-4096","True"
"0","0","continent","-129","-129","True"
"0","0","terrain","-129","-129","True"
"0","0","hydrology","-129","-129","True"
"0","0","legacy_compatibility","-129","-129","True"
"0","0","finalized","-129","-129","True"
"0","1","continent","-129","0","True"
"0","1","terrain","-129","0","True"
"0","1","hydrology","-129","0","True"
"0","1","legacy_compatibility","-129","0","True"
"0","1","finalized","-129","0","True"
"0","2","continent","0","-129","True"
"0","2","terrain","0","-129","True"
"0","2","hydrology","0","-129","True"
"0","2","legacy_compatibility","0","-129","True"
"0","2","finalized","0","-129","True"
"0","3","continent","-128","-128","True"
"0","3","terrain","-128","-128","True"
"0","3","hydrology","-128","-128","True"
"0","3","legacy_compatibility","-128","-128","True"
"0","3","finalized","-128","-128","True"
"0","4","continent","-128","0","True"
"0","4","terrain","-128","0","True"
"0","4","hydrology","-128","0","True"
"0","4","legacy_compatibility","-128","0","True"
"0","4","finalized","-128","0","True"
"0","5","continent","0","-128","True"
"0","5","terrain","0","-128","True"
"0","5","hydrology","0","-128","True"
"0","5","legacy_compatibility","0","-128","True"
"0","5","finalized","0","-128","True"
"0","6","continent","-127","-127","True"
"0","6","terrain","-127","-127","True"
"0","6","hydrology","-127","-127","True"
"0","6","legacy_compatibility","-127","-127","True"
"0","6","finalized","-127","-127","True"
"0","7","continent","-127","0","True"
"0","7","terrain","-127","0","True"
"0","7","hydrology","-127","0","True"
"0","7","legacy_compatibility","-127","0","True"
"0","7","finalized","-127","0","True"
"0","8","continent","0","-127","True"
"0","8","terrain","0","-127","True"
"0","8","hydrology","0","-127","True"
"0","8","legacy_compatibility","0","-127","True"
"0","8","finalized","0","-127","True"
"0","9","continent","-17","-17","True"
"0","9","terrain","-17","-17","True"
"0","9","hydrology","-17","-17","True"
"0","9","legacy_compatibility","-17","-17","True"
"0","9","finalized","-17","-17","True"
"0","10","continent","-17","0","True"
"0","10","terrain","-17","0","True"
"0","10","hydrology","-17","0","True"
"0","10","legacy_compatibility","-17","0","True"
"0","10","finalized","-17","0","True"
"0","11","continent","0","-17","True"
"0","11","terrain","0","-17","True"
"0","11","hydrology","0","-17","True"
"0","11","legacy_compatibility","0","-17","True"
"0","11","finalized","0","-17","True"
"0","12","continent","-16","-16","True"
"0","12","terrain","-16","-16","True"
"0","12","hydrology","-16","-16","True"
"0","12","legacy_compatibility","-16","-16","True"
"0","12","finalized","-16","-16","True"
"0","13","continent","-16","0","True"
"0","13","terrain","-16","0","True"
"0","13","hydrology","-16","0","True"
"0","13","legacy_compatibility","-16","0","True"
"0","13","finalized","-16","0","True"
"0","14","continent","0","-16","True"
"0","14","terrain","0","-16","True"
"0","14","hydrology","0","-16","True"
"0","14","legacy_compatibility","0","-16","True"
"0","14","finalized","0","-16","True"
"0","15","continent","-15","-15","True"
"0","15","terrain","-15","-15","True"
"0","15","hydrology","-15","-15","True"
"0","15","legacy_compatibility","-15","-15","True"
"0","15","finalized","-15","-15","True"
"0","16","continent","-15","0","True"
"0","16","terrain","-15","0","True"
"0","16","hydrology","-15","0","True"
"0","16","legacy_compatibility","-15","0","True"
"0","16","finalized","-15","0","True"
"0","17","continent","0","-15","True"
"0","17","terrain","0","-15","True"
"0","17","hydrology","0","-15","True"
"0","17","legacy_compatibility","0","-15","True"
"0","17","finalized","0","-15","True"
"0","18","continent","-5","-5","True"
"0","18","terrain","-5","-5","True"
"0","18","hydrology","-5","-5","True"
"0","18","legacy_compatibility","-5","-5","True"
"0","18","finalized","-5","-5","True"
"0","19","continent","-5","0","True"
"0","19","terrain","-5","0","True"
"0","19","hydrology","-5","0","True"
"0","19","legacy_compatibility","-5","0","True"
"0","19","finalized","-5","0","True"
"0","20","continent","0","-5","True"
"0","20","terrain","0","-5","True"
"0","20","hydrology","0","-5","True"
"0","20","legacy_compatibility","0","-5","True"
"0","20","finalized","0","-5","True"
"0","21","continent","-4","-4","True"
"0","21","terrain","-4","-4","True"
"0","21","hydrology","-4","-4","True"
"0","21","legacy_compatibility","-4","-4","True"
"0","21","finalized","-4","-4","True"
"0","22","continent","-4","0","True"
"0","22","terrain","-4","0","True"
"0","22","hydrology","-4","0","True"
"0","22","legacy_compatibility","-4","0","True"
"0","22","finalized","-4","0","True"
"0","23","continent","0","-4","True"
"0","23","terrain","0","-4","True"
"0","23","hydrology","0","-4","True"
"0","23","legacy_compatibility","0","-4","True"
"0","23","finalized","0","-4","True"
"0","24","continent","-3","-3","True"
"0","24","terrain","-3","-3","True"
"0","24","hydrology","-3","-3","True"
"0","24","legacy_compatibility","-3","-3","True"
"0","24","finalized","-3","-3","True"
"0","25","continent","-3","0","True"
"0","25","terrain","-3","0","True"
"0","25","hydrology","-3","0","True"
"0","25","legacy_compatibility","-3","0","True"
"0","25","finalized","-3","0","True"
"0","26","continent","0","-3","True"
"0","26","terrain","0","-3","True"
"0","26","hydrology","0","-3","True"
"0","26","legacy_compatibility","0","-3","True"
"0","26","finalized","0","-3","True"
"0","27","continent","-1","-1","True"
"0","27","terrain","-1","-1","True"
"0","27","hydrology","-1","-1","True"
"0","27","legacy_compatibility","-1","-1","True"
"0","27","finalized","-1","-1","True"
"0","28","continent","-1","0","True"
"0","28","terrain","-1","0","True"
"0","28","hydrology","-1","0","True"
"0","28","legacy_compatibility","-1","0","True"
"0","28","finalized","-1","0","True"
"0","29","continent","0","-1","True"
"0","29","terrain","0","-1","True"
"0","29","hydrology","0","-1","True"
"0","29","legacy_compatibility","0","-1","True"
"0","29","finalized","0","-1","True"
"0","30","continent","0","0","True"
"0","30","terrain","0","0","True"
"0","30","hydrology","0","0","True"
"0","30","legacy_compatibility","0","0","True"
"0","30","finalized","0","0","True"
"0","31","continent","0","0","True"
"0","31","terrain","0","0","True"
"0","31","hydrology","0","0","True"
"0","31","legacy_compatibility","0","0","True"
"0","31","finalized","0","0","True"
"0","32","continent","0","0","True"
"0","32","terrain","0","0","True"
"0","32","hydrology","0","0","True"
"0","32","legacy_compatibility","0","0","True"
"0","32","finalized","0","0","True"
"0","33","continent","1","1","True"
"0","33","terrain","1","1","True"
"0","33","hydrology","1","1","True"
"0","33","legacy_compatibility","1","1","True"
"0","33","finalized","1","1","True"
"0","34","continent","1","0","True"
"0","34","terrain","1","0","True"
"0","34","hydrology","1","0","True"
"0","34","legacy_compatibility","1","0","True"
"0","34","finalized","1","0","True"
"0","35","continent","0","1","True"
"0","35","terrain","0","1","True"
"0","35","hydrology","0","1","True"
"0","35","legacy_compatibility","0","1","True"
"0","35","finalized","0","1","True"
"0","36","continent","3","3","True"
"0","36","terrain","3","3","True"
"0","36","hydrology","3","3","True"
"0","36","legacy_compatibility","3","3","True"
"0","36","finalized","3","3","True"
"0","37","continent","3","0","True"
"0","37","terrain","3","0","True"
"0","37","hydrology","3","0","True"
"0","37","legacy_compatibility","3","0","True"
"0","37","finalized","3","0","True"
"0","38","continent","0","3","True"
"0","38","terrain","0","3","True"
"0","38","hydrology","0","3","True"
"0","38","legacy_compatibility","0","3","True"
"0","38","finalized","0","3","True"
"0","39","continent","4","4","True"
"0","39","terrain","4","4","True"
"0","39","hydrology","4","4","True"
"0","39","legacy_compatibility","4","4","True"
"0","39","finalized","4","4","True"
"0","40","continent","4","0","True"
"0","40","terrain","4","0","True"
"0","40","hydrology","4","0","True"
"0","40","legacy_compatibility","4","0","True"
"0","40","finalized","4","0","True"
"0","41","continent","0","4","True"
"0","41","terrain","0","4","True"
"0","41","hydrology","0","4","True"
"0","41","legacy_compatibility","0","4","True"
"0","41","finalized","0","4","True"
"0","42","continent","5","5","True"
"0","42","terrain","5","5","True"
"0","42","hydrology","5","5","True"
"0","42","legacy_compatibility","5","5","True"
"0","42","finalized","5","5","True"
"0","43","continent","5","0","True"
"0","43","terrain","5","0","True"
"0","43","hydrology","5","0","True"
"0","43","legacy_compatibility","5","0","True"
"0","43","finalized","5","0","True"
"0","44","continent","0","5","True"
"0","44","terrain","0","5","True"
"0","44","hydrology","0","5","True"
"0","44","legacy_compatibility","0","5","True"
"0","44","finalized","0","5","True"
"0","45","continent","15","15","True"
"0","45","terrain","15","15","True"
"0","45","hydrology","15","15","True"
"0","45","legacy_compatibility","15","15","True"
"0","45","finalized","15","15","True"
"0","46","continent","15","0","True"
"0","46","terrain","15","0","True"
"0","46","hydrology","15","0","True"
"0","46","legacy_compatibility","15","0","True"
"0","46","finalized","15","0","True"
"0","47","continent","0","15","True"
"0","47","terrain","0","15","True"
"0","47","hydrology","0","15","True"
"0","47","legacy_compatibility","0","15","True"
"0","47","finalized","0","15","True"
"0","48","continent","16","16","True"
"0","48","terrain","16","16","True"
"0","48","hydrology","16","16","True"
"0","48","legacy_compatibility","16","16","True"
"0","48","finalized","16","16","True"
"0","49","continent","16","0","True"
"0","49","terrain","16","0","True"
"0","49","hydrology","16","0","True"
"0","49","legacy_compatibility","16","0","True"
"0","49","finalized","16","0","True"
"0","50","continent","0","16","True"
"0","50","terrain","0","16","True"
"0","50","hydrology","0","16","True"
"0","50","legacy_compatibility","0","16","True"
"0","50","finalized","0","16","True"
"0","51","continent","17","17","True"
"0","51","terrain","17","17","True"
"0","51","hydrology","17","17","True"
"0","51","legacy_compatibility","17","17","True"
"0","51","finalized","17","17","True"
"0","52","continent","17","0","True"
"0","52","terrain","17","0","True"
"0","52","hydrology","17","0","True"
"0","52","legacy_compatibility","17","0","True"
"0","52","finalized","17","0","True"
"0","53","continent","0","17","True"
"0","53","terrain","0","17","True"
"0","53","hydrology","0","17","True"
"0","53","legacy_compatibility","0","17","True"
"0","53","finalized","0","17","True"
"0","54","continent","63","63","True"
"0","54","terrain","63","63","True"
"0","54","hydrology","63","63","True"
"0","54","legacy_compatibility","63","63","True"
"0","54","finalized","63","63","True"
"0","55","continent","63","0","True"
"0","55","terrain","63","0","True"
"0","55","hydrology","63","0","True"
"0","55","legacy_compatibility","63","0","True"
"0","55","finalized","63","0","True"
"0","56","continent","0","63","True"
"0","56","terrain","0","63","True"
"0","56","hydrology","0","63","True"
"0","56","legacy_compatibility","0","63","True"
"0","56","finalized","0","63","True"
"0","57","continent","64","64","True"
"0","57","terrain","64","64","True"
"0","57","hydrology","64","64","True"
"0","57","legacy_compatibility","64","64","True"
"0","57","finalized","64","64","True"
"0","58","continent","64","0","True"
"0","58","terrain","64","0","True"
"0","58","hydrology","64","0","True"
"0","58","legacy_compatibility","64","0","True"
"0","58","finalized","64","0","True"
"0","59","continent","0","64","True"
"0","59","terrain","0","64","True"
"0","59","hydrology","0","64","True"
"0","59","legacy_compatibility","0","64","True"
"0","59","finalized","0","64","True"
"0","60","continent","65","65","True"
"0","60","terrain","65","65","True"
"0","60","hydrology","65","65","True"
"0","60","legacy_compatibility","65","65","True"
"0","60","finalized","65","65","True"
"0","61","continent","65","0","True"
"0","61","terrain","65","0","True"
"0","61","hydrology","65","0","True"
"0","61","legacy_compatibility","65","0","True"
"0","61","finalized","65","0","True"
"0","62","continent","0","65","True"
"0","62","terrain","0","65","True"
"0","62","hydrology","0","65","True"
"0","62","legacy_compatibility","0","65","True"
"0","62","finalized","0","65","True"
"0","63","continent","126","126","True"
"0","63","terrain","126","126","True"
"0","63","hydrology","126","126","True"
"0","63","legacy_compatibility","126","126","True"
"0","63","finalized","126","126","True"
"0","64","continent","126","0","True"
"0","64","terrain","126","0","True"
"0","64","hydrology","126","0","True"
"0","64","legacy_compatibility","126","0","True"
"0","64","finalized","126","0","True"
"0","65","continent","0","126","True"
"0","65","terrain","0","126","True"
"0","65","hydrology","0","126","True"
"0","65","legacy_compatibility","0","126","True"
"0","65","finalized","0","126","True"
"0","66","continent","127","127","True"
"0","66","terrain","127","127","True"
"0","66","hydrology","127","127","True"
"0","66","legacy_compatibility","127","127","True"
"0","66","finalized","127","127","True"
"0","67","continent","127","0","True"
"0","67","terrain","127","0","True"
"0","67","hydrology","127","0","True"
"0","67","legacy_compatibility","127","0","True"
"0","67","finalized","127","0","True"
"0","68","continent","0","127","True"
"0","68","terrain","0","127","True"
"0","68","hydrology","0","127","True"
"0","68","legacy_compatibility","0","127","True"
"0","68","finalized","0","127","True"
"0","69","continent","128","128","True"
"0","69","terrain","128","128","True"
"0","69","hydrology","128","128","True"
"0","69","legacy_compatibility","128","128","True"
"0","69","finalized","128","128","True"
"0","70","continent","128","0","True"
"0","70","terrain","128","0","True"
"0","70","hydrology","128","0","True"
"0","70","legacy_compatibility","128","0","True"
"0","70","finalized","128","0","True"
"0","71","continent","0","128","True"
"0","71","terrain","0","128","True"
"0","71","hydrology","0","128","True"
"0","71","legacy_compatibility","0","128","True"
"0","71","finalized","0","128","True"
"0","72","continent","129","129","True"
"0","72","terrain","129","129","True"
"0","72","hydrology","129","129","True"
"0","72","legacy_compatibility","129","129","True"
"0","72","finalized","129","129","True"
"0","73","continent","129","0","True"
"0","73","terrain","129","0","True"
"0","73","hydrology","129","0","True"
"0","73","legacy_compatibility","129","0","True"
"0","73","finalized","129","0","True"
"0","74","continent","0","129","True"
"0","74","terrain","0","129","True"
"0","74","hydrology","0","129","True"
"0","74","legacy_compatibility","0","129","True"
"0","74","finalized","0","129","True"
"0","75","continent","3584","-4096","True"
"0","75","terrain","3584","-4096","True"
"0","75","hydrology","3584","-4096","True"
"0","75","legacy_compatibility","3584","-4096","True"
"0","75","finalized","3584","-4096","True"
"0","76","continent","-4096","-4096","True"
"0","76","terrain","-4096","-4096","True"
"0","76","hydrology","-4096","-4096","True"
"0","76","legacy_compatibility","-4096","-4096","True"
"0","76","finalized","-4096","-4096","True"
"0","77","continent","-320","-2752","True"
"0","77","terrain","-320","-2752","True"
"0","77","hydrology","-320","-2752","True"
"0","77","legacy_compatibility","-320","-2752","True"
"0","77","finalized","-320","-2752","True"
"0","78","continent","-320","-2752","True"
"0","78","terrain","-320","-2752","True"
"0","78","hydrology","-320","-2752","True"
"0","78","legacy_compatibility","-320","-2752","True"
"0","78","finalized","-320","-2752","True"
"0","79","continent","3584","-2944","True"
"0","79","terrain","3584","-2944","True"
"0","79","hydrology","3584","-2944","True"
"0","79","legacy_compatibility","3584","-2944","True"
"0","79","finalized","3584","-2944","True"
"0","80","continent","3840","-3648","True"
"0","80","terrain","3840","-3648","True"
"0","80","hydrology","3840","-3648","True"
"0","80","legacy_compatibility","3840","-3648","True"
"0","80","finalized","3840","-3648","True"
"0","81","continent","-2496","-4096","True"
"0","81","terrain","-2496","-4096","True"
"0","81","hydrology","-2496","-4096","True"
"0","81","legacy_compatibility","-2496","-4096","True"
"0","81","finalized","-2496","-4096","True"
"0","82","continent","2304","-3712","True"
"0","82","terrain","2304","-3712","True"
"0","82","hydrology","2304","-3712","True"
"0","82","legacy_compatibility","2304","-3712","True"
"0","82","finalized","2304","-3712","True"
"0","83","continent","2304","-3712","True"
"0","83","terrain","2304","-3712","True"
"0","83","hydrology","2304","-3712","True"
"0","83","legacy_compatibility","2304","-3712","True"
"0","83","finalized","2304","-3712","True"
"0","84","continent","-3008","-4096","True"
"0","84","terrain","-3008","-4096","True"
"0","84","hydrology","-3008","-4096","True"
"0","84","legacy_compatibility","-3008","-4096","True"
"0","84","finalized","-3008","-4096","True"
"9223372036854775807","0","continent","-129","-129","True"
"9223372036854775807","0","terrain","-129","-129","True"
"9223372036854775807","0","hydrology","-129","-129","True"
"9223372036854775807","0","legacy_compatibility","-129","-129","True"
"9223372036854775807","0","finalized","-129","-129","True"
"9223372036854775807","1","continent","-129","0","True"
"9223372036854775807","1","terrain","-129","0","True"
"9223372036854775807","1","hydrology","-129","0","True"
"9223372036854775807","1","legacy_compatibility","-129","0","True"
"9223372036854775807","1","finalized","-129","0","True"
"9223372036854775807","2","continent","0","-129","True"
"9223372036854775807","2","terrain","0","-129","True"
"9223372036854775807","2","hydrology","0","-129","True"
"9223372036854775807","2","legacy_compatibility","0","-129","True"
"9223372036854775807","2","finalized","0","-129","True"
"9223372036854775807","3","continent","-128","-128","True"
"9223372036854775807","3","terrain","-128","-128","True"
"9223372036854775807","3","hydrology","-128","-128","True"
"9223372036854775807","3","legacy_compatibility","-128","-128","True"
"9223372036854775807","3","finalized","-128","-128","True"
"9223372036854775807","4","continent","-128","0","True"
"9223372036854775807","4","terrain","-128","0","True"
"9223372036854775807","4","hydrology","-128","0","True"
"9223372036854775807","4","legacy_compatibility","-128","0","True"
"9223372036854775807","4","finalized","-128","0","True"
"9223372036854775807","5","continent","0","-128","True"
"9223372036854775807","5","terrain","0","-128","True"
"9223372036854775807","5","hydrology","0","-128","True"
"9223372036854775807","5","legacy_compatibility","0","-128","True"
"9223372036854775807","5","finalized","0","-128","True"
"9223372036854775807","6","continent","-127","-127","True"
"9223372036854775807","6","terrain","-127","-127","True"
"9223372036854775807","6","hydrology","-127","-127","True"
"9223372036854775807","6","legacy_compatibility","-127","-127","True"
"9223372036854775807","6","finalized","-127","-127","True"
"9223372036854775807","7","continent","-127","0","True"
"9223372036854775807","7","terrain","-127","0","True"
"9223372036854775807","7","hydrology","-127","0","True"
"9223372036854775807","7","legacy_compatibility","-127","0","True"
"9223372036854775807","7","finalized","-127","0","True"
"9223372036854775807","8","continent","0","-127","True"
"9223372036854775807","8","terrain","0","-127","True"
"9223372036854775807","8","hydrology","0","-127","True"
"9223372036854775807","8","legacy_compatibility","0","-127","True"
"9223372036854775807","8","finalized","0","-127","True"
"9223372036854775807","9","continent","-17","-17","True"
"9223372036854775807","9","terrain","-17","-17","True"
"9223372036854775807","9","hydrology","-17","-17","True"
"9223372036854775807","9","legacy_compatibility","-17","-17","True"
"9223372036854775807","9","finalized","-17","-17","True"
"9223372036854775807","10","continent","-17","0","True"
"9223372036854775807","10","terrain","-17","0","True"
"9223372036854775807","10","hydrology","-17","0","True"
"9223372036854775807","10","legacy_compatibility","-17","0","True"
"9223372036854775807","10","finalized","-17","0","True"
"9223372036854775807","11","continent","0","-17","True"
"9223372036854775807","11","terrain","0","-17","True"
"9223372036854775807","11","hydrology","0","-17","True"
"9223372036854775807","11","legacy_compatibility","0","-17","True"
"9223372036854775807","11","finalized","0","-17","True"
"9223372036854775807","12","continent","-16","-16","True"
"9223372036854775807","12","terrain","-16","-16","True"
"9223372036854775807","12","hydrology","-16","-16","True"
"9223372036854775807","12","legacy_compatibility","-16","-16","True"
"9223372036854775807","12","finalized","-16","-16","True"
"9223372036854775807","13","continent","-16","0","True"
"9223372036854775807","13","terrain","-16","0","True"
"9223372036854775807","13","hydrology","-16","0","True"
"9223372036854775807","13","legacy_compatibility","-16","0","True"
"9223372036854775807","13","finalized","-16","0","True"
"9223372036854775807","14","continent","0","-16","True"
"9223372036854775807","14","terrain","0","-16","True"
"9223372036854775807","14","hydrology","0","-16","True"
"9223372036854775807","14","legacy_compatibility","0","-16","True"
"9223372036854775807","14","finalized","0","-16","True"
"9223372036854775807","15","continent","-15","-15","True"
"9223372036854775807","15","terrain","-15","-15","True"
"9223372036854775807","15","hydrology","-15","-15","True"
"9223372036854775807","15","legacy_compatibility","-15","-15","True"
"9223372036854775807","15","finalized","-15","-15","True"
"9223372036854775807","16","continent","-15","0","True"
"9223372036854775807","16","terrain","-15","0","True"
"9223372036854775807","16","hydrology","-15","0","True"
"9223372036854775807","16","legacy_compatibility","-15","0","True"
"9223372036854775807","16","finalized","-15","0","True"
"9223372036854775807","17","continent","0","-15","True"
"9223372036854775807","17","terrain","0","-15","True"
"9223372036854775807","17","hydrology","0","-15","True"
"9223372036854775807","17","legacy_compatibility","0","-15","True"
"9223372036854775807","17","finalized","0","-15","True"
"9223372036854775807","18","continent","-5","-5","True"
"9223372036854775807","18","terrain","-5","-5","True"
"9223372036854775807","18","hydrology","-5","-5","True"
"9223372036854775807","18","legacy_compatibility","-5","-5","True"
"9223372036854775807","18","finalized","-5","-5","True"
"9223372036854775807","19","continent","-5","0","True"
"9223372036854775807","19","terrain","-5","0","True"
"9223372036854775807","19","hydrology","-5","0","True"
"9223372036854775807","19","legacy_compatibility","-5","0","True"
"9223372036854775807","19","finalized","-5","0","True"
"9223372036854775807","20","continent","0","-5","True"
"9223372036854775807","20","terrain","0","-5","True"
"9223372036854775807","20","hydrology","0","-5","True"
"9223372036854775807","20","legacy_compatibility","0","-5","True"
"9223372036854775807","20","finalized","0","-5","True"
"9223372036854775807","21","continent","-4","-4","True"
"9223372036854775807","21","terrain","-4","-4","True"
"9223372036854775807","21","hydrology","-4","-4","True"
"9223372036854775807","21","legacy_compatibility","-4","-4","True"
"9223372036854775807","21","finalized","-4","-4","True"
"9223372036854775807","22","continent","-4","0","True"
"9223372036854775807","22","terrain","-4","0","True"
"9223372036854775807","22","hydrology","-4","0","True"
"9223372036854775807","22","legacy_compatibility","-4","0","True"
"9223372036854775807","22","finalized","-4","0","True"
"9223372036854775807","23","continent","0","-4","True"
"9223372036854775807","23","terrain","0","-4","True"
"9223372036854775807","23","hydrology","0","-4","True"
"9223372036854775807","23","legacy_compatibility","0","-4","True"
"9223372036854775807","23","finalized","0","-4","True"
"9223372036854775807","24","continent","-3","-3","True"
"9223372036854775807","24","terrain","-3","-3","True"
"9223372036854775807","24","hydrology","-3","-3","True"
"9223372036854775807","24","legacy_compatibility","-3","-3","True"
"9223372036854775807","24","finalized","-3","-3","True"
"9223372036854775807","25","continent","-3","0","True"
"9223372036854775807","25","terrain","-3","0","True"
"9223372036854775807","25","hydrology","-3","0","True"
"9223372036854775807","25","legacy_compatibility","-3","0","True"
"9223372036854775807","25","finalized","-3","0","True"
"9223372036854775807","26","continent","0","-3","True"
"9223372036854775807","26","terrain","0","-3","True"
"9223372036854775807","26","hydrology","0","-3","True"
"9223372036854775807","26","legacy_compatibility","0","-3","True"
"9223372036854775807","26","finalized","0","-3","True"
"9223372036854775807","27","continent","-1","-1","True"
"9223372036854775807","27","terrain","-1","-1","True"
"9223372036854775807","27","hydrology","-1","-1","True"
"9223372036854775807","27","legacy_compatibility","-1","-1","True"
"9223372036854775807","27","finalized","-1","-1","True"
"9223372036854775807","28","continent","-1","0","True"
"9223372036854775807","28","terrain","-1","0","True"
"9223372036854775807","28","hydrology","-1","0","True"
"9223372036854775807","28","legacy_compatibility","-1","0","True"
"9223372036854775807","28","finalized","-1","0","True"
"9223372036854775807","29","continent","0","-1","True"
"9223372036854775807","29","terrain","0","-1","True"
"9223372036854775807","29","hydrology","0","-1","True"
"9223372036854775807","29","legacy_compatibility","0","-1","True"
"9223372036854775807","29","finalized","0","-1","True"
"9223372036854775807","30","continent","0","0","True"
"9223372036854775807","30","terrain","0","0","True"
"9223372036854775807","30","hydrology","0","0","True"
"9223372036854775807","30","legacy_compatibility","0","0","True"
"9223372036854775807","30","finalized","0","0","True"
"9223372036854775807","31","continent","0","0","True"
"9223372036854775807","31","terrain","0","0","True"
"9223372036854775807","31","hydrology","0","0","True"
"9223372036854775807","31","legacy_compatibility","0","0","True"
"9223372036854775807","31","finalized","0","0","True"
"9223372036854775807","32","continent","0","0","True"
"9223372036854775807","32","terrain","0","0","True"
"9223372036854775807","32","hydrology","0","0","True"
"9223372036854775807","32","legacy_compatibility","0","0","True"
"9223372036854775807","32","finalized","0","0","True"
"9223372036854775807","33","continent","1","1","True"
"9223372036854775807","33","terrain","1","1","True"
"9223372036854775807","33","hydrology","1","1","True"
"9223372036854775807","33","legacy_compatibility","1","1","True"
"9223372036854775807","33","finalized","1","1","True"
"9223372036854775807","34","continent","1","0","True"
"9223372036854775807","34","terrain","1","0","True"
"9223372036854775807","34","hydrology","1","0","True"
"9223372036854775807","34","legacy_compatibility","1","0","True"
"9223372036854775807","34","finalized","1","0","True"
"9223372036854775807","35","continent","0","1","True"
"9223372036854775807","35","terrain","0","1","True"
"9223372036854775807","35","hydrology","0","1","True"
"9223372036854775807","35","legacy_compatibility","0","1","True"
"9223372036854775807","35","finalized","0","1","True"
"9223372036854775807","36","continent","3","3","True"
"9223372036854775807","36","terrain","3","3","True"
"9223372036854775807","36","hydrology","3","3","True"
"9223372036854775807","36","legacy_compatibility","3","3","True"
"9223372036854775807","36","finalized","3","3","True"
"9223372036854775807","37","continent","3","0","True"
"9223372036854775807","37","terrain","3","0","True"
"9223372036854775807","37","hydrology","3","0","True"
"9223372036854775807","37","legacy_compatibility","3","0","True"
"9223372036854775807","37","finalized","3","0","True"
"9223372036854775807","38","continent","0","3","True"
"9223372036854775807","38","terrain","0","3","True"
"9223372036854775807","38","hydrology","0","3","True"
"9223372036854775807","38","legacy_compatibility","0","3","True"
"9223372036854775807","38","finalized","0","3","True"
"9223372036854775807","39","continent","4","4","True"
"9223372036854775807","39","terrain","4","4","True"
"9223372036854775807","39","hydrology","4","4","True"
"9223372036854775807","39","legacy_compatibility","4","4","True"
"9223372036854775807","39","finalized","4","4","True"
"9223372036854775807","40","continent","4","0","True"
"9223372036854775807","40","terrain","4","0","True"
"9223372036854775807","40","hydrology","4","0","True"
"9223372036854775807","40","legacy_compatibility","4","0","True"
"9223372036854775807","40","finalized","4","0","True"
"9223372036854775807","41","continent","0","4","True"
"9223372036854775807","41","terrain","0","4","True"
"9223372036854775807","41","hydrology","0","4","True"
"9223372036854775807","41","legacy_compatibility","0","4","True"
"9223372036854775807","41","finalized","0","4","True"
"9223372036854775807","42","continent","5","5","True"
"9223372036854775807","42","terrain","5","5","True"
"9223372036854775807","42","hydrology","5","5","True"
"9223372036854775807","42","legacy_compatibility","5","5","True"
"9223372036854775807","42","finalized","5","5","True"
"9223372036854775807","43","continent","5","0","True"
"9223372036854775807","43","terrain","5","0","True"
"9223372036854775807","43","hydrology","5","0","True"
"9223372036854775807","43","legacy_compatibility","5","0","True"
"9223372036854775807","43","finalized","5","0","True"
"9223372036854775807","44","continent","0","5","True"
"9223372036854775807","44","terrain","0","5","True"
"9223372036854775807","44","hydrology","0","5","True"
"9223372036854775807","44","legacy_compatibility","0","5","True"
"9223372036854775807","44","finalized","0","5","True"
"9223372036854775807","45","continent","15","15","True"
"9223372036854775807","45","terrain","15","15","True"
"9223372036854775807","45","hydrology","15","15","True"
"9223372036854775807","45","legacy_compatibility","15","15","True"
"9223372036854775807","45","finalized","15","15","True"
"9223372036854775807","46","continent","15","0","True"
"9223372036854775807","46","terrain","15","0","True"
"9223372036854775807","46","hydrology","15","0","True"
"9223372036854775807","46","legacy_compatibility","15","0","True"
"9223372036854775807","46","finalized","15","0","True"
"9223372036854775807","47","continent","0","15","True"
"9223372036854775807","47","terrain","0","15","True"
"9223372036854775807","47","hydrology","0","15","True"
"9223372036854775807","47","legacy_compatibility","0","15","True"
"9223372036854775807","47","finalized","0","15","True"
"9223372036854775807","48","continent","16","16","True"
"9223372036854775807","48","terrain","16","16","True"
"9223372036854775807","48","hydrology","16","16","True"
"9223372036854775807","48","legacy_compatibility","16","16","True"
"9223372036854775807","48","finalized","16","16","True"
"9223372036854775807","49","continent","16","0","True"
"9223372036854775807","49","terrain","16","0","True"
"9223372036854775807","49","hydrology","16","0","True"
"9223372036854775807","49","legacy_compatibility","16","0","True"
"9223372036854775807","49","finalized","16","0","True"
"9223372036854775807","50","continent","0","16","True"
"9223372036854775807","50","terrain","0","16","True"
"9223372036854775807","50","hydrology","0","16","True"
"9223372036854775807","50","legacy_compatibility","0","16","True"
"9223372036854775807","50","finalized","0","16","True"
"9223372036854775807","51","continent","17","17","True"
"9223372036854775807","51","terrain","17","17","True"
"9223372036854775807","51","hydrology","17","17","True"
"9223372036854775807","51","legacy_compatibility","17","17","True"
"9223372036854775807","51","finalized","17","17","True"
"9223372036854775807","52","continent","17","0","True"
"9223372036854775807","52","terrain","17","0","True"
"9223372036854775807","52","hydrology","17","0","True"
"9223372036854775807","52","legacy_compatibility","17","0","True"
"9223372036854775807","52","finalized","17","0","True"
"9223372036854775807","53","continent","0","17","True"
"9223372036854775807","53","terrain","0","17","True"
"9223372036854775807","53","hydrology","0","17","True"
"9223372036854775807","53","legacy_compatibility","0","17","True"
"9223372036854775807","53","finalized","0","17","True"
"9223372036854775807","54","continent","63","63","True"
"9223372036854775807","54","terrain","63","63","True"
"9223372036854775807","54","hydrology","63","63","True"
"9223372036854775807","54","legacy_compatibility","63","63","True"
"9223372036854775807","54","finalized","63","63","True"
"9223372036854775807","55","continent","63","0","True"
"9223372036854775807","55","terrain","63","0","True"
"9223372036854775807","55","hydrology","63","0","True"
"9223372036854775807","55","legacy_compatibility","63","0","True"
"9223372036854775807","55","finalized","63","0","True"
"9223372036854775807","56","continent","0","63","True"
"9223372036854775807","56","terrain","0","63","True"
"9223372036854775807","56","hydrology","0","63","True"
"9223372036854775807","56","legacy_compatibility","0","63","True"
"9223372036854775807","56","finalized","0","63","True"
"9223372036854775807","57","continent","64","64","True"
"9223372036854775807","57","terrain","64","64","True"
"9223372036854775807","57","hydrology","64","64","True"
"9223372036854775807","57","legacy_compatibility","64","64","True"
"9223372036854775807","57","finalized","64","64","True"
"9223372036854775807","58","continent","64","0","True"
"9223372036854775807","58","terrain","64","0","True"
"9223372036854775807","58","hydrology","64","0","True"
"9223372036854775807","58","legacy_compatibility","64","0","True"
"9223372036854775807","58","finalized","64","0","True"
"9223372036854775807","59","continent","0","64","True"
"9223372036854775807","59","terrain","0","64","True"
"9223372036854775807","59","hydrology","0","64","True"
"9223372036854775807","59","legacy_compatibility","0","64","True"
"9223372036854775807","59","finalized","0","64","True"
"9223372036854775807","60","continent","65","65","True"
"9223372036854775807","60","terrain","65","65","True"
"9223372036854775807","60","hydrology","65","65","True"
"9223372036854775807","60","legacy_compatibility","65","65","True"
"9223372036854775807","60","finalized","65","65","True"
"9223372036854775807","61","continent","65","0","True"
"9223372036854775807","61","terrain","65","0","True"
"9223372036854775807","61","hydrology","65","0","True"
"9223372036854775807","61","legacy_compatibility","65","0","True"
"9223372036854775807","61","finalized","65","0","True"
"9223372036854775807","62","continent","0","65","True"
"9223372036854775807","62","terrain","0","65","True"
"9223372036854775807","62","hydrology","0","65","True"
"9223372036854775807","62","legacy_compatibility","0","65","True"
"9223372036854775807","62","finalized","0","65","True"
"9223372036854775807","63","continent","126","126","True"
"9223372036854775807","63","terrain","126","126","True"
"9223372036854775807","63","hydrology","126","126","True"
"9223372036854775807","63","legacy_compatibility","126","126","True"
"9223372036854775807","63","finalized","126","126","True"
"9223372036854775807","64","continent","126","0","True"
"9223372036854775807","64","terrain","126","0","True"
"9223372036854775807","64","hydrology","126","0","True"
"9223372036854775807","64","legacy_compatibility","126","0","True"
"9223372036854775807","64","finalized","126","0","True"
"9223372036854775807","65","continent","0","126","True"
"9223372036854775807","65","terrain","0","126","True"
"9223372036854775807","65","hydrology","0","126","True"
"9223372036854775807","65","legacy_compatibility","0","126","True"
"9223372036854775807","65","finalized","0","126","True"
"9223372036854775807","66","continent","127","127","True"
"9223372036854775807","66","terrain","127","127","True"
"9223372036854775807","66","hydrology","127","127","True"
"9223372036854775807","66","legacy_compatibility","127","127","True"
"9223372036854775807","66","finalized","127","127","True"
"9223372036854775807","67","continent","127","0","True"
"9223372036854775807","67","terrain","127","0","True"
"9223372036854775807","67","hydrology","127","0","True"
"9223372036854775807","67","legacy_compatibility","127","0","True"
"9223372036854775807","67","finalized","127","0","True"
"9223372036854775807","68","continent","0","127","True"
"9223372036854775807","68","terrain","0","127","True"
"9223372036854775807","68","hydrology","0","127","True"
"9223372036854775807","68","legacy_compatibility","0","127","True"
"9223372036854775807","68","finalized","0","127","True"
"9223372036854775807","69","continent","128","128","True"
"9223372036854775807","69","terrain","128","128","True"
"9223372036854775807","69","hydrology","128","128","True"
"9223372036854775807","69","legacy_compatibility","128","128","True"
"9223372036854775807","69","finalized","128","128","True"
"9223372036854775807","70","continent","128","0","True"
"9223372036854775807","70","terrain","128","0","True"
"9223372036854775807","70","hydrology","128","0","True"
"9223372036854775807","70","legacy_compatibility","128","0","True"
"9223372036854775807","70","finalized","128","0","True"
"9223372036854775807","71","continent","0","128","True"
"9223372036854775807","71","terrain","0","128","True"
"9223372036854775807","71","hydrology","0","128","True"
"9223372036854775807","71","legacy_compatibility","0","128","True"
"9223372036854775807","71","finalized","0","128","True"
"9223372036854775807","72","continent","129","129","True"
"9223372036854775807","72","terrain","129","129","True"
"9223372036854775807","72","hydrology","129","129","True"
"9223372036854775807","72","legacy_compatibility","129","129","True"
"9223372036854775807","72","finalized","129","129","True"
"9223372036854775807","73","continent","129","0","True"
"9223372036854775807","73","terrain","129","0","True"
"9223372036854775807","73","hydrology","129","0","True"
"9223372036854775807","73","legacy_compatibility","129","0","True"
"9223372036854775807","73","finalized","129","0","True"
"9223372036854775807","74","continent","0","129","True"
"9223372036854775807","74","terrain","0","129","True"
"9223372036854775807","74","hydrology","0","129","True"
"9223372036854775807","74","legacy_compatibility","0","129","True"
"9223372036854775807","74","finalized","0","129","True"
"9223372036854775807","75","continent","-2944","-4096","True"
"9223372036854775807","75","terrain","-2944","-4096","True"
"9223372036854775807","75","hydrology","-2944","-4096","True"
"9223372036854775807","75","legacy_compatibility","-2944","-4096","True"
"9223372036854775807","75","finalized","-2944","-4096","True"
"9223372036854775807","76","continent","-4096","-4096","True"
"9223372036854775807","76","terrain","-4096","-4096","True"
"9223372036854775807","76","hydrology","-4096","-4096","True"
"9223372036854775807","76","legacy_compatibility","-4096","-4096","True"
"9223372036854775807","76","finalized","-4096","-4096","True"
"9223372036854775807","77","continent","-832","-4096","True"
"9223372036854775807","77","terrain","-832","-4096","True"
"9223372036854775807","77","hydrology","-832","-4096","True"
"9223372036854775807","77","legacy_compatibility","-832","-4096","True"
"9223372036854775807","77","finalized","-832","-4096","True"
"9223372036854775807","78","continent","-832","-4096","True"
"9223372036854775807","78","terrain","-832","-4096","True"
"9223372036854775807","78","hydrology","-832","-4096","True"
"9223372036854775807","78","legacy_compatibility","-832","-4096","True"
"9223372036854775807","78","finalized","-832","-4096","True"
"9223372036854775807","79","continent","0","-4096","True"
"9223372036854775807","79","terrain","0","-4096","True"
"9223372036854775807","79","hydrology","0","-4096","True"
"9223372036854775807","79","legacy_compatibility","0","-4096","True"
"9223372036854775807","79","finalized","0","-4096","True"
"9223372036854775807","80","continent","-1152","-4096","True"
"9223372036854775807","80","terrain","-1152","-4096","True"
"9223372036854775807","80","hydrology","-1152","-4096","True"
"9223372036854775807","80","legacy_compatibility","-1152","-4096","True"
"9223372036854775807","80","finalized","-1152","-4096","True"
"9223372036854775807","81","continent","-3968","-4096","True"
"9223372036854775807","81","terrain","-3968","-4096","True"
"9223372036854775807","81","hydrology","-3968","-4096","True"
"9223372036854775807","81","legacy_compatibility","-3968","-4096","True"
"9223372036854775807","81","finalized","-3968","-4096","True"
"9223372036854775807","82","continent","320","-4096","True"
"9223372036854775807","82","terrain","320","-4096","True"
"9223372036854775807","82","hydrology","320","-4096","True"
"9223372036854775807","82","legacy_compatibility","320","-4096","True"
"9223372036854775807","82","finalized","320","-4096","True"
"9223372036854775807","83","continent","3392","-2752","True"
"9223372036854775807","83","terrain","3392","-2752","True"
"9223372036854775807","83","hydrology","3392","-2752","True"
"9223372036854775807","83","legacy_compatibility","3392","-2752","True"
"9223372036854775807","83","finalized","3392","-2752","True"
"9223372036854775807","84","continent","-3200","-4096","True"
"9223372036854775807","84","terrain","-3200","-4096","True"
"9223372036854775807","84","hydrology","-3200","-4096","True"
"9223372036854775807","84","legacy_compatibility","-3200","-4096","True"
"9223372036854775807","84","finalized","-3200","-4096","True"
"-9223372036854775807","0","continent","-129","-129","True"
"-9223372036854775807","0","terrain","-129","-129","True"
"-9223372036854775807","0","hydrology","-129","-129","True"
"-9223372036854775807","0","legacy_compatibility","-129","-129","True"
"-9223372036854775807","0","finalized","-129","-129","True"
"-9223372036854775807","1","continent","-129","0","True"
"-9223372036854775807","1","terrain","-129","0","True"
"-9223372036854775807","1","hydrology","-129","0","True"
"-9223372036854775807","1","legacy_compatibility","-129","0","True"
"-9223372036854775807","1","finalized","-129","0","True"
"-9223372036854775807","2","continent","0","-129","True"
"-9223372036854775807","2","terrain","0","-129","True"
"-9223372036854775807","2","hydrology","0","-129","True"
"-9223372036854775807","2","legacy_compatibility","0","-129","True"
"-9223372036854775807","2","finalized","0","-129","True"
"-9223372036854775807","3","continent","-128","-128","True"
"-9223372036854775807","3","terrain","-128","-128","True"
"-9223372036854775807","3","hydrology","-128","-128","True"
"-9223372036854775807","3","legacy_compatibility","-128","-128","True"
"-9223372036854775807","3","finalized","-128","-128","True"
"-9223372036854775807","4","continent","-128","0","True"
"-9223372036854775807","4","terrain","-128","0","True"
"-9223372036854775807","4","hydrology","-128","0","True"
"-9223372036854775807","4","legacy_compatibility","-128","0","True"
"-9223372036854775807","4","finalized","-128","0","True"
"-9223372036854775807","5","continent","0","-128","True"
"-9223372036854775807","5","terrain","0","-128","True"
"-9223372036854775807","5","hydrology","0","-128","True"
"-9223372036854775807","5","legacy_compatibility","0","-128","True"
"-9223372036854775807","5","finalized","0","-128","True"
"-9223372036854775807","6","continent","-127","-127","True"
"-9223372036854775807","6","terrain","-127","-127","True"
"-9223372036854775807","6","hydrology","-127","-127","True"
"-9223372036854775807","6","legacy_compatibility","-127","-127","True"
"-9223372036854775807","6","finalized","-127","-127","True"
"-9223372036854775807","7","continent","-127","0","True"
"-9223372036854775807","7","terrain","-127","0","True"
"-9223372036854775807","7","hydrology","-127","0","True"
"-9223372036854775807","7","legacy_compatibility","-127","0","True"
"-9223372036854775807","7","finalized","-127","0","True"
"-9223372036854775807","8","continent","0","-127","True"
"-9223372036854775807","8","terrain","0","-127","True"
"-9223372036854775807","8","hydrology","0","-127","True"
"-9223372036854775807","8","legacy_compatibility","0","-127","True"
"-9223372036854775807","8","finalized","0","-127","True"
"-9223372036854775807","9","continent","-17","-17","True"
"-9223372036854775807","9","terrain","-17","-17","True"
"-9223372036854775807","9","hydrology","-17","-17","True"
"-9223372036854775807","9","legacy_compatibility","-17","-17","True"
"-9223372036854775807","9","finalized","-17","-17","True"
"-9223372036854775807","10","continent","-17","0","True"
"-9223372036854775807","10","terrain","-17","0","True"
"-9223372036854775807","10","hydrology","-17","0","True"
"-9223372036854775807","10","legacy_compatibility","-17","0","True"
"-9223372036854775807","10","finalized","-17","0","True"
"-9223372036854775807","11","continent","0","-17","True"
"-9223372036854775807","11","terrain","0","-17","True"
"-9223372036854775807","11","hydrology","0","-17","True"
"-9223372036854775807","11","legacy_compatibility","0","-17","True"
"-9223372036854775807","11","finalized","0","-17","True"
"-9223372036854775807","12","continent","-16","-16","True"
"-9223372036854775807","12","terrain","-16","-16","True"
"-9223372036854775807","12","hydrology","-16","-16","True"
"-9223372036854775807","12","legacy_compatibility","-16","-16","True"
"-9223372036854775807","12","finalized","-16","-16","True"
"-9223372036854775807","13","continent","-16","0","True"
"-9223372036854775807","13","terrain","-16","0","True"
"-9223372036854775807","13","hydrology","-16","0","True"
"-9223372036854775807","13","legacy_compatibility","-16","0","True"
"-9223372036854775807","13","finalized","-16","0","True"
"-9223372036854775807","14","continent","0","-16","True"
"-9223372036854775807","14","terrain","0","-16","True"
"-9223372036854775807","14","hydrology","0","-16","True"
"-9223372036854775807","14","legacy_compatibility","0","-16","True"
"-9223372036854775807","14","finalized","0","-16","True"
"-9223372036854775807","15","continent","-15","-15","True"
"-9223372036854775807","15","terrain","-15","-15","True"
"-9223372036854775807","15","hydrology","-15","-15","True"
"-9223372036854775807","15","legacy_compatibility","-15","-15","True"
"-9223372036854775807","15","finalized","-15","-15","True"
"-9223372036854775807","16","continent","-15","0","True"
"-9223372036854775807","16","terrain","-15","0","True"
"-9223372036854775807","16","hydrology","-15","0","True"
"-9223372036854775807","16","legacy_compatibility","-15","0","True"
"-9223372036854775807","16","finalized","-15","0","True"
"-9223372036854775807","17","continent","0","-15","True"
"-9223372036854775807","17","terrain","0","-15","True"
"-9223372036854775807","17","hydrology","0","-15","True"
"-9223372036854775807","17","legacy_compatibility","0","-15","True"
"-9223372036854775807","17","finalized","0","-15","True"
"-9223372036854775807","18","continent","-5","-5","True"
"-9223372036854775807","18","terrain","-5","-5","True"
"-9223372036854775807","18","hydrology","-5","-5","True"
"-9223372036854775807","18","legacy_compatibility","-5","-5","True"
"-9223372036854775807","18","finalized","-5","-5","True"
"-9223372036854775807","19","continent","-5","0","True"
"-9223372036854775807","19","terrain","-5","0","True"
"-9223372036854775807","19","hydrology","-5","0","True"
"-9223372036854775807","19","legacy_compatibility","-5","0","True"
"-9223372036854775807","19","finalized","-5","0","True"
"-9223372036854775807","20","continent","0","-5","True"
"-9223372036854775807","20","terrain","0","-5","True"
"-9223372036854775807","20","hydrology","0","-5","True"
"-9223372036854775807","20","legacy_compatibility","0","-5","True"
"-9223372036854775807","20","finalized","0","-5","True"
"-9223372036854775807","21","continent","-4","-4","True"
"-9223372036854775807","21","terrain","-4","-4","True"
"-9223372036854775807","21","hydrology","-4","-4","True"
"-9223372036854775807","21","legacy_compatibility","-4","-4","True"
"-9223372036854775807","21","finalized","-4","-4","True"
"-9223372036854775807","22","continent","-4","0","True"
"-9223372036854775807","22","terrain","-4","0","True"
"-9223372036854775807","22","hydrology","-4","0","True"
"-9223372036854775807","22","legacy_compatibility","-4","0","True"
"-9223372036854775807","22","finalized","-4","0","True"
"-9223372036854775807","23","continent","0","-4","True"
"-9223372036854775807","23","terrain","0","-4","True"
"-9223372036854775807","23","hydrology","0","-4","True"
"-9223372036854775807","23","legacy_compatibility","0","-4","True"
"-9223372036854775807","23","finalized","0","-4","True"
"-9223372036854775807","24","continent","-3","-3","True"
"-9223372036854775807","24","terrain","-3","-3","True"
"-9223372036854775807","24","hydrology","-3","-3","True"
"-9223372036854775807","24","legacy_compatibility","-3","-3","True"
"-9223372036854775807","24","finalized","-3","-3","True"
"-9223372036854775807","25","continent","-3","0","True"
"-9223372036854775807","25","terrain","-3","0","True"
"-9223372036854775807","25","hydrology","-3","0","True"
"-9223372036854775807","25","legacy_compatibility","-3","0","True"
"-9223372036854775807","25","finalized","-3","0","True"
"-9223372036854775807","26","continent","0","-3","True"
"-9223372036854775807","26","terrain","0","-3","True"
"-9223372036854775807","26","hydrology","0","-3","True"
"-9223372036854775807","26","legacy_compatibility","0","-3","True"
"-9223372036854775807","26","finalized","0","-3","True"
"-9223372036854775807","27","continent","-1","-1","True"
"-9223372036854775807","27","terrain","-1","-1","True"
"-9223372036854775807","27","hydrology","-1","-1","True"
"-9223372036854775807","27","legacy_compatibility","-1","-1","True"
"-9223372036854775807","27","finalized","-1","-1","True"
"-9223372036854775807","28","continent","-1","0","True"
"-9223372036854775807","28","terrain","-1","0","True"
"-9223372036854775807","28","hydrology","-1","0","True"
"-9223372036854775807","28","legacy_compatibility","-1","0","True"
"-9223372036854775807","28","finalized","-1","0","True"
"-9223372036854775807","29","continent","0","-1","True"
"-9223372036854775807","29","terrain","0","-1","True"
"-9223372036854775807","29","hydrology","0","-1","True"
"-9223372036854775807","29","legacy_compatibility","0","-1","True"
"-9223372036854775807","29","finalized","0","-1","True"
"-9223372036854775807","30","continent","0","0","True"
"-9223372036854775807","30","terrain","0","0","True"
"-9223372036854775807","30","hydrology","0","0","True"
"-9223372036854775807","30","legacy_compatibility","0","0","True"
"-9223372036854775807","30","finalized","0","0","True"
"-9223372036854775807","31","continent","0","0","True"
"-9223372036854775807","31","terrain","0","0","True"
"-9223372036854775807","31","hydrology","0","0","True"
"-9223372036854775807","31","legacy_compatibility","0","0","True"
"-9223372036854775807","31","finalized","0","0","True"
"-9223372036854775807","32","continent","0","0","True"
"-9223372036854775807","32","terrain","0","0","True"
"-9223372036854775807","32","hydrology","0","0","True"
"-9223372036854775807","32","legacy_compatibility","0","0","True"
"-9223372036854775807","32","finalized","0","0","True"
"-9223372036854775807","33","continent","1","1","True"
"-9223372036854775807","33","terrain","1","1","True"
"-9223372036854775807","33","hydrology","1","1","True"
"-9223372036854775807","33","legacy_compatibility","1","1","True"
"-9223372036854775807","33","finalized","1","1","True"
"-9223372036854775807","34","continent","1","0","True"
"-9223372036854775807","34","terrain","1","0","True"
"-9223372036854775807","34","hydrology","1","0","True"
"-9223372036854775807","34","legacy_compatibility","1","0","True"
"-9223372036854775807","34","finalized","1","0","True"
"-9223372036854775807","35","continent","0","1","True"
"-9223372036854775807","35","terrain","0","1","True"
"-9223372036854775807","35","hydrology","0","1","True"
"-9223372036854775807","35","legacy_compatibility","0","1","True"
"-9223372036854775807","35","finalized","0","1","True"
"-9223372036854775807","36","continent","3","3","True"
"-9223372036854775807","36","terrain","3","3","True"
"-9223372036854775807","36","hydrology","3","3","True"
"-9223372036854775807","36","legacy_compatibility","3","3","True"
"-9223372036854775807","36","finalized","3","3","True"
"-9223372036854775807","37","continent","3","0","True"
"-9223372036854775807","37","terrain","3","0","True"
"-9223372036854775807","37","hydrology","3","0","True"
"-9223372036854775807","37","legacy_compatibility","3","0","True"
"-9223372036854775807","37","finalized","3","0","True"
"-9223372036854775807","38","continent","0","3","True"
"-9223372036854775807","38","terrain","0","3","True"
"-9223372036854775807","38","hydrology","0","3","True"
"-9223372036854775807","38","legacy_compatibility","0","3","True"
"-9223372036854775807","38","finalized","0","3","True"
"-9223372036854775807","39","continent","4","4","True"
"-9223372036854775807","39","terrain","4","4","True"
"-9223372036854775807","39","hydrology","4","4","True"
"-9223372036854775807","39","legacy_compatibility","4","4","True"
"-9223372036854775807","39","finalized","4","4","True"
"-9223372036854775807","40","continent","4","0","True"
"-9223372036854775807","40","terrain","4","0","True"
"-9223372036854775807","40","hydrology","4","0","True"
"-9223372036854775807","40","legacy_compatibility","4","0","True"
"-9223372036854775807","40","finalized","4","0","True"
"-9223372036854775807","41","continent","0","4","True"
"-9223372036854775807","41","terrain","0","4","True"
"-9223372036854775807","41","hydrology","0","4","True"
"-9223372036854775807","41","legacy_compatibility","0","4","True"
"-9223372036854775807","41","finalized","0","4","True"
"-9223372036854775807","42","continent","5","5","True"
"-9223372036854775807","42","terrain","5","5","True"
"-9223372036854775807","42","hydrology","5","5","True"
"-9223372036854775807","42","legacy_compatibility","5","5","True"
"-9223372036854775807","42","finalized","5","5","True"
"-9223372036854775807","43","continent","5","0","True"
"-9223372036854775807","43","terrain","5","0","True"
"-9223372036854775807","43","hydrology","5","0","True"
"-9223372036854775807","43","legacy_compatibility","5","0","True"
"-9223372036854775807","43","finalized","5","0","True"
"-9223372036854775807","44","continent","0","5","True"
"-9223372036854775807","44","terrain","0","5","True"
"-9223372036854775807","44","hydrology","0","5","True"
"-9223372036854775807","44","legacy_compatibility","0","5","True"
"-9223372036854775807","44","finalized","0","5","True"
"-9223372036854775807","45","continent","15","15","True"
"-9223372036854775807","45","terrain","15","15","True"
"-9223372036854775807","45","hydrology","15","15","True"
"-9223372036854775807","45","legacy_compatibility","15","15","True"
"-9223372036854775807","45","finalized","15","15","True"
"-9223372036854775807","46","continent","15","0","True"
"-9223372036854775807","46","terrain","15","0","True"
"-9223372036854775807","46","hydrology","15","0","True"
"-9223372036854775807","46","legacy_compatibility","15","0","True"
"-9223372036854775807","46","finalized","15","0","True"
"-9223372036854775807","47","continent","0","15","True"
"-9223372036854775807","47","terrain","0","15","True"
"-9223372036854775807","47","hydrology","0","15","True"
"-9223372036854775807","47","legacy_compatibility","0","15","True"
"-9223372036854775807","47","finalized","0","15","True"
"-9223372036854775807","48","continent","16","16","True"
"-9223372036854775807","48","terrain","16","16","True"
"-9223372036854775807","48","hydrology","16","16","True"
"-9223372036854775807","48","legacy_compatibility","16","16","True"
"-9223372036854775807","48","finalized","16","16","True"
"-9223372036854775807","49","continent","16","0","True"
"-9223372036854775807","49","terrain","16","0","True"
"-9223372036854775807","49","hydrology","16","0","True"
"-9223372036854775807","49","legacy_compatibility","16","0","True"
"-9223372036854775807","49","finalized","16","0","True"
"-9223372036854775807","50","continent","0","16","True"
"-9223372036854775807","50","terrain","0","16","True"
"-9223372036854775807","50","hydrology","0","16","True"
"-9223372036854775807","50","legacy_compatibility","0","16","True"
"-9223372036854775807","50","finalized","0","16","True"
"-9223372036854775807","51","continent","17","17","True"
"-9223372036854775807","51","terrain","17","17","True"
"-9223372036854775807","51","hydrology","17","17","True"
"-9223372036854775807","51","legacy_compatibility","17","17","True"
"-9223372036854775807","51","finalized","17","17","True"
"-9223372036854775807","52","continent","17","0","True"
"-9223372036854775807","52","terrain","17","0","True"
"-9223372036854775807","52","hydrology","17","0","True"
"-9223372036854775807","52","legacy_compatibility","17","0","True"
"-9223372036854775807","52","finalized","17","0","True"
"-9223372036854775807","53","continent","0","17","True"
"-9223372036854775807","53","terrain","0","17","True"
"-9223372036854775807","53","hydrology","0","17","True"
"-9223372036854775807","53","legacy_compatibility","0","17","True"
"-9223372036854775807","53","finalized","0","17","True"
"-9223372036854775807","54","continent","63","63","True"
"-9223372036854775807","54","terrain","63","63","True"
"-9223372036854775807","54","hydrology","63","63","True"
"-9223372036854775807","54","legacy_compatibility","63","63","True"
"-9223372036854775807","54","finalized","63","63","True"
"-9223372036854775807","55","continent","63","0","True"
"-9223372036854775807","55","terrain","63","0","True"
"-9223372036854775807","55","hydrology","63","0","True"
"-9223372036854775807","55","legacy_compatibility","63","0","True"
"-9223372036854775807","55","finalized","63","0","True"
"-9223372036854775807","56","continent","0","63","True"
"-9223372036854775807","56","terrain","0","63","True"
"-9223372036854775807","56","hydrology","0","63","True"
"-9223372036854775807","56","legacy_compatibility","0","63","True"
"-9223372036854775807","56","finalized","0","63","True"
"-9223372036854775807","57","continent","64","64","True"
"-9223372036854775807","57","terrain","64","64","True"
"-9223372036854775807","57","hydrology","64","64","True"
"-9223372036854775807","57","legacy_compatibility","64","64","True"
"-9223372036854775807","57","finalized","64","64","True"
"-9223372036854775807","58","continent","64","0","True"
"-9223372036854775807","58","terrain","64","0","True"
"-9223372036854775807","58","hydrology","64","0","True"
"-9223372036854775807","58","legacy_compatibility","64","0","True"
"-9223372036854775807","58","finalized","64","0","True"
"-9223372036854775807","59","continent","0","64","True"
"-9223372036854775807","59","terrain","0","64","True"
"-9223372036854775807","59","hydrology","0","64","True"
"-9223372036854775807","59","legacy_compatibility","0","64","True"
"-9223372036854775807","59","finalized","0","64","True"
"-9223372036854775807","60","continent","65","65","True"
"-9223372036854775807","60","terrain","65","65","True"
"-9223372036854775807","60","hydrology","65","65","True"
"-9223372036854775807","60","legacy_compatibility","65","65","True"
"-9223372036854775807","60","finalized","65","65","True"
"-9223372036854775807","61","continent","65","0","True"
"-9223372036854775807","61","terrain","65","0","True"
"-9223372036854775807","61","hydrology","65","0","True"
"-9223372036854775807","61","legacy_compatibility","65","0","True"
"-9223372036854775807","61","finalized","65","0","True"
"-9223372036854775807","62","continent","0","65","True"
"-9223372036854775807","62","terrain","0","65","True"
"-9223372036854775807","62","hydrology","0","65","True"
"-9223372036854775807","62","legacy_compatibility","0","65","True"
"-9223372036854775807","62","finalized","0","65","True"
"-9223372036854775807","63","continent","126","126","True"
"-9223372036854775807","63","terrain","126","126","True"
"-9223372036854775807","63","hydrology","126","126","True"
"-9223372036854775807","63","legacy_compatibility","126","126","True"
"-9223372036854775807","63","finalized","126","126","True"
"-9223372036854775807","64","continent","126","0","True"
"-9223372036854775807","64","terrain","126","0","True"
"-9223372036854775807","64","hydrology","126","0","True"
"-9223372036854775807","64","legacy_compatibility","126","0","True"
"-9223372036854775807","64","finalized","126","0","True"
"-9223372036854775807","65","continent","0","126","True"
"-9223372036854775807","65","terrain","0","126","True"
"-9223372036854775807","65","hydrology","0","126","True"
"-9223372036854775807","65","legacy_compatibility","0","126","True"
"-9223372036854775807","65","finalized","0","126","True"
"-9223372036854775807","66","continent","127","127","True"
"-9223372036854775807","66","terrain","127","127","True"
"-9223372036854775807","66","hydrology","127","127","True"
"-9223372036854775807","66","legacy_compatibility","127","127","True"
"-9223372036854775807","66","finalized","127","127","True"
"-9223372036854775807","67","continent","127","0","True"
"-9223372036854775807","67","terrain","127","0","True"
"-9223372036854775807","67","hydrology","127","0","True"
"-9223372036854775807","67","legacy_compatibility","127","0","True"
"-9223372036854775807","67","finalized","127","0","True"
"-9223372036854775807","68","continent","0","127","True"
"-9223372036854775807","68","terrain","0","127","True"
"-9223372036854775807","68","hydrology","0","127","True"
"-9223372036854775807","68","legacy_compatibility","0","127","True"
"-9223372036854775807","68","finalized","0","127","True"
"-9223372036854775807","69","continent","128","128","True"
"-9223372036854775807","69","terrain","128","128","True"
"-9223372036854775807","69","hydrology","128","128","True"
"-9223372036854775807","69","legacy_compatibility","128","128","True"
"-9223372036854775807","69","finalized","128","128","True"
"-9223372036854775807","70","continent","128","0","True"
"-9223372036854775807","70","terrain","128","0","True"
"-9223372036854775807","70","hydrology","128","0","True"
"-9223372036854775807","70","legacy_compatibility","128","0","True"
"-9223372036854775807","70","finalized","128","0","True"
"-9223372036854775807","71","continent","0","128","True"
"-9223372036854775807","71","terrain","0","128","True"
"-9223372036854775807","71","hydrology","0","128","True"
"-9223372036854775807","71","legacy_compatibility","0","128","True"
"-9223372036854775807","71","finalized","0","128","True"
"-9223372036854775807","72","continent","129","129","True"
"-9223372036854775807","72","terrain","129","129","True"
"-9223372036854775807","72","hydrology","129","129","True"
"-9223372036854775807","72","legacy_compatibility","129","129","True"
"-9223372036854775807","72","finalized","129","129","True"
"-9223372036854775807","73","continent","129","0","True"
"-9223372036854775807","73","terrain","129","0","True"
"-9223372036854775807","73","hydrology","129","0","True"
"-9223372036854775807","73","legacy_compatibility","129","0","True"
"-9223372036854775807","73","finalized","129","0","True"
"-9223372036854775807","74","continent","0","129","True"
"-9223372036854775807","74","terrain","0","129","True"
"-9223372036854775807","74","hydrology","0","129","True"
"-9223372036854775807","74","legacy_compatibility","0","129","True"
"-9223372036854775807","74","finalized","0","129","True"
"-9223372036854775807","75","continent","-4096","-4096","True"
"-9223372036854775807","75","terrain","-4096","-4096","True"
"-9223372036854775807","75","hydrology","-4096","-4096","True"
"-9223372036854775807","75","legacy_compatibility","-4096","-4096","True"
"-9223372036854775807","75","finalized","-4096","-4096","True"
"-9223372036854775807","76","continent","-320","-4096","True"
"-9223372036854775807","76","terrain","-320","-4096","True"
"-9223372036854775807","76","hydrology","-320","-4096","True"
"-9223372036854775807","76","legacy_compatibility","-320","-4096","True"
"-9223372036854775807","76","finalized","-320","-4096","True"
"-9223372036854775807","77","continent","-1984","-3072","True"
"-9223372036854775807","77","terrain","-1984","-3072","True"
"-9223372036854775807","77","hydrology","-1984","-3072","True"
"-9223372036854775807","77","legacy_compatibility","-1984","-3072","True"
"-9223372036854775807","77","finalized","-1984","-3072","True"
"-9223372036854775807","78","continent","-1984","-3072","True"
"-9223372036854775807","78","terrain","-1984","-3072","True"
"-9223372036854775807","78","hydrology","-1984","-3072","True"
"-9223372036854775807","78","legacy_compatibility","-1984","-3072","True"
"-9223372036854775807","78","finalized","-1984","-3072","True"
"-9223372036854775807","79","continent","-3648","-3968","True"
"-9223372036854775807","79","terrain","-3648","-3968","True"
"-9223372036854775807","79","hydrology","-3648","-3968","True"
"-9223372036854775807","79","legacy_compatibility","-3648","-3968","True"
"-9223372036854775807","79","finalized","-3648","-3968","True"
"-9223372036854775807","80","continent","-1024","-4096","True"
"-9223372036854775807","80","terrain","-1024","-4096","True"
"-9223372036854775807","80","hydrology","-1024","-4096","True"
"-9223372036854775807","80","legacy_compatibility","-1024","-4096","True"
"-9223372036854775807","80","finalized","-1024","-4096","True"
"-9223372036854775807","81","continent","-3520","-4096","True"
"-9223372036854775807","81","terrain","-3520","-4096","True"
"-9223372036854775807","81","hydrology","-3520","-4096","True"
"-9223372036854775807","81","legacy_compatibility","-3520","-4096","True"
"-9223372036854775807","81","finalized","-3520","-4096","True"
"-9223372036854775807","82","continent","3904","-4096","True"
"-9223372036854775807","82","terrain","3904","-4096","True"
"-9223372036854775807","82","hydrology","3904","-4096","True"
"-9223372036854775807","82","legacy_compatibility","3904","-4096","True"
"-9223372036854775807","82","finalized","3904","-4096","True"
"-9223372036854775807","83","continent","3904","-4096","True"
"-9223372036854775807","83","terrain","3904","-4096","True"
"-9223372036854775807","83","hydrology","3904","-4096","True"
"-9223372036854775807","83","legacy_compatibility","3904","-4096","True"
"-9223372036854775807","83","finalized","3904","-4096","True"
"-9223372036854775807","84","continent","-576","-4096","True"
"-9223372036854775807","84","terrain","-576","-4096","True"
"-9223372036854775807","84","hydrology","-576","-4096","True"
"-9223372036854775807","84","legacy_compatibility","-576","-4096","True"
"-9223372036854775807","84","finalized","-576","-4096","True"
