seed,x,z,latitude,temperatureC,rainfallMm,evaporationMm,moistureIndex,rainShadow,windX,windZ,marineClass
8675309,-32768,-32768,-29.491200000000003,16.12902395379376,1444.3309715314167,810.3224311682877,0.6403160032488825,0.13006518600178,-0.9656102772849776,-0.25999383146841887,MAJOR_OCEAN
8675309,-28672,-32768,-29.491200000000003,16.12480846586713,1205.498492940888,810.2465523856083,0.597744616125102,0.0,-0.9666367499157682,-0.25615111499324106,MAJOR_OCEAN
8675309,-24576,-32768,-29.491200000000003,16.050790889697556,1214.738614796632,808.9142360145561,0.599973775410407,0.058446097829230464,-0.9704576723060793,-0.24127143689684122,MAJOR_OCEAN
8675309,-20480,-32768,-29.491200000000003,16.20226742622837,1292.212649860978,811.6408136721107,0.6139204805696746,0.10981323907938277,-0.9734416155285754,-0.22893540826424644,MAJOR_OCEAN
8675309,-16384,-32768,-29.491200000000003,16.257389667341933,1294.5911661120442,812.6330140121547,0.6140671273563411,0.127944086590598,-0.9730371221068406,-0.23064856167346356,MAJOR_OCEAN
8675309,-12288,-32768,-29.491200000000003,15.92268191798724,1241.569191999502,806.6082745237703,0.6058866117174344,0.0,-0.9695734614785309,-0.2448005367570503,MAJOR_OCEAN
8675309,-8192,-32768,-29.491200000000003,15.986320379165193,1389.4488847224418,807.7537668249735,0.6320840727511384,0.057958874059987245,-0.9660795593188135,-0.25824462253136465,MAJOR_OCEAN
8675309,-4096,-32768,-29.491200000000003,16.025434145844265,1289.1284955541262,808.4578146251968,0.6142842394907126,0.11576039174234545,-0.9659392389506398,-0.2587689831789326,MAJOR_OCEAN
8675309,0,-32768,-29.491200000000003,15.976916973539671,1304.2154979023794,807.5845055237141,0.6172924535154666,0.12222436439989204,-0.9692943989874,-0.24590316812041071,MAJOR_OCEAN
8675309,4096,-32768,-29.491200000000003,16.19606595152625,1275.5751935970773,811.5291871274725,0.6108771215519726,0.0,-0.972878349082257,-0.2313173531903349,MAJOR_OCEAN
8675309,8192,-32768,-29.491200000000003,16.16361384621897,1422.5708445515918,810.9450492319414,0.6366349187800416,0.053831625155314373,-0.9735338737417728,-0.22854276772048135,MAJOR_OCEAN
8675309,12288,-32768,-29.491200000000003,16.056784986094865,1398.8660867960627,809.0221297497076,0.6332896686748553,0.10444963194164537,-0.9707266383600818,-0.24018699710462046,MAJOR_OCEAN
8675309,16384,-32768,-29.491200000000003,16.053844840945754,1373.6272111547382,808.9692071370235,0.6290664335442231,0.18987524928023244,-0.9668413686445474,-0.2553776965154523,MAJOR_OCEAN
8675309,20480,-32768,-29.491200000000003,16.032315775367596,1150.2251835114412,808.5816839566168,0.5869074155237841,0.0,-0.9655469807192812,-0.2602287993744736,MAJOR_OCEAN
8675309,24576,-32768,-29.491200000000003,15.928153166462396,1458.6252466279434,806.7067569963231,0.6436061637462398,0.11670158129233008,-0.9681470228867807,-0.2503823917040961,MAJOR_OCEAN
8675309,28672,-32768,-29.491200000000003,16.18616264205057,1371.0742403896506,811.3509275569102,0.6279465220596961,0.10456901212308015,-0.9720621793046189,-0.2347234959810264,MAJOR_OCEAN
8675309,32768,-32768,-29.491200000000003,15.89009325783455,1214.5360060312387,806.0216786410219,0.6007921590563674,0.0,-0.973733910860758,-0.22768897830113205,MAJOR_OCEAN
8675309,-32768,-28672,-25.804799999999997,16.674023427505507,1232.8043238438963,820.1324216950991,0.600215331130065,0.3299720621278856,-0.9633630840930344,-0.2682006118687225,MAJOR_OCEAN
8675309,-28672,-28672,-25.804799999999997,16.15427325780082,515.4205683259254,813.3098051232613,0.3876128413830064,0.3036878905787569,-0.9644173605886824,-0.26438448251582236,LAND
8675309,-24576,-28672,-25.804799999999997,15.676925994383613,690.5151573294675,831.3229184754298,0.45343964555423605,0.4088058610441232,-0.9683479053066449,-0.24960435550733698,LAND
8675309,-20480,-28672,-25.804799999999997,16.01883567063782,1077.613860077189,815.3656903809608,0.568968054494842,0.4358135890506991,-0.9714250008468724,-0.23734672470808144,LAND
8675309,-16384,-28672,-25.804799999999997,16.92515289595041,1167.4361422638456,824.6527521271074,0.5857421340058141,0.23663256070160438,-0.9710074521216927,-0.23904921653111225,MAJOR_OCEAN
8675309,-12288,-28672,-25.804799999999997,15.87957226662318,472.7618390068373,811.4222469293916,0.36785534786827095,0.30811359696123464,-0.9674374182154519,-0.2531103353018616,LAND
8675309,-8192,-28672,-25.804799999999997,15.306717115767883,738.8651834288738,834.2169297654178,0.46939430747325595,0.471481572808368,-0.9638449961461272,-0.2664635498601491,LAND
8675309,-4096,-28672,-25.804799999999997,15.934530246643991,1056.8582780593838,815.7056982695394,0.5640897729738595,0.45544085151379454,-0.9637008850417267,-0.26698427700857713,LAND
8675309,0,-28672,-25.804799999999997,16.85488307322762,1147.5036965974502,823.3878953180972,0.5819304171192976,0.22847701768198303,-0.9671501807561411,-0.2542056802342614,MAJOR_OCEAN
8675309,4096,-28672,-25.804799999999997,16.015277995498643,516.6991750029449,817.1591577489231,0.3870816567760769,0.3059034501189435,-0.9708435927494691,-0.23971382608707195,LAND
8675309,8192,-28672,-25.804799999999997,15.473740666047725,659.6484383080187,835.0291318738695,0.44103652515682196,0.4311066635617647,-0.9715202565335449,-0.2369565174140502,LAND
8675309,12288,-28672,-25.804799999999997,15.932911681209031,1255.7560369826817,809.3252967446091,0.6077960322681243,0.18170338362117205,-0.968624979483575,-0.2485269585385941,LAND
8675309,16384,-28672,-25.804799999999997,16.891795849445923,1216.0157214055616,824.0523252900266,0.595774218980227,0.21748393465010377,-0.9646276009449614,-0.2636163718268809,MAJOR_OCEAN
8675309,20480,-28672,-25.804799999999997,16.034896083629725,536.9058271757483,817.5122833352825,0.39611823319471484,0.29118265155889267,-0.9632980943303003,-0.26843394245067403,LAND
8675309,24576,-28672,-25.804799999999997,15.615202765756885,783.572425461802,834.1821828289853,0.48405880758490094,0.46658035008489623,-0.9659697677771701,-0.25865499751700155,LAND
8675309,28672,-28672,-25.804799999999997,16.07034227531409,1108.1406420966418,819.6503002093459,0.5745260503825219,0.46016204142485745,-0.9700016084397554,-0.24309849778286907,LAND
8675309,32768,-28672,-25.804799999999997,16.738093038860775,1287.3488806860914,821.2856746994939,0.610223641530558,0.23374321449044255,-0.971726818403161,-0.23610800578563654,MAJOR_OCEAN
8675309,-32768,-24576,-22.1184,17.35014776548949,1029.9743151191606,832.3026597788107,0.5527757434857797,0.255880807813976,-0.9635946833766716,-0.26736732442131345,MAJOR_OCEAN
8675309,-28672,-24576,-22.1184,16.08343429574859,590.8706334805332,847.7660460619289,0.41043038280208355,0.40813342922533863,-0.9646461574535367,-0.2635484602689354,LAND
8675309,-24576,-24576,-22.1184,18.49535384524818,685.293273918602,862.7316294549336,0.44240300619192097,0.44670357060634486,-0.9685656482219982,-0.24875808546517733,LAND
8675309,-20480,-24576,-22.1184,16.39858777034301,937.3046003456142,848.0985698441684,0.5246881644562003,0.5735203928355569,-0.971633344767248,-0.236492374795489,LAND
8675309,-16384,-24576,-22.1184,17.432517354078833,1059.3124420682016,833.785312373419,0.5592702063999261,0.2621997839754377,-0.971217113623844,-0.23819596596955495,MAJOR_OCEAN
8675309,-12288,-24576,-22.1184,16.424016180398418,522.2105506363878,849.463389034049,0.38043306246621433,0.4095862450105837,-0.9676578114315474,-0.25226644639251555,LAND
8675309,-8192,-24576,-22.1184,15.312899916197635,639.9744783736354,870.6965547928453,0.4233556536656576,0.7187890006719272,-0.9640753224828177,-0.2656290130607933,LAND
8675309,-4096,-24576,-22.1184,16.129821756421588,928.5770105651147,848.6010203540429,0.5222069975103247,0.5970364140356913,-0.9639315934480092,-0.26615011394470967,LAND
8675309,0,-24576,-22.1184,17.4870853496015,1131.625144635955,834.767536292827,0.5751902787915876,0.27615353875240267,-0.9673713984359212,-0.25336254160418037,MAJOR_OCEAN
8675309,4096,-24576,-22.1184,16.36817308870938,551.0549992962548,848.039698733718,0.39358409118442217,0.42056366717266974,-0.9710537675544291,-0.23886100669290666,LAND
8675309,8192,-24576,-22.1184,14.991394923420719,606.0567603001981,863.843438788092,0.4120311906109272,0.7045064580905405,-0.9717282979254539,-0.23610191657608454,LAND
8675309,12288,-24576,-22.1184,15.961643352102646,802.1365247526411,845.2321922118331,0.48662445270728155,0.6038027280990274,-0.9688419045040023,-0.2476799630108535,LAND
8675309,16384,-24576,-22.1184,17.649545029737215,1264.127022020528,837.69181053527,0.6011583130459646,0.2855808065207442,-0.9648558311306422,-0.2627798035108436,MAJOR_OCEAN
8675309,20480,-24576,-22.1184,16.38862537482891,577.6311792475807,846.0461696618307,0.40544701555742185,0.40969615038234375,-0.963529864258832,-0.2676008233943924,LAND
8675309,24576,-24576,-22.1184,15.240484963298174,648.5254258014172,868.9090111265174,0.4271013683761681,0.7337775757465792,-0.9661943168711776,-0.25781493759252666,LAND
8675309,28672,-24576,-22.1184,15.914377151184286,910.5860973349994,847.630351785505,0.5176089035492103,0.6247542858262106,-0.9702143881526927,-0.24224789167606015,LAND
8675309,32768,-24576,-22.1184,17.31226072534673,1114.8983579257008,831.6206930562412,0.5724710920612394,0.2680604611872295,-0.9719342012480218,-0.23525286065076856,MAJOR_OCEAN
8675309,-32768,-20480,-18.432000000000002,18.087310266918216,1091.18734210906,845.5715848045279,0.5631182119475898,0.0,-0.9660788471975745,-0.2582472865247675,MAJOR_OCEAN
8675309,-28672,-20480,-18.432000000000002,17.302084127418407,654.0024032898165,843.5784865169383,0.4364144823534694,0.2662957774159833,-0.9670993448363169,-0.2543990118242733,LAND
8675309,-24576,-20480,-18.432000000000002,17.201580864286942,689.5092456144192,862.7369886025263,0.4439149636580505,0.3678476963346612,-0.970896723397852,-0.23949854382712815,LAND
8675309,-20480,-20480,-18.432000000000002,17.317613799625605,777.7798456215546,845.3588967916784,0.4788875637963585,0.28375407168531286,-0.9738606766391124,-0.22714616989068992,LAND
8675309,-16384,-20480,-18.432000000000002,18.198926018335708,1402.944811139242,847.5806683300427,0.6231085652514735,0.33218769798572145,-0.9734589839286552,-0.228861544625982,MAJOR_OCEAN
8675309,-12288,-20480,-18.432000000000002,17.21707274397004,641.5177230120619,842.0482816148677,0.432124756334613,0.2747334864849564,-0.9700181540211907,-0.2430324687553529,LAND
8675309,-8192,-20480,-18.432000000000002,17.039973931547404,632.4166818200231,859.6435207458476,0.4235707848439033,0.38466301321383667,-0.9665454148871563,-0.25649553789611035,LAND
8675309,-4096,-20480,-18.432000000000002,17.282191155571663,744.4207038363957,846.4011492307724,0.46765327564892045,0.29955073854144515,-0.9664059091626114,-0.25702065818837705,LAND
8675309,0,-20480,-18.432000000000002,18.357982589032595,1282.1348261942696,850.4436866025867,0.6009316359835055,0.1660484066230631,-0.9697408469246682,-0.24413662118950355,MAJOR_OCEAN
8675309,4096,-20480,-18.432000000000002,17.397783246749547,576.2880568151385,852.122075534166,0.4031649445970984,0.309990995016643,-0.9733013021386941,-0.2295312075843336,LAND
8675309,8192,-20480,-18.432000000000002,16.964186716356974,641.4585987042348,863.6195896328799,0.4259132119909921,0.40902987856260503,-0.9739522918543134,-0.22675302245335166,LAND
8675309,12288,-20480,-18.432000000000002,17.360767130483996,790.5838911998234,842.8779476024042,0.48369675720246974,0.26721273180700417,-0.9711639489013888,-0.23841263463638143,LAND
8675309,16384,-20480,-18.432000000000002,18.044515066169087,1334.6359460089118,844.8012711910435,0.6120955629819999,0.1671326228248975,-0.967302755664608,-0.2536244839987964,MAJOR_OCEAN
8675309,20480,-20480,-18.432000000000002,17.37853400747017,634.5703852512341,841.6977659644106,0.42955666831986183,0.27994534525064796,-0.9660159145433286,-0.25848259680105445,LAND
8675309,24576,-20480,-18.432000000000002,16.933253078105583,584.0386927279461,864.7880127292999,0.40283344935610915,0.416693399962563,-0.9686005659835669,-0.24862208988003043,LAND
8675309,28672,-20480,-18.432000000000002,17.330704812114288,900.4970473567689,840.8368404480048,0.5168338018675261,0.2608921443081659,-0.9724906713317154,-0.23294182572648794,LAND
8675309,32768,-20480,-18.432000000000002,18.272227608953273,1230.8821308975746,848.9000969611589,0.5915477912189956,0.17593449888470372,-0.9741509293789773,-0.22589813365779454,MAJOR_OCEAN
8675309,-32768,-16384,-14.745600000000001,19.16783747504943,1469.7247637952307,865.0210745508898,0.6292314598903036,0.19022678523109518,-0.9684621939723104,-0.24916054833448065,MAJOR_OCEAN
8675309,-28672,-16384,-14.745600000000001,18.87892248721555,1135.4903560249456,859.82060476988,0.5687943303045601,0.0,-0.9694512860494289,-0.2452839252317778,MAJOR_OCEAN
8675309,-24576,-16384,-14.745600000000001,19.142019563485608,1208.2942203213013,864.5563521427409,0.5826332120378704,0.04968959709988401,-0.9731249922273628,-0.23027754884594187,MAJOR_OCEAN
8675309,-20480,-16384,-14.745600000000001,18.938093331575068,1487.1479295937763,860.8856799683513,0.633089251486269,0.10945432174652514,-0.975984034525032,-0.2178420628626185,MAJOR_OCEAN
8675309,-16384,-16384,-14.745600000000001,19.005156563546986,1501.149243801353,862.0928181438458,0.6349388956248713,0.2565632892871853,-0.9755970354293021,-0.21956872377813055,MAJOR_OCEAN
8675309,-12288,-16384,-14.745600000000001,19.126000665891173,1142.7295622829483,864.2680119860411,0.5690891149103895,0.0,-0.972276045500098,-0.23383603517569998,MAJOR_OCEAN
8675309,-8192,-16384,-14.745600000000001,19.125562642309017,1400.7913565022202,864.2601275615623,0.6181639589185928,0.07086342877775548,-0.9689144935959244,-0.2473958449524836,MAJOR_OCEAN
8675309,-4096,-16384,-14.745600000000001,18.841877565919475,1314.757246665456,859.1537961865506,0.6045108148153899,0.10440904350413245,-0.9687792699017814,-0.24792483983774455,MAJOR_OCEAN
8675309,0,-16384,-14.745600000000001,19.059011872423206,1142.4992463033984,863.0622137036178,0.569381635735894,0.0,-0.97200795719727,-0.23494793283872528,MAJOR_OCEAN
8675309,4096,-16384,-14.745600000000001,18.88686875657487,1166.9734758505635,859.9636376183477,0.5754485521764447,0.0,-0.9754450791150563,-0.22024281516140665,MAJOR_OCEAN
8675309,8192,-16384,-14.745600000000001,18.88014021202306,1470.2939601108985,859.8425238164151,0.6307198099503226,0.06965205335176078,-0.9760722765509938,-0.21744634038898042,MAJOR_OCEAN
8675309,12288,-16384,-14.745600000000001,18.838570820114565,1496.8384011765768,859.0942747620622,0.6350789805994211,0.10055962496348105,-0.9733830796694452,-0.2291841622216217,MAJOR_OCEAN
8675309,16384,-16384,-14.745600000000001,19.176164434417824,1501.1931047785854,865.1709598195208,0.6341200862290838,0.17005500266346682,-0.969648348942458,-0.24450374106169662,MAJOR_OCEAN
8675309,20480,-16384,-14.745600000000001,18.840155742861725,1268.6903787565718,859.122803371511,0.5959613503935167,0.0,-0.9684011743635361,-0.24939760522371512,MAJOR_OCEAN
8675309,24576,-16384,-14.745600000000001,19.064768663977553,1441.302664250613,863.1658359515959,0.62516692989915,0.05828959815568558,-0.9709049447401543,-0.23946521308765906,MAJOR_OCEAN
8675309,28672,-16384,-14.745600000000001,18.851723136996693,1309.3580808933343,859.3310164659405,0.603477282753069,0.11018492953425232,-0.9746635139110629,-0.2236761825732443,MAJOR_OCEAN
8675309,32768,-16384,-14.745600000000001,18.851191915543332,1326.2867120679052,859.32145447978,0.6065497844371021,0.11595836669929503,-0.9762635720485152,-0.21658586724685777,MAJOR_OCEAN
8675309,-32768,-12288,-11.0592,20.03946532275119,1298.0034023054923,880.7103758095215,0.5954925895949457,0.34647963840416185,-0.9686246801233379,-0.24852812528154886,MAJOR_OCEAN
8675309,-28672,-12288,-11.0592,18.89817954284447,471.66853575611424,876.1680121774289,0.3496854652097945,0.3369620111941724,-0.9696115667743611,-0.2446495648419771,LAND
8675309,-24576,-12288,-11.0592,19.297194545724444,744.3848628674147,894.4524655679702,0.45393823518925097,0.3700164862157166,-0.9732765930167907,-0.2296359586075934,LAND
8675309,-20480,-12288,-11.0592,19.066939938967515,1108.618122536107,872.0890727313629,0.5594257946802668,0.4633068615485733,-0.9761282779640315,-0.21719480877538128,LAND
8675309,-16384,-12288,-11.0592,19.914529019066805,1320.29735432172,878.4615223432024,0.6002009439886596,0.2355842486367126,-0.9757423090123687,-0.21892223825644375,MAJOR_OCEAN
8675309,-12288,-12288,-11.0592,19.17369412463011,475.13068592654236,877.2674664667489,0.3510649730726628,0.30492631003506687,-0.972429724663374,-0.23319612044610571,LAND
8675309,-8192,-12288,-11.0592,18.53782939096255,721.1091031559567,888.608578428815,0.44769428646642995,0.4603041765432238,-0.9690759777222308,-0.24676253646309965,LAND
8675309,-4096,-12288,-11.0592,19.028728631259177,1066.0979478317688,877.8388237931476,0.5481401572458764,0.49377454944156535,-0.968941054737526,-0.24729179615209762,LAND
8675309,0,-12288,-11.0592,19.74016216882519,1312.285418305511,875.3229190388533,0.5995981080369205,0.23259156219278057,-0.9721622832537026,-0.2343085466195113,MAJOR_OCEAN
8675309,4096,-12288,-11.0592,19.169903995243146,558.215999412085,875.4424111680689,0.3890933167752113,0.28504279715796027,-0.9755907541285413,-0.21959663125581855,LAND
8675309,8192,-12288,-11.0592,18.815698371518202,779.5427584370426,885.1984596490595,0.46798551297945257,0.4081709656834911,-0.9762162835156079,-0.2167989109727592,LAND
8675309,12288,-12288,-11.0592,21.224819842458647,1180.6179987518333,902.0467571642557,0.5666065020295317,0.17650975263678656,-0.973534039403286,-0.2285420620435573,COASTAL_WATER
8675309,16384,-12288,-11.0592,20.00422055911954,1210.774756043531,880.0759700641518,0.5788055241859564,0.22690436593884225,-0.9698081839512657,-0.24386899421851085,MAJOR_OCEAN
8675309,20480,-12288,-11.0592,19.09240866624277,488.00660689244916,869.2533021225441,0.3592880888653706,0.28936181059967814,-0.9685637948729019,-0.24876530156234256,LAND
8675309,24576,-12288,-11.0592,18.83984213404949,760.3973225735059,890.3698722401326,0.4603538107313592,0.41323747755522905,-0.971061886396093,-0.23882799833533178,LAND
8675309,28672,-12288,-11.0592,21.153465078050157,1262.0808811248057,900.7623714049028,0.5832589212038953,0.1785898916653102,-0.9748112270383782,-0.2230315485305419,COASTAL_WATER
8675309,32768,-12288,-11.0592,19.741018073179085,1155.1460042727676,875.3383253172235,0.568621666161662,0.23711444039091273,-0.9764070643251043,-0.21593805763698015,MAJOR_OCEAN
8675309,-32768,-8192,-7.372800000000001,20.862180330425016,1102.4281311347202,895.5192459476502,0.5515043286150961,0.25117566687035686,-0.9664271504968849,-0.25694077679977434,MAJOR_OCEAN
8675309,-28672,-8192,-7.372800000000001,19.513015695809667,537.6590851257045,910.6783149679984,0.3709688890184878,0.4364435093203616,-0.9674431654393032,-0.2530883672648371,LAND
8675309,-24576,-8192,-7.372800000000001,22.074720263004984,684.7995294935417,931.7625592367324,0.42335285567374037,0.48027554871514144,-0.9712228835538599,-0.23817243850060726,LAND
8675309,-20480,-8192,-7.372800000000001,19.788678204769795,894.656401079776,905.2599851593445,0.49677842231648506,0.553367948451913,-0.9741718459027917,-0.22580791538461947,LAND
8675309,-16384,-8192,-7.372800000000001,20.906462297034384,1122.5201571575003,896.3163213466189,0.5557480365880079,0.25921808091882814,-0.9737722533000358,-0.22752494083719918,MAJOR_OCEAN
8675309,-12288,-8192,-7.372800000000001,19.96288991698058,609.6209625624634,910.3829314205608,0.40080171061630915,0.4427465971101873,-0.9703485454345775,-0.2417099509184503,LAND
8675309,-8192,-8192,-7.372800000000001,19.021411136333846,625.8218596368372,936.5577375816468,0.4003006440344238,0.722554903831591,-0.9668916817274723,-0.2551871387946902,LAND
8675309,-4096,-8192,-7.372800000000001,19.613155445620812,856.4984523379848,914.589416302708,0.48332730419004283,0.6186819826775156,-0.9667527871887723,-0.2557128242046931,LAND
8675309,0,-8192,-7.372800000000001,20.6678307250806,1195.159107492788,892.0209530514508,0.57234485190003,0.26833465350766955,-0.9700725549934616,-0.2428152343829719,MAJOR_OCEAN
8675309,4096,-8192,-7.372800000000001,19.61885869689657,472.7626832597534,904.724169588268,0.3429577019780802,0.41193016111656555,-0.9736153897878042,-0.22819525141497163,LAND
8675309,8192,-8192,-7.372800000000001,19.108541361776645,667.9615715336989,935.5351268456084,0.41630598069064456,0.7080185543795913,-0.9742629789764141,-0.22541439127971225,LAND
8675309,12288,-8192,-7.372800000000001,19.898070714448814,831.4695580574225,909.7499859042083,0.4772472912149436,0.5658921566019565,-0.9714888036481275,-0.23708543689212516,LAND
8675309,16384,-8192,-7.372800000000001,20.706887841595627,1035.8319834989934,892.7239811487214,0.5368240167566783,0.2764881574206007,-0.9676456700887116,-0.25231301424731994,MAJOR_OCEAN
8675309,20480,-8192,-7.372800000000001,19.90851905743225,594.8573848466123,909.4042559486908,0.39518537423986977,0.47944655495643906,-0.9663644908754104,-0.2571763417873206,LAND
8675309,24576,-8192,-7.372800000000001,18.816255090333613,666.5050896990323,932.4715066508463,0.4165717743744314,0.7182285715516351,-0.9689375961424191,-0.24730534725668643,LAND
8675309,28672,-8192,-7.372800000000001,19.855727115366562,944.3498484273596,914.7277701167535,0.5076937860079754,0.5893412273787642,-0.9728089126100596,-0.2316091957294298,LAND
8675309,32768,-8192,-7.372800000000001,20.56001380394279,1227.9848107543576,890.0802484709702,0.579493680672209,0.26127814819445455,-0.9744605670498637,-0.22455868556984832,MAJOR_OCEAN
8675309,-32768,-4096,-3.6864000000000003,21.671275516892997,1154.8588215802351,910.0829593040739,0.5589987250685774,0.16157459543601144,-0.9638101278364293,-0.2665896424843357,MAJOR_OCEAN
8675309,-28672,-4096,-3.6864000000000003,20.795130723866134,696.2979506138036,901.3390013390705,0.4355572725647403,0.28954353244523384,-0.9648589822469748,-0.2627682331967319,LAND
8675309,-24576,-4096,-3.6864000000000003,20.536314350975843,654.8017052154013,925.2463993552628,0.4141567251005393,0.38924928798992964,-0.9687681409138256,-0.24796832287687512,LAND
8675309,-20480,-4096,-3.6864000000000003,21.153827538514445,1032.6646501587572,903.3017821761065,0.5331350264619503,0.0,-0.9718270534326882,-0.23569509586824042,LAND
8675309,-16384,-4096,-3.6864000000000003,21.4910224256661,1290.5138581408542,906.8384036619898,0.5870368823795866,0.24949030997200156,-0.9714120535988972,-0.23739970960970733,MAJOR_OCEAN
8675309,-12288,-4096,-3.6864000000000003,20.826389528826024,602.1897879169292,898.4413299535138,0.40102378057464083,0.2740038776480846,-0.9678627812122114,-0.2514788992026229,LAND
8675309,-8192,-4096,-3.6864000000000003,20.706152677941258,649.90004447648,928.789408637063,0.4114100041597019,0.39821580795019823,-0.964289576994608,-0.26485016839632153,LAND
8675309,-4096,-4096,-3.6864000000000003,21.18167108023075,1014.3326807512485,904.8363978787988,0.5282517524315767,0.0,-0.9641462051153289,-0.265371617098947,LAND
8675309,0,-4096,-3.6864000000000003,21.56975246428207,1281.4954538151533,908.2555443570773,0.5849571470625006,0.16664126725748157,-0.9675771388148894,-0.2525756925018565,MAJOR_OCEAN
8675309,4096,-4096,-3.6864000000000003,20.70702769553814,684.742652046027,906.7626370221087,0.4299782592538254,0.2924891396222204,-0.9712491872279926,-0.23806515139550288,LAND
8675309,8192,-4096,-3.6864000000000003,20.464901577876127,694.9977413834948,925.7433493310475,0.42855036809684427,0.4012614133233291,-0.9719217238741734,-0.23530440425426608,LAND
8675309,12288,-4096,-3.6864000000000003,23.069878658928438,965.7479276278966,935.2578158607118,0.5077523719021728,0.0,-0.9690436327724843,-0.24688952546251644,COASTAL_WATER
8675309,16384,-4096,-3.6864000000000003,21.699360040124873,1281.4618188014624,910.5884807222477,0.5843285122460584,0.26738365399191777,-0.9650681262120613,-0.2619990682608259,MAJOR_OCEAN
8675309,20480,-4096,-3.6864000000000003,21.046175534646494,742.8727276748533,914.1528680541194,0.4480465980672871,0.3128138100743117,-0.9637454682387053,-0.2668232981757002,LAND
8675309,24576,-4096,-3.6864000000000003,20.5350802131298,606.3338902304059,927.8956725747906,0.39494672648336887,0.405617189185001,-0.9664031710979492,-0.2570309531784604,LAND
8675309,28672,-4096,-3.6864000000000003,20.784171356783908,919.4136245369599,902.9992382520579,0.5042267954228766,0.25833599139403185,-0.970412242247665,-0.24145409521451303,LAND
8675309,32768,-4096,-3.6864000000000003,21.81429379247836,1355.0991370903985,912.6572882646105,0.5972871842680759,0.2260388452848034,-0.9721270117798254,-0.2344548420656466,MAJOR_OCEAN
8675309,-32768,0,0.0,22.662085372446438,1432.0554576250663,927.9175367040359,0.6065530868268154,0.11876354690354024,-0.9764205278152939,0.21587717077287935,MAJOR_OCEAN
8675309,-28672,0,0.0,22.68817748384419,1304.4940278462798,928.3871947091955,0.5839585447403458,0.0,-0.9755362387488868,0.21983868378352991,MAJOR_OCEAN
8675309,-24576,0,0.0,22.502809636173062,1414.764137267972,925.050573451115,0.604389630152898,0.050522029141020865,-0.9720049365139884,0.2349604294183112,MAJOR_OCEAN
8675309,-20480,0,0.0,22.613114992890033,1345.8931379824378,927.0360698720206,0.5918799641314871,0.11404405626350483,-0.9689541291690467,0.247240562137879,MAJOR_OCEAN
8675309,-16384,0,0.0,22.366430192425817,1411.0318978477421,922.5957434636647,0.60439269752462,0.12478660265115554,-0.969384227512173,0.24554881276566515,MAJOR_OCEAN
8675309,-12288,0,0.0,22.599605115116226,1353.2391545357532,926.7928920720921,0.5932574058081184,0.0,-0.9728575298116398,0.23140489771998,MAJOR_OCEAN
8675309,-8192,0,0.0,22.34373283962494,1264.3173069032325,922.1871911132489,0.5779724375651121,0.0698300111673929,-0.9760194444564017,0.21768335729452773,MAJOR_OCEAN
8675309,-4096,0,0.0,22.40107452614882,1383.0210197739636,923.2193414706787,0.599426502329342,0.11031645518486402,-0.976139931925061,0.2171424263043436,MAJOR_OCEAN
8675309,0,0,0.0,22.330036861073662,1354.4170962910514,921.9406634993259,0.5947318072746377,0.21053830795106865,-0.9731220247796568,0.2302900885594969,MAJOR_OCEAN
8675309,4096,0,0.0,22.31912382832261,1171.28961123627,921.7442289098069,0.5593460758755276,0.0,-0.9695515784109383,0.24488719199022682,MAJOR_OCEAN
8675309,8192,0,0.0,22.340855298800644,1230.1749404151087,922.1353953784117,0.5712947734316125,0.03589912206659597,-0.9688552680796592,0.2476276832551073,MAJOR_OCEAN
8675309,12288,0,0.0,22.486123733904087,1331.2933996865972,924.7502272102736,0.5898394624817002,0.11243249290448164,-0.9717411127375907,0.23604916821609234,MAJOR_OCEAN
8675309,16384,0,0.0,22.500714411217082,1261.0395022784958,925.0128594019075,0.5765931919936232,0.11905493770290082,-0.9753568554991756,0.22063318977606292,MAJOR_OCEAN
8675309,20480,0,0.0,22.506637564607086,1159.9539010448075,925.1194761629275,0.5560465483709095,0.0,-0.976474219313463,0.21563417868270068,MAJOR_OCEAN
8675309,24576,0,0.0,22.446519226820392,1465.7404750337298,924.037346082767,0.6130810073975117,0.05478561249755383,-0.9741871050588238,0.22574207480465017,MAJOR_OCEAN
8675309,28672,0,0.0,22.40295726508984,1471.1832914104318,923.2532307716172,0.6141608336464298,0.09779170726939945,-0.9703990277669692,0.24150719846191135,MAJOR_OCEAN
8675309,32768,0,0.0,22.373211906198836,1396.5605679786217,922.7178143115791,0.601893539429594,0.1879952310606463,-0.968639929896638,0.24846868255342808,MAJOR_OCEAN
8675309,-32768,4096,3.6864000000000003,21.820454069843,1280.747725362053,912.768173257174,0.5836128715986473,0.1661054258653738,-0.9746982026439259,0.22352497346538341,MAJOR_OCEAN
8675309,-28672,4096,3.6864000000000003,20.7817866558459,707.7902764741416,903.8874200456925,0.438891340781581,0.29486593878143535,-0.9737861674606546,0.22746538211844453,LAND
8675309,-24576,4096,3.6864000000000003,20.754869088464044,625.956224467817,924.5708471394954,0.403445248183362,0.3608543969457452,-0.9701505775689764,0.2425033130548559,LAND
8675309,-20480,4096,3.6864000000000003,21.149340034328628,914.925868753786,907.7147689273953,0.5017029396302246,0.2490888132727193,-0.9670170587768856,0.2547116173921034,LAND
8675309,-16384,4096,3.6864000000000003,21.825418669020078,1199.5126250353483,912.8575360423614,0.5675828338674275,0.17478476400010168,-0.9674584426370939,0.25302996219856827,MAJOR_OCEAN
8675309,-12288,4096,3.6864000000000003,21.00649704498402,577.0380414881658,910.4855217517526,0.3876579825395478,0.2977637291685666,-0.9710274551388776,0.23896795050072112,LAND
8675309,-8192,4096,3.6864000000000003,20.788814626003404,632.9413571357406,927.0607788192184,0.40547116660319765,0.38157553699895946,-0.9742844475393369,0.2253215819289604,LAND
8675309,-4096,4096,3.6864000000000003,20.70161972786223,866.9431168897737,908.6299355077485,0.4879861910096047,0.30200184020309334,-0.9744087263017819,0.2247835272143828,LAND
8675309,0,4096,3.6864000000000003,21.710301069936225,1161.0118443570548,910.785419258852,0.5601183795137393,0.25818986710985076,-0.9712995946431545,0.23785940688996055,MAJOR_OCEAN
8675309,4096,4096,3.6864000000000003,21.131372882167362,625.1921545860805,910.468965276356,0.406851026882263,0.29959536107551105,-0.9676302167577596,0.2523722718868518,LAND
8675309,8192,4096,3.6864000000000003,20.60408596013554,689.6344303341427,919.9373247559279,0.42819230385396595,0.36023562114112123,-0.9669156202178589,0.2550964197685128,LAND
8675309,12288,4096,3.6864000000000003,20.8220052687469,796.292902251002,900.3860409676184,0.4690479936926793,0.24345497843995673,-0.9698793474611922,0.24358581930862086,LAND
8675309,16384,4096,3.6864000000000003,21.576589061726175,1354.3062076321398,908.3786031110711,0.5982750784052375,0.24837342546922306,-0.9736012403799539,0.22825561270342332,MAJOR_OCEAN
8675309,20480,4096,3.6864000000000003,21.10795631965713,612.9727989635521,905.5331598840027,0.40340269506310567,0.2772722569839714,-0.974753601628175,0.22328326429202205,LAND
8675309,24576,4096,3.6864000000000003,20.77881190757286,665.1036762538666,928.9462637278006,0.41697984469471283,0.3806205131431754,-0.972396010253487,0.2333366650209528,LAND
8675309,28672,4096,3.6864000000000003,20.831811506627155,1151.3298739282748,897.5054936021353,0.5616694355875848,0.0,-0.9685003464782357,0.24901220627016932,LAND
8675309,32768,4096,3.6864000000000003,21.535288672691955,1404.1806930322678,907.6351961084551,0.6071303382276403,0.2966324292491639,-0.9666946890431259,0.2559323703164842,MAJOR_OCEAN
8675309,-32768,8192,7.372800000000001,20.820560185679643,1184.7556757845512,894.7700833422336,0.5694501356627297,0.29110024968465076,-0.9722684310990356,0.23386769312630545,MAJOR_OCEAN
8675309,-28672,8192,7.372800000000001,19.831433119301543,523.8219833809399,906.3258020702036,0.3660152981446388,0.44865451347202895,-0.9713194116526089,0.2377784694770107,LAND
8675309,-24576,8192,7.372800000000001,18.691331611159395,664.6075897215931,929.4377118413814,0.4166700400736884,0.6936424983496607,-0.9675449484250022,0.25269897660509033,LAND
8675309,-20480,8192,7.372800000000001,19.717565788435465,902.2059370045148,912.6907959140951,0.49683768941774537,0.6093429925860115,-0.9643014479724336,0.2648069437123354,LAND
8675309,-16384,8192,7.372800000000001,20.81276328898857,1190.9340969676305,894.6297392017943,0.5707633173370734,0.27996322678005603,-0.9647578296041948,0.263139374129763,MAJOR_OCEAN
8675309,-12288,8192,7.372800000000001,19.935869051210027,633.7187670756346,913.5470115534736,0.4093087736116939,0.478677516969613,-0.9684541441291495,0.24919183517739174,LAND
8675309,-8192,8192,7.372800000000001,19.006981685470972,631.1129034273365,936.9492995069336,0.4022229980730564,0.731443925237234,-0.9718377832896903,0.23565084971325906,LAND
8675309,-4096,8192,7.372800000000001,19.67085248106796,869.0507945659559,911.0437398335793,0.4879307514460153,0.6035992079340092,-0.9719671158980693,0.23511683396300906,LAND
8675309,0,8192,7.372800000000001,20.65273991921185,1238.255250225546,891.7493185458134,0.581066445549419,0.2925314179960452,-0.9687364596861788,0.24809206290143257,MAJOR_OCEAN
8675309,4096,8192,7.372800000000001,19.658033847115394,533.4083593585303,905.097323075319,0.37054967261863686,0.4663752206033456,-0.9649354826724149,0.2624871697431205,LAND
8675309,8192,8192,7.372800000000001,19.051829278826855,634.6573449804066,936.2777499607707,0.40374271623737484,0.699274288539606,-0.9641965845000787,0.265188511135725,LAND
8675309,12288,8192,7.372800000000001,19.5657852108054,845.4456751148849,908.2627942286177,0.48181546387087054,0.5840709129016948,-0.9672638642090103,0.25377276645742214,LAND
8675309,16384,8192,7.372800000000001,20.70980493704568,1080.9604556407676,892.7764888668222,0.5473946586391082,0.26023844458976664,-0.9711270967160838,0.238562700403458,MAJOR_OCEAN
8675309,20480,8192,7.372800000000001,19.645651105684415,538.6924961426981,904.8744337295612,0.3729093370497785,0.39351813100713223,-0.9723261065718404,0.23362778618744393,LAND
8675309,24576,8192,7.372800000000001,18.83789428458482,603.0547040005928,933.308539196717,0.39226559283829254,0.6890473957561368,-0.9698745998466467,0.24360472198277874,LAND
8675309,28672,8192,7.372800000000001,19.711399074218377,886.035867040477,912.8748355533785,0.49226656953792686,0.5849346069742009,-0.9658357636930531,0.25915492966844517,LAND
8675309,32768,8192,7.372800000000001,20.75396866743786,1090.1369516548955,893.5714360138815,0.5492680730469235,0.26425547903153207,-0.9639682219181106,0.26601741885078933,MAJOR_OCEAN
8675309,-32768,12288,11.0592,20.02379244579065,1162.8139391794455,880.4282640242318,0.5688239570424273,0.2274823868239892,-0.9714054552227042,0.23742670777225303,MAJOR_OCEAN
8675309,-28672,12288,11.0592,19.251714574631965,502.709636322231,875.4150161733229,0.3645135596790093,0.3014992682970939,-0.9704438570043264,0.24132699890929388,LAND
8675309,-24576,12288,11.0592,18.80471829695832,592.2734723257802,896.2595410675066,0.3976235954492404,0.43302809877926224,-0.9666221979953862,0.2562060232363173,LAND
8675309,-20480,12288,11.0592,19.057807247971617,977.4261700547578,868.6304765936635,0.5291803972706238,0.4423243121463396,-0.9633413632617095,0.26827861977628986,LAND
8675309,-16384,12288,11.0592,19.868807706143173,1227.0288053618367,877.6385387105771,0.5827268057397575,0.24762588417439393,-0.9638028337214742,0.26661601172933386,MAJOR_OCEAN
8675309,-12288,12288,11.0592,19.34205755652189,472.09448402355594,871.7233544520394,0.3510471608249143,0.3146855588162429,-0.9675423716764954,0.25270884236730307,LAND
8675309,-8192,12288,11.0592,18.864328077620847,771.0686221901568,898.4903223571181,0.46156325384802155,0.4798057252933548,-0.9709690615121988,0.23920510359547092,LAND
8675309,-4096,12288,11.0592,19.203332702844737,1058.6529409625941,872.6866369606853,0.5478607140574887,0.4426468265576335,-0.9711001130530723,0.2386725171198187,LAND
8675309,0,12288,11.0592,19.725941129709167,1204.2260814834972,875.0669403347649,0.5788732975852382,0.24844635329872614,-0.9678281445534819,0.25161216705510214,MAJOR_OCEAN
8675309,4096,12288,11.0592,19.137675858236637,554.8084847482829,873.362319278207,0.3882030637522032,0.29884338268305943,-0.9639824817507764,0.2659657400448674,LAND
8675309,8192,12288,11.0592,18.84990250000303,667.506777146312,896.6733659293318,0.4264728121547936,0.5038920517341771,-0.963235337800902,0.26865904788706124,LAND
8675309,12288,12288,11.0592,19.30663442245232,986.8809425729719,870.0523060869882,0.5311713665088682,0.4131610816320323,-0.9663377671381438,0.2572767377795099,LAND
8675309,16384,12288,11.0592,20.063479310557376,1210.4384168993734,881.1426275900328,0.578442789629074,0.22501550890462307,-0.9702490298565697,0.24210910776421726,MAJOR_OCEAN
8675309,20480,12288,11.0592,19.040204887437238,559.8119323534319,876.3655363722877,0.3895217845641512,0.29901329841450963,-0.9714639050863503,0.2371874387786559,LAND
8675309,24576,12288,11.0592,18.62643170274254,662.2323970444764,889.9771392810588,0.42636384953644785,0.47848441618742693,-0.9689804639710008,0.24713733113907357,LAND
8675309,28672,12288,11.0592,18.988945734155884,976.1395264833376,870.6851770447535,0.5282641392441467,0.4473310385300188,-0.9648929960749898,0.2626433058835306,LAND
8675309,32768,12288,11.0592,19.734368989854655,1328.6571451841214,875.2186418173837,0.6025995446169841,0.2383792190691706,-0.9630044540594608,0.2694854754186945,MAJOR_OCEAN
8675309,-32768,16384,14.745600000000001,18.90982672764949,1279.889725528249,860.3768810976908,0.59772553383486,0.13114340781257758,-0.9729595473973068,0.230975581238424,MAJOR_OCEAN
8675309,-28672,16384,14.745600000000001,19.104772333725904,1319.2664350922475,863.8859020070663,0.6040175919433867,0.0,-0.9720208059888589,0.23489476947086138,MAJOR_OCEAN
8675309,-24576,16384,14.745600000000001,19.10416748872473,1261.8126072244206,863.8750147970452,0.593322965798352,0.04728684583939262,-0.9682849200744376,0.2498485812576092,MAJOR_OCEAN
8675309,-20480,16384,14.745600000000001,18.872358700714166,1266.324080524123,859.702456612855,0.5953494507071933,0.12155907069427709,-0.9650719525078227,0.2619849737728079,MAJOR_OCEAN
8675309,-16384,16384,14.745600000000001,19.176164434417824,1435.4190286455648,865.1709598195208,0.6236640912758036,0.13883523214662338,-0.9655241714950926,0.2603134154413002,MAJOR_OCEAN
8675309,-12288,16384,14.745600000000001,18.885103311641323,1157.6709211816064,859.9318596095438,0.5735011029400647,0.0,-0.9691851404973847,0.24633343954701872,MAJOR_OCEAN
8675309,-8192,16384,14.745600000000001,18.970352546366076,1351.5741900914977,861.4663458345894,0.6104559370798341,0.061520619657088826,-0.9725335943392275,0.23276255687206834,MAJOR_OCEAN
8675309,-4096,16384,14.745600000000001,18.935987147512588,1333.6122451896617,860.8477686552266,0.6074409175205698,0.11300086081726925,-0.972661522441733,0.23222739451091937,MAJOR_OCEAN
8675309,0,16384,14.745600000000001,19.210015842496045,1318.0946811268507,865.7802851649287,0.6032815156301377,0.13139186264984554,-0.9694646297031682,0.24523118022490326,MAJOR_OCEAN
8675309,4096,16384,14.745600000000001,19.10145885180314,1142.466749835464,863.8262593324565,0.5691579378882252,0.0,-0.9657001927683778,0.2596596574116164,MAJOR_OCEAN
8675309,8192,16384,14.745600000000001,18.87846166074797,1254.5619447696504,859.8123098934634,0.5930685513469327,0.03499013854802161,-0.9649680395777372,0.26236745719219556,MAJOR_OCEAN
8675309,12288,16384,14.745600000000001,19.010822619155523,1499.5232819224007,862.1948071447994,0.6346602622043716,0.10627176675253897,-0.968006572223946,0.25092484159852774,MAJOR_OCEAN
8675309,16384,16384,14.745600000000001,19.005156563546986,1353.5398896576237,862.0928181438458,0.6106288537987469,0.1115496935202854,-0.9718305439485866,0.23568070317400688,MAJOR_OCEAN
8675309,20480,16384,14.745600000000001,18.870830635641713,1333.6193170224715,859.6749514415508,0.6077668506858872,0.0,-0.9730165901698773,0.2307351625872941,MAJOR_OCEAN
8675309,24576,16384,14.745600000000001,19.042270568458758,1391.4328312094801,862.7608702322576,0.6169903854910298,0.05965676874954298,-0.9705911796151127,0.24073379915031476,MAJOR_OCEAN
8675309,28672,16384,14.745600000000001,19.160792626258768,1333.5974394254997,864.8942672726578,0.6063207400892978,0.10857887383091765,-0.9665921040464068,0.2563195357266789,MAJOR_OCEAN
8675309,32768,16384,14.745600000000001,18.999693713247694,1396.6834952878191,861.9944868384584,0.6180896155715023,0.11390678666558975,-0.9647417394325035,0.2631983590312588,MAJOR_OCEAN
8675309,-32768,20480,18.432000000000002,18.412917613063875,1114.761109847443,851.4325170351498,0.5666758445196889,0.1740147343788811,-0.9754149670261197,0.22037613777683335,MAJOR_OCEAN
8675309,-28672,20480,18.432000000000002,17.24793627878526,665.9998806810075,843.486455265644,0.44091751433395937,0.2903028273660758,-0.9745143155454509,0.2243253191170838,LAND
8675309,-24576,20480,18.432000000000002,16.742408766153936,601.8660194762646,861.753582984603,0.4109367500373501,0.41837091019071065,-0.9709215023774977,0.2393980706292819,LAND
8675309,-20480,20480,18.432000000000002,19.199400972271555,1114.3717683380207,865.589217500888,0.5625409971747123,0.012634815999409446,-0.9678218979101056,0.25163619359241823,COASTAL_WATER
8675309,-16384,20480,18.432000000000002,18.30679985372972,1336.5078529452012,849.522397367135,0.6111062491039302,0.14490773195587522,-0.968258655010025,0.24995034906592437,MAJOR_OCEAN
8675309,-12288,20480,18.432000000000002,17.427506078887845,589.8587001929511,838.7074197695493,0.4126137937631202,0.2732331891153361,-0.9717884205324171,0.23585433156741067,LAND
8675309,-8192,20480,18.432000000000002,17.116240743782516,655.8408155455768,866.7883550696812,0.43044648146290165,0.4147090657046044,-0.9750064110401084,0.22217672792326204,LAND
8675309,-4096,20480,18.432000000000002,17.544392611574615,764.5502238910079,846.7185634542062,0.47420766927450586,0.2753626715169257,-0.9751291342893642,0.22163747756206564,LAND
8675309,0,20480,18.432000000000002,18.13605756432585,1178.8386530138805,846.4490361578653,0.5817725978958773,0.1475129690472113,-0.9720574246832404,0.23474318545633294,MAJOR_OCEAN
8675309,4096,20480,18.432000000000002,17.489009533056578,623.9158531777308,838.3684900296638,0.42638046123705553,0.2664103901144817,-0.9684286156702446,0.24929102741778253,LAND
8675309,8192,20480,18.432000000000002,16.9585195820589,722.9539251484902,852.3563162219904,0.4586368255274021,0.3598938590825365,-0.9677215160149288,0.2520219582531803,LAND
8675309,12288,20480,18.432000000000002,17.314104827260714,861.0164719516187,838.6805352001728,0.5062727036802334,0.2589247551775737,-0.9706533095526907,0.24048316501245673,LAND
8675309,16384,20480,18.432000000000002,18.159295349733643,1163.5348155788329,846.8673162952056,0.5784695149421756,0.16312557729326205,-0.9743316628542796,0.2251173266534906,MAJOR_OCEAN
8675309,20480,20480,18.432000000000002,17.395955999937254,626.0186170793183,842.011361828818,0.42614420812882914,0.281213689760044,-0.9754696654238348,0.22013389524994056,LAND
8675309,24576,20480,18.432000000000002,17.21280779595072,668.0899758650181,856.9335040720431,0.43779796618370026,0.3354573827218097,-0.9731409873739938,0.23020994481726575,LAND
8675309,28672,20480,18.432000000000002,17.399218268982473,1097.0958319630606,836.7522472763299,0.5670191079778939,0.0,-0.9692894462449898,0.2459226898805416,LAND
8675309,32768,20480,18.432000000000002,18.319071977369227,1241.0630502229872,849.7432955926461,0.5932972967146604,0.2548511860756946,-0.9675028777143604,0.25286000398329395,MAJOR_OCEAN
8675309,-32768,24576,22.1184,17.564131855907004,1030.913479955833,836.154373406326,0.551860832089364,0.26389800176181066,-0.9765289147312239,0.21538634751037042,MAJOR_OCEAN
8675309,-28672,24576,22.1184,16.378166390947637,498.0807847114709,849.5083636687506,0.36933471199120305,0.39345197517729397,-0.9756464176234759,0.21934919142426285,LAND
8675309,-24576,24576,22.1184,15.332872808958447,660.3822641007644,867.9941030279167,0.4317983972386047,0.6843697694411004,-0.9721218536868814,0.23447622818610336,LAND
8675309,-20480,24576,22.1184,16.390778882763918,950.7986950874861,846.0849328046609,0.528843291265859,0.5537332292385416,-0.9690763940125462,0.2467609016186323,LAND
8675309,-16384,24576,22.1184,17.414794685156302,1026.7885617381357,833.4663043328135,0.5516646755130609,0.2732877353493448,-0.9695057625089386,0.2450685138118758,MAJOR_OCEAN
8675309,-12288,24576,22.1184,16.12913501751916,509.70544779461613,843.4329633607063,0.3764057230750482,0.44394908225096286,-0.9729728774871471,0.23091942247108851,LAND
8675309,-8192,24576,22.1184,15.127951291790724,597.8210878856061,864.4362526921994,0.40855498982123045,0.7083438505823781,-0.9761286497255234,0.21719313797868142,LAND
8675309,-4096,24576,22.1184,16.28147115093217,823.071133672455,845.9285962679362,0.4928570459719976,0.5712107900070338,-0.9762488923417826,0.2166520256112152,LAND
8675309,0,24576,22.1184,17.510963188852536,1250.284554308459,835.1973373993457,0.5992309635072316,0.2603148691713797,-0.9732368784415889,0.22980421763160017,MAJOR_OCEAN
8675309,4096,24576,22.1184,16.467038853998925,708.408083687979,843.5096631169109,0.4561787545705626,0.5930958395940042,-0.9696728273694256,0.24440664447061197,LAND
8675309,8192,24576,22.1184,18.85738515841381,810.62287305505,864.4452432010168,0.4836455423218638,0.5489066710485514,-0.9689776996193638,0.2471481694052499,LAND
8675309,12288,24576,22.1184,15.975425707953782,920.6289589381568,845.8218914816224,0.5208795247231358,0.6086416132571627,-0.971858508635795,0.23556536076471074,LAND
8675309,16384,24576,22.1184,17.343747155371904,1065.4205613293157,832.1874487966943,0.5611587835124555,0.2781827456620381,-0.9754673924564035,0.220143967108583,MAJOR_OCEAN
8675309,20480,24576,22.1184,16.203545646442745,486.6028396988483,846.3651902676625,0.36477848701596277,0.3910632733155492,-0.9765824959635141,0.21514327453507104,LAND
8675309,24576,24576,22.1184,15.1071270968693,606.7527313632198,863.5460609854592,0.4123925979675699,0.6826567717199519,-0.9742999340035956,0.2252546083892388,LAND
8675309,28672,24576,22.1184,16.222424156436162,866.2034985753003,842.9868383629935,0.5064953764889354,0.55324231494685,-0.9705188101884231,0.24102539092478933,LAND
8675309,32768,24576,22.1184,17.55682392704848,986.136587957356,836.0228306868726,0.5408943276560451,0.26944602345185603,-0.9687627231703322,0.24798948807480195,MAJOR_OCEAN
8675309,-32768,28672,25.804799999999997,16.908087389927765,1103.5200542799375,824.3455730186997,0.5721083100150474,0.2264906132681438,-0.9753527295211196,0.22065142876424246,MAJOR_OCEAN
8675309,-28672,28672,25.804799999999997,16.135686353408385,591.2470019733793,819.3265081912984,0.4188566856177422,0.29185137147206197,-0.9744510805434278,0.22459984779101239,LAND
8675309,-24576,28672,25.804799999999997,15.790122629414698,789.1023263461327,830.1319678695868,0.48702976425276856,0.4193506677612468,-0.9708545184769327,0.23966957243864562,LAND
8675309,-20480,28672,25.804799999999997,17.748037994202488,1377.102304085194,839.4646838956448,0.620996935627675,0.17801375143573492,-0.9677519411146406,0.2519051021095947,COASTAL_WATER
8675309,-16384,28672,25.804799999999997,16.601457927668843,1236.7638021655137,818.8262426980391,0.6013662301120243,0.22913774241775525,-0.9681891038285741,0.25021962198760994,MAJOR_OCEAN
8675309,-12288,28672,25.804799999999997,15.947823701627616,607.1260218899885,809.5937131121435,0.42824121503046964,0.3592481776216427,-0.9717223095470038,0.23612656167537965,LAND
8675309,-8192,28672,25.804799999999997,15.474129038935247,721.8381542449869,825.0502116625664,0.4663373471521384,0.41461923979307336,-0.9749437179703008,0.22245167293200258,LAND
8675309,-4096,28672,25.804799999999997,16.00430514674914,992.8987580304159,816.961646471432,0.5483022079239476,0.4358287273068389,-0.9750665775204238,0.22191252646618975,LAND
8675309,0,28672,25.804799999999997,16.916389422530447,1294.8906044017,824.495009605548,0.610686375085581,0.2084451409705734,-0.9719915884921272,0.23501564182103127,MAJOR_OCEAN
8675309,4096,28672,25.804799999999997,17.677414009641346,528.7543789003279,838.1934521735443,0.3865310992782838,0.2869071358740754,-0.9683592234661316,0.24956044223408202,COASTAL_WATER
8675309,8192,28672,25.804799999999997,15.561646879712972,767.049148433306,838.3738725732878,0.4774888920308603,0.4736999789240516,-0.9676514665832885,0.25229078306432634,LAND
8675309,12288,28672,25.804799999999997,15.861719824797438,975.7524278222122,811.1009029765282,0.5457676035350649,0.4199689675626268,-0.9705860594322692,0.24075444177779895,LAND
8675309,16384,28672,25.804799999999997,16.843858985703722,1295.348633307489,823.1894617426669,0.6111466627245672,0.2424904813988206,-0.9742682285511074,0.22539170090286645,MAJOR_OCEAN
8675309,20480,28672,25.804799999999997,16.02355984894149,537.1051844638538,817.3082311108943,0.3962666875597511,0.32421724475757163,-0.9754074893056347,0.22040923257994022,LAND
8675309,24576,28672,25.804799999999997,15.558847680444979,664.5766033723122,837.383940288165,0.44217834338733103,0.4839339114038292,-0.973076277608437,0.23048331383357917,LAND
8675309,28672,28672,25.804799999999997,17.735255155080214,1283.6613077306292,839.2345927914439,0.6043899361616987,0.17444660194562392,-0.9692208692238266,0.24619282414605445,COASTAL_WATER
8675309,32768,28672,25.804799999999997,16.94909296906425,1267.6735330107817,825.0836734431565,0.6054539318614496,0.23013783479077826,-0.9674326272676537,0.2531286465376943,MAJOR_OCEAN
8675309,-32768,32768,29.491200000000003,15.89009325783455,1214.5349874635913,806.0216786410219,0.6007919579142484,0.0,-0.9728894125372501,0.2312708173828343,MAJOR_OCEAN
8675309,-28672,32768,29.491200000000003,16.083608035056464,1328.1596922351805,809.5049446310163,0.6210228893957606,0.0,-0.9719496196186452,0.23518915137218985,MAJOR_OCEAN
8675309,-24576,32768,29.491200000000003,15.927637292684103,1232.94991432037,806.6974712683138,0.6041954739596963,0.05190470820390122,-0.968209786423194,0.2501395799835623,MAJOR_OCEAN
8675309,-20480,32768,29.491200000000003,15.96141775142356,1473.5786746878618,807.305519525624,0.6457727690233515,0.10797436394284525,-0.9649936940256547,0.2622730838090732,MAJOR_OCEAN
8675309,-16384,32768,29.491200000000003,15.94694987648077,1360.164452026719,807.0450977766538,0.627321493049446,0.11234005261628995,-0.9654463390668864,0.2606019308876023,MAJOR_OCEAN
8675309,-12288,32768,29.491200000000003,16.22586202269134,1127.3477490771113,812.0655164084442,0.5809833240832909,0.0,-0.9691109252907271,0.2466252511040805,MAJOR_OCEAN
8675309,-8192,32768,29.491200000000003,16.200890030500172,1254.332381054688,811.6160205490031,0.6068522949491552,0.05635206673716702,-0.9724629791833413,0.2330574051985052,MAJOR_OCEAN
8675309,-4096,32768,29.491200000000003,16.181655097936915,1264.9764029693454,811.2697917628645,0.6089679722014949,0.11320757479358538,-0.9725910509749766,0.23252235927624365,MAJOR_OCEAN
8675309,0,32768,29.491200000000003,16.117800991013507,1413.1343654738141,810.1204178382432,0.6353293588828736,0.1265917002454282,-0.9693907037078621,0.2455232444490257,MAJOR_OCEAN
8675309,4096,32768,29.491200000000003,16.204740399148374,1299.7544986536436,811.6853271846708,0.6152859280324544,0.0,-0.9656225273541046,0.2599483307626181,MAJOR_OCEAN
8675309,8192,32768,29.491200000000003,16.233806424511208,1380.634068346083,812.2085156412018,0.629322303442937,0.05550295839867611,-0.964889683804281,0.2626554741254684,MAJOR_OCEAN
8675309,12288,32768,29.491200000000003,16.00399665547453,1336.9033963428308,808.0719397985415,0.6229817155059598,0.12103548167825914,-0.9679311585490636,0.2512155893050181,MAJOR_OCEAN
8675309,16384,32768,29.491200000000003,16.26822904507791,1324.8374402483048,812.8281228114024,0.6194691975836141,0.12869472011587615,-0.9717591475461983,0.23597491214170613,MAJOR_OCEAN
8675309,20480,32768,29.491200000000003,16.168064055180558,1153.5401682898175,811.02515299325,0.5868745015997829,0.0,-0.9729465200371298,0.23103045069349418,MAJOR_OCEAN
8675309,24576,32768,29.491200000000003,15.92320064994326,1239.871675556099,806.6176116989786,0.6055571002368009,0.058312429515003796,-0.9705184395606147,0.2410268832989995,MAJOR_OCEAN
8675309,28672,32768,29.491200000000003,16.122809713798034,1338.9164523140712,810.2105748483646,0.6227150467854289,0.1087204668124829,-0.9665152952463023,0.2566090100813943,MAJOR_OCEAN
8675309,32768,32768,29.491200000000003,16.12902395379376,1439.3953215906222,810.3224311682877,0.6395272440652428,0.11459480143848207,-0.9646631725594355,0.263486173275876,MAJOR_OCEAN
4303642605,-32768,-32768,-29.491200000000003,16.219362610664852,1441.917433483605,811.9485269919674,0.639469245071885,0.13504113230334613,-0.9655030965985141,-0.26039157140483715,MAJOR_OCEAN
4303642605,-28672,-32768,-29.491200000000003,15.96786297003259,1137.311116766981,807.4215334605866,0.584515615048123,0.0,-0.9670068537545145,-0.25475035778541133,MAJOR_OCEAN
4303642605,-24576,-32768,-29.491200000000003,15.9457361166403,1444.023576486889,807.0232500995254,0.6412049516198103,0.06386301788883687,-0.9709307154910723,-0.23936070211292906,MAJOR_OCEAN
4303642605,-20480,-32768,-29.491200000000003,16.260021688668996,1493.7910440356347,812.680390396042,0.6473714134639118,0.11867698645859738,-0.9735889114545252,-0.22830819409910103,MAJOR_OCEAN
4303642605,-16384,-32768,-29.491200000000003,15.886785481673602,1474.8934473518882,805.9621386701249,0.6463570509837075,0.1364624848726953,-0.9727345538854143,-0.23192129629972344,MAJOR_OCEAN
4303642605,-12288,-32768,-29.491200000000003,16.027499540255388,1185.9905331676148,808.494991724597,0.5943368259870877,0.0,-0.9690651290945305,-0.24680513684484162,MAJOR_OCEAN
4303642605,-8192,-32768,-29.491200000000003,16.1240015307673,1247.2664125627825,810.2320275538113,0.6059107882987451,0.06305330345287179,-0.9658323784935621,-0.25916754552503024,MAJOR_OCEAN
4303642605,-4096,-32768,-29.491200000000003,16.1491986757957,1377.7713493939252,810.6855761643226,0.6292753848275109,0.12425293650795897,-0.9661964067987849,-0.25780710519517674,MAJOR_OCEAN
4303642605,0,-32768,-29.491200000000003,15.91024313157158,1447.524887141853,806.3843763682885,0.6419437405159885,0.13388660980280204,-0.9697891970009533,-0.24394448831700644,MAJOR_OCEAN
4303642605,4096,-32768,-29.491200000000003,16.05550667381994,1336.6734685440813,808.9991201287589,0.6226722582648092,0.0,-0.9731465919179552,-0.2301862520622569,MAJOR_OCEAN
4303642605,8192,-32768,-29.491200000000003,16.257154512953853,1456.5130852580594,812.6287812331693,0.6415956230564883,0.057583588109406884,-0.9733494806928753,-0.22932681577807232,MAJOR_OCEAN
4303642605,12288,-32768,-29.491200000000003,16.008242449020173,1388.6048825146236,808.1483640823631,0.6318292941506273,0.10687241627252646,-0.9702328040763374,-0.24217412308949846,MAJOR_OCEAN
4303642605,16384,-32768,-29.491200000000003,16.015715865560523,1340.4959915194265,808.2828855800894,0.6235506385326594,0.17672999827707675,-0.9664760033756641,-0.2567569568658331,MAJOR_OCEAN
4303642605,20480,-32768,-29.491200000000003,16.05236182183983,1305.3216890579213,808.942512793117,0.6170962889248787,0.0,-0.9656673020585611,-0.2597819503640309,MAJOR_OCEAN
4303642605,24576,-32768,-29.491200000000003,15.87846742255111,1364.2215712897275,805.81241360592,0.6283741207097225,0.06419982959846278,-0.9686232202929898,-0.24853381482051562,MAJOR_OCEAN
4303642605,28672,-32768,-29.491200000000003,16.19180426806321,1514.9181232214041,811.4524768251378,0.650914007073523,0.10780833596728581,-0.9724327543355965,-0.233183486326295,MAJOR_OCEAN
4303642605,32768,-32768,-29.491200000000003,16.00251696597601,1253.6503980764753,808.0453053875682,0.6077728265837388,0.11735221494603702,-0.9736793697349635,-0.22792210281700254,MAJOR_OCEAN
4303642605,-32768,-28672,-25.804799999999997,16.746020174555976,1211.2038606144615,821.4283631420076,0.5955864814027972,0.25019156245315194,-0.9680885291929754,-0.25060845884562966,MAJOR_OCEAN
4303642605,-28672,-28672,-25.804799999999997,15.891790347155222,531.6374545130454,827.4781677416833,0.39087666211180233,0.3121849527240074,-0.9695427161409268,-0.24492227660642532,LAND
4303642605,-24576,-28672,-25.804799999999997,15.35330388953678,727.0658228843394,833.0698529652826,0.46572878586522976,0.4502222851099153,-0.9733287557145838,-0.2294147626006227,LAND
4303642605,-20480,-28672,-25.804799999999997,16.09245300319958,996.6740863292185,818.54830788754,0.548762139208746,0.4410969718402948,-0.9758857353106,-0.2182820002136906,LAND
4303642605,-16384,-28672,-25.804799999999997,16.67608632291901,1114.6047214293349,820.1695538125422,0.5757927128616603,0.23440248324799476,-0.9750646645270808,-0.22192093184441009,MAJOR_OCEAN
4303642605,-12288,-28672,-25.804799999999997,15.974030672157959,485.68282841143787,819.6735243222503,0.37178433541131056,0.30314601027648314,-0.9715303025717814,-0.23691532492598016,LAND
4303642605,-8192,-28672,-25.804799999999997,15.186339295346118,724.4043560254561,834.5256703804179,0.46438259650306607,0.5079034210558889,-0.9684070998544286,-0.24937459564184716,LAND
4303642605,-4096,-28672,-25.804799999999997,16.151757219887095,982.8918864858745,817.7582782674477,0.5455509097796739,0.4392452811171018,-0.9687591941497343,-0.24800327366863012,LAND
4303642605,0,-28672,-25.804799999999997,16.73815155824215,1152.4085977901977,821.2867280483588,0.5835880516407391,0.24925842591758357,-0.9722286748237192,-0.234032911895987,MAJOR_OCEAN
4303642605,4096,-28672,-25.804799999999997,15.765960511500122,509.98371658834424,814.7067856528654,0.38469289455281364,0.31061047754771587,-0.9754607417158154,-0.22017343475367615,LAND
4303642605,8192,-28672,-25.804799999999997,15.144870342851432,692.2826618443485,832.9978913651579,0.4535749737416209,0.5060244769953173,-0.9756557081599275,-0.21930786382378134,LAND
4303642605,12288,-28672,-25.804799999999997,16.187898298085937,1090.0377471559282,814.9484878001922,0.5719022137539325,0.42102268859403097,-0.9726563159997975,-0.23224920009701217,LAND
4303642605,16384,-28672,-25.804799999999997,16.687362846115427,1221.3270297294632,820.3725312300777,0.5978985128658642,0.23075042674321064,-0.9690295578454178,-0.24694476309878322,MAJOR_OCEAN
4303642605,20480,-28672,-25.804799999999997,16.133940351660556,554.4412530970224,817.43757463937,0.40385301447993566,0.29960020465275017,-0.9682474030688439,-0.24999393282725804,LAND
4303642605,24576,-28672,-25.804799999999997,15.529967449567472,666.3591644724513,830.3865218617572,0.44490808456500486,0.4496909368024538,-0.971103859378181,-0.2386572737228052,LAND
4303642605,28672,-28672,-25.804799999999997,16.021492196384134,953.8568742474605,817.271013364862,0.5382551005010368,0.4559576059394926,-0.9747744481868794,-0.22319223813108902,LAND
4303642605,32768,-28672,-25.804799999999997,16.61868474620739,1337.3594460845027,819.136325431733,0.6198665433048052,0.23137770884459874,-0.9759726253844714,-0.21789317222010962,MAJOR_OCEAN
4303642605,-32768,-24576,-22.1184,17.53602270258316,1155.8008562535854,835.6484086464968,0.5800904829120187,0.2716934564496982,-0.9686895339995465,-0.2482752237331416,MAJOR_OCEAN
4303642605,-28672,-24576,-22.1184,16.29452930267644,541.2176868292014,851.9975491297718,0.3881880450524122,0.4314221123031554,-0.9701317659299329,-0.2425785578604793,LAND
4303642605,-24576,-24576,-22.1184,15.32446150800466,656.594942715953,867.4216894777127,0.430549365072479,0.6952002795622575,-0.9738845923967037,-0.2270436096707113,LAND
4303642605,-20480,-24576,-22.1184,16.208630720291264,892.7258658294979,846.5135129041699,0.512990268315336,0.5961658328246715,-0.9764172036474813,-0.2158922055592399,LAND
4303642605,-16384,-24576,-22.1184,17.665592811326448,1115.202395905713,837.9806706038761,0.5706744751900862,0.2738707628525107,-0.9756041447059474,-0.2195371331519496,MAJOR_OCEAN
4303642605,-12288,-24576,-22.1184,16.272296294841308,528.4260797047971,849.403133192154,0.38324259071546796,0.4421812185423125,-0.9721023126972316,-0.23455722894145412,LAND
4303642605,-8192,-24576,-22.1184,15.024394525443963,709.2553638386344,865.8341073591095,0.45000958181621387,0.7166011033890695,-0.9690055209663673,-0.24703906641804468,LAND
4303642605,-4096,-24576,-22.1184,16.23610078731988,840.1916167998183,850.0244258940146,0.4967973313814652,0.6023001192615058,-0.9693547368969668,-0.24566520725453223,LAND
4303642605,0,-24576,-22.1184,17.339524662035696,1119.795526081169,832.1114439166425,0.5733993186999705,0.2672828350899208,-0.9727944934316334,-0.23166975104465376,MAJOR_OCEAN
4303642605,4096,-24576,-22.1184,16.064564523884435,544.7355017393306,843.8635300616129,0.3920091258507458,0.43144881807834173,-0.9759963800011386,-0.21778674483235438,LAND
4303642605,8192,-24576,-22.1184,14.98731732746601,624.7556348019349,863.1052949307998,0.41961987337130585,0.7111802855673723,-0.9761894396569404,-0.21691974991288532,LAND
4303642605,12288,-24576,-22.1184,16.309678414594924,932.2906040477047,848.3323714016358,0.5232816465069289,0.5802496131183559,-0.9732182881804397,-0.22988293444954722,LAND
4303642605,16384,-24576,-22.1184,17.673412232054122,1054.7977885176256,838.1214201769742,0.5569391680887243,0.2549129600642574,-0.9696228739149088,-0.24460474725767883,MAJOR_OCEAN
4303642605,20480,-24576,-22.1184,16.377961201637564,615.7975877910096,841.9062653744064,0.42215394609037105,0.45295620907627365,-0.9688471217952761,-0.24765955380120008,LAND
4303642605,24576,-24576,-22.1184,15.025908709856083,628.2083212512324,863.1845218150083,0.42094032021791794,0.6956262428797217,-0.9716795966582622,-0.23630226710304075,LAND
4303642605,28672,-24576,-22.1184,16.04481287970206,839.4878884918951,845.4650510244647,0.4979307955847892,0.5993119492446882,-0.9753167168275276,-0.22081055653381332,LAND
4303642605,32768,-24576,-22.1184,17.636374439283667,1160.12440107478,837.4547399071059,0.5804745868131197,0.2590319183669434,-0.9765032350063476,-0.21550274249331,MAJOR_OCEAN
4303642605,-32768,-20480,-18.432000000000002,18.39412712664697,1273.3710514364825,851.0942882796455,0.5991022425265945,0.1516013229126452,-0.9667903809598123,-0.25557065419093233,MAJOR_OCEAN
4303642605,-28672,-20480,-18.432000000000002,17.67656493050049,635.8614378384107,848.5623080027012,0.4280673710910405,0.295313632990449,-0.9682698243415164,-0.2499070772700302,LAND
4303642605,-24576,-20480,-18.432000000000002,16.9526646529319,747.4483018096257,858.0100793039313,0.4652771030965104,0.37488027247690225,-0.9721260635756971,-0.23445877359744893,LAND
4303642605,-20480,-20480,-18.432000000000002,19.406554309431545,1052.2591277822555,869.3179775697679,0.5473169969896147,0.0,-0.9747345780220521,-0.2233662964911494,COASTAL_WATER
4303642605,-16384,-20480,-18.432000000000002,18.41936527648887,1342.1113370749513,851.5485749767996,0.6115349944220897,0.3433111295650128,-0.9738965608822244,-0.22699226573118236,MAJOR_OCEAN
4303642605,-12288,-20480,-18.432000000000002,17.262827646780487,619.8009816590944,844.767036144471,0.42290837008573984,0.28428496370961154,-0.9702934200864013,-0.2419311450331155,LAND
4303642605,-8192,-20480,-18.432000000000002,17.08210472520354,655.9526213895415,860.3400006048208,0.43231780862899283,0.38704296609981265,-0.9671144094462707,-0.25434173672716603,LAND
4303642605,-4096,-20480,-18.432000000000002,17.308778534848393,904.6772405585559,840.4421674572186,0.5181073163756869,0.27613438080427183,-0.9674725843864048,-0.25297588513668795,LAND
4303642605,0,-20480,-18.432000000000002,18.390990528295337,1075.355671314319,851.037829509316,0.5579326021670127,0.0,-0.9710048797715057,-0.23905966506277002,MAJOR_OCEAN
4303642605,4096,-20480,-18.432000000000002,17.471395955438165,705.3601279703823,846.6260994212939,0.4541959970598532,0.27161240746534987,-0.9743007639785528,-0.22525101844566303,LAND
4303642605,8192,-20480,-18.432000000000002,17.145385287725883,699.2886283989689,857.7551857555907,0.4488247519396131,0.49670679199858453,-0.9744997636532817,-0.22438852608744975,LAND
4303642605,12288,-20480,-18.432000000000002,17.445286017096358,859.015251023198,839.6050944379087,0.5054159614629391,0.24092894172103121,-0.9714406522278536,-0.23728265676008112,LAND
4303642605,16384,-20480,-18.432000000000002,18.05110551151732,1219.1930797242433,844.9198992073118,0.5903759707883041,0.32094035539931537,-0.9677476522714821,-0.25192157812111815,MAJOR_OCEAN
4303642605,20480,-20480,-18.432000000000002,19.184383436112824,611.2023512697721,865.3189018500309,0.41366738378836265,0.2616914788759884,-0.9669519715276961,-0.2549585942044349,COASTAL_WATER
4303642605,24576,-20480,-18.432000000000002,16.92394186972785,713.9078405078859,857.2437429925927,0.45409606045641754,0.3699932013835168,-0.9698590993472683,-0.2436664265205726,LAND
4303642605,28672,-20480,-18.432000000000002,19.479137392970937,1063.0795403406664,870.6244730734768,0.5494791621715127,0.0,-0.9736004471034883,-0.22825899631753369,COASTAL_WATER
4303642605,32768,-20480,-18.432000000000002,18.0820565631375,1182.4270676703022,845.477018136475,0.5827910131099764,0.0,-0.9748232845730875,-0.22297884171852964,MAJOR_OCEAN
4303642605,-32768,-16384,-14.745600000000001,18.99899650106918,1269.5129709524606,861.9819370192452,0.5953181722529602,0.13061783175469444,-0.9640531104828046,-0.26570961625133044,MAJOR_OCEAN
4303642605,-28672,-16384,-14.745600000000001,19.190879988775603,1276.226629968763,865.4358397979609,0.5956265384662796,0.0,-0.9655834278436485,-0.2600935290884988,MAJOR_OCEAN
4303642605,-24576,-16384,-14.745600000000001,18.9673406112779,1399.2506025926157,861.4121310030023,0.6186822561152036,0.04959668548200425,-0.9695812091621263,-0.24476984871447907,MAJOR_OCEAN
4303642605,-20480,-16384,-14.745600000000001,19.174436888823102,1476.066268838894,865.1398639988158,0.6302034001809054,0.11189930671252471,-0.9722937572777565,-0.23376237840743988,MAJOR_OCEAN
4303642605,-16384,-16384,-14.745600000000001,19.134996287509118,1401.7947332035349,864.4299331751641,0.6182866453383011,0.1263111658538525,-0.9714215190699461,-0.2373609746521915,MAJOR_OCEAN
4303642605,-12288,-16384,-14.745600000000001,18.95501946947924,1334.7838518078404,861.1903504506263,0.6075555418155099,0.0,-0.9676796033005156,-0.2521828411215891,MAJOR_OCEAN
4303642605,-8192,-16384,-14.745600000000001,19.14309893400177,1269.1553711580889,864.5757808120319,0.5945270297792764,0.035374574389697176,-0.9643881303517157,-0.26449108498533985,MAJOR_OCEAN
4303642605,-4096,-16384,-14.745600000000001,19.134130533027054,1345.1982522472601,864.414349594487,0.6085183134876383,0.116816933257941,-0.9647585524574747,-0.26313672389113263,MAJOR_OCEAN
4303642605,0,-16384,-14.745600000000001,19.19583303451905,1279.1623009259313,865.5249946213429,0.596155042526675,0.11655759681013067,-0.968417454952898,-0.2493343797845613,MAJOR_OCEAN
4303642605,4096,-16384,-14.745600000000001,19.014872340863814,1256.2737389856222,862.2677021355487,0.5927101563633937,0.0,-0.97184213005435,-0.23563292268149583,MAJOR_OCEAN
4303642605,8192,-16384,-14.745600000000001,19.2254204933279,1289.6951731075314,866.0575688799022,0.5979800781053306,0.06195645226405129,-0.9720492745984353,-0.23477693190059337,MAJOR_OCEAN
4303642605,12288,-16384,-14.745600000000001,19.06387077738507,1460.9169978069394,863.1496739929312,0.6283333787912502,0.10093217259663527,-0.9688696283379984,-0.24757149125896716,MAJOR_OCEAN
4303642605,16384,-16384,-14.745600000000001,18.96885406734502,1297.5059152422614,861.4393732122104,0.6007123986787088,0.0,-0.965043096238012,-0.2620912482387596,MAJOR_OCEAN
4303642605,20480,-16384,-14.745600000000001,19.14428423457296,1199.680380248934,864.5971162223133,0.5808809626303096,0.0,-0.9642201719715832,-0.2651027347333303,MAJOR_OCEAN
4303642605,24576,-16384,-14.745600000000001,19.06205959945077,1444.9748289436425,863.1170727901139,0.6257762317119985,0.05311551675467728,-0.9672294001536929,-0.2539040911019895,MAJOR_OCEAN
4303642605,28672,-16384,-14.745600000000001,18.89215976192789,1516.7022862309739,860.058875714702,0.6378699048940163,0.11791112075220447,-0.9711134987395104,-0.2386180474438322,MAJOR_OCEAN
4303642605,32768,-16384,-14.745600000000001,18.925350772953927,1325.5961177317456,860.6563139131706,0.6060553864534215,0.1306614362257818,-0.9723861326321575,-0.23337782470636792,MAJOR_OCEAN
4303642605,-32768,-12288,-11.0592,20.03390520168352,1229.2383813642682,880.6102936303034,0.5823432043831515,0.23837981958687054,-0.9630281273631812,-0.26940086471161234,MAJOR_OCEAN
4303642605,-28672,-12288,-11.0592,21.2016295827511,557.1688264437148,901.6293324895198,0.3816752494405615,0.3067893782539439,-0.9645767163727555,-0.2638024985316716,COASTAL_WATER
4303642605,-24576,-12288,-11.0592,18.84294220010591,659.7560626503384,895.2516200360268,0.42400565883537567,0.48209110370932656,-0.9686253798917421,-0.24852539795678477,LAND
4303642605,-20480,-12288,-11.0592,19.375270238044806,1054.2815355510706,874.3448104149808,0.5463656410760983,0.4166507041309718,-0.9713753684367943,-0.23754977077295247,LAND
4303642605,-16384,-12288,-11.0592,19.72797444401594,1193.6006766447383,875.1035399922869,0.5767010894842595,0.229956345462957,-0.97049081068043,-0.24113810645528785,MAJOR_OCEAN
4303642605,-12288,-12288,-11.0592,18.9429998052192,559.813750114144,871.0782498912891,0.3909608756191248,0.2993260587730087,-0.9666989747054291,-0.25591618218368345,LAND
4303642605,-8192,-12288,-11.0592,18.82677899527619,710.0222515559218,896.2067039551267,0.4417679566569014,0.42567315716228427,-0.9633670940711635,-0.26818620781256075,LAND
4303642605,-4096,-12288,-11.0592,19.015568901853968,1031.0309557110543,875.9220886317888,0.540385917131505,0.4965189722002381,-0.9637419144521213,-0.2668361338502717,LAND
4303642605,0,-12288,-11.0592,19.804211166438407,1292.4200036368775,876.4758009958913,0.5956138543046796,0.2332275961320168,-0.9674463152220081,-0.2530763267541217,MAJOR_OCEAN
4303642605,4096,-12288,-11.0592,19.14224382425272,571.4174785159979,874.3756490770153,0.3949545153470892,0.3045366177412795,-0.970917328026318,-0.23941499981879835,LAND
4303642605,8192,-12288,-11.0592,18.802392026942893,727.3534977699846,892.2741542718496,0.44880975395772715,0.4918833272887729,-0.9711274048017825,-0.2385614462627081,LAND
4303642605,12288,-12288,-11.0592,19.286671682618906,965.2035331988764,879.3010625105472,0.523002508605429,0.4790671478550922,-0.9679043864997577,-0.2513187191486691,LAND
4303642605,16384,-12288,-11.0592,19.90785119723156,1312.414403361719,878.3413215501681,0.5987959280519185,0.23331618839380236,-0.9640298616349446,-0.26579395379900844,MAJOR_OCEAN
4303642605,20480,-12288,-11.0592,19.144455226223215,488.52679448472526,872.4285966600249,0.35869515085520454,0.2899672868110848,-0.9631971533232695,-0.2687959148312155,LAND
4303642605,24576,-12288,-11.0592,18.948888549949743,810.1486644084969,886.271653521463,0.4772822946979275,0.4699125392296124,-0.966243062386177,-0.25763218818808825,LAND
4303642605,28672,-12288,-11.0592,21.202246720141392,1416.113780742907,901.6404409625451,0.6107218123796451,0.23625168546033548,-0.9701785048732392,-0.242391560665643,COASTAL_WATER
4303642605,32768,-12288,-11.0592,19.75269238107009,1162.2539812748741,875.5484628592617,0.5700669942881468,0.2265067579046649,-0.9714690647752308,-0.23716630491015905,MAJOR_OCEAN
4303642605,-32768,-8192,-7.372800000000001,20.703137068231733,1052.633954103436,892.6564672281712,0.5408411522588946,0.2586578586091229,-0.9647129770297371,-0.26330376364651903,MAJOR_OCEAN
4303642605,-28672,-8192,-7.372800000000001,19.640687646706766,616.0104209871394,912.5586692193609,0.40273461652129394,0.4632165435230087,-0.9662313129375727,-0.2576762501646873,LAND
4303642605,-24576,-8192,-7.372800000000001,18.655253017077534,682.6002526291965,929.262659699376,0.4232227348099236,0.709568121813412,-0.9701957422949267,-0.2423225570036685,LAND
4303642605,-20480,-8192,-7.372800000000001,19.782394893090828,885.2742505159814,910.784476707328,0.49262399559075387,0.5812238912559236,-0.9728837613441667,-0.23129458902626035,LAND
4303642605,-16384,-8192,-7.372800000000001,20.680841506830987,1005.6158851537015,892.2551471229577,0.5295861951972664,0.261405373078793,-0.97201959317417,-0.2348997881768334,MAJOR_OCEAN
4303642605,-12288,-8192,-7.372800000000001,19.586945476099228,535.4655555480714,909.4305674080879,0.3703347336275465,0.4234736336072244,-0.968310389306358,-0.24974985477747377,LAND
4303642605,-8192,-8192,-7.372800000000001,18.872149027722138,635.5514955958815,932.8629795539841,0.4049608982580537,0.7082940420977736,-0.9650454085739093,-0.26208273386550357,LAND
4303642605,-4096,-8192,-7.372800000000001,19.641400618330035,838.6084767313098,901.3772129537925,0.48168602516370573,0.5409694308978563,-0.9654129464506561,-0.2607256083039459,LAND
4303642605,0,-8192,-7.372800000000001,20.635730208074655,1242.953495615961,891.4431437453438,0.582071486254529,0.2578701368055203,-0.9690420216485673,-0.24689584905230272,MAJOR_OCEAN
4303642605,4096,-8192,-7.372800000000001,19.85723560320363,580.7440584881243,906.7902467804412,0.39014489382785494,0.4312402015870043,-0.9724363350065511,-0.2331685535380503,LAND
4303642605,8192,-8192,-7.372800000000001,18.8778050557476,705.5163249581302,933.0100544037952,0.43031715368477613,0.7271657988097979,-0.9726415587896939,-0.2323109943914715,LAND
4303642605,12288,-8192,-7.372800000000001,19.459132690401177,843.5565688588471,911.9426592675437,0.48024875579287646,0.6270106585960884,-0.9694903297015414,-0.24512955883613183,LAND
4303642605,16384,-8192,-7.372800000000001,20.75337252980947,1039.8536427493266,893.5607055365705,0.5375547610421473,0.2711471706809099,-0.9656952585087993,-0.25967800772037514,MAJOR_OCEAN
4303642605,20480,-8192,-7.372800000000001,19.618500912802784,548.9839761844445,905.173759210077,0.3772676754081263,0.45762588402335336,-0.9648787502088132,-0.2626956364226072,LAND
4303642605,24576,-8192,-7.372800000000001,19.024083413468713,689.9169034066131,933.2120170380962,0.4247919575360459,0.70350167886535,-0.9678639284633667,-0.2514744837542353,LAND
4303642605,28672,-8192,-7.372800000000001,19.813925334368133,830.7744698403942,907.7015689335367,0.4776004103085923,0.5609642154793018,-0.9717143803380734,-0.2361591900481411,LAND
4303642605,32768,-8192,-7.372800000000001,20.80072191244737,1184.8215680607987,894.4129944240526,0.5695615241800055,0.26011036190930914,-0.9729752714387389,-0.23090933538666722,MAJOR_OCEAN
4303642605,-32768,-4096,-3.6864000000000003,21.47915261911269,1316.8327084119624,906.6247471440283,0.5919792734731478,0.16551161882012447,-0.9674797295221406,-0.2529485579396842,MAJOR_OCEAN
4303642605,-28672,-4096,-3.6864000000000003,21.035626069734967,628.7793627034998,911.6648715027388,0.4079157382085169,0.284251789625587,-0.9689458558354312,-0.24727298368269776,LAND
4303642605,-24576,-4096,-3.6864000000000003,20.621960613134842,610.7897615044684,927.2739514705476,0.3968580094217214,0.37919289294731306,-0.972765074987414,-0.23179324598600948,LAND
4303642605,-20480,-4096,-3.6864000000000003,20.91955611918132,806.4077910593423,911.8737185757461,0.4690376686657321,0.2953416618024194,-0.9753464072787121,-0.22067937331909515,LAND
4303642605,-16384,-4096,-3.6864000000000003,21.5267932243501,1239.0845697161355,907.4822780383018,0.5769713622706371,0.14488505443759803,-0.9745173289847752,-0.22431222772818146,MAJOR_OCEAN
4303642605,-12288,-4096,-3.6864000000000003,21.10808453310707,608.5070868045916,902.4784080787738,0.402455637877354,0.2670861965515827,-0.9709504629308386,-0.23928058536870517,LAND
4303642605,-8192,-4096,-3.6864000000000003,20.811550439593812,614.8432713702891,925.5911114598313,0.39887735619431186,0.3654075933612686,-0.967800880330579,-0.2517170157763603,LAND
4303642605,-4096,-4096,-3.6864000000000003,21.064962350852387,841.5988079656076,906.195970624823,0.4812450370214142,0.25061496188451604,-0.9681558491458657,-0.25034826095790574,LAND
4303642605,0,-4096,-3.6864000000000003,21.490352556958825,1329.7560032869164,906.8263460252589,0.5942824869420689,0.16505986395166455,-0.9716550207403638,-0.23640330088652145,MAJOR_OCEAN
4303642605,4096,-4096,-3.6864000000000003,20.842017221898914,674.8317132999493,902.1829583036605,0.42764603234909854,0.2839471289824825,-0.974917245891472,-0.22256766086605473,LAND
4303642605,8192,-4096,-3.6864000000000003,20.535712665408475,622.2275042730332,929.5873220871607,0.40070940443783487,0.41155652052363384,-0.9751141181115774,-0.22170353325890088,LAND
4303642605,12288,-4096,-3.6864000000000003,20.839543729563932,762.3887570113294,903.9959409620983,0.4572362682336906,0.2630195290598394,-0.9720865048904777,-0.23462273336106065,LAND
4303642605,16384,-4096,-3.6864000000000003,21.550839869624863,1157.2274169070047,907.9151176532475,0.5600907960366363,0.16423680972505486,-0.9684284366224089,-0.24929172296944993,MAJOR_OCEAN
4303642605,20480,-4096,-3.6864000000000003,21.049038565435353,606.1820650951972,906.7110967658434,0.4004127109934316,0.28477180988958234,-0.9676398877007983,-0.2523351892431699,LAND
4303642605,24576,-4096,-3.6864000000000003,20.82363747457318,656.0280648578415,930.6894920571303,0.41318940009238325,0.39043579894722535,-0.9705202964109696,-0.24101940638538596,LAND
4303642605,28672,-4096,-3.6864000000000003,23.09958607816972,1168.2583657495766,935.792549407055,0.5549786740729021,0.0,-0.9742243258761006,-0.22558138857462798,COASTAL_WATER
4303642605,32768,-4096,-3.6864000000000003,21.56938260757397,1258.982749385205,908.2488869363315,0.580649561741984,0.1398992330271007,-0.9754341556500357,-0.22029118909139767,MAJOR_OCEAN
4303642605,-32768,0,0.0,22.496292045140162,1321.9084106591383,924.9332568125229,0.5880789691677889,0.12796821016910986,-0.9714650035055282,0.23718293986710792,MAJOR_OCEAN
4303642605,-28672,0,0.0,22.676898401904293,1316.2930745481335,928.1841712342773,0.5861974673849283,0.0,-0.9700504854732913,0.24290338744659729,MAJOR_OCEAN
4303642605,-24576,0,0.0,22.559322193273495,1205.8989073420169,926.0677994789229,0.5653622738159555,0.059868932132799646,-0.9660781266865841,0.2582499818736498,MAJOR_OCEAN
4303642605,-20480,0,0.0,22.647381983809552,1474.2816211276709,927.652875708572,0.6135338366770892,0.24320326391049663,-0.9631280533197615,0.26904340339151,MAJOR_OCEAN
4303642605,-16384,0,0.0,22.551104853407548,1259.2298326286004,925.9198873613359,0.576003473647906,0.1215516650262504,-0.9641010552374478,0.26553560079590016,MAJOR_OCEAN
4303642605,-12288,0,0.0,22.46175368550038,1165.0242772068605,924.3115663390068,0.5573383247500616,0.0,-0.9680199472852061,0.2508732382258951,MAJOR_OCEAN
4303642605,-8192,0,0.0,22.51385408807932,1377.7061396912395,925.2493735854277,0.5979742802116335,0.0434792059563961,-0.9711600400758358,0.2384285565109621,MAJOR_OCEAN
4303642605,-4096,0,0.0,22.67387969416816,1382.2800229536572,928.1298344950269,0.5980246292102461,0.1170644823741989,-0.9708198098707979,0.23981012648015473,MAJOR_OCEAN
4303642605,0,0,0.0,22.51767138243844,1392.6797866069203,925.318084883892,0.6005524212541038,0.13695816514496645,-0.9672781853172708,0.25371817477139347,MAJOR_OCEAN
4303642605,4096,0,0.0,22.407508685090523,1203.3090116954716,923.3351563316294,0.565559330727404,0.0,-0.9636348396588895,0.2672225585454685,MAJOR_OCEAN
4303642605,8192,0,0.0,22.672371373943157,1334.595051318066,928.1026847309768,0.5895641587058389,0.0545923511305287,-0.9634031994782906,0.26805647769638585,MAJOR_OCEAN
4303642605,12288,0,0.0,22.652155336501558,1467.0688409455229,927.738796057028,0.6123483447865646,0.16221919158544698,-0.9668163590584166,0.25547236221757313,MAJOR_OCEAN
4303642605,16384,0,0.0,22.305799654136617,1277.9704092903075,921.5043937744591,0.5807702989874649,0.21056927839702894,-0.9705562644278771,0.24087452663119976,MAJOR_OCEAN
4303642605,20480,0,0.0,22.37622196283543,1341.174107248418,922.7719953310377,0.5921439391961729,0.0,-0.9713132544655465,0.2378036200303698,MAJOR_OCEAN
4303642605,24576,0,0.0,22.357945807135028,1411.5020140070903,922.4430245284304,0.6045118795996952,0.04079933071263084,-0.9684654794241009,0.24914777776220778,MAJOR_OCEAN
4303642605,28672,0,0.0,22.69354281161412,1445.889791088338,928.4837706090541,0.6086999596203031,0.11308316317866489,-0.9644390086425004,0.26430550241845335,MAJOR_OCEAN
4303642605,32768,0,0.0,22.528359599481355,1204.6034579866975,925.5104727906644,0.5652459216703148,0.128858018699076,-0.9630235939487352,0.26941706979711155,MAJOR_OCEAN
4303642605,-32768,4096,3.6864000000000003,21.82481754059186,1121.5430364155393,912.8467157306534,0.5510212652063033,0.149381363329336,-0.9726695232543757,0.23219388134079968,MAJOR_OCEAN
4303642605,-28672,4096,3.6864000000000003,21.120692867282873,723.0048137151638,902.7053580939382,0.44445828534476634,0.26709493104208654,-0.9712808644346567,0.2379358787216971,LAND
4303642605,-24576,4096,3.6864000000000003,20.719879133879726,669.9480482425664,923.1809849795038,0.4202596115375055,0.3615996259890492,-0.967376596621664,0.2533426934187887,LAND
4303642605,-20480,4096,3.6864000000000003,21.004136329103094,774.8873739687325,910.2154261472626,0.45957303072827127,0.27534140465680224,-0.9644732431907879,0.26418055032315196,LAND
4303642605,-16384,4096,3.6864000000000003,21.577886375161455,1333.9172476724634,908.4019547529062,0.5946176746627478,0.14046446932765305,-0.9654311704715605,0.2606581191559409,MAJOR_OCEAN
4303642605,-12288,4096,3.6864000000000003,20.878559298234855,571.5478790555931,901.4040134984017,0.38776562650578894,0.2604997404790202,-0.969285925257598,0.24593656722318072,LAND
4303642605,-8192,4096,3.6864000000000003,20.504705786933762,614.0002284307185,927.3973161581487,0.3980816946868149,0.41277236472235485,-0.9723702121333537,0.2334441486860114,LAND
4303642605,-4096,4096,3.6864000000000003,20.840970663732453,914.0828176481685,902.9658745351912,0.5027823630787434,0.25118813190647843,-0.9720362372126047,0.23483090415352262,LAND
4303642605,0,4096,3.6864000000000003,21.68682487431297,1214.5755510380438,910.3628477376335,0.5713126738467657,0.13286011424109187,-0.9685567471396396,0.24879274018805356,MAJOR_OCEAN
4303642605,4096,4096,3.6864000000000003,21.106816534356465,630.9478492475904,903.4890160530617,0.4109239940152441,0.2544293300052965,-0.9649722177871148,0.26235208956480033,LAND
4303642605,8192,4096,3.6864000000000003,20.73798680526437,619.970153277339,929.9421816845863,0.39974545259681565,0.4021054864071257,-0.9647441588304974,0.26318949067627306,LAND
4303642605,12288,4096,3.6864000000000003,21.07340712532667,778.1059613169688,908.2054820858276,0.46115135670968044,0.2588146998697802,-0.9681026470985227,0.25055391571642466,LAND
4303642605,16384,4096,3.6864000000000003,21.637431510503323,1085.3231658086856,909.4737671890598,0.5438044060817843,0.1812005632023013,-0.9717775009582544,0.2358993188445651,MAJOR_OCEAN
4303642605,20480,4096,3.6864000000000003,20.943222735881154,641.1427500738934,909.1189814692677,0.4133040460142716,0.2914098504665827,-0.972520592197934,0.2328168760012464,LAND
4303642605,24576,4096,3.6864000000000003,20.7091987369825,700.7382988345524,922.6335966314056,0.43139031202798706,0.35947000354914044,-0.9697237932977086,0.24420435031404109,LAND
4303642605,28672,4096,3.6864000000000003,21.12117479201742,874.9960668367356,905.1934566058817,0.49124254062845346,0.23733827615561587,-0.9657638125089005,0.2594229335434192,LAND
4303642605,32768,4096,3.6864000000000003,21.7501220518539,1120.8617381551067,911.5021969333702,0.5512351816677299,0.1482036782902282,-0.964370383355849,0.26455578562203635,MAJOR_OCEAN
4303642605,-32768,8192,7.372800000000001,20.838373775096084,1053.4472013995385,895.0907279517295,0.5403573767605977,0.2618946710382991,-0.9751380677782288,0.2215981695992602,MAJOR_OCEAN
4303642605,-28672,8192,7.372800000000001,19.89452870193294,485.7437991576888,912.8596765737201,0.3470581543846534,0.3810532897862337,-0.9738050515207463,0.22738452373166623,LAND
4303642605,-24576,8192,7.372800000000001,18.981510229254813,672.4474493856934,934.6609269670988,0.418160529025296,0.7031460418979892,-0.9700474415224786,0.24291554333902443,LAND
4303642605,-20480,8192,7.372800000000001,19.5639172729982,877.3975465429282,910.6076629246955,0.49043878793624424,0.6068606467753935,-0.9672448412491512,0.2538452620729884,LAND
4303642605,-16384,8192,7.372800000000001,20.602537949186985,1235.6193303461914,890.8456830853657,0.5807941952254072,0.24628134847711775,-0.9681702480283587,0.2502925704704525,MAJOR_OCEAN
4303642605,-12288,8192,7.372800000000001,19.76844541126128,455.4127349604434,908.6941329538602,0.3336095844688348,0.3753928126133403,-0.9718867609634295,0.23544877120939425,LAND
4303642605,-8192,8192,7.372800000000001,18.82992038639627,691.4711111979168,933.8462243121342,0.4251760072280453,0.7188612769500018,-0.9748509165241098,0.2228580053579028,LAND
4303642605,-4096,8192,7.372800000000001,19.843242691189953,840.0184965262902,915.874390123015,0.4781273251827827,0.5937769547800003,-0.9745304002742132,0.22425543235645778,LAND
4303642605,0,8192,7.372800000000001,20.6461672047783,1135.4639483071992,891.6310096860094,0.5598672507083869,0.255535659082664,-0.9711846909953378,0.23832812669991404,MAJOR_OCEAN
4303642605,4096,8192,7.372800000000001,19.662551986187363,546.2044597543161,906.7880513025297,0.3756583721035146,0.4536643863829116,-0.9677269621895868,0.2520010449409172,LAND
4303642605,8192,8192,7.372800000000001,18.91440192322206,624.831826218128,934.7288632968637,0.4003893154660458,0.733066223946607,-0.9675066292690016,0.25284564920230446,LAND
4303642605,12288,8192,7.372800000000001,19.772113925369137,792.0751030541109,914.9243422352837,0.46374435614638376,0.6070958958124412,-0.9707472383990199,0.24010372579507483,LAND
4303642605,16384,8192,7.372800000000001,20.59282286137088,1217.8418472739174,890.6708115046758,0.5773095706280554,0.25213697771097093,-0.9742820124774172,0.22533211081191676,MAJOR_OCEAN
4303642605,20480,8192,7.372800000000001,19.823044194253296,540.9634502995237,907.0379560662282,0.37333535214180164,0.3769577398295181,-0.974995198904415,0.2222259258352641,LAND
4303642605,24576,8192,7.372800000000001,21.921724624184954,754.2909336319758,929.9127516658116,0.4475962996121073,0.4943527891847673,-0.9723081225323738,0.23370262056205196,LAND
4303642605,28672,8192,7.372800000000001,19.62636893463136,910.5656732605161,909.7764407083749,0.4999421395227612,0.5908938856766957,-0.9684914344968562,0.24904686568238868,LAND
4303642605,32768,8192,7.372800000000001,20.710539874696572,992.1698790032427,892.7897177445383,0.5260822557992109,0.2685314876096884,-0.9671454327475908,0.2542237438074489,MAJOR_OCEAN
4303642605,-32768,12288,11.0592,19.753517014120128,1251.9401684033585,875.5633062541623,0.5881785880592925,0.2410079644300274,-0.9765860529251048,0.21512712807120465,MAJOR_OCEAN
4303642605,-28672,12288,11.0592,21.202246720141392,544.9355014472789,901.6404409625451,0.3764469175552255,0.3129144732088933,-0.9752874873712888,0.22093962292218705,COASTAL_WATER
4303642605,-24576,12288,11.0592,18.508419508279413,733.1561162954137,894.829821989352,0.45006902703370627,0.446804471062664,-0.9716207749735041,0.23654401205671508,LAND
4303642605,-20480,12288,11.0592,19.092327182989322,919.4712795056838,876.6854915413172,0.5116255266756786,0.4862497122468453,-0.9688807045089063,0.2475281406836918,LAND
4303642605,-16384,12288,11.0592,19.814448929450887,1151.4683698954332,876.660080730116,0.5674694322779088,0.2302582783974421,-0.9697859206077575,0.24395751308570968,MAJOR_OCEAN
4303642605,-12288,12288,11.0592,19.29532754846977,499.59007133803215,878.2353923183191,0.36233017485275165,0.2847966671916855,-0.9734166855848443,0.22904138539795885,LAND
4303642605,-8192,12288,11.0592,18.70892890675919,693.1262862468503,888.8014631012924,0.43787613587056207,0.43567222181063336,-0.9763064287082377,0.21639259983411357,LAND
4303642605,-4096,12288,11.0592,19.093633066496558,1109.4115473240893,876.7089974444475,0.5583010805483446,0.48065969440992184,-0.9759942445417967,0.21779631452641116,LAND
4303642605,0,12288,11.0592,19.689201428531295,1223.0887875559679,874.4056257135633,0.5828410977994223,0.22479482357227465,-0.9727314200194455,0.23193444010528755,MAJOR_OCEAN
4303642605,4096,12288,11.0592,19.016856049854518,508.0029718935388,875.3270111448908,0.3669666756610562,0.2851863504197991,-0.9693523607614388,0.24567458290638314,LAND
4303642605,8192,12288,11.0592,18.697297324615256,722.8410656801382,890.9088110329006,0.4476489369062798,0.552616883080324,-0.9691368248042971,0.24652345691281632,LAND
4303642605,12288,12288,11.0592,18.83745885118262,1124.134271609399,875.8769999549116,0.5617830781785631,0.5888443435532948,-0.9723042896211034,0.23371856662319668,LAND
4303642605,16384,12288,11.0592,19.868511378595326,1117.20269904561,877.6332048147158,0.5597668109310628,0.23299900211266403,-0.9757522641106592,0.21887786339171525,MAJOR_OCEAN
4303642605,20480,12288,11.0592,19.259183561847884,505.76168732808407,881.9870125437444,0.3641851743045824,0.30652621621512793,-0.976446936466739,0.21575768877312396,LAND
4303642605,24576,12288,11.0592,18.839024996451585,689.608280222496,900.2740130003164,0.4334753634258423,0.5114854478384471,-0.9738278171171982,0.22728700492714654,LAND
4303642605,28672,12288,11.0592,19.2937567891047,1139.5897028135846,875.1160247918917,0.5653551940676088,0.4543313227864497,-0.9700999965307109,0.24270557622583513,LAND
4303642605,32768,12288,11.0592,19.800502665414154,1107.6969217215365,876.4090479774547,0.558003924540865,0.2353408560504662,-0.9687834392392801,0.24790854736315987,MAJOR_OCEAN
4303642605,-32768,16384,14.745600000000001,19.074822187773645,1450.1235053866044,863.3467993799256,0.6265466022182922,0.1342399145271107,-0.9757702654955367,0.21879759819241587,MAJOR_OCEAN
4303642605,-28672,16384,14.745600000000001,18.90129909413404,1304.3452834522866,860.2233836944126,0.6023107478604501,0.0,-0.974452116235551,0.22459535427977179,MAJOR_OCEAN
4303642605,-24576,16384,14.745600000000001,19.190706155829975,1381.9280120482006,865.4327108049396,0.6146380329463113,0.049628073053765986,-0.9707337237396114,0.24015835941026015,MAJOR_OCEAN
4303642605,-20480,16384,14.745600000000001,18.869773991499148,1505.0311147476507,859.6559318469847,0.6361919751448597,0.10828202213280222,-0.9679580940441017,0.25111178422071323,MAJOR_OCEAN
4303642605,-16384,16384,14.745600000000001,18.96885406734502,1434.0900450170966,861.4393732122104,0.6244596884471104,0.11582670594577367,-0.9688747928166817,0.24755127922196682,MAJOR_OCEAN
4303642605,-12288,16384,14.745600000000001,18.88419054529479,1254.9080192429317,859.9154298153062,0.5931062063810175,0.0,-0.9725543161907467,0.23267595934850896,MAJOR_OCEAN
4303642605,-8192,16384,14.745600000000001,19.0816462613396,1316.3859479275661,863.4696327041128,0.6036098674384841,0.04668762058916215,-0.9754863626431416,0.22005989252304317,MAJOR_OCEAN
4303642605,-4096,16384,14.745600000000001,19.15013852115674,1522.8360631362941,864.7024933808214,0.6375597576104617,0.1049310490407826,-0.9751694421246854,0.2214600621923284,MAJOR_OCEAN
4303642605,0,16384,14.745600000000001,19.00448736096322,1437.756362129933,862.080772497338,0.6248840217727298,0.12461961692945621,-0.9718594961613385,0.2355612865498687,MAJOR_OCEAN
4303642605,4096,16384,14.745600000000001,19.1176326073483,1213.0466604137553,864.1173869322694,0.5837107335019626,0.0,-0.9684357017712668,0.2492634981997843,MAJOR_OCEAN
4303642605,8192,16384,14.745600000000001,19.173433321173867,1285.1275336776418,865.1217997811295,0.59738660400253,0.044881240764904615,-0.9682174377092034,0.2501099624481696,MAJOR_OCEAN
4303642605,12288,16384,14.745600000000001,18.993301844318424,1380.7433021863,861.8794331977316,0.6154079651675324,0.12058986015187964,-0.971426496657752,0.23734060249195985,MAJOR_OCEAN
4303642605,16384,16384,14.745600000000001,19.134996287509118,1411.578928139842,864.4299331751641,0.6199268488242222,0.13535556347516411,-0.9749238193710674,0.2225388649717851,MAJOR_OCEAN
4303642605,20480,16384,14.745600000000001,18.8407375107477,1317.2372644811228,859.1332751934586,0.6049669729976187,0.0,-0.9756290160415011,0.21942657782933328,MAJOR_OCEAN
4303642605,24576,16384,14.745600000000001,19.200833316807824,1344.0691295926247,865.6149997025409,0.607987867548113,0.06773017351668041,-0.9729712639876873,0.23092622080266714,MAJOR_OCEAN
4303642605,28672,16384,14.745600000000001,18.976819867114774,1510.795874366579,861.582757608066,0.6365591456891144,0.11593644957175195,-0.9691929124269185,0.2463028593042058,MAJOR_OCEAN
4303642605,32768,16384,14.745600000000001,18.922436932654495,1300.8270817696805,860.6038647877809,0.6015577440012899,0.12569483220981276,-0.9678596098533505,0.25149110444411393,MAJOR_OCEAN
4303642605,-32768,20480,18.432000000000002,18.12770743813751,1324.242292426894,846.2987338864752,0.609816842684784,0.17252823842678366,-0.9733816774813626,0.22919011746488674,MAJOR_OCEAN
4303642605,-28672,20480,18.432000000000002,17.63045259690806,626.570273532177,849.489118967752,0.4242011368762256,0.28927564530382166,-0.9720086939711559,0.23494488469529992,LAND
4303642605,-24576,20480,18.432000000000002,17.093057271935923,610.3135572978603,865.4496426171033,0.41327787510753516,0.3921640447654395,-0.9681457221960231,0.25038742099702355,LAND
4303642605,-20480,20480,18.432000000000002,19.184383436112824,985.3472064044621,865.3189018500309,0.5321408660081367,0.0,-0.9652707217839378,0.26125166729939864,COASTAL_WATER
4303642605,-16384,20480,18.432000000000002,18.18620540034518,1141.2276859247252,847.3516972062132,0.5736024888480756,0.0,-0.9662194990213726,0.2577205457678682,MAJOR_OCEAN
4303642605,-12288,20480,18.432000000000002,17.48081354415824,650.1377208509731,838.2209622294938,0.4365219260052801,0.25920958252928533,-0.970035341182971,0.24296385915612434,LAND
4303642605,-8192,20480,18.432000000000002,16.927550607253984,704.8705700386473,855.6791144777143,0.451391702119909,0.37281035134386387,-0.9730857923101058,0.23044314006759561,LAND
4303642605,-4096,20480,18.432000000000002,17.611786057762316,1158.1748402868127,839.5450355225681,0.5794583094430931,0.0,-0.9727556090460123,0.23183296803845996,LAND
4303642605,0,20480,18.432000000000002,18.11186539397209,1202.6641108226709,846.0135770914976,0.58675767312789,0.1470314902489956,-0.9693137955988639,0.24582669843148433,MAJOR_OCEAN
4303642605,4096,20480,18.432000000000002,17.375887402306564,723.8178401232908,838.3559193716925,0.4630437503999144,0.31801574813459027,-0.9657649545865533,0.25941868184930816,LAND
4303642605,8192,20480,18.432000000000002,16.843963349393587,713.9122540261596,862.1237572490273,0.4526924235857444,0.43391517875508917,-0.9655390694091295,0.26025815154294846,LAND
4303642605,12288,20480,18.432000000000002,17.39329403521504,816.1246359872732,841.9634464638182,0.4919115775827604,0.25470353158382736,-0.9688643822955868,0.24759202070945466,LAND
4303642605,16384,20480,18.432000000000002,18.387716666109974,1090.6617525149277,850.9788999899795,0.5614325794678451,0.17096275671470923,-0.972499788061801,0.23290376171232613,MAJOR_OCEAN
4303642605,20480,20480,18.432000000000002,17.541457300051665,608.4553641318638,845.8504847982734,0.41809449510504443,0.2973037365943827,-0.9732344544223053,0.2298144832801401,LAND
4303642605,24576,20480,18.432000000000002,16.948302296067563,663.9839743160277,865.1037747902052,0.4339515656562046,0.4088218890740041,-0.9704685611991629,0.24122763466076313,LAND
4303642605,28672,20480,18.432000000000002,17.61554859052664,831.2120646582025,850.7217230278969,0.49390657596877485,0.29793182874950297,-0.9665489175328721,0.2564823386044998,LAND
4303642605,32768,20480,18.432000000000002,18.37390389578393,1292.8475120196877,850.7302701241108,0.6028447756869466,0.24151733538118408,-0.9651688329345958,0.2616278347799989,MAJOR_OCEAN
4303642605,-32768,24576,22.1184,17.291378266906037,1058.0286497529853,831.2448088043086,0.5597225337758804,0.263389225806058,-0.9715781752475928,0.23671892485088264,MAJOR_OCEAN
4303642605,-28672,24576,22.1184,16.091661374236708,531.7975772977287,844.8571373722714,0.38601659155582696,0.4289379319123015,-0.9701660529015903,0.24244139456237393,LAND
4303642605,-24576,24576,22.1184,14.84356350094464,650.7766288997371,860.6522484089838,0.43028577321120465,0.7332783685580482,-0.9662000004905639,0.2577936365623373,LAND
4303642605,-20480,24576,22.1184,16.12587199991171,791.5259393742658,846.3443564325313,0.48297045922392945,0.5949838584785505,-0.9632542525980735,0.26859122258876383,LAND
4303642605,-16384,24576,22.1184,17.434036262196134,1227.2416658350032,833.8126527195304,0.595154868032419,0.25783435293353996,-0.964225859005209,0.26508204923318907,MAJOR_OCEAN
4303642605,-12288,24576,22.1184,16.280668112806286,553.1607426251713,838.9617865706354,0.39706539161669335,0.3974566381904203,-0.9681388121164761,0.25041413792695205,LAND
4303642605,-8192,24576,22.1184,15.077330726887583,615.458241942944,862.3831567302313,0.4161759621384258,0.7062458368189601,-0.9712737354986096,0.23796497794964883,LAND
4303642605,-4096,24576,22.1184,16.116810126687415,941.8464120518387,847.8771940026303,0.5259585615934469,0.5938964620347907,-0.9709340848189493,0.2393470345268338,LAND
4303642605,0,24576,22.1184,17.33643358987258,1145.6806085607714,832.0558046177064,0.5789960708917492,0.2572414153390914,-0.9673982155701703,0.25326012815216387,MAJOR_OCEAN
4303642605,4096,24576,22.1184,16.293499569700934,527.2523269955673,844.2661958017594,0.38414951655513957,0.40302619638702364,-0.9637603157950536,0.26676966412734904,LAND
4303642605,8192,24576,22.1184,15.11369289654562,727.8367054371788,863.8092334408279,0.4569984374241572,0.7136900225740946,-0.9635290071372361,0.26760390954754754,LAND
4303642605,12288,24576,22.1184,16.198280649313748,796.0208272562307,848.1231812278319,0.4838608797473806,0.6043756310074985,-0.9669371048099414,0.25501497081890745,LAND
4303642605,16384,24576,22.1184,17.318466856057803,1226.3177646747858,831.7324034090404,0.5955744953101411,0.2505997873020253,-0.9706709849121609,0.24041181137717738,MAJOR_OCEAN
4303642605,20480,24576,22.1184,16.340316927285052,497.3757274627326,841.5561288095166,0.37119479258180654,0.3819623414950311,-0.9714266872931335,0.2373398222268834,LAND
4303642605,24576,24576,22.1184,18.484744081273952,738.3801190839702,865.7489957104406,0.4600129125304315,0.4539968527583753,-0.9685836344194189,0.24868804381165874,LAND
4303642605,28672,24576,22.1184,16.586924090794007,857.3852728040587,850.6053764139191,0.5016910263355696,0.6229598238257693,-0.9645633206855415,0.26385147410632603,LAND
4303642605,32768,24576,22.1184,17.277815889282575,1115.3196421387995,831.0006860070864,0.5727458528616787,0.3700012206652645,-0.9631499412932917,0.268965035993024,MAJOR_OCEAN
4303642605,-32768,28672,25.804799999999997,16.750111621867045,1067.0583836085589,821.5020091936068,0.5647125054447935,0.23404972820753453,-0.972108052550446,0.2345334393355868,MAJOR_OCEAN
4303642605,-28672,28672,25.804799999999997,15.917839580032767,494.0001633597688,821.6672185576045,0.37518979367468636,0.30885564074178523,-0.9707072397336586,0.24026538395836716,LAND
4303642605,-24576,28672,25.804799999999997,15.417521373922023,682.4571612655752,830.4393747085908,0.45079511383281284,0.46831347411165386,-0.9667709633857052,0.25564409704562985,LAND
4303642605,-20480,28672,25.804799999999997,16.19513159533312,1128.61139435367,815.0786871506416,0.5803554021732011,0.42149317363765887,-0.9638456429456569,0.26646121026271985,LAND
4303642605,-16384,28672,25.804799999999997,16.60780141976908,1088.375247023993,818.9404255558434,0.5703329185326175,0.2328735190265089,-0.9648106585229866,0.2629456088251728,MAJOR_OCEAN
4303642605,-12288,28672,25.804799999999997,16.0777106479543,531.612313405831,818.282945493125,0.3935259302331998,0.2899701764815028,-0.9686955669836933,0.24825168379316365,LAND
4303642605,-8192,28672,25.804799999999997,15.560842172645302,674.2952502204093,833.926256894493,0.4467834887334884,0.4536657593026963,-0.9718060849006787,0.23578153733915413,LAND
4303642605,-4096,28672,25.804799999999997,15.839978994320072,1016.0260497001962,812.5590219540738,0.5553314057058457,0.4464631028165119,-0.9714691699983202,0.23716587390005084,LAND
4303642605,0,28672,25.804799999999997,16.752988126732966,1151.9886500816024,821.5537862811934,0.5834205580324837,0.22464563237705445,-0.9679604732239633,0.25110261304104564,MAJOR_OCEAN
4303642605,4096,28672,25.804799999999997,16.146822093171437,488.1632282189635,817.6694459865658,0.37354684945854716,0.28015427309842983,-0.9643482907800713,0.2646363052749095,LAND
4303642605,8192,28672,25.804799999999997,15.663280333574788,638.3617092045038,827.4033189832974,0.4352174321971695,0.40860318384450034,-0.9641185478740217,0.2654720807265571,LAND
4303642605,12288,28672,25.804799999999997,16.04388670475644,1037.7674155737286,817.6741145155634,0.5590089419750341,0.5189377610874593,-0.9675027409691248,0.2528605272027064,LAND
4303642605,16384,28672,25.804799999999997,16.87754001848188,1304.8793523330032,823.7957203326739,0.6127128823927626,0.2946529792821722,-0.9712081733835844,0.2382324158315179,MAJOR_OCEAN
4303642605,20480,28672,25.804799999999997,16.141850595476697,556.8228204598335,817.5799590280606,0.40484346023145035,0.36975444065623314,-0.9719577970762773,0.23515535439923563,LAND
4303642605,24576,28672,25.804799999999997,15.52981147487928,699.5986574635969,832.3987220989841,0.45635998260037297,0.45897987783915917,-0.9691370377686042,0.24652261970272663,LAND
4303642605,28672,28672,25.804799999999997,16.186649688258317,1064.5310605107,818.3863426981297,0.5650624909019423,0.4351184608065617,-0.9651457979382791,0.2617127981625707,LAND
4303642605,32768,28672,25.804799999999997,16.675296760453772,1224.039012502263,820.1553416881679,0.5984952041327075,0.23558790856318632,-0.9637420309629531,0.2668357130434425,MAJOR_OCEAN
4303642605,-32768,32768,29.491200000000003,16.00251696597601,1153.2096421277267,808.0453053875682,0.5876961317325143,0.0,-0.9744478584532221,0.2246138267247349,MAJOR_OCEAN
4303642605,-28672,32768,29.491200000000003,15.967958967795703,1165.4326777181147,807.4232614203227,0.5904345168304487,0.0,-0.9730989073904672,0.2303877523556294,MAJOR_OCEAN
4303642605,-24576,32768,29.491200000000003,15.89783272456523,1224.9037678866894,806.1609890421742,0.6027877624027754,0.042570076647772376,-0.969299278155187,0.24588393474937184,MAJOR_OCEAN
4303642605,-20480,32768,29.491200000000003,16.12052696414527,1478.728048574897,810.1694853546148,0.645761666915012,0.1102212235203493,-0.9664677936574608,0.25678785762352496,MAJOR_OCEAN
4303642605,-16384,32768,29.491200000000003,16.247906775213657,1283.295581831082,812.4623219538458,0.6120380323901783,0.12258560049611145,-0.9674025250960271,0.2532436661356623,MAJOR_OCEAN
4303642605,-12288,32768,29.491200000000003,16.17119280312576,1326.053390001586,811.0814704562637,0.620191651389862,0.0,-0.9711586596961304,0.2384341789618586,MAJOR_OCEAN
4303642605,-8192,32768,29.491200000000003,15.931869579808833,1291.3349094447879,806.773652436559,0.6151825269520201,0.057672587739461004,-0.9741572252228475,0.22587098208074938,MAJOR_OCEAN
4303642605,-4096,32768,29.491200000000003,16.137374323653955,1375.336151329885,810.4727378257712,0.6289237976624985,0.09475367207901067,-0.9738328548621524,0.22726541925913413,MAJOR_OCEAN
4303642605,0,32768,29.491200000000003,15.886263413435179,1486.919848073725,805.9527414418333,0.6482137913282039,0.23016915599898727,-0.9704488223095016,0.24130703114103705,MAJOR_OCEAN
4303642605,4096,32768,29.491200000000003,16.123491281004387,1142.662658865787,810.222843058079,0.5848155676167719,0.0,-0.9669547472663663,0.2549480667489709,MAJOR_OCEAN
4303642605,8192,32768,29.491200000000003,16.111639018065247,1188.211665730971,810.0095023251745,0.5943372772939756,0.024159357252593557,-0.9667321990098744,0.2557906475959052,MAJOR_OCEAN
4303642605,12288,32768,29.491200000000003,16.042304187911373,1451.715228505825,808.7614753824048,0.6419324267235846,0.11116452817615269,-0.9700065991504799,0.24307858318766012,MAJOR_OCEAN
4303642605,16384,32768,29.491200000000003,16.27188459180056,1620.1853767710334,812.8939226524101,0.6656255517865848,0.2571349195362609,-0.9735815034555947,0.22833978218686274,MAJOR_OCEAN
4303642605,20480,32768,29.491200000000003,16.243018332269042,1121.8765707957466,812.3743299808427,0.5797060062576657,0.0,-0.9743032536979929,0.22524024914189844,MAJOR_OCEAN
4303642605,24576,32768,29.491200000000003,16.26627482192787,1381.4666074320075,812.7929467947017,0.629295339939261,0.06145640195288248,-0.9715847504509553,0.23669193626136684,MAJOR_OCEAN
4303642605,28672,32768,29.491200000000003,15.924480155437589,1269.9322558720935,806.6406427978766,0.6112576154054976,0.11490568707783759,-0.9677269958771486,0.2520009155749026,MAJOR_OCEAN
4303642605,32768,32768,29.491200000000003,16.219362610664852,1447.7830619498168,811.9485269919674,0.6404046676887915,0.1341958592315766,-0.9663673954591774,0.25716542729038405,MAJOR_OCEAN
42,-32768,-32768,-29.491200000000003,16.157334240055835,1152.762515333028,810.8320163210051,0.5867686674066497,0.0,-0.9746035393619554,-0.22393735968602796,MAJOR_OCEAN
42,-28672,-32768,-29.491200000000003,16.028447693489973,1136.929749839023,808.5120584828195,0.58410672488547,0.0,-0.9708170775591911,-0.23982118738641803,MAJOR_OCEAN
42,-24576,-32768,-29.491200000000003,16.190112866263675,1451.5891089303348,811.4220315927462,0.6411581122321497,0.05270426039915392,-0.968627397839181,-0.2485175328931482,MAJOR_OCEAN
42,-20480,-32768,-29.491200000000003,15.973179512962924,1374.6553572727303,807.5172312333326,0.6296594985252183,0.11268370515577265,-0.9702304765521151,-0.24218344776110454,MAJOR_OCEAN
42,-16384,-32768,-29.491200000000003,16.25198042493037,1337.932238942126,812.5356476487466,0.6218694907234513,0.12635611363625948,-0.9740065182022033,-0.22651998256140876,MAJOR_OCEAN
42,-12288,-32768,-29.491200000000003,16.049929046999704,1267.7260210023856,808.8987228459946,0.610180459563732,0.0,-0.9764197630722181,-0.21588062970538485,MAJOR_OCEAN
42,-8192,-32768,-29.491200000000003,15.974596141005998,1330.1398441881952,807.5427305381079,0.6219435553022259,0.06545854114963778,-0.9754533417864779,-0.22020621698215667,MAJOR_OCEAN
42,-4096,-32768,-29.491200000000003,16.216538229964595,1379.9744721744657,811.8976881393627,0.6293000098906694,0.10188456719489639,-0.9718894845520876,-0.2354375284806516,MAJOR_OCEAN
42,0,-32768,-29.491200000000003,16.242809839477598,1467.855113653271,812.3705771105967,0.6434501941637174,0.19139667698269808,-0.9688935079560225,-0.247478019712202,MAJOR_OCEAN
42,4096,-32768,-29.491200000000003,16.151578073078305,1346.253996527425,810.7284053154094,0.6238484592727798,0.0,-0.9694169956945334,-0.245419413369409,MAJOR_OCEAN
42,8192,-32768,-29.491200000000003,15.986410567522679,1295.0639583611026,807.7553902154082,0.6155775491072324,0.06364676775206982,-0.9729273682954708,-0.23111109021777684,MAJOR_OCEAN
42,12288,-32768,-29.491200000000003,15.954049973450088,1327.6292052634963,807.1728995221016,0.6216068437655042,0.09698581083799995,-0.9760416798002463,-0.21758363746548928,MAJOR_OCEAN
42,16384,-32768,-29.491200000000003,16.05834623209488,1295.988812147838,809.0502321777078,0.6153678943606079,0.0,-0.9760781052685249,-0.21742017481228926,MAJOR_OCEAN
42,20480,-32768,-29.491200000000003,16.161966681373507,1239.3538476562303,810.9154002647231,0.6041887718603332,0.0,-0.973007329510891,-0.23077421155338068,MAJOR_OCEAN
42,24576,-32768,-29.491200000000003,16.018184246661338,1205.5053323861723,808.327316439904,0.5983153653424015,0.04997237275177541,-0.9694675883904794,-0.24521948344360397,MAJOR_OCEAN
42,28672,-32768,-29.491200000000003,15.992774978566144,1523.193313307132,807.8699496141905,0.6531526556441108,0.10919017205736871,-0.9688636207887615,-0.24759500057975883,MAJOR_OCEAN
42,32768,-32768,-29.491200000000003,16.102445659286523,1457.988393734933,809.8440218671574,0.6426161684348203,0.11486225563978608,-0.9718097263634043,-0.2357665280430729,MAJOR_OCEAN
42,-32768,-28672,-25.804799999999997,16.58094162855491,1135.2648869649015,818.4569493139884,0.580780787268459,0.22519354483020995,-0.9727760090488302,-0.23174735428701262,MAJOR_OCEAN
42,-28672,-28672,-25.804799999999997,15.856568826568383,584.7334011387043,814.3023927081784,0.41765603687319336,0.360478602533947,-0.9688779080665261,-0.2475390863290731,LAND
42,-24576,-28672,-25.804799999999997,15.582192000756434,844.728111447763,831.4626595607584,0.50365654644034,0.567460267011991,-0.9666284161568152,-0.25618256201031125,LAND
42,-20480,-28672,-25.804799999999997,17.815185332500818,1310.9008429546805,840.6733359850148,0.6089921805158871,0.18473467440681746,-0.9682749658201146,-0.24988715566442335,COASTAL_WATER
42,-16384,-28672,-25.804799999999997,16.958534260823917,1254.175035049377,825.2536166948305,0.6028445311007858,0.22778276754666799,-0.9721606317402158,-0.23431539875659999,MAJOR_OCEAN
42,-12288,-28672,-25.804799999999997,15.994999071946879,552.5960263722001,815.7383858830509,0.4035508210606434,0.3059804785789269,-0.974649989026166,-0.2237351087587611,LAND
42,-8192,-28672,-25.804799999999997,15.439975423079956,603.3975881088038,837.9538910764282,0.4183429606559257,0.4452715153479838,-0.9736524670141408,-0.22803700023741222,LAND
42,-4096,-28672,-25.804799999999997,15.86121454552442,1103.4949616948095,820.1057086363479,0.5733630766661513,0.47764996893371586,-0.9699808220678718,-0.2431814236748676,LAND
42,0,-28672,-25.804799999999997,16.892482613890714,1212.5684336368713,824.0646870500328,0.5950867314269528,0.22444053712728568,-0.9669016255622103,-0.2551494591120182,MAJOR_OCEAN
42,4096,-28672,-25.804799999999997,15.78024219463482,621.3379239518727,812.9285133333742,0.43290772208615863,0.37998550535007264,-0.9674392130467038,-0.2531034750049365,LAND
42,8192,-28672,-25.804799999999997,15.347926604209778,671.0015720306367,829.6752620127252,0.44683486940656975,0.47285964559042365,-0.9710490436849317,-0.23888021006056492,LAND
42,12288,-28672,-25.804799999999997,16.16919147256188,1126.769734563383,816.6353926362882,0.5794932953021754,0.41639542301129423,-0.9742596360308119,-0.2254288393287558,LAND
42,16384,-28672,-25.804799999999997,16.957946291366707,1231.852468920202,825.2430332446007,0.5985399937099521,0.2126326345164679,-0.9742972377907612,-0.22526627007453434,MAJOR_OCEAN
42,20480,-28672,-25.804799999999997,17.88237916773838,498.8721031404055,841.8828250192909,0.3718056797634728,0.2855642317181016,-0.9711313765945984,-0.23854527744954487,COASTAL_WATER
42,24576,-28672,-25.804799999999997,15.257286310746464,730.6109372744406,827.7396866387977,0.46853538009363793,0.49357564618349,-0.9674911779607831,-0.252904765807322,LAND
42,28672,-28672,-25.804799999999997,16.03358684345116,1007.6463578708374,814.1945093122953,0.5527889877891374,0.43254965799504264,-0.9668709387922416,-0.255265719827417,LAND
42,32768,-28672,-25.804799999999997,16.72044873064619,1086.0324665681615,820.9680771516314,0.5691992437543326,0.2312558236387803,-0.9698987661258993,-0.24350848746493006,MAJOR_OCEAN
42,-32768,-24576,-22.1184,17.297249078286196,1208.4101702214161,831.3504834091516,0.592137136744391,0.2797186734571657,-0.970286992739306,-0.24195692120894977,MAJOR_OCEAN
42,-28672,-24576,-22.1184,16.29866085621782,624.2696336130488,844.6286092391625,0.4247026191430144,0.4790158848006546,-0.9662452454041436,-0.2576240006945906,LAND
42,-24576,-24576,-22.1184,15.319467494408226,656.7628617426187,868.7441577398603,0.43023900536354986,0.6916847727713807,-0.9639188949673517,-0.2661961005065994,LAND
42,-20480,-24576,-22.1184,16.133216334907114,827.8118521575543,845.3817481980277,0.49445407746256786,0.5954074581159278,-0.9656212974735838,-0.25995289932107435,LAND
42,-16384,-24576,-22.1184,17.4766585377807,962.9963298639399,834.5798536800526,0.5354214843245673,0.2646650121446213,-0.9696479799765944,-0.2445052042949393,MAJOR_OCEAN
42,-12288,-24576,-22.1184,16.081038908649717,540.7019926374761,847.3813122296804,0.3892509475442767,0.5087365632745511,-0.9722353812689762,-0.23400504996424434,LAND
42,-8192,-24576,-22.1184,18.367115339770994,868.1629595678229,859.4922299458254,0.5022186985780998,0.5839711397997751,-0.971197783829239,-0.2382747672020156,LAND
42,-4096,-24576,-22.1184,16.258794972767717,968.6741997060378,843.5054172793616,0.5342406183213994,0.5653746775959659,-0.9673873886339787,-0.2533014810693604,LAND
42,0,-24576,-22.1184,17.44288565138642,1241.4778744297805,833.9719417249555,0.5978848440116917,0.2650725859141389,-0.9642012231069688,-0.2651716450886585,MAJOR_OCEAN
42,4096,-24576,-22.1184,16.286768986126102,531.4961926359625,843.3850023199386,0.3862951209628224,0.4501443575517367,-0.9647569242021505,-0.2631426936169918,LAND
42,8192,-24576,-22.1184,15.025051900719536,626.1182742712907,864.4164884985615,0.41978121455819023,0.7040463517081672,-0.9684946401952684,-0.24903439905570765,LAND
42,12288,-24576,-22.1184,16.20067043036854,790.3770113776542,852.002292940466,0.48094618771264236,0.6159488528610345,-0.9718292157477264,-0.23568617994943847,LAND
42,16384,-24576,-22.1184,17.642940075828776,1276.3514829673552,837.572921364918,0.6034974490590961,0.3957629561221114,-0.9718683333252631,-0.23552482391369128,MAJOR_OCEAN
42,20480,-24576,-22.1184,16.16567072229596,687.4872482515601,849.9144899612701,0.4468840818200179,0.5698152058383749,-0.9685800250673301,-0.24870210099749895,LAND
42,24576,-24576,-22.1184,18.237818696294337,847.6600888007664,860.421708756705,0.4959739726982038,0.46635294810078637,-0.9648106521907195,-0.2629456320597824,LAND
42,28672,-24576,-22.1184,16.185054454391835,994.0284570997843,840.3947576525413,0.5415799740954675,0.5442725239478692,-0.9641695092291556,-0.2652869342293536,LAND
42,32768,-24576,-22.1184,17.369167243872635,1102.8807136563723,832.6450103897074,0.5695151373213203,0.27870678778492347,-0.9673023773478954,-0.2536259268629884,MAJOR_OCEAN
42,-32768,-20480,-18.432000000000002,18.117435618046297,1134.9098185851499,846.1138411248334,0.5726015494442754,0.1697410369009768,-0.9694688737314284,-0.24521440183218368,MAJOR_OCEAN
42,-28672,-20480,-18.432000000000002,17.25976741644539,569.1605981650355,844.7119519984392,0.4022698709500545,0.30190177993263717,-0.9653818566994845,-0.2608406999596802,LAND
42,-24576,-20480,-18.432000000000002,17.08944625562824,640.3649494840807,867.5545267111165,0.4243864298834471,0.4053725470372733,-0.9630313089726564,-0.2693894911432367,LAND
42,-20480,-20480,-18.432000000000002,17.592275204579522,851.1543298831458,845.545107512379,0.5013574906927688,0.2579337309669085,-0.9647512938369562,-0.2631633352880279,LAND
42,-16384,-20480,-18.432000000000002,18.18766245603072,1174.5603075263405,847.3779242085529,0.5806209448713741,0.0,-0.9688224083579623,-0.2477562129664518,MAJOR_OCEAN
42,-12288,-20480,-18.432000000000002,17.748098256160283,654.885212209964,841.9986550937316,0.4372069333978521,0.2465101811698075,-0.9714407342993876,-0.2372823207570816,LAND
42,-8192,-20480,-18.432000000000002,17.173407704992567,696.4369731216341,858.481344612642,0.44760509930610215,0.35606921910529205,-0.9703904932856442,-0.24154148823927565,LAND
42,-4096,-20480,-18.432000000000002,17.471452356509758,785.9090766583226,843.3702962471232,0.48207018362607007,0.259372796251062,-0.9665363570951746,-0.2565296677056849,LAND
42,0,-20480,-18.432000000000002,18.393472341384577,1237.9365696484108,851.0825021449224,0.5923087431858715,0.17150549677972513,-0.9633165070338371,-0.2683678581278453,MAJOR_OCEAN
42,4096,-20480,-18.432000000000002,17.220117834710717,655.0308615589804,845.2838294552753,0.4363048370068608,0.292147177772029,-0.9638779097312835,-0.2663444670573272,LAND
42,8192,-20480,-18.432000000000002,16.81404328576609,584.1794425270305,862.6871126047787,0.4034760250911719,0.5550853208627861,-0.9676559074155154,-0.25227374981130213,LAND
42,12288,-20480,-18.432000000000002,17.308597101922267,804.002308569103,841.9388870882931,0.48817912302459343,0.2707832776372171,-0.9710295795008843,-0.23895931815758037,LAND
42,16384,-20480,-18.432000000000002,18.13411585038268,1186.703015868795,846.4140853068882,0.5833995570770739,0.15547825674381424,-0.9710691753307326,-0.2387983599660829,MAJOR_OCEAN
42,20480,-20480,-18.432000000000002,17.58884245916974,666.5791664803223,843.6258125745354,0.441091166134998,0.2643038936712359,-0.96774225417551,-0.2519423138008036,LAND
42,24576,-20480,-18.432000000000002,17.276735396762398,712.4199848624447,862.2339509689649,0.4521424207825998,0.36533395413725467,-0.9639321927333303,-0.2661479434681277,LAND
42,28672,-20480,-18.432000000000002,17.598749032289522,903.5613690586869,847.1616218349038,0.5158129303296758,0.25934152250476294,-0.9632844698838423,-0.2684828301411559,LAND
42,32768,-20480,-18.432000000000002,18.383404915445396,1265.0388962754434,850.9012884780171,0.5975789516333312,0.16618781862638202,-0.9664504147245491,-0.25685325748128446,MAJOR_OCEAN
42,-32768,-16384,-14.745600000000001,19.067193184336627,1293.8221200410662,863.2094773180593,0.5995380798058615,0.11215932138166752,-0.9711256734507074,-0.23856849407436417,MAJOR_OCEAN
42,-28672,-16384,-14.745600000000001,18.994364333167475,1134.4619183939008,861.8985579970146,0.5679805582434427,0.0,-0.9671313068103137,-0.2542774771531581,MAJOR_OCEAN
42,-24576,-16384,-14.745600000000001,19.107835367015234,1376.648436889089,863.9410366062742,0.614139410077818,0.03474966283106015,-0.9648302946772158,-0.26287354844692334,MAJOR_OCEAN
42,-20480,-16384,-14.745600000000001,18.883838018565765,1489.764050658196,859.9090843341837,0.6337606145581893,0.11739413425549693,-0.9665142848371332,-0.2566128157473141,MAJOR_OCEAN
42,-16384,-16384,-14.745600000000001,19.105727656522937,1534.363959719286,863.9030978174128,0.6395136193361487,0.22938441339997903,-0.9704944587683448,-0.2411234237894307,MAJOR_OCEAN
42,-12288,-16384,-14.745600000000001,19.20200828838863,1160.4052984207365,865.6361491909954,0.5724625413002435,0.0,-0.9730495070175033,-0.23059630719721833,MAJOR_OCEAN
42,-8192,-16384,-14.745600000000001,19.141753509440942,1278.2521625569186,864.551563169937,0.5962542872825393,0.055105438894466556,-0.9720251355251954,-0.23487685264245495,MAJOR_OCEAN
42,-4096,-16384,-14.745600000000001,19.045259257004368,1516.1168300824138,862.8146666260786,0.637042214105424,0.11936996416566939,-0.9682605136343562,-0.2499431490089951,MAJOR_OCEAN
42,0,-16384,-14.745600000000001,19.147665848351885,1226.7213495341248,864.6579852703339,0.5862805702240252,0.0,-0.9651096170883059,-0.26184618959164485,MAJOR_OCEAN
42,4096,-16384,-14.745600000000001,18.903024078620742,1198.9539750059803,860.2544334151734,0.5819576165718118,0.0,-0.9656593471609445,-0.25981151868363805,MAJOR_OCEAN
42,8192,-16384,-14.745600000000001,19.213330015110795,1441.2295905055369,865.8399402719942,0.624430751018156,0.05980548084707352,-0.9693548921978383,-0.2456645944618746,MAJOR_OCEAN
42,12288,-16384,-14.745600000000001,19.152159077264788,1413.161784257035,864.7388633907663,0.6201067983001582,0.10676762388765833,-0.9726485603179251,-0.23228167838094232,MAJOR_OCEAN
42,16384,-16384,-14.745600000000001,19.01449066962395,1128.6106353026178,862.2608320532311,0.5666081641305979,0.0,-0.9726871776249698,-0.23211991401853121,MAJOR_OCEAN
42,20480,-16384,-14.745600000000001,18.860099879077044,1258.227378039666,859.4817978233868,0.5938650723628122,0.0,-0.9694392703646697,-0.24533141069748246,MAJOR_OCEAN
42,24576,-16384,-14.745600000000001,19.173279779294496,1276.2082505180917,865.1190360273009,0.5957111495209678,0.033091921523117095,-0.9657124939368956,-0.2596139038152258,MAJOR_OCEAN
42,28672,-16384,-14.745600000000001,19.03123228747816,1322.2031763437371,862.5621811746068,0.6049154232387182,0.10525429884356935,-0.9650782417736786,-0.2619618049545106,MAJOR_OCEAN
42,32768,-16384,-14.745600000000001,19.091916046305847,1324.855787521806,863.6544888335052,0.6050922901933938,0.09218194652796753,-0.968176476997305,-0.2502684746209296,MAJOR_OCEAN
42,-32768,-12288,-11.0592,19.705825213931682,1089.3670863617574,874.7048538507703,0.5543649899371824,0.23777096180959775,-0.9736476945610936,-0.22805737628032868,MAJOR_OCEAN
42,-28672,-12288,-11.0592,19.070861729013387,491.63104758689855,875.4164833456479,0.3593669346062649,0.3032911860914624,-0.9698021536002891,-0.24389297421664527,LAND
42,-24576,-12288,-11.0592,18.826575598159806,735.6049390582014,893.5797293985696,0.45124025105362353,0.43963968500988443,-0.9675808129442602,-0.2525616170801187,LAND
42,-20480,-12288,-11.0592,19.008312817729294,1058.6450247714324,874.2906029425343,0.5474044790326436,0.48509385479745004,-0.9692069031366342,-0.2462477998120899,LAND
42,-16384,-12288,-11.0592,20.06384560308528,1210.4574958213009,881.1492208555351,0.5784448105679254,0.23501220699311462,-0.9730409607538254,-0.23063236697235812,MAJOR_OCEAN
42,-12288,-12288,-11.0592,19.041170383930663,564.0143903951063,871.6252207406994,0.39259281591797196,0.2957149389928645,-0.9754944749615648,-0.22002392897014858,LAND
42,-8192,-12288,-11.0592,18.797937476727018,730.3688476901368,890.9756639185777,0.4501934345411654,0.5309842804984376,-0.974511600083352,-0.22433711530414427,LAND
42,-4096,-12288,-11.0592,19.22574968650824,1102.0704536514859,880.6673411740567,0.5555524810416823,0.5570100418268618,-0.9708907068348499,-0.2395229328931273,LAND
42,0,-12288,-11.0592,19.840963261433057,1346.4935781329955,877.137338705795,0.6052660546704836,0.3073914201169731,-0.9678506813120668,-0.25152546329103187,MAJOR_OCEAN
42,4096,-12288,-11.0592,19.346815916424774,540.6798316610723,875.2693348051259,0.3815802602216855,0.3017534320006795,-0.9683816329758737,-0.24947347136515396,LAND
42,8192,-12288,-11.0592,18.992162788818778,791.1774917157167,885.3212330320112,0.4716411881831377,0.4196889920489662,-0.9719446457878496,-0.23520970542120836,LAND
42,12288,-12288,-11.0592,19.313760344332,1019.8386689281853,872.6599965475441,0.5386001519425192,0.43002870016201356,-0.975109900667914,-0.221722081939104,LAND
42,16384,-12288,-11.0592,19.955218619416158,1180.035773572131,879.1939351494908,0.572769030839938,0.23892562832257827,-0.97514694843692,-0.22155908682372516,MAJOR_OCEAN
42,20480,-12288,-11.0592,19.179945225033375,543.0947464745465,878.2626162981102,0.38182721212612186,0.2946719976171193,-0.9720258620727132,-0.2348738458445269,LAND
42,24576,-12288,-11.0592,18.715071410162068,747.395924563924,887.9221982978275,0.4567546579859457,0.43676225675358415,-0.9684329520591906,-0.24927418110570837,LAND
42,28672,-12288,-11.0592,19.36463900681697,1157.4849230181671,874.1534482528797,0.5694495092574535,0.426929583525698,-0.9678203708521358,-0.2516420667607749,LAND
42,32768,-12288,-11.0592,19.711392494701766,1139.502136036014,874.8050649046318,0.565423542130029,0.2291514049210321,-0.9708097325830716,-0.2398509185347954,MAJOR_OCEAN
42,-32768,-8192,-7.372800000000001,20.677502078998426,1127.1514184851585,892.1950374219716,0.557900064708986,0.2785247701403929,-0.9747355369447707,-0.22336211186544058,MAJOR_OCEAN
42,-28672,-8192,-7.372800000000001,19.445982428621548,567.1993612902289,912.1199939669236,0.3831601331671424,0.444148783631442,-0.9709573566011143,-0.23925261056501892,LAND
42,-24576,-8192,-7.372800000000001,18.8569251375432,681.6030865070873,932.7694754176649,0.421947916271985,0.6970102030699554,-0.9687721164820291,-0.2479527905205542,LAND
42,-20480,-8192,-7.372800000000001,19.69245701469538,894.4599211012354,903.528003738005,0.4972017370161978,0.5485692729370044,-0.9703719683423631,-0.24161589983974124,LAND
42,-16384,-8192,-7.372800000000001,20.705983719470975,1186.9051583895412,892.7077069504776,0.5704593959605139,0.2629790842162328,-0.9741398770166656,-0.22594578997174455,MAJOR_OCEAN
42,-12288,-8192,-7.372800000000001,19.957838847839522,525.2408800010477,908.6011051838873,0.366061828009131,0.3784264613614331,-0.976547478733256,-0.21530216389929993,LAND
42,-8192,-8192,-7.372800000000001,18.816290336860177,603.5946953107076,931.8575231184687,0.3928496363706026,0.7161144110217363,-0.9755833629818642,-0.2196294649472065,LAND
42,-4096,-8192,-7.372800000000001,19.76479160356586,766.8469623401548,915.7557061875849,0.4554797736277881,0.613202765056862,-0.9720274999260982,-0.2348670674816273,LAND
42,0,-8192,-7.372800000000001,20.854701832620698,1109.3223888958275,895.3846329871726,0.5530829661524405,0.25629473277798887,-0.9690376995477322,-0.24691281225412157,MAJOR_OCEAN
42,4096,-8192,-7.372800000000001,19.62483303496449,545.4131147657849,907.9483632610539,0.37501895024458276,0.4313439497953497,-0.969560140602933,-0.2448532902658667,LAND
42,8192,-8192,-7.372800000000001,22.33960209395051,788.8410038405842,927.7027838212836,0.45928436265048694,0.541163984121685,-0.973063133033488,-0.23053880179061506,LAND
42,12288,-8192,-7.372800000000001,19.909178243183582,915.7215029693158,911.2273239284616,0.5009557650054088,0.569880691469887,-0.9761703049740488,-0.21700584251782865,LAND
42,16384,-8192,-7.372800000000001,20.644262795966245,1122.8670715307128,891.5967303273924,0.5571258935514071,0.2705002006495821,-0.9762066432446479,-0.21684231525469572,MAJOR_OCEAN
42,20480,-8192,-7.372800000000001,19.600658213269448,472.55222576775645,905.7358378168444,0.3426058981034397,0.4201295806769961,-0.9731429183231622,-0.23020178217702633,LAND
42,24576,-8192,-7.372800000000001,19.127810349609874,727.5446129754954,938.0132593437468,0.43655526463237554,0.7183407152822099,-0.9696106314391486,-0.2446532717953626,LAND
42,28672,-8192,-7.372800000000001,19.508515544075944,950.2746870118779,906.0809291848561,0.5116277565400934,0.5884437845644727,-0.9690078717415896,-0.24702984536860106,LAND
42,32768,-8192,-7.372800000000001,20.57175585018139,1141.0635714359025,890.291605303265,0.5614488965785466,0.2643118442236066,-0.9719479122172949,-0.2351962073172984,MAJOR_OCEAN
42,-32768,-4096,-3.6864000000000003,21.640515348647853,1263.8249396368367,909.5292762756613,0.5812415154751844,0.1697363411959016,-0.9734602080740865,-0.22885633768011793,MAJOR_OCEAN
42,-28672,-4096,-3.6864000000000003,20.88665970527478,611.4345967239915,902.9865230044261,0.403475039884338,0.289545335307987,-0.9696032582645736,-0.24468249132850242,LAND
42,-24576,-4096,-3.6864000000000003,20.568434599039783,617.2874028577212,926.8902419725438,0.399492838200833,0.39223335654085306,-0.9673758057157478,-0.25334571343483947,LAND
42,-20480,-4096,-3.6864000000000003,20.920629705755605,819.2040139716788,903.5979830130809,0.47523092292769953,0.2460792223507999,-0.9690063379365923,-0.24703586184745446,LAND
42,-16384,-4096,-3.6864000000000003,21.512540812617576,1238.5912831862445,907.2257346271164,0.5769431082895974,0.15276451286954912,-0.9728515982899837,-0.23142983322083666,MAJOR_OCEAN
42,-12288,-4096,-3.6864000000000003,23.145954326402133,592.6866797009731,936.6271778752384,0.3872974663117148,0.2678537588356821,-0.9753128913203566,-0.2208274530585502,COASTAL_WATER
42,-8192,-4096,-3.6864000000000003,20.845795140809827,629.8752373424284,932.0898613728787,0.40300019358088024,0.3930849123323804,-0.9743268378225042,-0.22513820888245425,LAND
42,-4096,-4096,-3.6864000000000003,21.020008177769817,1061.6507737727352,901.9264656345022,0.5403965557969419,0.0,-0.970694929000039,-0.2403151156577739,LAND
42,0,-4096,-3.6864000000000003,21.62662221240944,1324.176729767809,909.2791998233699,0.592617071669023,0.17637195346753287,-0.9676463995017293,-0.25231021685881017,MAJOR_OCEAN
42,4096,-4096,-3.6864000000000003,21.01794823305089,676.7601775852078,907.2072220248635,0.42698681231658275,0.29099590141281273,-0.9681787919198442,-0.2502595190529843,LAND
42,8192,-4096,-3.6864000000000003,20.483166146413645,599.9558589378009,928.6414847452538,0.3922312374661895,0.4136460497106641,-0.971751968268541,-0.23600447488599968,LAND
42,12288,-4096,-3.6864000000000003,21.074942760712528,912.9678762899498,904.9389158229998,0.5019321936938794,0.2440271696818369,-0.974927062999937,-0.2225246544325298,LAND
42,16384,-4096,-3.6864000000000003,21.6272165127436,1122.004561377157,909.2898972293848,0.5520875956855523,0.16723478650321738,-0.9749642309911526,-0.22236175095512822,MAJOR_OCEAN
42,20480,-4096,-3.6864000000000003,20.782840199637505,658.0310443166532,904.4752628471674,0.42086881344937627,0.2839092383930023,-0.9718334269278234,-0.2356688148774102,LAND
42,24576,-4096,-3.6864000000000003,20.652420809347372,629.9820201837998,927.3363156059504,0.40427042775218786,0.3972406890547619,-0.968230251221704,-0.25006035395311255,LAND
42,28672,-4096,-3.6864000000000003,21.120618214488996,973.0269103213609,902.7040143436484,0.5184690557038928,0.0,-0.9676160073366616,-0.25242674649461677,LAND
42,32768,-4096,-3.6864000000000003,21.73570921629498,1242.0833236057044,911.2427658933096,0.5765530713572472,0.1657057396003873,-0.9706137199381503,-0.24064290279961698,MAJOR_OCEAN
42,-32768,0,0.0,22.31657947470772,1234.8532387907449,921.6984305447389,0.5723400539330185,0.12812230564064261,-0.9693614654132384,0.24563865610261532,MAJOR_OCEAN
42,-28672,0,0.0,22.631006888416866,1149.488063080561,927.3581239915036,0.5532113350027742,0.0,-0.9732322117739798,0.22982398039701468,MAJOR_OCEAN
42,-24576,0,0.0,22.50174555738862,1231.821032838022,925.0314200329951,0.5708550791779519,0.06230139049796028,-0.9752726335810571,0.22100518135977995,MAJOR_OCEAN
42,-20480,0,0.0,22.33028096230288,1308.0737875054585,921.9450573214518,0.5863122987681186,0.11145860053116487,-0.9737921354704001,0.22743983137524076,MAJOR_OCEAN
42,-16384,0,0.0,22.589262795525716,1531.9275802701573,926.6067303194629,0.6228526976323867,0.19313791156162602,-0.9700030814195841,0.24309262028393971,MAJOR_OCEAN
42,-12288,0,0.0,22.3430321906432,1264.8012283550981,922.1745794315776,0.5780691102039892,0.0,-0.9673303714190425,0.25351913641833285,MAJOR_OCEAN
42,-8192,0,0.0,22.370133320191226,1443.8713731843343,922.6623997634421,0.6098630522962274,0.061702796597764065,-0.9684263534375961,0.24929981541822327,MAJOR_OCEAN
42,-4096,0,0.0,22.43034104750721,1470.4646440641102,923.7461388551297,0.613918680790145,0.11951972958063432,-0.9721821758627911,0.23422599542896422,MAJOR_OCEAN
42,0,0,0.0,22.489362740167326,1256.6599110503223,924.808529323012,0.5757975179862657,0.13621387785276212,-0.9750317714423392,0.2220654063063717,MAJOR_OCEAN
42,4096,0,0.0,22.594502751063207,1164.0838074619455,926.7010495191378,0.5565026458514385,0.0,-0.9745523232851185,0.22416014181735736,MAJOR_OCEAN
42,8192,0,0.0,22.482170998655455,1410.8145999051062,924.6790779757982,0.6038169986338898,0.05811787855594961,-0.9711320801265443,0.23854241331279244,MAJOR_OCEAN
42,12288,0,0.0,22.631754334617973,1299.083655933045,927.3715780231234,0.5832142599902002,0.114286132160468,-0.9677633750579797,0.25186117187130713,MAJOR_OCEAN
42,16384,0,0.0,22.32527346002976,1242.1108720846244,921.8549222805357,0.5737323311608499,0.1296425276027533,-0.9677218980470823,0.2520204913100371,MAJOR_OCEAN
42,20480,0,0.0,22.456991235950404,1279.4958955977265,924.2258422471073,0.5803434844564389,0.0,-0.9710497480852347,0.2388773466522146,MAJOR_OCEAN
42,24576,0,0.0,22.51689412914557,1410.272597081628,925.3040943246202,0.6035635818282804,0.06233457658675699,-0.9745055867511359,0.2243632353814334,MAJOR_OCEAN
42,28672,0,0.0,22.61319736097244,1340.8410847838759,927.0375524975038,0.5909708270648187,0.11411365913462117,-0.9750589183725483,0.22194617748939963,MAJOR_OCEAN
42,32768,0,0.0,22.488484619129082,1222.8395318279697,924.7927231443234,0.5691246275383399,0.13219892520841495,-0.9722614731790226,0.23389661770054895,MAJOR_OCEAN
42,-32768,4096,3.6864000000000003,21.54855108594106,1182.6540668073596,907.8739195469391,0.5654497929376602,0.15822824073289862,-0.9708424580625019,0.23971842153484837,MAJOR_OCEAN
42,-28672,4096,3.6864000000000003,21.041792879787483,568.2154606112919,907.6364256661222,0.3847477637338085,0.2864204172979728,-0.974627423628299,0.22383338694588023,LAND
42,-24576,4096,3.6864000000000003,20.468895507085083,645.2851661125025,924.9942486677159,0.41067499519349415,0.39637155237718735,-0.9766190437897193,0.21497730881945254,LAND
42,-20480,4096,3.6864000000000003,20.76435138857688,818.5779586741693,912.1756417341475,0.4726873144546448,0.3050454532415803,-0.9751742203530825,0.22143902085846925,LAND
42,-16384,4096,3.6864000000000003,21.764582243887766,1314.2206031246485,911.7624803899798,0.5901349735672636,0.1642619395144464,-0.9714704193896173,0.23716075613591925,MAJOR_OCEAN
42,-12288,4096,3.6864000000000003,21.045948162727743,680.0102768401557,908.9313203264429,0.42769512921228536,0.281541909067273,-0.9688532373544332,0.2476356284298249,LAND
42,-8192,4096,3.6864000000000003,20.85535804616025,672.4632068746577,930.1546047698117,0.41934131810687714,0.38530707119620233,-0.969926873891525,0.24339650634923612,LAND
42,-4096,4096,3.6864000000000003,21.065698518106476,1151.8178795525077,901.7154598087631,0.5606226277693764,0.0,-0.9736014928827197,0.22825453567572238,LAND
42,0,4096,3.6864000000000003,21.832112809899744,1145.5662862002264,912.9780305781953,0.5562231785291919,0.16399392357392212,-0.976384084100394,0.2160419411027284,MAJOR_OCEAN
42,4096,4096,3.6864000000000003,20.998947663121328,608.7496499736119,905.0077062456639,0.40187931583511616,0.2661142679293479,-0.9759162695263119,0.21814544431146565,LAND
42,8192,4096,3.6864000000000003,20.66152894843441,696.1869517087792,931.5348016798544,0.4274437608881498,0.4175104215276413,-0.9725748644940794,0.23259005342946898,LAND
42,12288,4096,3.6864000000000003,21.058891898280937,742.183236279377,915.0608345752853,0.4475717714442689,0.30287589582014735,-0.9692774809660445,0.24596984549354675,LAND
42,16384,4096,3.6864000000000003,21.576712846679435,1116.9569800884005,908.3808312402298,0.5512195320266139,0.1566102262139117,-0.969236846894798,0.2461299141133191,MAJOR_OCEAN
42,20480,4096,3.6864000000000003,20.91364706481813,607.3423205444793,903.8850472230388,0.4016210349645312,0.28693632673224917,-0.9724943463136765,0.2329264827964718,LAND
42,24576,4096,3.6864000000000003,20.872327222924206,671.8485235846913,922.8048537575659,0.42104916589324165,0.35968849810195463,-0.9758706589192123,0.21834939216902421,LAND
42,28672,4096,3.6864000000000003,20.86712429030497,817.9992732297886,902.6348855349695,0.47512955587305994,0.2576497517359748,-0.9764105677402747,0.215922215635896,LAND
42,32768,4096,3.6864000000000003,21.72476124817073,1242.872017864204,911.0457024670732,0.5767607765892501,0.1646674210103773,-0.9736789925331056,0.2279237142109533,MAJOR_OCEAN
42,-32768,8192,7.372800000000001,20.868154220236548,1129.2078155296824,895.6267759642578,0.5574037585649846,0.27925450326550944,-0.9698193466666156,0.2438245984947763,MAJOR_OCEAN
42,-28672,8192,7.372800000000001,19.648122217143403,560.9596585800475,910.9908819487366,0.3808407975319151,0.4170980314298416,-0.9736638988540768,0.22798818405408222,LAND
42,-24576,8192,7.372800000000001,19.049121206114403,716.4287962432774,937.1106237842495,0.4330079945942648,0.7336355779011188,-0.9756894140777119,0.21915785921725744,LAND
42,-20480,8192,7.372800000000001,19.92189275355717,861.1485002991745,912.6606978772516,0.48520624142808366,0.5945943189712642,-0.9742198131935841,0.22560087672936507,LAND
42,-16384,8192,7.372800000000001,20.570947384647173,1072.092736781531,890.2770529236491,0.5460472817718748,0.26686729779893964,-0.9704567937381812,0.2412749707023279,MAJOR_OCEAN
42,-12288,8192,7.372800000000001,19.7429627901207,471.38550027959036,906.9580432663023,0.34174626218773224,0.4049223565187678,-0.9678010354214819,0.25171641948253487,LAND
42,-8192,8192,7.372800000000001,18.81365574699346,704.6712102481748,932.5237198083871,0.4301510139723388,0.6894832497550045,-0.9688901963003738,0.24749098471060132,LAND
42,-4096,8192,7.372800000000001,19.74358344812209,810.4314119779667,912.7091841063531,0.4700494923781333,0.5929312393725877,-0.9726212247564892,0.23239611260343188,LAND
42,0,8192,7.372800000000001,20.795043725571812,1152.7987801988102,894.3107870602926,0.5628599165920363,0.2655172387360635,-0.9754503550228736,0.22021944711071706,MAJOR_OCEAN
42,4096,8192,7.372800000000001,19.604538620865263,464.52536465589463,907.5830638072679,0.3383020270116686,0.4003376882399037,-0.9749744605668161,0.2223168937405476,LAND
42,8192,8192,7.372800000000001,18.82896060696808,596.7267910696404,931.994786391854,0.3900884970583224,0.7085700260522851,-0.9715782952837351,0.23671843217956506,LAND
42,12288,8192,7.372800000000001,19.62836949580877,822.987765793428,908.068810863485,0.47515062549625137,0.5919951738492286,-0.968231365077315,0.2500560410798332,LAND
42,16384,8192,7.372800000000001,20.75864315019368,1165.0917114477152,893.6555767034863,0.5656478919282784,0.34915862827256977,-0.968190145377141,0.25021559182950714,MAJOR_OCEAN
42,20480,8192,7.372800000000001,20.00415977249864,609.674817183024,907.1778396499056,0.4016693019829335,0.49358076715489707,-0.9714965171127115,0.2370538277224628,LAND
42,24576,8192,7.372800000000001,21.951069293186205,731.0363547467117,929.5368417799943,0.43996638623856255,0.424602455467756,-0.9749280679594012,0.2225202514490517,LAND
42,28672,8192,7.372800000000001,19.780279593832265,976.3521225842953,916.0344900123802,0.5156644269525504,0.6849030177172154,-0.975477299333004,0.22010006471146004,LAND
42,32768,8192,7.372800000000001,20.871998777672324,1119.507047113074,895.6959779981019,0.5552551172525609,0.3655683678626223,-0.972699973085485,0.2320662887183246,MAJOR_OCEAN
42,-32768,12288,11.0592,19.86927451143179,1191.1835851857059,877.6469412057722,0.5754981241205305,0.23066566182380727,-0.9671706790511213,0.2541276796883664,MAJOR_OCEAN
42,-28672,12288,11.0592,19.41372380967932,570.2382724100161,871.9799150570742,0.3951157748440024,0.2924331766072686,-0.9711629181239799,0.23841683342607292,LAND
42,-24576,12288,11.0592,18.749931424395648,704.5120555167905,893.5774260732421,0.44057075206089696,0.4524306240265372,-0.9732725308721825,0.2296531746997122,LAND
42,-20480,12288,11.0592,19.187283307155898,1047.9188482802845,876.2905959746693,0.5443142050894227,0.45984593856084455,-0.9717414481780995,0.23604778730742226,LAND
42,-16384,12288,11.0592,20.028032657573746,1158.7703523160974,880.5045878363275,0.5679481375336248,0.2269997878856079,-0.9678316232526181,0.25159878583213074,MAJOR_OCEAN
42,-12288,12288,11.0592,19.20635516732907,499.9615092932642,880.8604991289379,0.361813248194051,0.3069277497075154,-0.9650803405477534,0.261954072860554,LAND
42,-8192,12288,11.0592,18.966268796733623,749.7375935061636,897.4714987753257,0.4548801465889012,0.45197149499296707,-0.9662079329880658,0.25776390404967325,LAND
42,-4096,12288,11.0592,19.3294839888016,1085.819240959997,874.9573601079088,0.5534877112760568,0.4343250999631658,-0.9700787250379815,0.24279058307249948,LAND
42,0,12288,11.0592,19.92838815729404,1228.006912912843,878.7109868312928,0.5826239427306261,0.2156583714855347,-0.9730232975280946,0.23070687563996273,MAJOR_OCEAN
42,4096,12288,11.0592,19.357523286746094,625.7250128141653,870.9683056442763,0.41779248468452596,0.350677368440003,-0.9725273521052339,0.2327886367655911,LAND
42,8192,12288,11.0592,18.761702572838974,744.1824884071433,884.8960056275059,0.45653168919810605,0.4301200465645746,-0.9689953883099792,0.2470788081442692,LAND
42,12288,12288,11.0592,18.963490525998857,1077.5609284897814,873.4838016913864,0.5520165146982947,0.4607521471584093,-0.9655257349077402,0.26030761654409623,LAND
42,16384,12288,11.0592,19.711566586602476,1230.7072367923972,874.8081985588447,0.5842384138937906,0.2193643012269892,-0.9654830655117725,0.2604658330952265,MAJOR_OCEAN
42,20480,12288,11.0592,19.08832260848908,650.0029519376569,867.1561253874488,0.42815207025795904,0.36863587951604815,-0.9689104874883269,0.24741153415945022,LAND
42,24576,12288,11.0592,18.7959913476405,722.6260092851163,889.9125573016587,0.4478517119139798,0.45326489145632015,-0.9724790190789034,0.2329904664387233,LAND
42,28672,12288,11.0592,19.193948344597704,1173.73763347219,868.0239566856052,0.5745837591265477,0.1650698292591086,-0.9730513851392019,0.23058838192476344,LAND
42,32768,12288,11.0592,19.860100509131023,1219.9397735086236,877.4818091643584,0.5813606682193275,0.22925758233464544,-0.9701605692156483,0.24246333730931213,MAJOR_OCEAN
42,-32768,16384,14.745600000000001,18.875342810057024,1344.5484156022792,859.7561705810265,0.6096883052010847,0.12671165951500477,-0.9653039298509167,0.26112893944252225,MAJOR_OCEAN
42,-28672,16384,14.745600000000001,18.90019234427952,1288.2289095024457,860.2034621970314,0.5993344691668017,0.0,-0.9693949901903486,0.245506319661743,MAJOR_OCEAN
42,-24576,16384,14.745600000000001,18.924673736599196,1391.8367873723937,860.6441272587856,0.6176385956213841,0.05655498587772872,-0.97156094672599,0.23678962561078984,MAJOR_OCEAN
42,-20480,16384,14.745600000000001,18.979268690489054,1278.8885770596446,861.626836428803,0.5971885931824247,0.11620109362939157,-0.9699886673398259,0.24315012899916094,MAJOR_OCEAN
42,-16384,16384,14.745600000000001,19.01449066962395,1224.371702724852,862.2608320532311,0.5864881306110722,0.12839786776594225,-0.965980585553782,0.2586145941998875,MAJOR_OCEAN
42,-12288,16384,14.745600000000001,19.006429477959216,1253.6104914746973,862.1157306032659,0.5922402615885034,0.0,-0.9631654567846356,0.26890946963029083,MAJOR_OCEAN
42,-8192,16384,14.745600000000001,19.03019604539842,1395.6362195932861,862.5435288171716,0.6177623628997407,0.049520560630846464,-0.9643187272756129,0.2647440126339825,MAJOR_OCEAN
42,-4096,16384,14.745600000000001,18.95917626861017,1347.693497236009,861.2651728349831,0.609827466679599,0.10627467563220697,-0.9682829991136318,0.24985602579787916,MAJOR_OCEAN
42,0,16384,14.745600000000001,18.92960105003114,1366.9962957850155,860.7328189005605,0.6133523750273564,0.17750925497880632,-0.9713048940999672,0.23783776549877728,MAJOR_OCEAN
42,4096,16384,14.745600000000001,18.836478908833357,1271.0433453765022,859.0566203590004,0.5964259611528029,0.0,-0.9707955117448768,0.23990847083002886,MAJOR_OCEAN
42,8192,16384,14.745600000000001,19.11534586606603,1353.4738213122178,864.0762255891885,0.6100713496198028,0.041281446098852814,-0.9671726210230172,0.2541202887285217,MAJOR_OCEAN
42,12288,16384,14.745600000000001,19.193936626840813,1309.48455851746,865.4908592831346,0.6017919815661542,0.10713454444519192,-0.9636209152272145,0.2672727665450887,MAJOR_OCEAN
42,16384,16384,14.745600000000001,19.105727656522937,1404.1457255616695,863.9030978174128,0.6188256996033283,0.12322168035337723,-0.963577277272841,0.2674300482807765,MAJOR_OCEAN
42,20480,16384,14.745600000000001,18.86015268501682,1287.7098858393304,859.4827483303028,0.5994387399699304,0.0,-0.9670856309702235,0.25445113945691966,MAJOR_OCEAN
42,24576,16384,14.745600000000001,19.016252231004685,1377.5399571525809,862.2925401580843,0.614744724920687,0.12110174076505312,-0.9707458785209676,0.24010922375984387,MAJOR_OCEAN
42,28672,16384,14.745600000000001,19.13802921253124,1327.163937189711,864.4845258255623,0.6052789398646372,0.09901572486087776,-0.9713337479678916,0.23771989832289703,MAJOR_OCEAN
42,32768,16384,14.745600000000001,19.189834834749927,1569.5935646196162,865.4170270254987,0.6443295320648094,0.2553151717751778,-0.9683669155993649,0.24953059285901696,MAJOR_OCEAN
42,-32768,20480,18.432000000000002,18.187443667768616,1254.4099898568684,847.373986019835,0.5965472460545423,0.15115378778570687,-0.9660197476551172,0.25846827105148434,MAJOR_OCEAN
42,-28672,20480,18.432000000000002,17.598146710586075,674.6724242939721,844.5950433785564,0.4437853460923359,0.29306683076336526,-0.9700734027363823,0.24281184753519894,LAND
42,-24576,20480,18.432000000000002,17.531509563135373,701.6459732165915,863.3991739602886,0.4480368745955079,0.3700625199430364,-0.9722180254298626,0.23407714760150988,LAND
42,-20480,20480,18.432000000000002,17.632576708062064,873.9119282265061,846.2705345750646,0.5077392705965866,0.2529879583802444,-0.9706613451173637,0.2404507290380927,LAND
42,-16384,20480,18.432000000000002,18.396613787602732,1130.8053476710654,851.1390481768492,0.5702657876029492,0.15145641567832138,-0.9666904573945255,0.2559483533495831,MAJOR_OCEAN
42,-12288,20480,18.432000000000002,17.33920152721066,623.3216726249082,840.9897813197394,0.4253851090475774,0.27872190317910106,-0.9638994883589815,0.266266363518364,LAND
42,-8192,20480,18.432000000000002,17.104561545864215,709.5503092236676,863.9607682596763,0.45064802615285104,0.39657593040579553,-0.9650430429517093,0.26209144444354787,LAND
42,-4096,20480,18.432000000000002,17.304278953039766,862.5014809755202,841.8611604084081,0.5057584000289738,0.27539681888825607,-0.968971935184505,0.24717076854837738,LAND
42,0,20480,18.432000000000002,18.18130223645094,1219.102594466518,847.2634402561168,0.5896887991729423,0.2371476005230645,-0.9719645550954285,0.2351274200048685,MAJOR_OCEAN
42,4096,20480,18.432000000000002,17.52867622750713,602.4013106917599,841.1061182253027,0.4170288768562278,0.2640153695406604,-0.9714602607632141,0.23720236457056681,LAND
42,8192,20480,18.432000000000002,17.082130635087523,688.192051419672,862.2365113705026,0.4435860392965755,0.40508871182468337,-0.9678717929987605,0.25144421313159027,LAND
42,12288,20480,18.432000000000002,17.75417469316167,1070.6204348658614,843.1414629115554,0.5591402440734783,0.0,-0.9643511389525384,0.2646259261692662,LAND
42,16384,20480,18.432000000000002,18.065184239048616,1235.622623327457,845.173316302875,0.5935368591154369,0.1515064334720959,-0.9643078674697765,0.2647835658342337,MAJOR_OCEAN
42,20480,20480,18.432000000000002,17.59992070410091,650.7898631055992,844.6269752618234,0.4348987838279106,0.27512979610992494,-0.967785593728722,0.2517757823364772,LAND
42,24576,20480,18.432000000000002,17.069938650319685,610.4928900907346,862.0170556446815,0.41431202541767903,0.3892172179617351,-0.9714111198568874,0.23740353034103745,LAND
42,28672,20480,18.432000000000002,17.29371820275258,729.1488086763425,845.3230661519686,0.4628129643734848,0.2967077243572823,-0.9719931188045777,0.2350093125740977,LAND
42,32768,20480,18.432000000000002,18.25837593790423,1259.4957515768813,848.6507668822761,0.5971589648010842,0.4162788489274812,-0.9690550671958685,0.24684464090194613,MAJOR_OCEAN
42,-32768,24576,22.1184,17.450253789590118,1129.1836121131653,834.1045682126221,0.5748563899243564,0.39046583581066674,-0.9686182044609425,0.24855336245333662,MAJOR_OCEAN
42,-28672,24576,22.1184,15.970001956182621,649.1926617163468,850.830384025644,0.4325001295336114,0.5622839256521812,-0.9725308682686398,0.2327739467050502,LAND
42,-24576,24576,22.1184,18.240305634395227,774.6414601379528,861.3491036666235,0.47321070583179575,0.45231867770860784,-0.9745951526527172,0.2239738565677404,LAND
42,-20480,24576,22.1184,16.272875992924284,924.8427023011519,843.134928442306,0.5228119825983686,0.5596559970650494,-0.9730972096037208,0.23039492325451144,LAND
42,-16384,24576,22.1184,17.583724698010712,1129.2824025691239,836.5070445641928,0.5741755449293788,0.2752020917709929,-0.9692664905791963,0.24601315054339837,MAJOR_OCEAN
42,-12288,24576,22.1184,16.262397557023473,578.060716463835,850.6457679004079,0.4043212524988198,0.44208648687726226,-0.9665666617007144,0.25641546070534976,LAND
42,-8192,24576,22.1184,15.010661488002848,651.8730107266593,862.2894539628053,0.4302330779163421,0.7009945064825,-0.9676735550235812,0.25220604851593886,LAND
42,-4096,24576,22.1184,16.421942874151203,931.2808658781532,841.0592447136728,0.5251563759911526,0.5456740737280983,-0.9714690496698417,0.23716636678410913,LAND
42,0,24576,22.1184,17.295463952634353,1222.484470000891,831.3183511474183,0.5949400387321426,0.24826707743929713,-0.9743514038157532,0.225031868592586,MAJOR_OCEAN
42,4096,24576,22.1184,16.556528764139593,453.5047725973088,845.8495195783646,0.34875477808323474,0.37702341636005293,-0.9738662665059243,0.22712220270553024,LAND
42,8192,24576,22.1184,15.008317505466835,627.8134949165213,862.9485996812302,0.42085363154760214,0.6918509570612013,-0.9704074856285819,0.24147321142522932,LAND
42,12288,24576,22.1184,16.301509666000612,933.9542263594149,850.7518560281663,0.523016769428634,0.5887100451104015,-0.9670039425653444,0.2547614081117471,LAND
42,16384,24576,22.1184,17.55782340252924,1263.370960809148,836.0408212455263,0.6014872757823171,0.3402798540297005,-0.9669620539586978,0.25492035266721336,MAJOR_OCEAN
42,20480,24576,22.1184,16.35655787543545,791.1422299309112,844.6412023275069,0.48335180717176535,0.5859159950983558,-0.9703242672765492,0.241807395118983,LAND
42,24576,24576,22.1184,18.5682646163456,738.4972305368462,866.3697353176277,0.4598744766780201,0.509690847538615,-0.9738189793941495,0.2273248674732638,LAND
42,28672,24576,22.1184,16.122664439078967,930.5626036943268,841.0550676729641,0.5249652075151359,0.5768392443068802,-0.9743788751321402,0.22491288912871385,LAND
42,32768,24576,22.1184,17.499621378967944,1190.6395679134641,834.993184821423,0.5874964599810832,0.27607190890924027,-0.9715492255978914,0.23683771287558406,MAJOR_OCEAN
42,-32768,28672,25.804799999999997,16.910234812184353,1175.290731461637,824.3842266193183,0.5874471146422376,0.224302795220873,-0.9706600906527643,0.2404557930555377,MAJOR_OCEAN
42,-28672,28672,25.804799999999997,15.929945702911974,499.62078094505756,817.123161906108,0.3791486074783559,0.28874803611357647,-0.974455786498204,0.22457942951251494,LAND
42,-24576,28672,25.804799999999997,15.306765916379396,698.5044106121039,830.2799464337563,0.4566031855371913,0.4704708160244064,-0.9764535089598629,0.21572794172283483,LAND
42,-20480,28672,25.804799999999997,16.128292305604514,1003.8140059206456,820.4135148982248,0.5499665079947372,0.4565181995820125,-0.9750042248166175,0.2221863217881487,LAND
42,-16384,28672,25.804799999999997,16.742296380432798,1292.3702165130746,821.3613348477904,0.6111273157490902,0.2291039638911714,-0.9712897603877159,0.23789956150857758,MAJOR_OCEAN
42,-12288,28672,25.804799999999997,16.2463425628247,585.5722128909961,814.9670526136912,0.41780649840026746,0.30300099508621253,-0.9686656301075934,0.24836847031831344,LAND
42,-8192,28672,25.804799999999997,15.642214348264853,784.2487785730692,834.1726476062587,0.4842771411412861,0.45045656339918033,-0.9697420630203922,0.24413179065609952,LAND
42,-4096,28672,25.804799999999997,15.847550124369725,1074.991195234744,810.2682125882232,0.5699063399108232,0.40755144613049127,-0.9734268409718291,0.22899822111886675,LAND
42,0,28672,25.804799999999997,16.583887967343706,1168.391526059588,818.5099834121868,0.5877512142792491,0.2617789838177145,-0.9762178112963665,0.21679203146732953,MAJOR_OCEAN
42,4096,28672,25.804799999999997,15.913915866063457,664.7375288479493,816.8346248428345,0.44836774196326357,0.36554964549418395,-0.9757485421249578,0.21889445525416917,LAND
42,8192,28672,25.804799999999997,15.680566051263742,700.1969721061521,833.23339246989,0.4563237200403123,0.5042154666698189,-0.972397277183482,0.23333138521457072,LAND
42,12288,28672,25.804799999999997,15.966363618402998,1082.4962120469365,815.222947719261,0.5701191808588647,0.43133644528828946,-0.9690909700177758,0.24670365183759707,LAND
42,16384,28672,25.804799999999997,16.732331241190476,1286.2038257672295,821.1819623414285,0.6100419728787053,0.21207186890113214,-0.969050230456944,0.2468636280446021,MAJOR_OCEAN
42,20480,28672,25.804799999999997,17.815185332500818,557.142316727408,840.6733359850148,0.39829574086268016,0.29535740672882815,-0.9723165321011559,0.23366763019892553,COASTAL_WATER
42,24576,28672,25.804799999999997,15.65194004045775,769.2465071345368,833.3196337723692,0.4797098713368224,0.5325718813993516,-0.9757027907335107,0.2190982979277543,LAND
42,28672,28672,25.804799999999997,15.936890411086901,1074.1138987126576,810.4303458342097,0.5696572232760244,0.4835349303224442,-0.9762443778675779,0.2166723671397571,LAND
42,32768,28672,25.804799999999997,16.79212376571171,1312.0679107413705,822.2582277828108,0.6144578512246373,0.3114918029493149,-0.9735045654662948,0.228667577536214,MAJOR_OCEAN
42,-32768,32768,29.491200000000003,16.102445659286523,1469.9019219014033,809.8440218671574,0.6444829709847604,0.12474257431092808,-0.9703522286110443,0.24169516426602242,MAJOR_OCEAN
42,-28672,32768,29.491200000000003,15.933118537212568,1168.4458676900454,806.7961336698263,0.5912463488206536,0.0,-0.9741659304316039,0.22583343416404808,MAJOR_OCEAN
42,-24576,32768,29.491200000000003,15.997728856480233,1315.0475139027383,807.9591194166442,0.6191353140209319,0.06837900594931423,-0.9761738943293177,0.21698969567685497,MAJOR_OCEAN
42,-20480,32768,29.491200000000003,16.238077765212417,1284.594533589495,812.2853997738234,0.6123298636686202,0.09717887578392531,-0.9747171237204209,0.22344245059117512,MAJOR_OCEAN
42,-16384,32768,29.491200000000003,16.190628478688396,1378.9013523762928,811.4313126163911,0.6292524062661643,0.09765633154759316,-0.9709847649204014,0.2391413521172631,MAJOR_OCEAN
42,-12288,32768,29.491200000000003,16.209415806512883,1329.1232756430102,811.7694845172318,0.6205367982772276,0.0,-0.9683489765752799,0.249600199450257,MAJOR_OCEAN
42,-8192,32768,29.491200000000003,15.993782416482208,1207.1299185260098,807.8880834966798,0.5987694144173739,0.046993507799403936,-0.969430101193124,0.24536764028838287,MAJOR_OCEAN
42,-4096,32768,29.491200000000003,16.069465128023957,1390.2947866818972,809.2503723044313,0.6317956171016869,0.0986910291339065,-0.9731319256095774,0.23024824724500273,MAJOR_OCEAN
42,0,32768,29.491200000000003,16.254728500151458,1184.876288396513,812.5851130027263,0.5928942573356243,0.0,-0.9759369580757822,0.21805286941883836,MAJOR_OCEAN
42,4096,32768,29.491200000000003,15.903313619678434,1144.6171242308278,806.2596451542117,0.5864187443510853,0.0,-0.9754652476027857,0.22015347083168121,MAJOR_OCEAN
42,8192,32768,29.491200000000003,16.18799809360917,1372.28937613644,811.383965684965,0.6281439654462645,0.06669899630460455,-0.9720974359890707,0.2345774391186727,MAJOR_OCEAN
42,12288,32768,29.491200000000003,15.959010823297096,1404.6113142281527,807.2621948193478,0.6347454151741134,0.10659441561556597,-0.9687761558056163,0.24793700801310875,MAJOR_OCEAN
42,16384,32768,29.491200000000003,15.979817062675256,1427.6183396430517,807.6367071281546,0.6383969224370466,0.10544760798432046,-0.9687352392575326,0.2480968283163874,MAJOR_OCEAN
42,20480,32768,29.491200000000003,16.154771200542346,1204.40854670237,810.7858816097622,0.597367262695318,0.0,-0.9720163101577678,0.2349133729426194,MAJOR_OCEAN
42,24576,32768,29.491200000000003,15.882667852044216,1491.697476245558,805.8880213367959,0.6489632331773264,0.07537400069403327,-0.9754192599311307,0.22035713593030132,MAJOR_OCEAN
42,28672,32768,29.491200000000003,15.95410633213534,1458.0057456897523,807.1739139784361,0.6433760622064854,0.11661934181324582,-0.9759636638352961,0.21793330831514746,MAJOR_OCEAN
42,32768,32768,29.491200000000003,16.157334240055835,1252.9862679207351,810.8320163210051,0.6068264105772714,0.13650071165589042,-0.9732100274203177,0.22991790388863712,MAJOR_OCEAN
-987654321,-32768,-32768,-29.491200000000003,16.251595741402216,1427.4064994229168,812.5287233452399,0.6369691033102182,0.12240515258457363,-0.9714476287236684,-0.23725409300402345,MAJOR_OCEAN
-987654321,-28672,-32768,-29.491200000000003,15.943608362830275,1118.6820624494435,806.984950530945,0.580630723893974,0.0,-0.9674882768138623,-0.25291586393056364,MAJOR_OCEAN
-987654321,-24576,-32768,-29.491200000000003,16.033204145113285,1395.017523767316,808.5976746120391,0.6327714354835319,0.050913654949469166,-0.9655799858460041,-0.2601063069854908,MAJOR_OCEAN
-987654321,-20480,-32768,-29.491200000000003,16.271473242161456,1272.2986734562908,812.8865183589062,0.6098685190787205,0.10909687843531525,-0.9676346453059893,-0.2523552916099688,MAJOR_OCEAN
-987654321,-16384,-32768,-29.491200000000003,16.265050966800924,1371.6432080201625,812.7709174024167,0.6276353721997366,0.11210477022165352,-0.9715971904698101,-0.2366408660210057,MAJOR_OCEAN
-987654321,-12288,-32768,-29.491200000000003,16.162505936593078,1213.12069575082,810.9251068586755,0.5990583986730472,0.0,-0.9738022575817151,-0.22739648882239794,MAJOR_OCEAN
-987654321,-8192,-32768,-29.491200000000003,16.155778237130658,1380.6554464596197,810.8040082683518,0.6297290668168474,0.06909265315637712,-0.9724099739413701,-0.23327846574286293,MAJOR_OCEAN
-987654321,-4096,-32768,-29.491200000000003,16.09810054387302,1349.6291226903727,809.7658097897144,0.6247140753755738,0.11501916091275277,-0.9685637505841561,-0.24876547399981494,MAJOR_OCEAN
-987654321,0,-32768,-29.491200000000003,16.264337029779238,1243.5148227358372,812.7580665360263,0.6044481649568415,0.1272474171205124,-0.9657287596738022,-0.25955339092159746,MAJOR_OCEAN
-987654321,4096,-32768,-29.491200000000003,15.956997534524882,1295.8879399845018,807.2259556214478,0.6158829817581276,0.0,-0.9667047489632428,-0.2558943694806781,MAJOR_OCEAN
-987654321,8192,-32768,-29.491200000000003,16.20100590045815,1471.701133240359,811.6181062082467,0.644262460266106,0.13619735973339842,-0.970506811975892,-0.24107369808502685,MAJOR_OCEAN
-987654321,12288,-32768,-29.491200000000003,16.10999549159753,1391.7110684947043,809.9799188487556,0.6318231093200993,0.10244245093292943,-0.9735170294701647,-0.2286145081388897,MAJOR_OCEAN
-987654321,16384,-32768,-29.491200000000003,15.899492823226007,1391.870498027916,806.1908708180681,0.6329384517169419,0.1112190904138215,-0.9731588245084497,-0.23013453083214716,MAJOR_OCEAN
-987654321,20480,-32768,-29.491200000000003,16.131784556989107,1143.6986188296344,810.372122025804,0.5849909135918073,0.0,-0.9697236396403969,-0.2442049604790651,MAJOR_OCEAN
-987654321,24576,-32768,-29.491200000000003,16.159108213060737,1232.5871944759226,810.8639478350933,0.6028939351823419,0.040358451873519746,-0.9662111410912642,-0.2577518784240327,MAJOR_OCEAN
-987654321,28672,-32768,-29.491200000000003,16.256178909444415,1453.4109121002773,812.6112203699995,0.6411101556015942,0.10554929474655582,-0.966020189892987,-0.2584666181910489,MAJOR_OCEAN
-987654321,32768,-32768,-29.491200000000003,16.020778254490544,1266.259970530196,808.3740085808298,0.6100593762068411,0.18361825934665615,-0.969343918264377,-0.2457078918632137,MAJOR_OCEAN
-987654321,-32768,-28672,-25.804799999999997,16.859731838410454,1085.7115686427567,823.4751730913881,0.5683798054514313,0.24609102312027864,-0.9693106795657592,-0.24583898486563538,MAJOR_OCEAN
-987654321,-28672,-28672,-25.804799999999997,15.824887241802498,565.2564806680471,817.8715725999543,0.40838452723607893,0.3047275702196709,-0.9652320456908283,-0.26139452551937414,LAND
-987654321,-24576,-28672,-25.804799999999997,15.283308529342726,743.1221605399991,831.8099364817896,0.4715445303413506,0.5518039431249687,-0.9632701690850062,-0.26853413442418006,LAND
-987654321,-20480,-28672,-25.804799999999997,16.047523479633124,1398.5179895991196,812.4217410680417,0.632258632642446,0.22768875253169094,-0.965382623503058,-0.26083786197243836,LAND
-987654321,-16384,-28672,-25.804799999999997,16.71016135915905,1160.0635076601766,820.7829044648629,0.5853448080349959,0.21014395415544432,-0.9694649810982674,-0.2452297910616408,MAJOR_OCEAN
-987654321,-12288,-28672,-25.804799999999997,17.65394805084438,608.1444896915714,837.7710649151988,0.42030406526167136,0.2849808812536928,-0.9717421123832346,-0.23604505294745973,COASTAL_WATER
-987654321,-8192,-28672,-25.804799999999997,15.308666759137111,666.0057468714825,828.4799916424623,0.4453440977199077,0.41776816034101333,-0.9703038439172814,-0.24188933519142197,LAND
-987654321,-4096,-28672,-25.804799999999997,16.15138769722738,1051.1480564909918,816.3149246802672,0.5625736592501674,0.4246542404696243,-0.9663387919067943,-0.2572728886923716,LAND
-987654321,0,-28672,-25.804799999999997,16.601607722487035,1114.469596330793,818.8289390047667,0.5761621466241023,0.2293553654389038,-0.9634230363772326,-0.2679851730556627,MAJOR_OCEAN
-987654321,4096,-28672,-25.804799999999997,15.8958623887485,563.8714931760886,811.7154691276473,0.409615599026481,0.3045082213595649,-0.9644262289382108,-0.26435213056834217,LAND
-987654321,8192,-28672,-25.804799999999997,15.279239021788523,788.3401903083576,831.5281022772039,0.48636906151752807,0.5132051138886068,-0.9683404559752787,-0.2496332536373897,LAND
-987654321,12288,-28672,-25.804799999999997,16.171511483989764,1086.6351291755589,814.6535251464611,0.571225153820222,0.41660481502185776,-0.9714473243673686,-0.23725533920120848,LAND
-987654321,16384,-28672,-25.804799999999997,16.698760334753384,1143.3017255622956,820.577686025561,0.5818686474191165,0.23340686054913334,-0.9710772165309265,-0.23876565819763126,MAJOR_OCEAN
-987654321,20480,-28672,-25.804799999999997,17.674647690172115,577.2005087914698,838.143658423098,0.4075284257544638,0.3258144517619018,-0.967533326729867,-0.2527434700779356,COASTAL_WATER
-987654321,24576,-28672,-25.804799999999997,15.41629161858678,771.4334660098099,830.6017821799234,0.4812330027558471,0.47443112172834984,-0.963918786587473,-0.26619649295911796,LAND
-987654321,28672,-28672,-25.804799999999997,17.510436956808466,1341.7716060062144,835.1878652225523,0.6160682160211228,0.17114270669400183,-0.9637225256481823,-0.2669061512185299,COASTAL_WATER
-987654321,32768,-28672,-25.804799999999997,16.589470465837863,1265.3570442542994,818.6104683850815,0.6068953288641277,0.21828452910735727,-0.9671421552892421,-0.2542362119417285,MAJOR_OCEAN
-987654321,-32768,-24576,-22.1184,17.441917958908775,1176.8215141198455,833.954523260358,0.5849664635892267,0.28088981375807964,-0.9694291618610157,-0.24537135149289258,MAJOR_OCEAN
-987654321,-28672,-24576,-22.1184,16.24092949573988,522.7646885775202,847.038099555011,0.38135659855907633,0.42570384561477465,-0.9653569764195652,-0.26093276543599303,LAND
-987654321,-24576,-24576,-22.1184,15.110434720040622,626.57440554254,866.4828389645317,0.41937777675263255,0.7021098831471912,-0.963397995009227,-0.2680751820146757,LAND
-987654321,-20480,-24576,-22.1184,16.063246240271077,843.4951280966951,844.1222864945792,0.49951819802880637,0.5953100135401214,-0.9655073267603758,-0.2603758859265445,LAND
-987654321,-16384,-24576,-22.1184,17.292779536389016,1212.6708029524875,831.2700316550023,0.5930102144912422,0.2575771151699317,-0.96958320705626,-0.24476193452924327,MAJOR_OCEAN
-987654321,-12288,-24576,-22.1184,16.474111241519566,522.8163169320643,847.5849152622625,0.3812278308190855,0.36708083055042706,-0.9718564400316778,-0.235573894922493,LAND
-987654321,-8192,-24576,-22.1184,18.247400967427843,926.7821750815165,865.0993806472662,0.5169232580480152,0.5797405217947939,-0.9704206593147809,-0.2414202642179524,LAND
-987654321,-4096,-24576,-22.1184,16.756401420892374,965.837536095211,846.7150955155713,0.5325665874043932,0.5578646435077617,-0.9664620325212876,-0.2568095397270548,LAND
-987654321,0,-24576,-22.1184,17.42052665371352,1188.6348450012074,833.5694797668434,0.5875011388864433,0.2861732185465842,-0.9635506411720044,-0.2675260022820571,MAJOR_OCEAN
-987654321,4096,-24576,-22.1184,16.19740803210141,603.5615248124144,843.5940873574523,0.41677946744138805,0.47976079659097276,-0.9645523640500347,-0.2638915250732565,LAND
-987654321,8192,-24576,-22.1184,15.162575891796838,662.8609112252757,867.4533941083813,0.4328705798127089,0.6955971225348705,-0.9684605284800498,-0.24916702184707876,LAND
-987654321,12288,-24576,-22.1184,15.957789865420576,823.5051804153178,846.5458494219909,0.49280672206371406,0.6114503646318582,-0.9715621692582211,-0.2367846094370572,LAND
-987654321,16384,-24576,-22.1184,17.595134933870522,997.7366719090495,836.7124288096694,0.5435926670580836,0.2585774106023443,-0.9711927053892695,-0.23829546575348742,MAJOR_OCEAN
-987654321,20480,-24576,-22.1184,16.32668171778245,576.4715100199055,852.1444996585384,0.4032352086974518,0.4191912111536217,-0.9676546945112173,-0.2522784021481082,LAND
-987654321,24576,-24576,-22.1184,15.171148791207667,710.6765354193498,865.2374976324439,0.4506755095862652,0.6931008055750397,-0.9640456691547334,-0.2657366135556075,LAND
-987654321,28672,-24576,-22.1184,16.551914910550106,908.2510224405839,843.8442289300241,0.518084240848005,0.5247822298556318,-0.9638496950736432,-0.26644655243865545,LAND
-987654321,32768,-24576,-22.1184,17.393930778464014,1179.822358239092,833.0907540123522,0.5858357796380378,0.254838977196281,-0.9672641420694247,-0.25377170738027477,MAJOR_OCEAN
-987654321,-32768,-20480,-18.432000000000002,18.049207838603063,1088.4812057610147,844.8857410948551,0.5627066816511923,0.1650808224858689,-0.9716863484071423,-0.23627450205046174,MAJOR_OCEAN
-987654321,-28672,-20480,-18.432000000000002,17.178928563609546,689.1022756090588,843.256852647394,0.4494069672984052,0.282523346108262,-0.9677407270003449,-0.25194817980061684,LAND
-987654321,-24576,-20480,-18.432000000000002,17.148805696537835,637.6509408293766,864.2712435753787,0.42427408913517606,0.5454998465974473,-0.9658386083884514,-0.25914432763666606,LAND
-987654321,-20480,-20480,-18.432000000000002,17.617694835123004,803.3082134541424,842.7084531623884,0.487735327599556,0.24339639270898658,-0.9678866107454464,-0.25138716900369606,LAND
-987654321,-16384,-20480,-18.432000000000002,18.306219584321973,1470.432800556101,849.5119525177955,0.6335492469644682,0.3399526915505485,-0.9718353648120983,-0.23566082343176123,MAJOR_OCEAN
-987654321,-12288,-20480,-18.432000000000002,17.456328378115078,673.3120736993438,841.6533108623839,0.4441473931767917,0.26127304826575626,-0.9740321428155062,-0.22640977179051533,LAND
-987654321,-8192,-20480,-18.432000000000002,17.048408107736474,704.616685730441,858.4560589833862,0.4505012238796874,0.37473488468296456,-0.9726451480347029,-0.2322959663975051,LAND
-987654321,-4096,-20480,-18.432000000000002,17.319761414073977,739.9287457394328,847.077413883814,0.46594828442918657,0.2958563931093442,-0.9688125998025332,-0.24779456504099645,LAND
-987654321,0,-20480,-18.432000000000002,18.281553573963404,1158.320709917109,849.0679643313413,0.5767413074815106,0.2732918016433919,-0.9659869106099891,-0.25859096761133976,MAJOR_OCEAN
-987654321,4096,-20480,-18.432000000000002,17.379455740453633,594.1913731541365,850.8251948817846,0.4109160201125552,0.29070409116008766,-0.9669597662164059,-0.25492903035690856,LAND
-987654321,8192,-20480,-18.432000000000002,16.915442871111424,584.4314517318926,860.979771565016,0.40405622019425164,0.4042026942396511,-0.9707489155219355,-0.24009694503051487,LAND
-987654321,12288,-20480,-18.432000000000002,17.37260307834224,838.3038805087708,846.3487038085779,0.49731711522767014,0.2805550399191992,-0.9737480140753515,-0.22762865611409508,LAND
-987654321,16384,-20480,-18.432000000000002,18.256055306116824,1327.1148261464618,848.6089955101029,0.6096845235683046,0.4203980081124116,-0.9733911780270363,-0.22914976443177595,MAJOR_OCEAN
-987654321,20480,-20480,-18.432000000000002,17.52161628462234,678.3333850898047,847.530065346609,0.44426591316723246,0.2780264235214053,-0.9699685004709622,-0.24323056570692983,LAND
-987654321,24576,-20480,-18.432000000000002,17.12324902441996,655.8917529036222,859.8031954836889,0.4324480368323415,0.39491649900423614,-0.966467751922999,-0.2567880146987089,LAND
-987654321,28672,-20480,-18.432000000000002,17.471204280359856,816.8084404486403,840.0716231766518,0.49268246742923155,0.25550769401503903,-0.9662774123948273,-0.2575033248242763,LAND
-987654321,32768,-20480,-18.432000000000002,18.298304656246568,1335.488357511066,849.3694838124381,0.6109676175018078,0.14720261811350965,-0.9695900970989619,-0.24473463916582314,MAJOR_OCEAN
-987654321,-32768,-16384,-14.745600000000001,19.07589100824195,1223.2884574866441,863.3660381483551,0.5859630796400331,0.0,-0.9739300607531038,-0.2268484885588959,MAJOR_OCEAN
-987654321,-28672,-16384,-14.745600000000001,18.882345146970735,1259.29514957888,859.8822126454733,0.5939574546997846,0.0,-0.9701177816708266,-0.24263447752962544,MAJOR_OCEAN
-987654321,-24576,-16384,-14.745600000000001,18.85809843703742,1473.973967608651,859.4457718666736,0.6314091432160078,0.05941731024466388,-0.9682756485396593,-0.24988451021442323,MAJOR_OCEAN
-987654321,-20480,-16384,-14.745600000000001,19.021611023000062,1265.964772890096,862.3889984140011,0.5945300353331007,0.11137367346146212,-0.9702589556076125,-0.24206932697726266,MAJOR_OCEAN
-987654321,-16384,-16384,-14.745600000000001,19.050768249509368,1388.7176673326794,862.9138284911686,0.616486837686156,0.1251343206077437,-0.9740737837933985,-0.22623055436083675,MAJOR_OCEAN
-987654321,-12288,-16384,-14.745600000000001,19.149110882999793,1235.2334911319035,864.6839958939963,0.5879495500227971,0.0,-0.9761901276135072,-0.21691665392478388,MAJOR_OCEAN
-987654321,-8192,-16384,-14.745600000000001,18.93586659950134,1343.3038646118302,860.8455987910241,0.6091668101893303,0.04919910093394364,-0.9748544485840369,-0.2228425544547388,MAJOR_OCEAN
-987654321,-4096,-16384,-14.745600000000001,18.886104332611914,1328.9772887675035,859.9498779870145,0.6068591270718167,0.11400324871390383,-0.9711546713956104,-0.238450422994978,MAJOR_OCEAN
-987654321,0,-16384,-14.745600000000001,19.078005565013765,1381.0237167605167,863.4041001702478,0.6150381260744393,0.11678089265315686,-0.9684193665206912,-0.24932695511649589,MAJOR_OCEAN
-987654321,4096,-16384,-14.745600000000001,19.115583102684493,1141.6004509546049,864.0804958483209,0.56889983072467,0.0,-0.9693617653427269,-0.24563747249072604,MAJOR_OCEAN
-987654321,8192,-16384,-14.745600000000001,18.89776499905586,1248.2309071936645,860.1597699830054,0.5917495135914647,0.064677674482886,-0.9730254778654518,-0.23069767971245225,MAJOR_OCEAN
-987654321,12288,-16384,-14.745600000000001,18.936270116270073,1344.501329883666,860.8528620928613,0.609376923602287,0.10868362686062509,-0.9759166641468381,-0.21814367889193478,MAJOR_OCEAN
-987654321,16384,-16384,-14.745600000000001,19.064743820443514,1158.1026144312768,863.1653887679832,0.5726751412765965,0.0,-0.9755731093622048,-0.21967500606432155,MAJOR_OCEAN
-987654321,20480,-16384,-14.745600000000001,19.166013122384456,1131.6312357147024,864.9882362029202,0.5664898904035955,0.0,-0.9722718358416501,-0.23385353798714972,MAJOR_OCEAN
-987654321,24576,-16384,-14.745600000000001,19.041790639592893,1411.3811752599786,862.7522315126721,0.6203509521940815,0.054733633241384874,-0.9688852384099281,-0.24751039329962823,MAJOR_OCEAN
-987654321,28672,-16384,-14.745600000000001,19.133032927794773,1437.1493945790442,864.3945927003059,0.624157194181188,0.12027413203352275,-0.9687008439521654,-0.24823109178014457,MAJOR_OCEAN
-987654321,32768,-16384,-14.745600000000001,18.83534819900051,1307.5578826433098,859.0362675820093,0.6032300292503514,0.13884385671900712,-0.9719062320343977,-0.23536838388513323,MAJOR_OCEAN
-987654321,-32768,-12288,-11.0592,19.99737617892352,1202.385327971199,879.9527712206234,0.5771436371454224,0.21787837069247729,-0.9741692589341598,-0.22581907569483556,MAJOR_OCEAN
-987654321,-28672,-12288,-11.0592,19.222560920221344,505.0815651014833,871.0184069135523,0.3667718941003425,0.27923719745963216,-0.9703716741907594,-0.24161708120127307,LAND
-987654321,-24576,-12288,-11.0592,18.977214482049774,809.7347612531493,890.6536381503842,0.47592587414903215,0.45972966904861956,-0.9685361562010308,-0.2488728874974783,LAND
-987654321,-20480,-12288,-11.0592,19.3209744656503,966.473270370865,874.8041886911855,0.5246078790232394,0.4488095103158435,-0.9705123288613445,-0.2410514872970697,LAND
-987654321,-16384,-12288,-11.0592,20.040587335417296,1155.5290509926406,880.7305720375114,0.5671977385356243,0.2301604619068403,-0.9743123989356952,-0.22520068667783996,MAJOR_OCEAN
-987654321,-12288,-12288,-11.0592,19.105626798999932,528.9520428185507,870.9279306914788,0.37758555538003324,0.3001109647603858,-0.9764198859624226,-0.21588007387697833,LAND
-987654321,-8192,-12288,-11.0592,18.735437949795525,734.927332611708,895.5504950896604,0.45046725130623827,0.4972015660631219,-0.9750898568578255,-0.22181021404116033,LAND
-987654321,-4096,-12288,-11.0592,19.123390284063873,1041.6244199137893,871.2476734226298,0.5442497560523724,0.44067900220573947,-0.9714047073926821,-0.23742976741625654,LAND
-987654321,0,-12288,-11.0592,19.693781893302138,1109.29269643772,874.4880740794385,0.558899357004895,0.23585967536473001,-0.9686793685295176,-0.24831488273008312,MAJOR_OCEAN
-987654321,4096,-12288,-11.0592,19.204757255759507,464.97546155077816,877.8266028270781,0.3460148439093588,0.2968682028908076,-0.9696184083474105,-0.24462244826228483,LAND
-987654321,8192,-12288,-11.0592,18.95573162345371,701.9756482393034,895.0342670090442,0.4392811593601464,0.4473101143292178,-0.9732682948052552,-0.22967112645448212,LAND
-987654321,12288,-12288,-11.0592,18.963938286380678,1052.5164647164584,877.3516695610806,0.5451001267418357,0.5030241460530107,-0.9761475965908851,-0.21710796777142602,LAND
-987654321,16384,-12288,-11.0592,19.753643317828416,1298.428782086311,875.5655797209115,0.5969802979201448,0.23331059316755273,-0.9758055040046835,-0.21864038591752843,MAJOR_OCEAN
-987654321,20480,-12288,-11.0592,19.209424717110867,615.1030888973254,879.8057834104178,0.41119021371161735,0.3809234820152201,-0.9725176027292629,-0.23282936322922762,LAND
-987654321,24576,-12288,-11.0592,18.813384411236672,810.8350484497867,891.7494524476215,0.4759582210466565,0.5274286569216365,-0.9691435893800215,-0.2464968623808589,LAND
-987654321,28672,-12288,-11.0592,19.03981731965011,1037.3659358619295,869.743360063182,0.5436616959402119,0.45057922752654733,-0.9689598506056134,-0.24721813831988018,LAND
-987654321,32768,-12288,-11.0592,19.853686873144024,1098.1215514377784,877.3663637165924,0.5555923428714772,0.2214559964128404,-0.9721534094254104,-0.23434536168345732,MAJOR_OCEAN
-987654321,-32768,-8192,-7.372800000000001,20.712946912373592,1140.3309898007076,892.8330444227247,0.5605894955448091,0.2623321770272007,-0.9722013105729359,-0.23414656034258913,MAJOR_OCEAN
-987654321,-28672,-8192,-7.372800000000001,19.616130193969962,477.5074142521941,911.5474955021873,0.34351694375624936,0.4058649603625684,-0.9682855987872034,-0.2498459509003637,LAND
-987654321,-24576,-8192,-7.372800000000001,18.84284294505369,684.1861096061157,932.1649158514787,0.42302882852072266,0.6871432000220384,-0.9663969285367333,-0.25705442325462513,LAND
-987654321,-20480,-8192,-7.372800000000001,19.741942992153227,975.5294623629712,903.18697568261,0.5189769279122066,0.5388166799495876,-0.9684304264409778,-0.2492839929545137,LAND
-987654321,-16384,-8192,-7.372800000000001,20.638875921721315,1127.842708104606,891.4997665909837,0.5582433286586924,0.2686327591646279,-0.9723491392212871,-0.23353190671859392,MAJOR_OCEAN
-987654321,-12288,-8192,-7.372800000000001,19.529509669669125,508.5695335903541,912.2283834647418,0.3576946677793217,0.41206106138995174,-0.9745278651200057,-0.22426644890541267,LAND
-987654321,-8192,-8192,-7.372800000000001,18.925150581533693,634.7516835094042,934.1208158595869,0.40433327150105636,0.7013235582233636,-0.9731523881204275,-0.23016174637743098,LAND
-987654321,-4096,-8192,-7.372800000000001,19.62283205235493,901.2276908308303,903.0789963081093,0.4992102988656742,0.5639919655049707,-0.9693496266278931,-0.24568537066004584,LAND
-987654321,0,-8192,-7.372800000000001,20.60887532405444,1075.9426251790587,890.9597558329799,0.5467459339246954,0.2632386399686471,-0.9665442031544055,-0.25650010399338097,MAJOR_OCEAN
-987654321,4096,-8192,-7.372800000000001,19.652283133868632,621.4755323775922,912.0537084029763,0.4049942587353151,0.46109237125418867,-0.9675102309166507,-0.2528318671995468,LAND
-987654321,8192,-8192,-7.372800000000001,18.82986615184261,734.5118040226976,933.4326047369675,0.4401056141639708,0.7157605622244313,-0.9712712480625574,-0.2379751303960189,LAND
-987654321,12288,-8192,-7.372800000000001,19.719885569607705,812.1884207038702,907.881930230933,0.4719089026562617,0.569743966027825,-0.9742461304282723,-0.2254871999594161,LAND
-987654321,16384,-8192,-7.372800000000001,20.821587368759676,1140.566778911926,894.7885726376742,0.56010203624038,0.2643595698506349,-0.9738922754707984,-0.22701065124418862,MAJOR_OCEAN
-987654321,20480,-8192,-7.372800000000001,19.692314864763627,525.8526747719185,906.5024103453723,0.3668683916720386,0.42032156367053336,-0.9704968390260821,-0.24111384331967128,LAND
-987654321,24576,-8192,-7.372800000000001,18.965883670983466,710.435977877698,932.8577736599068,0.43206147150614554,0.6688961179125242,-0.9670216887415226,-0.25469403900267035,LAND
-987654321,28672,-8192,-7.372800000000001,19.923636056908517,858.0625520631761,912.4565468112309,0.48436539725051475,0.5675560546023273,-0.9668326819643481,-0.25541058138931044,LAND
-987654321,32768,-8192,-7.372800000000001,20.73329224024405,1192.7162831661703,893.199260324393,0.571521107735505,0.26208087075881203,-0.970121306700865,-0.24262038307818684,MAJOR_OCEAN
-987654321,-32768,-4096,-3.6864000000000003,21.448906038788554,1193.103213114537,906.0803086981939,0.5680947406371107,0.16153699553528977,-0.9697490847693355,-0.24410389711972277,MAJOR_OCEAN
-987654321,-28672,-4096,-3.6864000000000003,21.147494086006574,662.7708140152545,904.2212119827637,0.42268761768313495,0.2768717789987185,-0.9656944055665647,-0.25968117963656767,LAND
-987654321,-24576,-4096,-3.6864000000000003,20.625745682845224,705.8509796564532,927.3420827253345,0.4319263102412737,0.39153809201216727,-0.9637432850167149,-0.2668311836821007,LAND
-987654321,-20480,-4096,-3.6864000000000003,20.938241268823006,824.1445393063165,902.4782889689884,0.47703962104336417,0.24159528810017025,-0.9658441383167022,-0.25912371655112326,LAND
-987654321,-16384,-4096,-3.6864000000000003,21.692015042555614,1158.2632383855757,910.4562707660011,0.5596232886940188,0.15364767395038623,-0.9699024341185124,-0.2434938773172431,MAJOR_OCEAN
-987654321,-12288,-4096,-3.6864000000000003,20.779274154449176,675.5577836224995,906.1679070034921,0.42683188099089125,0.27514466586054526,-0.9721650853930165,-0.23429692004546043,LAND
-987654321,-8192,-4096,-3.6864000000000003,20.736366550607237,685.2948250362454,926.1785878889245,0.42499604616305564,0.3749993997391038,-0.9707360573878046,-0.24014892647517933,LAND
-987654321,-4096,-4096,-3.6864000000000003,20.992695723626312,870.6573064616226,906.7526768552211,0.4895706359215288,0.26348858414835885,-0.9667948730543197,-0.25555366058008633,LAND
-987654321,0,-4096,-3.6864000000000003,21.562854186368572,1206.285125263078,908.1313753546343,0.570235282229687,0.1621009464661871,-0.9638953307602156,-0.26628141380624837,MAJOR_OCEAN
-987654321,4096,-4096,-3.6864000000000003,21.032034298628766,627.4820967716428,902.1429358099631,0.4099515449014377,0.28257667398251723,-0.9648930631904613,-0.26264305931611526,LAND
-987654321,8192,-4096,-3.6864000000000003,20.82364539679302,713.8594903047658,931.3274170272847,0.43364425213520064,0.39838806025610124,-0.9687847682274322,-0.2479033538508919,LAND
-987654321,12288,-4096,-3.6864000000000003,21.034903486166264,782.5697535647439,904.218208881167,0.46366591715149946,0.24040742638468968,-0.9718722185815811,-0.23550879123573162,LAND
-987654321,16384,-4096,-3.6864000000000003,21.77908518995805,1254.6880146685683,912.0235334192448,0.5788076442990566,0.14856728162425492,-0.9715045026717993,-0.23702109882544198,MAJOR_OCEAN
-987654321,20480,-4096,-3.6864000000000003,21.04039233196315,741.4929312247915,901.2599484581832,0.4510975709242869,0.2809200304754227,-0.9679824505910787,-0.2510178785419278,LAND
-987654321,24576,-4096,-3.6864000000000003,20.776215557429047,636.8988535101937,925.2245938609647,0.4074526900490952,0.3764380667060671,-0.9643883977481602,-0.2644901100017472,LAND
-987654321,28672,-4096,-3.6864000000000003,22.83326879023731,1165.0850675934344,930.9988382242716,0.5555738920895195,0.0,-0.9641932025408565,-0.2652008072649985,COASTAL_WATER
-987654321,32768,-4096,-3.6864000000000003,21.802260184452063,1026.1908101842637,912.4406833201372,0.5290648319646576,0.0,-0.9675935786083053,-0.25251270589016556,MAJOR_OCEAN
-987654321,-32768,0,0.0,22.457105502900443,1281.6040178662506,924.2278990522079,0.5807438292155194,0.127466868491653,-0.9711480139071775,0.2384775358060892,MAJOR_OCEAN
-987654321,-28672,0,0.0,22.306880097367625,1157.8098444405198,921.5238417526173,0.5565500631580069,0.0,-0.9749000975332355,0.22264276280554882,MAJOR_OCEAN
-987654321,-24576,0,0.0,22.35782328310671,1369.4556324197824,922.4408190959208,0.5972601298739476,0.06697195153389959,-0.9765600540853719,0.21524511786513398,MAJOR_OCEAN
-987654321,-20480,0,0.0,22.495152854310845,1348.2716010864335,924.9127513775952,0.5928594133653284,0.11065530092919827,-0.9747689907481489,0.22321607172386834,MAJOR_OCEAN
-987654321,-16384,0,0.0,22.425542005060137,1464.9211129016555,923.6597560910825,0.613045213037361,0.11747222439784406,-0.9709974326151488,0.23908991165415072,MAJOR_OCEAN
-987654321,-12288,0,0.0,22.49827148174255,1185.1901152709092,924.9688866713659,0.56139310879973,0.0,-0.96869518646887,0.24825316858409113,MAJOR_OCEAN
-987654321,-8192,0,0.0,22.490168392555514,1233.0222261026286,924.8230310659992,0.5711489612366956,0.06352741743327317,-0.9701670054240065,0.24243758286745867,MAJOR_OCEAN
-987654321,-4096,0,0.0,22.567268254905002,1424.5241049491733,926.21082858829,0.6057332757337639,0.11143854506716024,-0.9739236909124195,0.2268758344988067,MAJOR_OCEAN
-987654321,0,0,0.0,22.391502151403397,1462.7602972202305,923.0470387252611,0.6128522713965867,0.11304619609385398,-0.9764338580841033,0.21581686863401833,MAJOR_OCEAN
-987654321,4096,0,0.0,22.69474153451521,1276.8648441679654,928.5053476212738,0.5787174105776426,0.0,-0.9755926249298833,0.21958831977684998,MAJOR_OCEAN
-987654321,8192,0,0.0,22.528429282746416,1447.590312511267,925.5117270894355,0.6097422471170344,0.06728417660850258,-0.9720798239942036,0.23465041185431199,MAJOR_OCEAN
-987654321,12288,0,0.0,22.659854282622643,1476.6276006856506,927.8773770872076,0.613853479552052,0.10581840478614644,-0.9690019391047866,0.24705311576898498,MAJOR_OCEAN
-987654321,16384,0,0.0,22.346729079070073,1304.5937615102405,922.2411234232613,0.5855881736716683,0.0,-0.9693833109514932,0.2455524311602731,MAJOR_OCEAN
-987654321,20480,0,0.0,22.665144247002388,1205.2333776009386,927.972596446043,0.5647221459677195,0.0,-0.9728357578021127,0.2314964110771246,MAJOR_OCEAN
-987654321,24576,0,0.0,22.623597769932147,1362.735985991504,927.2247598587786,0.5948316611098149,0.06176816652881093,-0.976020999983193,0.21767638271481776,MAJOR_OCEAN
-987654321,28672,0,0.0,22.645779442662402,1395.1540844948597,927.6240299679232,0.600381798852338,0.08933728661257767,-0.9761851070429726,0.2169392467662322,MAJOR_OCEAN
-987654321,32768,0,0.0,22.48975365047344,1526.9292820379985,924.815565708522,0.6225389825773673,0.1707262847562456,-0.9731960103715582,0.22997722799634318,MAJOR_OCEAN
-987654321,-32768,4096,3.6864000000000003,21.690701258055395,1161.0781564089564,910.4326226449971,0.560227801053444,0.30788707791743414,-0.9693386341175236,0.24572873744674978,MAJOR_OCEAN
-987654321,-28672,4096,3.6864000000000003,20.76781637683065,677.9691039141097,906.8442970304611,0.42752136128392254,0.28364059574101785,-0.9731954497360568,0.2299796004280256,LAND
-987654321,-24576,4096,3.6864000000000003,20.743109977555267,631.8382057588707,931.8331316067228,0.40381528738340944,0.412931147483459,-0.9749052738224369,0.22262009584311893,LAND
-987654321,-20480,4096,3.6864000000000003,21.056128163087234,912.6115700245142,904.0226172851384,0.5020875907793659,0.23514479651578454,-0.9730605027014838,0.23054990367019368,LAND
-987654321,-16384,4096,3.6864000000000003,21.62247881637047,1392.273034792299,909.2046186946684,0.6046847111344525,0.2513370801324506,-0.9691840594513492,0.24633769282309112,MAJOR_OCEAN
-987654321,-12288,4096,3.6864000000000003,21.003480718978246,603.4235520357079,907.8779131820746,0.39901009548305266,0.27945572949957614,-0.9668225826894601,0.25544880818215254,LAND
-987654321,-8192,4096,3.6864000000000003,20.677303312524785,700.6936324757111,919.2944233703763,0.4322632914836492,0.3547087029905758,-0.968331878662348,0.24966652311883486,LAND
-987654321,-4096,4096,3.6864000000000003,21.067156790003228,844.9595109881315,902.7751406547035,0.48318337501595277,0.2340028371193143,-0.9721907725451117,0.234190311025326,LAND
-987654321,0,4096,3.6864000000000003,21.46232526830051,1170.8049461720345,906.3218548294092,0.5633943730516476,0.16777347531669373,-0.9747752030131777,0.22318894146130613,MAJOR_OCEAN
-987654321,4096,4096,3.6864000000000003,21.04077912754974,656.3575069093724,905.7606726053754,0.41990267627309613,0.2888044986826665,-0.9739084966030019,0.22694105015285493,LAND
-987654321,8192,4096,3.6864000000000003,20.63251422990718,703.181870284747,923.9980454758205,0.4318821670001202,0.3762953402338097,-0.9702954989217267,0.24192280746601247,LAND
-987654321,12288,4096,3.6864000000000003,20.72884403698698,861.4485909908041,907.5367871684084,0.4866981397816472,0.29730361271894906,-0.9671370358321261,0.25425568611507765,LAND
-987654321,16384,4096,3.6864000000000003,21.647228035461634,1131.7733319556885,909.6501046383094,0.554132562169902,0.14282832251159086,-0.9675280614678647,0.2527636252949299,MAJOR_OCEAN
-987654321,20480,4096,3.6864000000000003,20.971888477747793,618.0992538222216,902.5063029490284,0.40621516599465424,0.271988105010447,-0.9710722059404744,0.2387860357095887,LAND
-987654321,24576,4096,3.6864000000000003,20.748880849350876,683.1028333940782,926.4038452663101,0.4241539898252889,0.3694612435871813,-0.9743497665418152,0.22503895760492315,LAND
-987654321,28672,4096,3.6864000000000003,21.03609942966417,831.4411042632867,913.7958958509697,0.47613302444564254,0.30077016631606635,-0.9745188554804357,0.2243055958131709,LAND
-987654321,32768,4096,3.6864000000000003,21.442704973176706,1336.8401404441277,905.9686895171808,0.595790569407457,0.16789553979129307,-0.9714425042018199,0.23727507460771613,MAJOR_OCEAN
-987654321,-32768,8192,7.372800000000001,20.61384845452166,1057.6435262767548,891.0492721813898,0.5424667553335377,0.264981632701556,-0.9666829158848866,0.25597683515563113,MAJOR_OCEAN
-987654321,-28672,8192,7.372800000000001,19.769580653378206,545.5570267335593,908.7145673119649,0.3748833062953973,0.45231795585723494,-0.9706855438501434,0.2403530215336418,LAND
-987654321,-24576,8192,7.372800000000001,18.92537864916957,716.3605827953094,933.4557002678796,0.4339432498606442,0.7002216514484431,-0.9724648785802127,0.23304947957026664,LAND
-987654321,-20480,8192,7.372800000000001,19.56542924937669,870.7049416346665,907.8793820256676,0.48927433786546226,0.5999426748183236,-0.970545246049746,0.24091891866401446,LAND
-987654321,-16384,8192,7.372800000000001,20.867572955425643,1218.9156627298653,895.6163131976616,0.576174539831972,0.29347046688128886,-0.9665227862783187,0.25658079352281127,MAJOR_OCEAN
-987654321,-12288,8192,7.372800000000001,19.648357931608103,623.347330155371,903.8936033386146,0.40788550842583754,0.4826981424257437,-0.9640789602165896,0.2656158098978663,LAND
-987654321,-8192,8192,7.372800000000001,18.904959362020353,729.1794270049886,932.9148263436263,0.4384474454991333,0.7026616051277331,-0.9656403517345409,0.25988211000758066,LAND
-987654321,-4096,8192,7.372800000000001,19.86542412162869,969.1596801123017,913.6562946234368,0.5144662180966244,0.5962733080537524,-0.9696414835944142,0.24453096591806814,LAND
-987654321,0,8192,7.372800000000001,20.71033225345463,1247.6087318506477,892.7859805621833,0.5826150240395879,0.2707147537067203,-0.9723294047853792,0.23361405905833274,MAJOR_OCEAN
-987654321,4096,8192,7.372800000000001,19.996914976806572,530.5088617886565,907.374893700904,0.36869473281957943,0.420429198035546,-0.9714271865854318,0.23733777862513297,LAND
-987654321,8192,8192,7.372800000000001,19.02784134059416,613.9250266089228,932.8867271552426,0.3966406283683412,0.7059397779681661,-0.9676746409610824,0.2522018819137564,LAND
-987654321,12288,8192,7.372800000000001,19.59120015667787,944.7029769446041,907.8488354562123,0.509671739750817,0.6094503606744098,-0.9644041149119241,0.26443279513129286,LAND
-987654321,16384,8192,7.372800000000001,20.75403169519964,1028.2318577131068,893.5725705135935,0.5347563395521145,0.2679001238390302,-0.9648085585711652,0.2629533139320183,MAJOR_OCEAN
-987654321,20480,8192,7.372800000000001,19.6045066665407,506.8207925106789,907.6392799366598,0.358060818793979,0.3856226455350968,-0.9684802617038336,0.24909031030948176,LAND
-987654321,24576,8192,7.372800000000001,18.874510003660347,674.9936097390291,933.9676221400765,0.41926078490175434,0.7072106274066151,-0.9718864313437384,0.23545013181124533,LAND
-987654321,28672,8192,7.372800000000001,19.70558502640952,957.8551663904901,912.0252125155267,0.5119809781481532,0.6031609472112465,-0.9720624657041711,0.23472230990923534,LAND
-987654321,32768,8192,7.372800000000001,20.859524837253545,1150.7295818898974,895.4714470705638,0.5620989661548876,0.26253567747384643,-0.9688645457269048,0.24759138117753293,MAJOR_OCEAN
-987654321,-32768,12288,11.0592,19.74063250658322,1215.5026059644565,875.331385118498,0.5810703005811584,0.2249255871422879,-0.9656550549053671,0.259827471480043,MAJOR_OCEAN
-987654321,-28672,12288,11.0592,19.0802007487661,538.4366343638219,870.4702617872698,0.3818951704071392,0.29433531864952694,-0.9697117824325177,0.24425203993324107,LAND
-987654321,-24576,12288,11.0592,18.771107119144062,779.5719257041436,886.2604359577236,0.4676966584251423,0.43431857115673106,-0.971516932385568,0.23697014598496496,LAND
-987654321,-20480,12288,11.0592,21.1607086557736,1286.386597590322,900.8927558039247,0.5878530067904739,0.18229116687723138,-0.9695694981003891,0.24481623384359086,COASTAL_WATER
-987654321,-16384,12288,11.0592,20.042831457974998,1102.132634184569,880.77096624355,0.5555373930198689,0.2465720021908066,-0.9654928657573117,0.2604295032666877,MAJOR_OCEAN
-987654321,-12288,12288,11.0592,19.027743160081503,544.156748573639,874.640349104874,0.38326374202580127,0.3146884588888801,-0.9630185210255126,0.26943520215783695,LAND
-987654321,-8192,12288,11.0592,18.847645763772242,761.1872272175467,899.7799104285389,0.45800377755702704,0.47905390337796144,-0.9645992163110931,0.26372021517514543,LAND
-987654321,-4096,12288,11.0592,19.263904949780247,940.6466191040214,873.7769374055246,0.5181416841987945,0.4426020594787514,-0.9686531030241062,0.24841732226592061,LAND
-987654321,0,12288,11.0592,19.862587843183416,1312.616486895945,877.5265811773015,0.5990555824591488,0.2291013338000795,-0.9713794514333054,0.23753307418785014,MAJOR_OCEAN
-987654321,4096,12288,11.0592,21.00688543495232,704.8605139237097,898.1239378291418,0.4394434828551053,0.3015961103149228,-0.9704640433201888,0.2412458095441885,COASTAL_WATER
-987654321,8192,12288,11.0592,18.982723068201572,651.7251565002258,892.7399281425386,0.4217016372458991,0.40122972585612987,-0.9666597072142702,0.256064465415296,LAND
-987654321,12288,12288,11.0592,20.991472650409694,1321.3371863257755,897.8465077073745,0.5951476852464652,0.18040103708130906,-0.963347640321377,0.2682560789380826,COASTAL_WATER
-987654321,16384,12288,11.0592,19.69932420476347,1116.4244910044247,874.5878356857424,0.5604505936263068,0.24211519165172402,-0.9637570555464855,0.2667814421663703,MAJOR_OCEAN
-987654321,20480,12288,11.0592,19.360194576046823,473.8415148416245,871.0163888516893,0.3520739548664869,0.3082677329357852,-0.9674760532573956,0.25296261852987906,LAND
-987654321,24576,12288,11.0592,18.894836142775752,739.7674302069106,900.1413840309526,0.45082787281540876,0.4886643017198313,-0.9709299638316967,0.23936375108562297,LAND
-987654321,28672,12288,11.0592,19.106798526978253,953.690198233379,879.244081916091,0.520024195281224,0.4764024248714926,-0.9711085779694898,0.23863807280917146,LAND
-987654321,32768,12288,11.0592,20.00450975753854,1276.4721150645603,880.0811756356936,0.5916294724058795,0.22003478559699155,-0.9678655262179319,0.25146833430650034,MAJOR_OCEAN
-987654321,-32768,16384,14.745600000000001,19.2139994544976,1172.095254008982,865.8519901809568,0.574853153924857,0.0,-0.9672584027082135,0.2537935822481636,MAJOR_OCEAN
-987654321,-28672,16384,14.745600000000001,18.988558141318734,1135.8202655740588,861.7940465437372,0.5683038786860818,0.0,-0.9712301881435172,0.2381426497683858,MAJOR_OCEAN
-987654321,-24576,16384,14.745600000000001,18.941727540444116,1383.9578643452596,860.951095727994,0.6162128069074179,0.061517736908490835,-0.9729948116246036,0.23082698401963808,MAJOR_OCEAN
-987654321,-20480,16384,14.745600000000001,19.091152222077376,1280.5961144269686,863.6407399973928,0.5969485895162823,0.114970316189907,-0.9710910225647503,0.23870950105546182,MAJOR_OCEAN
-987654321,-16384,16384,14.745600000000001,19.064743820443514,1245.8965947363813,863.1653887679832,0.5904549745345451,0.14287746653920597,-0.9670994476184607,0.25439862109702593,MAJOR_OCEAN
-987654321,-12288,16384,14.745600000000001,18.931217885842283,1118.0624633563605,860.761921945161,0.5647280999552305,0.0,-0.9646730289593354,0.26345008483282234,MAJOR_OCEAN
-987654321,-8192,16384,14.745600000000001,18.961460879048207,1409.6752335536432,861.3062958228677,0.6204606927154437,0.051594647658446555,-0.966223409191447,0.25770588571171127,MAJOR_OCEAN
-987654321,-4096,16384,14.745600000000001,18.868184385397047,1313.7458243749643,859.6273189371468,0.6041952037605665,0.10237566457556724,-0.9701944606091948,0.24232768847829517,MAJOR_OCEAN
-987654321,0,16384,14.745600000000001,19.177960464030726,1231.3576645514559,865.203288352553,0.5870426138733555,0.0,-0.9728604815037977,0.2313924880548179,MAJOR_OCEAN
-987654321,4096,16384,14.745600000000001,18.969764058620807,1216.8459944892656,861.4557530551745,0.5852185696117963,0.0,-0.9719657794698212,0.2351223586552817,MAJOR_OCEAN
-987654321,8192,16384,14.745600000000001,19.104509279367292,1232.7900260143522,863.8811670286112,0.5876945967999966,0.052457631563662115,-0.968242756242788,0.25001192968210323,MAJOR_OCEAN
-987654321,12288,16384,14.745600000000001,18.95580932507003,1264.167434959145,861.2045678512605,0.5945184724442887,0.11462909631470908,-0.9649959219620998,0.2622648863201418,MAJOR_OCEAN
-987654321,16384,16384,14.745600000000001,19.050768249509368,1390.0110291959713,862.9138284911686,0.6167069077104584,0.13482565643721534,-0.9653975296294419,0.2607826868972918,MAJOR_OCEAN
-987654321,20480,16384,14.745600000000001,19.164626358500847,1197.2678293602903,864.9632744530152,0.5802877957527276,0.0,-0.9690422618498234,0.24689490628398575,MAJOR_OCEAN
-987654321,24576,16384,14.745600000000001,18.92390971475642,1338.676490624097,860.6303748656155,0.6084044510428566,0.052307603321780485,-0.972421219977295,0.2332315822050463,MAJOR_OCEAN
-987654321,28672,16384,14.745600000000001,19.144374124692714,1260.6775281107869,864.5987342444689,0.5929039186631122,0.0975589570502205,-0.972595784293017,0.23250255993311392,MAJOR_OCEAN
-987654321,32768,16384,14.745600000000001,18.939877772207073,1341.5361204966794,860.9177998997272,0.608833299429894,0.24700216994630678,-0.969423587603273,0.24539337358290553,MAJOR_OCEAN
-987654321,-32768,20480,18.432000000000002,18.28239442837185,1235.230321960658,849.0830997106932,0.5923475623010364,0.16334221876684352,-0.9699385627349443,0.24334992196355956,MAJOR_OCEAN
-987654321,-28672,20480,18.432000000000002,17.377924364224686,569.9727735230167,843.7221350019075,0.4028944828233789,0.29431239430959766,-0.9737611600749131,0.22757241293610142,LAND
-987654321,-24576,20480,18.432000000000002,17.14237181256409,823.0080445663854,865.116822166338,0.48723931591767455,0.5414728327406068,-0.9754546859357743,0.2202002626836306,LAND
-987654321,-20480,20480,18.432000000000002,19.387062598633612,1120.3492258462175,868.967126775405,0.5629000758449811,0.0,-0.9736274680089285,0.22814371246765267,COASTAL_WATER
-987654321,-16384,20480,18.432000000000002,18.153148148869096,1163.30511361766,846.7566666796438,0.5784531957271266,0.15093491916888627,-0.9697852924808086,0.24396001001785633,MAJOR_OCEAN
-987654321,-12288,20480,18.432000000000002,17.486124808090274,648.918276234453,839.762556895193,0.4356089316603149,0.2775680610129617,-0.9674431602647832,0.2530883870447022,LAND
-987654321,-8192,20480,18.432000000000002,17.195270203739096,686.6333517871902,866.0166635523141,0.44194853732045103,0.3897004616910867,-0.968940216962614,0.24729507870647668,LAND
-987654321,-4096,20480,18.432000000000002,17.563303273625607,807.1415569668051,843.1661072347409,0.48878932403979414,0.25269602788855905,-0.9727657210419983,0.2317905346765504,LAND
-987654321,0,20480,18.432000000000002,18.329429378459153,1112.841560507277,849.9297288122648,0.5666859305662235,0.15663199963649124,-0.9753258816528811,0.22077007174440563,MAJOR_OCEAN
-987654321,4096,20480,18.432000000000002,17.52168687270205,590.828554978287,838.9566821432823,0.4129400693055139,0.27836434499020035,-0.9744675009672967,0.2245285940777957,LAND
-987654321,8192,20480,18.432000000000002,16.993716486746987,673.3442584124181,859.2994798983949,0.43904867968492695,0.3762912524862691,-0.9708872430324387,0.23953697275550268,LAND
-987654321,12288,20480,18.432000000000002,17.331977136656214,850.4217193033043,846.5794352767202,0.500836949968767,0.303497499681988,-0.9677550987429029,0.25189297103554575,LAND
-987654321,16384,20480,18.432000000000002,18.3830228033457,1338.1450461672873,850.8944104602226,0.6110141267627782,0.16740100893283363,-0.9681429717263998,0.2503980556968751,MAJOR_OCEAN
-987654321,20480,20480,18.432000000000002,17.58611725970982,582.4834127114375,845.4342645047243,0.40763958763967434,0.27849321884803896,-0.9716571634753771,0.2363944937323715,LAND
-987654321,24576,20480,18.432000000000002,17.09725838480638,687.079983361047,866.4466726081107,0.44198662063642274,0.41384663418871076,-0.9749045564290252,0.2226232374527098,LAND
-987654321,28672,20480,18.432000000000002,17.343792113183394,922.0652343743633,837.7782041674753,0.5236497545391822,0.24794773628476038,-0.975072017063405,0.22188862417866978,LAND
-987654321,32768,20480,18.432000000000002,18.409412145102465,1173.3203231162008,851.3694186118444,0.5792201534847494,0.2684528937884249,-0.9720241796031442,0.23488080863883792,MAJOR_OCEAN
-987654321,-32768,24576,22.1184,17.443944530400262,1109.7124480815928,833.9910015472047,0.5706332491431603,0.26355371379200804,-0.9712390333602194,0.2381065729405776,MAJOR_OCEAN
-987654321,-28672,24576,22.1184,16.134742395100425,503.82606753226503,845.1835230507348,0.3732018431918609,0.3818636663843576,-0.9749857251570115,0.22226748691622975,LAND
-987654321,-24576,24576,22.1184,14.952101576264388,691.1910464664181,861.6121005672941,0.4448382330708599,0.7065369458674283,-0.9766431157383799,0.21486792334089663,LAND
-987654321,-20480,24576,22.1184,16.047945118689572,811.3314463301226,842.6941099232898,0.49022291122004524,0.5867776864287011,-0.9748548160094201,0.22284094709734004,LAND
-987654321,-16384,24576,22.1184,17.53446853662676,1125.0179296953604,835.6204336592817,0.5735093433692038,0.26169664545975396,-0.9710886577321056,0.2387191211948835,MAJOR_OCEAN
-987654321,-12288,24576,22.1184,16.296214712810542,609.0299960252553,838.5235244529574,0.42044010622693145,0.4288478678600406,-0.9687894627197878,0.24788500745931533,LAND
-987654321,-8192,24576,22.1184,15.208424285625593,666.9713232859486,865.5143984442675,0.43493807202418017,0.7131049577861378,-0.9702593509803438,0.2420677422441953,LAND
-987654321,-4096,24576,22.1184,16.07704922635634,866.599260209472,849.7771112682464,0.5046064884797534,0.6161917718559909,-0.9740107735916442,0.2265016841601996,LAND
-987654321,0,24576,22.1184,17.380049682344858,1176.7850546630052,832.8408942822075,0.5852829340436764,0.26217596317196884,-0.9765171190885469,0.21543982019813512,MAJOR_OCEAN
-987654321,4096,24576,22.1184,16.16274952970569,450.5031412996227,840.6536787327898,0.34864432421470504,0.3742563611016025,-0.9756771966084958,0.21921224422505817,LAND
-987654321,8192,24576,22.1184,15.47317228876974,730.7026181223674,867.6420897015075,0.45687625347295346,0.7033268153661173,-0.9721695532270125,0.23427838094538483,LAND
-987654321,12288,24576,22.1184,16.15168892210098,923.3833692342865,843.5925161489747,0.5222827850019661,0.5729832213727576,-0.9690958186081665,0.24668460502465,LAND
-987654321,16384,24576,22.1184,17.376732800474464,1245.1798408359764,832.7811904085404,0.5989433289620544,0.30835602881034047,-0.9694766931009008,0.2451834854433346,MAJOR_OCEAN
-987654321,20480,24576,22.1184,16.159851979493286,514.6963232105556,840.2373415536549,0.3795881292615141,0.4376100542898842,-0.9729244174639637,0.23112351222324115,LAND
-987654321,24576,24576,22.1184,15.206248321704546,646.8162338220848,865.9402148434358,0.4272921409466479,0.7087079307226625,-0.9761049081549217,0.21729981195544526,LAND
-987654321,28672,24576,22.1184,15.992525585434613,805.5608234848289,846.1296892762774,0.48742388079604804,0.613657948048501,-0.9762687588867472,0.21656248618292637,LAND
-987654321,32768,24576,22.1184,17.301140547639072,1112.4419279005538,831.4205298575033,0.571990026062266,0.2841804150183256,-0.9732841528550662,0.22960391503891264,MAJOR_OCEAN
-987654321,-32768,28672,25.804799999999997,16.925411667368014,1060.604040808865,824.6574100126243,0.5622783842329807,0.23881030373249582,-0.9700389896979907,0.24294929196377893,MAJOR_OCEAN
-987654321,-28672,28672,25.804799999999997,15.730327837690057,565.8205083919157,815.286873301828,0.4093896869999453,0.30400900276110593,-0.9738558106114386,0.22716703136313138,LAND
-987654321,-24576,28672,25.804799999999997,15.720935326024435,755.7589318965879,835.0175786480668,0.4747895994758658,0.4252963389312217,-0.9755465856692592,0.2197927641872012,LAND
-987654321,-20480,28672,25.804799999999997,16.05793145483965,1323.7859588890856,812.6090846217592,0.6193454798672406,0.17020205532646135,-0.9737223303718042,0.2277384977014271,LAND
-987654321,-16384,28672,25.804799999999997,16.87883192675753,1223.331276732243,823.8189746816356,0.5972859051174363,0.21298890608155527,-0.9698859396732102,0.24355956976520943,MAJOR_OCEAN
-987654321,-12288,28672,25.804799999999997,16.1631549946912,529.3967603168607,815.9491002540097,0.39321007760397364,0.28553387985898837,-0.967547073746082,0.2526908389423601,LAND
-987654321,-8192,28672,25.804799999999997,15.369524563324788,652.2761130457865,827.4985499093889,0.4404965383078895,0.4348944523329166,-0.9690420638074749,0.24689568358266165,LAND
-987654321,-4096,28672,25.804799999999997,15.87718055901499,1160.6174673473593,811.3791961924442,0.5882511049284118,0.42823386288720894,-0.97286193093498,0.23138639401974848,LAND
-987654321,0,28672,25.804799999999997,16.74176691358259,1299.2219698943652,821.3518044444866,0.6123859493404811,0.22551636998745078,-0.9754179951381112,0.2203627345100519,MAJOR_OCEAN
-987654321,4096,28672,25.804799999999997,17.813254421827832,725.1137366594786,840.6385795929009,0.4628132533379157,0.2889799451894415,-0.9745610196345038,0.22412233045583918,COASTAL_WATER
-987654321,8192,28672,25.804799999999997,15.381700760913994,698.7633200798037,827.8538172435944,0.4574204511112883,0.442648185554607,-0.9709862882220783,0.23913516697614962,LAND
-987654321,12288,28672,25.804799999999997,15.984951146738231,1011.9996496556774,813.3190667714624,0.5541199575698762,0.4205215679277749,-0.9678585875992516,0.2514950385402899,LAND
-987654321,16384,28672,25.804799999999997,16.77210454659467,1099.4344738883335,821.897881838704,0.5719273624110233,0.21716401301084115,-0.968245928239769,0.24999964489396437,MAJOR_OCEAN
-987654321,20480,28672,25.804799999999997,15.980173968545204,552.6022674478651,813.233077563988,0.40429322336778833,0.27243105278692614,-0.9717550629677145,0.23599173205138593,LAND
-987654321,24576,28672,25.804799999999997,15.496677950123145,734.3732992227909,826.0431668471468,0.4703250639281381,0.4498062320736938,-0.9749973637832832,0.22221642742076503,LAND
-987654321,28672,28672,25.804799999999997,16.00635816786681,1369.3859877927316,811.680765456248,0.6275637469631897,0.17809788444943514,-0.975164549600824,0.22148160465786343,LAND
-987654321,32768,28672,25.804799999999997,16.914806878219927,1204.59350034167,824.4665238079588,0.5933782676432249,0.24233214026460928,-0.9721215250330364,0.23447759075750432,MAJOR_OCEAN
-987654321,-32768,32768,29.491200000000003,16.020778254490544,1201.202001429045,808.3740085808298,0.5974417258779217,0.1117250757971717,-0.9673709561655847,0.2533642302442918,MAJOR_OCEAN
-987654321,-28672,32768,29.491200000000003,16.21083023683974,1147.802590280302,811.7949442631153,0.5854350880572752,0.0,-0.9713366619492821,0.23770799135331147,MAJOR_OCEAN
-987654321,-24576,32768,29.491200000000003,16.1082348831489,1362.7090287388617,809.9482278966802,0.6269199178384304,0.05059855520421883,-0.973098386087604,0.23038995419440544,MAJOR_OCEAN
-987654321,-20480,32768,29.491200000000003,16.097151052401394,1297.4810162491203,809.7487189432251,0.615436256585549,0.10691915147188664,-0.9711977195263788,0.23827502929757743,MAJOR_OCEAN
-987654321,-16384,32768,29.491200000000003,15.885618452660319,1200.778632320066,805.9411321478858,0.598080794725988,0.11367552827008018,-0.9672122326259427,0.2539694805655578,MAJOR_OCEAN
-987654321,-12288,32768,29.491200000000003,15.886160561092423,1101.6071522921634,805.9508900996636,0.5771934244722349,0.0,-0.9647892460202968,0.2630241638397264,MAJOR_OCEAN
-987654321,-8192,32768,29.491200000000003,16.072577601602724,1221.3369303443262,809.3063968288491,0.6011571588422916,0.048029260230603686,-0.966337455201591,0.2572779094180321,MAJOR_OCEAN
-987654321,-4096,32768,29.491200000000003,16.126954465747097,1386.2867026974711,810.2851803834478,0.6308265560596569,0.10291425997521454,-0.9703025768042087,0.24189441797427352,MAJOR_OCEAN
-987654321,0,32768,29.491200000000003,15.97995943420885,1318.9668191406881,807.6392698157592,0.6199299889142627,0.0,-0.972964281354127,0.2309556390501153,MAJOR_OCEAN
-987654321,4096,32768,29.491200000000003,16.118472115776722,1221.3811407573507,810.132498083981,0.6009214980980986,0.0,-0.9720710606033051,0.23468671274182887,MAJOR_OCEAN
-987654321,8192,32768,29.491200000000003,16.1779423908285,1414.6394447319803,811.202963034913,0.6352669770424388,0.046851165034531544,-0.9683538564894293,0.24958126656872662,MAJOR_OCEAN
-987654321,12288,32768,29.491200000000003,16.2504121709001,1408.3575295218022,812.5074190762018,0.6338627963911467,0.10141068284155394,-0.9651116930773767,0.2618385378154245,MAJOR_OCEAN
-987654321,16384,32768,29.491200000000003,15.895923223254938,1262.4121384059638,806.1266180185889,0.6099968577476536,0.10664666481915504,-0.9655127415748557,0.26035580626635924,MAJOR_OCEAN
-987654321,20480,32768,29.491200000000003,16.08176574637386,1249.51269977821,809.4717834347296,0.6065641318954773,0.0,-0.9691521566381486,0.2464631763238182,MAJOR_OCEAN
-987654321,24576,32768,29.491200000000003,15.956565691131788,1312.5139336674251,807.2181824403722,0.6188966176813959,0.0627971390206907,-0.9725257513597101,0.23279532414168322,MAJOR_OCEAN
-987654321,28672,32768,29.491200000000003,16.170900193695456,1521.384329370532,811.0762034865181,0.6519863130094489,0.11592678121036407,-0.9727000259613314,0.23206606709044117,MAJOR_OCEAN
-987654321,32768,32768,29.491200000000003,16.251595741402216,1428.072432852168,812.5287233452399,0.637076952295435,0.13892449134531384,-0.969532899258392,0.2449611341736002,MAJOR_OCEAN
0,-32768,-32768,-29.491200000000003,16.05508510102392,1433.190099045879,808.9915318184305,0.638909519998906,0.1255674601741891,-0.9703038217423968,-0.241889424142725,MAJOR_OCEAN
0,-28672,-32768,-29.491200000000003,15.976365845451364,1215.7598832479205,807.5745852181245,0.6005726337155993,0.0,-0.9683377404044575,-0.24964378724172048,MAJOR_OCEAN
0,-24576,-32768,-29.491200000000003,15.974545938556101,1408.9907601377924,807.5418268940098,0.6353867214297608,0.1281490785947857,-0.9701941697115902,-0.24232885312656843,MAJOR_OCEAN
0,-20480,-32768,-29.491200000000003,16.199855217845798,1265.1761836523633,811.5973939212244,0.6089095545867076,0.10850483608408955,-0.9740035359910659,-0.2265328052995863,MAJOR_OCEAN
0,-16384,-32768,-29.491200000000003,16.045103327092512,1292.9202880163887,808.8118598876652,0.6148763594569743,0.12134939182181095,-0.9762264681600074,-0.2167530458006027,MAJOR_OCEAN
0,-12288,-32768,-29.491200000000003,16.2270301470085,1179.2981153522267,812.086542646153,0.5919028289130631,0.0,-0.9750156450574465,-0.22213620122170877,MAJOR_OCEAN
0,-8192,-32768,-29.491200000000003,15.961334379925901,1475.7437361484351,807.3040188386663,0.6461089672605244,0.06902289740078307,-0.9713551880146598,-0.2376322762526271,MAJOR_OCEAN
0,-4096,-32768,-29.491200000000003,16.21063201224272,1364.4942948742296,811.7913762203689,0.6266951153856858,0.10426063223908127,-0.9685240068158413,-0.24892016435272646,MAJOR_OCEAN
0,0,-32768,-29.491200000000003,16.00439701171246,1402.9561559255044,808.0791462108243,0.6342376880561373,0.11027734329966359,-0.9693239250395349,-0.2457867538048994,MAJOR_OCEAN
0,4096,-32768,-29.491200000000003,16.121315788841684,1327.030421794065,810.1836841991503,0.6206256043651204,0.0,-0.972942466553431,-0.23104752060328612,MAJOR_OCEAN
0,8192,-32768,-29.491200000000003,16.218208652122005,1325.9780082102302,811.9277557381961,0.619932879026176,0.06409127231660267,-0.9759163779793948,-0.21814495912484216,MAJOR_OCEAN
0,12288,-32768,-29.491200000000003,15.975080556641215,1510.6190710541653,807.5514500195418,0.651361793937771,0.10200803042643489,-0.9757033016861747,-0.21909602250770693,MAJOR_OCEAN
0,16384,-32768,-29.491200000000003,16.09773054119793,1274.2379852642018,809.7591497415627,0.6111461564481617,0.11774575971461548,-0.9724749372447605,-0.2330075029495811,MAJOR_OCEAN
0,20480,-32768,-29.491200000000003,16.047623270522088,1279.1335433766635,808.8572188693976,0.612321301986684,0.0,-0.9690282416133538,-0.2469499280334614,MAJOR_OCEAN
0,24576,-32768,-29.491200000000003,15.891309914250717,1314.2692011307383,806.0435784565129,0.6195546520897586,0.04201699427418084,-0.9686986680594086,-0.24823958286286188,MAJOR_OCEAN
0,28672,-32768,-29.491200000000003,15.966414230139096,1499.338979484678,807.3954561425037,0.649701697187353,0.10850213718707306,-0.9718214612810537,-0.23571815244812497,MAJOR_OCEAN
0,32768,-32768,-29.491200000000003,16.19436404550761,1276.2660767331413,811.4985528191369,0.6110147877248888,0.0,-0.9753328433136669,-0.2207393140192253,MAJOR_OCEAN
0,-32768,-28672,-25.804799999999997,16.843061838453693,1081.2522504011033,823.1751130921665,0.5674591806107032,0.24004045926755307,-0.9679853129172329,-0.25100684049747857,MAJOR_OCEAN
0,-28672,-28672,-25.804799999999997,15.85537702960936,563.308649718205,815.7809257866609,0.40816817959959933,0.3068084920634873,-0.9659563929895786,-0.2587049416662985,LAND
0,-24576,-28672,-25.804799999999997,15.462412629079736,738.3345820101531,838.2679214332434,0.46801052888709754,0.5179535276230184,-0.9678720758411518,-0.25144312439782424,LAND
0,-20480,-28672,-25.804799999999997,15.972034890899339,1051.762362072074,818.4161244820513,0.5620855357357973,0.4680086035829435,-0.9718120743877745,-0.23575684947447573,LAND
0,-16384,-28672,-25.804799999999997,16.916784965496163,1116.946612957568,824.5021293789309,0.5750198646755716,0.24363587915831922,-0.9741176392434974,-0.22604164420450368,MAJOR_OCEAN
0,-12288,-28672,-25.804799999999997,16.044963472215127,503.7836126100456,813.8216528494404,0.38205794092176276,0.3095938084863042,-0.9728611705832912,-0.23138959088798336,LAND
0,-8192,-28672,-25.804799999999997,15.445697011833582,756.5021147553598,835.7971579352612,0.47480227206646924,0.454877383175888,-0.9690715581464054,-0.24677989219484217,LAND
0,-4096,-28672,-25.804799999999997,16.23968168444322,1213.5562055835208,814.8471568028244,0.5979866930724497,0.1764264972220986,-0.9661484849576897,-0.2579866372779043,LAND
0,0,-28672,-25.804799999999997,16.58622424765677,1229.2863749247838,818.5520364578218,0.5999918627527252,0.2217924819451988,-0.9669737205754225,-0.2548760948314388,MAJOR_OCEAN
0,4096,-28672,-25.804799999999997,17.616148046858722,641.4909549953197,837.090664843457,0.4335623979062541,0.29028333034790776,-0.9707133041097167,-0.2402408816675396,COASTAL_WATER
0,8192,-28672,-25.804799999999997,15.66206950782903,649.1341433649799,832.7643589104653,0.4377468467119705,0.4270225811866712,-0.9737957091520814,-0.227424529980816,LAND
0,12288,-28672,-25.804799999999997,17.894923554436872,1251.638057018441,842.1086239798638,0.5975128488672153,0.17271457339514557,-0.9735745578529791,-0.22836939440602855,COASTAL_WATER
0,16384,-28672,-25.804799999999997,16.952856536712453,1133.2809929821888,825.1514176608241,0.5783720769476749,0.22421182368414375,-0.9702294973064285,-0.24218737076180294,MAJOR_OCEAN
0,20480,-28672,-25.804799999999997,17.528128155687863,707.2001086310754,835.5063068023815,0.4581182675415007,0.37447375205641853,-0.9666686215749646,-0.25603081076768447,COASTAL_WATER
0,24576,-28672,-25.804799999999997,15.568430567793824,809.5751872977942,832.8445395577802,0.4926162039242337,0.5431178954887924,-0.9663286325286451,-0.2573110451483162,LAND
0,28672,-28672,-25.804799999999997,16.292014794107146,1009.2089395598678,816.822584728574,0.5523763143347599,0.41285419025469117,-0.9695536001934423,-0.24487918725758376,LAND
0,32768,-28672,-25.804799999999997,16.889042865243308,1173.9560104747184,824.0027715743795,0.5872837504289691,0.22373863077158151,-0.9731901758633532,-0.23000191652039706,MAJOR_OCEAN
0,-32768,-24576,-22.1184,17.374118943025838,973.851211603248,832.7341409744652,0.5387580786790976,0.27072179404149826,-0.9655539611009705,-0.26020289814340203,MAJOR_OCEAN
0,-28672,-24576,-22.1184,16.07730921405565,541.8149184965063,851.0698366933242,0.38870854744567285,0.4610282339444445,-0.9634627567009364,-0.26784233505969923,LAND
0,-24576,-24576,-22.1184,15.03327179052069,671.7756422657923,864.5644465149824,0.4369726953510725,0.6856849075859198,-0.9654371691289646,-0.2606359001830924,LAND
0,-20480,-24576,-22.1184,16.504771404022478,831.9052708273955,846.4458911951804,0.495373028369758,0.5497207576687834,-0.969506812335288,-0.24506436059833073,LAND
0,-16384,-24576,-22.1184,17.50628627526338,1067.120236760151,835.1131529547408,0.5606880598705805,0.2591732724106225,-0.971894499415566,-0.23541682608888898,MAJOR_OCEAN
0,-12288,-24576,-22.1184,16.11940776905008,507.84923516211177,846.7034693830858,0.3746436663504726,0.4056557081526077,-0.9705926564836289,-0.2407278446296821,LAND
0,-8192,-24576,-22.1184,15.232997302623893,726.1055253746497,867.806890967217,0.45526357305566945,0.6868068619040324,-0.9666748010626877,-0.2560074783876699,LAND
0,-4096,-24576,-22.1184,16.36424738215607,985.3226550755919,844.2806400768968,0.5382502356926626,0.5459212857735438,-0.9636606205458778,-0.2671295723223728,LAND
0,0,-24576,-22.1184,17.62540580654184,1215.176067335672,837.257304517753,0.591777694855936,0.26213556932165555,-0.9645109457811749,-0.26404286672490024,MAJOR_OCEAN
0,4096,-24576,-22.1184,16.48055395914055,459.98897094789726,841.8416308868975,0.35306890266477337,0.38627261713960537,-0.9683706031326896,-0.24951628201067527,LAND
0,8192,-24576,-22.1184,15.270691920095008,686.03490142218,866.4538368953389,0.4416091887252296,0.6800849053302329,-0.9715607972714408,-0.23679023883024006,LAND
0,12288,-24576,-22.1184,16.103519241546724,957.5940021811966,846.3651462328515,0.5305350002090626,0.5958964465586365,-0.9713316182518901,-0.23772860026543818,LAND
0,16384,-24576,-22.1184,17.579119213296995,1128.2475681398619,836.4241458393459,0.5739755830620841,0.2629071563075146,-0.9678706376473211,-0.2514486603268509,MAJOR_OCEAN
0,20480,-24576,-22.1184,16.13212220398044,540.3045264199459,843.3021896496423,0.39022237878036625,0.4602607254758774,-0.9641965148740153,-0.2651887642883894,LAND
0,24576,-24576,-22.1184,15.094379582736394,629.2978338784045,864.3591642984247,0.42103160433866565,0.7261123590822037,-0.9638462043255025,-0.2664591796266771,LAND
0,28672,-24576,-22.1184,16.127920481996753,860.5799320638863,848.6151806692825,0.5032057018854066,0.5967922452112714,-0.9671724887630023,-0.25412079210481786,LAND
0,32768,-24576,-22.1184,17.34885066425369,1245.3851189272775,832.2793119565664,0.5991275457567445,0.39074258296729086,-0.9709333961017238,-0.23934982835668184,MAJOR_OCEAN
0,-32768,-20480,-18.432000000000002,18.216335075513353,1298.2486247617305,847.8940313592403,0.6046401346742126,0.253626419545183,-0.9653155558770967,-0.2610859582238994,MAJOR_OCEAN
0,-28672,-20480,-18.432000000000002,17.526096197321106,697.4811207673645,844.3538853817274,0.45207758314239554,0.27568276437682654,-0.9632184299077466,-0.2687196611453194,LAND
0,-24576,-20480,-18.432000000000002,17.062781868663926,723.8863621911613,861.8882335748779,0.4561998686660939,0.38281526787087444,-0.9651984258525864,-0.26151863935805675,LAND
0,-20480,-20480,-18.432000000000002,17.479502133119816,750.7610952303576,844.7352917935002,0.4702554301609818,0.2731202567970938,-0.9692804035206593,-0.2459583284843755,LAND
0,-16384,-20480,-18.432000000000002,18.213350162769963,1231.6394194391423,847.8403029298593,0.5919978004095606,0.0,-0.971675909840585,-0.23631742685521787,MAJOR_OCEAN
0,-12288,-20480,-18.432000000000002,17.305725037305358,605.8726943375352,840.387204501444,0.41863434122895166,0.26952674030561774,-0.9703697460438505,-0.24162482480654401,LAND
0,-8192,-20480,-18.432000000000002,17.286187131821425,649.6685457559648,860.2896189493105,0.42997123344092586,0.3663874391431508,-0.9664396861065864,-0.2568936221828069,LAND
0,-4096,-20480,-18.432000000000002,17.292990258586286,857.418328979182,839.1022272425603,0.505100410028366,0.2596082369854612,-0.9634168423790557,-0.2680074398601086,LAND
0,0,-20480,-18.432000000000002,18.35338875191384,1195.3639583298122,850.3609975344491,0.5840374178781884,0.0,-0.9642695527174887,-0.26492306374118185,MAJOR_OCEAN
0,4096,-20480,-18.432000000000002,17.331024895975432,702.96495039896,840.8426019575053,0.4550501771736227,0.26006694053163376,-0.9681406311279894,-0.25040710524882925,LAND
0,8192,-20480,-18.432000000000002,17.244682197401143,660.832113921488,861.3874831003632,0.43383903096672677,0.3582984942412768,-0.9713410865432422,-0.2376899105830822,LAND
0,12288,-20480,-18.432000000000002,17.381047433911853,870.7967167796581,843.7783502562766,0.5075829869013935,0.27549579092144066,-0.9711111430287387,-0.23862763437082582,LAND
0,16384,-20480,-18.432000000000002,18.299822889382927,1252.0530270682468,849.3968120088928,0.5955209983120594,0.16348651807271658,-0.9676391280707932,-0.25233810220891134,MAJOR_OCEAN
0,20480,-20480,-18.432000000000002,17.245090591857057,660.4586438211993,844.0534790518444,0.43869367359248707,0.2814484960799251,-0.963954234632426,-0.2660680994298523,LAND
0,24576,-20480,-18.432000000000002,17.123008510130575,618.4216510761808,864.2928136164709,0.41680637736741716,0.37706459001649967,-0.9636029429024412,-0.2673375552176586,LAND
0,28672,-20480,-18.432000000000002,17.350907998066383,775.3439481258082,850.7336607049584,0.4765254858881487,0.3069789169820784,-0.9669388621342637,-0.2550083075009429,LAND
0,32768,-20480,-18.432000000000002,18.27557724256174,1139.2542774212245,848.9603903661114,0.572715602730022,0.14366001943704565,-0.9707116029563365,-0.24024775521519368,MAJOR_OCEAN
0,-32768,-16384,-14.745600000000001,18.939887777206128,1268.0196452176133,860.9179799897104,0.5953318210875715,0.1309995443661641,-0.9675035690663231,-0.2528573586904812,MAJOR_OCEAN
0,-28672,-16384,-14.745600000000001,18.989921791186656,1224.2851070969566,861.8185922413597,0.5865952455956535,0.0,-0.9654620259483572,-0.26054380908341235,MAJOR_OCEAN
0,-24576,-16384,-14.745600000000001,19.124927914099334,1290.9800664278043,864.248702453788,0.5987212883248093,0.05356046799161801,-0.9673896116393226,-0.25329299100512187,MAJOR_OCEAN
0,-20480,-16384,-14.745600000000001,19.141221629057558,1361.0313960514504,864.541989323036,0.6112672526275342,0.11288319920355183,-0.9713558718314738,-0.2376294810382701,MAJOR_OCEAN
0,-16384,-16384,-14.745600000000001,19.17231188335476,1348.0864794941783,865.1016139003857,0.6088400906480496,0.11508135099777676,-0.9736780625562287,-0.2279276869903012,MAJOR_OCEAN
0,-12288,-16384,-14.745600000000001,19.208693151217197,1277.1017649211585,865.7564767219096,0.5957025236623755,0.0,-0.9724124086224379,-0.23326831665939704,MAJOR_OCEAN
0,-8192,-16384,-14.745600000000001,18.984795980758122,1414.457320960732,861.7263276536462,0.6211432801308764,0.058954214818274515,-0.9685968237004057,-0.24863666889154792,MAJOR_OCEAN
0,-4096,-16384,-14.745600000000001,18.938274198915906,1355.2359688847926,860.8889355804863,0.6112582859699758,0.11958866814597341,-0.9656552878911084,-0.2598266055813769,MAJOR_OCEAN
0,0,-16384,-14.745600000000001,19.153301410155215,1353.4652308344514,864.7594253827939,0.6098820266090074,0.12486144943981901,-0.9664856087898904,-0.2567207977590342,MAJOR_OCEAN
0,4096,-16384,-14.745600000000001,19.13547960028423,1232.8666020982905,864.4386328051162,0.5875535082268639,0.0,-0.9702495195739533,-0.24210714521986493,MAJOR_OCEAN
0,8192,-16384,-14.745600000000001,19.19706370056851,1360.416728543484,865.5471466102332,0.6108840577620868,0.06572520921958507,-0.973353749611462,-0.22930869612229543,MAJOR_OCEAN
0,12288,-16384,-14.745600000000001,18.890987408684314,1318.618083743479,860.0377733563176,0.6049661828257622,0.10975367079149599,-0.9731309732902915,-0.23025227213447846,MAJOR_OCEAN
0,16384,-16384,-14.745600000000001,19.16945407114658,1313.489979754082,865.0501732806384,0.6026454607524535,0.13179505706458652,-0.9697624399122445,-0.2440508351459799,MAJOR_OCEAN
0,20480,-16384,-14.745600000000001,19.104907322421337,1135.90721592267,863.888331803584,0.5677277806888059,0.0,-0.966178618440151,-0.2578737622734835,MAJOR_OCEAN
0,24576,-16384,-14.745600000000001,19.06313930549871,1245.06926216842,863.1365074989767,0.5903024162335554,0.03500988242103792,-0.9658365373603017,-0.2591520462968842,MAJOR_OCEAN
0,28672,-16384,-14.745600000000001,18.898290509566692,1470.170666937419,860.1692291722004,0.630611893782944,0.10736248116967241,-0.9690820353497471,-0.24673874596907436,MAJOR_OCEAN
0,32768,-16384,-14.745600000000001,18.945662167949497,1456.6856443881245,861.021919023091,0.6282317215738455,0.11476951344498139,-0.972743789530806,-0.23188255632808386,MAJOR_OCEAN
0,-32768,-12288,-11.0592,19.722023683373394,1323.7529469835433,874.996426300721,0.6017744398795564,0.23975792132301807,-0.970024274922537,-0.24300803702965534,MAJOR_OCEAN
0,-28672,-12288,-11.0592,19.119374316457524,472.91273951437887,871.1753860057155,0.3515849486304264,0.31019788562478384,-0.9680504269866168,-0.25075559976006295,LAND
0,-24576,-12288,-11.0592,18.691438562411957,650.3386315777034,893.7705761635706,0.4209014018681594,0.4619592957131985,-0.9699141798729266,-0.24344708599904874,LAND
0,-20480,-12288,-11.0592,21.2431907846691,1177.2707106822209,902.3774341240438,0.5658192201410586,0.18370678455406284,-0.973739682976462,-0.2276642918792918,COASTAL_WATER
0,-16384,-12288,-11.0592,20.037082221262633,1223.285978467687,880.6674799827274,0.5811463306025887,0.23397512017002717,-0.9759728165318623,-0.21789231604364553,MAJOR_OCEAN
0,-12288,-12288,-11.0592,18.962519033428656,537.7282480149294,874.9671910001333,0.38037064644529844,0.30675371871918716,-0.9747563588464623,-0.22327122718430792,LAND
0,-8192,-12288,-11.0592,18.615138376776258,654.6063560847142,889.7738594136657,0.4235891915269575,0.4608462884845206,-0.9710799508437258,-0.23875453727489068,LAND
0,-4096,-12288,-11.0592,19.288329664163996,1161.900314816127,877.2941873522955,0.5695046788829203,0.5188140230056155,-0.9682374135372249,-0.25003261992537085,LAND
0,0,-12288,-11.0592,19.69570151964942,1313.8042627335597,874.5226273536896,0.6000950651463482,0.35082201126225704,-0.9690404611318463,-0.24690197384666412,MAJOR_OCEAN
0,4096,-12288,-11.0592,19.0191165203258,513.0770499921368,880.761414105628,0.3678397629534936,0.3453157178401161,-0.9726739576432518,-0.23217530472169842,LAND
0,8192,-12288,-11.0592,18.920430189144906,706.4675775693448,887.6707071495385,0.4428879830276583,0.4024528530626014,-0.9756612649422406,-0.21928314137504273,LAND
0,12288,-12288,-11.0592,19.294531402134655,1051.514988738242,875.1299678264309,0.5454920446616817,0.42757160843330155,-0.9754471918912672,-0.22023345756592355,LAND
0,16384,-12288,-11.0592,19.943692132175137,1113.344634684502,878.9864583791525,0.5585347253944374,0.2201300932654333,-0.9722044178256222,-0.23413365832434907,MAJOR_OCEAN
0,20480,-12288,-11.0592,19.1690638574751,472.3722351773107,867.5760359173983,0.35226730617407076,0.2910214085081552,-0.9687436139441142,-0.24806412566612093,LAND
0,24576,-12288,-11.0592,18.936797175182406,666.7638333079608,895.846203322983,0.42642591035333444,0.4747204926571681,-0.9684127529620947,-0.24935264165510027,LAND
0,28672,-12288,-11.0592,19.08889648769996,1067.0190181085025,870.6267850880794,0.5503939999504412,0.42185644885859624,-0.9715481722152982,-0.2368420339912516,LAND
0,32768,-12288,-11.0592,19.78115765858298,1070.2180991405605,876.0608378544937,0.5495967109838249,0.22348007958258595,-0.9750750147207604,-0.2218754507991115,MAJOR_OCEAN
0,-32768,-8192,-7.372800000000001,20.869394456692866,1006.3645817293086,895.6491002204716,0.5288267715964147,0.2846111364270739,-0.9706138300821836,-0.2406424585421161,MAJOR_OCEAN
0,-28672,-8192,-7.372800000000001,19.670111546558754,562.2244046602056,911.3866898782129,0.38126961525146574,0.463317232646704,-0.9686564250232115,-0.2484043684423677,LAND
0,-24576,-8192,-7.372800000000001,19.10244323832025,727.1114731748454,937.3120836817449,0.43659252337419474,0.7047707435789551,-0.9705046729340012,-0.2410823092084266,LAND
0,-20480,-8192,-7.372800000000001,19.72348667173968,894.0074281979576,906.6074731354439,0.4962255960118278,0.567335492589626,-0.9742960152200716,-0.22527155773929822,LAND
0,-16384,-8192,-7.372800000000001,20.625679862798204,1130.3080495490503,891.2622375303677,0.558847352188294,0.26315167054006516,-0.9765075549820218,-0.21548316654215377,MAJOR_OCEAN
0,-12288,-8192,-7.372800000000001,19.5915549606868,528.7882626607202,903.6311928395049,0.36889987828174636,0.42747362525527866,-0.975303024116497,-0.22087102831565641,LAND
0,-8192,-8192,-7.372800000000001,18.820891242844795,633.0160649921986,932.1208653130936,0.40418947586454185,0.69652641001908,-0.9716603823390257,-0.23638126277854235,LAND
0,-4096,-8192,-7.372800000000001,19.6002901337022,868.3766497329251,910.5798341288963,0.48786397735346965,0.6038409130869593,-0.9688418869066743,-0.24768003184575674,LAND
0,0,-8192,-7.372800000000001,20.80105542795358,1091.1757232564285,894.4189977031645,0.5492694165266649,0.26309188896001007,-0.9696383091448014,-0.24454355325546906,MAJOR_OCEAN
0,4096,-8192,-7.372800000000001,19.849626994241813,466.669837723426,915.7504379070807,0.337330488748791,0.3743073566043693,-0.9732401457687037,-0.2297903798336922,LAND
0,8192,-8192,-7.372800000000001,22.041591123797602,740.0096555092122,928.8896124517638,0.4431462841544916,0.4538346654219321,-0.976199096738192,-0.21687628622682092,LAND
0,12288,-8192,-7.372800000000001,19.618510265611675,850.6413851189352,907.8345534127033,0.4834629258009823,0.5808297667696943,-0.9759871335293173,-0.21782817812493052,LAND
0,16384,-8192,-7.372800000000001,20.931294762735902,1121.7702132810314,896.7633057292462,0.5554600618021842,0.2513723710648561,-0.9727748620191442,-0.23175216897288145,MAJOR_OCEAN
0,20480,-8192,-7.372800000000001,19.62710795186303,573.5372134376948,900.7183672519202,0.38877142438572726,0.4318969567904618,-0.9693439257997446,-0.24570786213538062,LAND
0,24576,-8192,-7.372800000000001,19.068975534630127,647.0063133489316,935.8671174506022,0.4084962224679311,0.715223681581752,-0.9690157905047065,-0.24699878087257585,LAND
0,28672,-8192,-7.372800000000001,19.707350347693428,910.9335390228134,913.7585978371209,0.49895243597288913,0.6086886632680479,-0.972124479604351,-0.23446534105059066,LAND
0,32768,-8192,-7.372800000000001,20.878422017348658,1008.8804448236492,895.8115963122759,0.5294037142655464,0.2538834630907899,-0.9756185945809341,-0.21947290928021798,MAJOR_OCEAN
0,-32768,-4096,-3.6864000000000003,21.637622503268748,1447.2486370361394,909.4772050588374,0.6138324529497351,0.3655039944013653,-0.9687680569460941,-0.2479686509236387,MAJOR_OCEAN
0,-28672,-4096,-3.6864000000000003,20.6917995952028,691.007775648291,907.7741011441328,0.4319387446954753,0.2867038987326188,-0.9667599583465629,-0.2556857112506523,LAND
0,-24576,-4096,-3.6864000000000003,20.75095274607561,657.1682112224557,926.6256824747222,0.4146710899354508,0.3813545224841674,-0.9686560079226738,-0.2484059949262678,LAND
0,-20480,-4096,-3.6864000000000003,20.947160192619474,855.5345304033544,905.933037297098,0.4854185949756781,0.26262952318475,-0.9725527038375749,-0.23268269866541927,LAND
0,-16384,-4096,-3.6864000000000003,21.538366957959088,1129.2234329880573,907.6906052432636,0.5541074902099873,0.15193999611846,-0.9748308646027604,-0.2229457006040592,MAJOR_OCEAN
0,-12288,-4096,-3.6864000000000003,20.776345433423288,714.3973769952645,901.0008661110992,0.44196866709181093,0.2817565671240769,-0.9735895348954063,-0.2283055355048284,LAND
0,-8192,-4096,-3.6864000000000003,20.765954098994925,616.5040715539295,927.0786592140234,0.3991395600075168,0.3827689325220966,-0.9698427425901311,-0.24373152164882686,LAND
0,-4096,-4096,-3.6864000000000003,23.044069714347064,1011.1986484727337,934.7932548582471,0.519364588390296,0.0,-0.9669501202934048,-0.25496561506322785,COASTAL_WATER
0,0,-4096,-3.6864000000000003,21.816228883759923,1226.5359630455687,912.6921199076786,0.5730865662472302,0.17132461016782294,-0.9677669675880082,-0.25184736735870616,MAJOR_OCEAN
0,4096,-4096,-3.6864000000000003,20.87680053838939,694.4192801249942,908.8060119385184,0.4328689265531799,0.29779187772015114,-0.9714664333696691,-0.23717708328591594,LAND
0,8192,-4096,-3.6864000000000003,20.604533695905566,650.5850858870385,927.4357360664845,0.41201805374684786,0.39512136705712214,-0.9745128616509943,-0.22433163503347045,LAND
0,12288,-4096,-3.6864000000000003,22.89557677094191,1099.7929370958434,932.1203818769544,0.540993522365997,0.0,-0.9742943886122928,-0.22527859267715292,COASTAL_WATER
0,16384,-4096,-3.6864000000000003,21.533350438176033,1149.276228790921,907.6003078871686,0.558476763939459,0.0,-0.9709880227796525,-0.2391281238551022,MAJOR_OCEAN
0,20480,-4096,-3.6864000000000003,20.82532258387255,625.3962030457153,901.8824548191859,0.40921608099888807,0.2500366660540353,-0.9674649883317291,-0.2530049334544433,LAND
0,24576,-4096,-3.6864000000000003,20.637219600260888,733.7278285150097,918.6553121211005,0.44377362420226496,0.3463834061293529,-0.9671284501825665,-0.25428834194171585,LAND
0,28672,-4096,-3.6864000000000003,21.031275275545966,785.8164649392877,908.6672083571709,0.4634762795512252,0.2649905252216577,-0.9703195579549426,-0.24182629189177246,LAND
0,32768,-4096,-3.6864000000000003,21.61472309511447,1115.1276242247586,909.0650157120605,0.5506279265658144,0.14866027358169542,-0.973914624496826,-0.22691475093348717,MAJOR_OCEAN
0,-32768,0,0.0,22.31903241083417,1380.4485961684709,921.742583395015,0.5993634433899236,0.10794971053218637,-0.9739634766859723,0.22670497586461022,MAJOR_OCEAN
0,-28672,0,0.0,22.39928201031345,1250.6778111690376,923.1870761856421,0.5750600041597321,0.0,-0.9757659607755105,0.21881679504061133,MAJOR_OCEAN
0,-24576,0,0.0,22.345975092426517,1402.6736405222562,922.2275516636773,0.6030667361256186,0.062361406097421725,-0.9740668493120704,0.22626040986274257,MAJOR_OCEAN
0,-20480,0,0.0,22.544158804459613,1398.9934616576206,925.794858480273,0.6015136672346328,0.10960935108043474,-0.9702613724710946,0.24205963953230178,MAJOR_OCEAN
0,-16384,0,0.0,22.369665439355362,1478.890033845291,922.6539779083965,0.6155516929597497,0.1981366044773091,-0.967816304020114,0.2516577073583211,MAJOR_OCEAN
0,-12288,0,0.0,22.36082699651828,1340.8620485183196,922.4948859373291,0.5921601970586244,0.0,-0.969170336108035,0.24639167925934197,MAJOR_OCEAN
0,-8192,0,0.0,22.58718050305724,1417.8299889977793,926.5692490550304,0.6045154129814103,0.06967304559825914,-0.9729545077303564,0.23099680925757368,MAJOR_OCEAN
0,-4096,0,0.0,22.556056374705268,1363.8193068111916,926.0090147446948,0.595338940931598,0.11097185794300789,-0.9755997197761902,0.21955679623418442,MAJOR_OCEAN
0,0,0,0.0,22.4173431390131,1435.3385070344077,923.5121765022358,0.6082327653389092,0.20280022870730582,-0.9748751763319181,0.22275185873929657,MAJOR_OCEAN
0,4096,0,0.0,22.536816620564185,1120.0596023572866,925.6626991701553,0.5472455161706113,0.0,-0.9713675320328649,0.237581812671722,MAJOR_OCEAN
0,8192,0,0.0,22.54635109827527,1281.4265910741747,925.8343197689549,0.5802876756012119,0.03991967969795015,-0.9681683086637151,0.2503000721119378,MAJOR_OCEAN
0,12288,0,0.0,22.377315293885935,1361.1093855358833,922.7916752899469,0.5956972968641094,0.10156719389941614,-0.9684080689296515,0.24937083236004862,MAJOR_OCEAN
0,16384,0,0.0,22.43443981878317,1387.3065499533232,923.819916738097,0.6000132648187341,0.22586300086704586,-0.9718432042242562,0.2356284923415051,MAJOR_OCEAN
0,20480,0,0.0,22.623946550497593,1239.9915656384844,927.2310379089566,0.5718931089500346,0.0,-0.9751450249712801,0.22156755239376003,MAJOR_OCEAN
0,24576,0,0.0,22.32757800598711,1244.368537576805,921.8964041077679,0.5741653978906619,0.05887887964823606,-0.9754429945095777,0.22025204757774205,MAJOR_OCEAN
0,28672,0,0.0,22.481099592897497,1266.5993074194039,924.6597926721549,0.5777598584795496,0.1050944354077096,-0.9724964590074008,0.2329176618851968,MAJOR_OCEAN
0,32768,0,0.0,22.53578980256154,1523.6684539887788,925.6442164461077,0.6218261336086366,0.1844660443120902,-0.9688208817352026,0.24776218257398475,MAJOR_OCEAN
0,-32768,4096,3.6864000000000003,21.618868761075948,1148.0786073860447,909.1396376993671,0.5578021719161284,0.1697897882815078,-0.9748482582759738,0.22286963305102925,MAJOR_OCEAN
0,-28672,4096,3.6864000000000003,21.02287488998775,604.0205019179953,912.0535964181969,0.39814831891233105,0.2808093280085461,-0.9766227889752174,0.21496029413421477,LAND
0,-24576,4096,3.6864000000000003,20.631975627715875,835.1579596954236,922.6282751261275,0.47484904257290816,0.501382373753625,-0.9749500646187129,0.2224238555100768,LAND
0,-20480,4096,3.6864000000000003,22.786625356817026,999.9590393366783,930.1592564227064,0.517813456344195,0.0,-0.9711995584975673,0.23826753361322722,COASTAL_WATER
0,-16384,4096,3.6864000000000003,21.769944679655566,1321.2338653861673,911.8590042338002,0.5913961247326827,0.16015514003017028,-0.9687871633780402,0.2478939936221338,MAJOR_OCEAN
0,-12288,4096,3.6864000000000003,20.862860243674348,643.9144405130751,904.4156382160858,0.41560830022821627,0.2672140054242263,-0.9701233385215503,0.24261225866761468,LAND
0,-8192,4096,3.6864000000000003,20.510410003173448,640.7033266322658,927.4516087955764,0.40831106742023093,0.40674660757369174,-0.9738543530908149,0.22717327960407302,LAND
0,-4096,4096,3.6864000000000003,20.812938019581367,875.85215218809,911.7434571017415,0.4896870749536562,0.30180423633430226,-0.9764591847643949,0.21570224961565287,LAND
0,0,4096,3.6864000000000003,21.453929163310296,1329.1710029416736,906.1707249395854,0.5943505799540523,0.17770342561274194,-0.9757459919178216,0.2189058228012823,MAJOR_OCEAN
0,4096,4096,3.6864000000000003,20.967576581952684,593.2373557502997,909.5573506985553,0.3944935789481555,0.29205196920013143,-0.9722902852910175,0.23377681905764697,LAND
0,8192,4096,3.6864000000000003,20.603408269968323,609.6781006060585,926.9400092935504,0.3965081424840036,0.399192197103763,-0.9691345806561883,0.24653227897448643,LAND
0,12288,4096,3.6864000000000003,20.718809101116115,886.553359466812,908.0846699371048,0.49372609899619574,0.29190563505868955,-0.9693711945099857,0.2456002590680304,LAND
0,16384,4096,3.6864000000000003,21.609553054073945,1191.6745339582903,908.9719549733311,0.567019496492049,0.23881321304323433,-0.9727591884565793,0.23181794855726165,MAJOR_OCEAN
0,20480,4096,3.6864000000000003,21.009204652038285,663.6919864005075,900.6985702195356,0.4239785295712635,0.26432301659670626,-0.9760116397474197,0.21771834804984394,LAND
0,24576,4096,3.6864000000000003,20.928774145726162,653.5129641311293,926.0779405458468,0.41346116961535156,0.3632822922220229,-0.9763049341351304,0.21639934284419313,LAND
0,28672,4096,3.6864000000000003,20.816461697974876,1151.5193835112282,897.2291970463942,0.5617856718788232,0.0,-0.9734030124514723,0.22909948788768336,LAND
0,32768,4096,3.6864000000000003,21.734713729803218,1301.588520700552,911.2248471364579,0.587939588589737,0.25350512392237384,-0.9697785478636993,0.2439868195279709,MAJOR_OCEAN
0,-32768,8192,7.372800000000001,20.727172819771294,1138.5865944810819,893.0891107558832,0.5601417833388961,0.2695753406790163,-0.9733916087836192,0.22914793463969457,MAJOR_OCEAN
0,-28672,8192,7.372800000000001,19.81570424425802,612.8497835833799,911.6103257881335,0.40174749888141803,0.5026138966583146,-0.9752118111458769,0.2212734132280213,LAND
0,-24576,8192,7.372800000000001,22.62618549419794,856.0654382322934,932.8612850257373,0.4782684269186619,0.5238508504020623,-0.9734959740662006,0.2287041505458511,LAND
0,-20480,8192,7.372800000000001,19.812152363362856,797.9146615163663,908.6594853201584,0.46727965693003376,0.5662906749535445,-0.9696556683887724,0.24447471190600287,LAND
0,-16384,8192,7.372800000000001,20.608856520593488,1079.5963527670906,890.9594173706828,0.5475860075171233,0.26475723174173665,-0.967189908248307,0.2540544850669467,MAJOR_OCEAN
0,-12288,8192,7.372800000000001,19.518707541703026,578.2091943994207,907.2007532654676,0.3889971237798646,0.42815823822993904,-0.968555248031901,0.24879857618134163,LAND
0,-8192,8192,7.372800000000001,18.81394916035739,661.8356849274301,931.6219884929641,0.4150851389536577,0.7031989157515539,-0.9723730937469359,0.2334321455091662,LAND
0,-4096,8192,7.372800000000001,19.64227310994826,860.4512732622467,903.2851031771561,0.48758062946394576,0.5648116207676243,-0.9750438986031831,0.22201215236267038,LAND
0,0,8192,7.372800000000001,20.660131645736293,1115.5677123842065,891.8823696232532,0.5554371116205133,0.27408768938135186,-0.9743121601625717,0.22520171970778396,MAJOR_OCEAN
0,4096,8192,7.372800000000001,19.627578705142326,628.73027201541,911.0710284148187,0.4080540896738946,0.4686400998333303,-0.9707716039353947,0.24000519367859732,LAND
0,8192,8192,7.372800000000001,18.86451426812686,625.2817831925804,932.5549996667958,0.4011207523892433,0.7009855673317207,-0.9675448175705743,0.2526994776257443,LAND
0,12288,8192,7.372800000000001,19.8586980900461,998.5416296198936,905.2885674446817,0.524215560609386,0.5544787462477175,-0.9677865702029277,0.25177202889688477,LAND
0,16384,8192,7.372800000000001,20.789687221574646,1111.4930847074622,894.2143699883436,0.5538889498349684,0.2696952743478261,-0.971251564518641,0.23805545240572018,MAJOR_OCEAN
0,20480,8192,7.372800000000001,19.96694319073079,521.2475713812167,902.4585618255553,0.3658632185487802,0.4484507939953281,-0.9745846715447305,0.22401945895401557,LAND
0,24576,8192,7.372800000000001,19.091901295892754,717.8186662003109,933.020806060032,0.43455715779576487,0.7257211348665816,-0.974885604626085,0.22270621431121487,LAND
0,28672,8192,7.372800000000001,19.862303122680416,911.591596127943,915.5911084256952,0.49863265518120825,0.6206666789645604,-0.9719107945165042,0.23534954323792007,LAND
0,32768,8192,7.372800000000001,20.683698128229214,1072.859903346059,892.3065663081259,0.5456607667278329,0.26225207355237956,-0.9682028402005269,0.2501664650340505,MAJOR_OCEAN
0,-32768,12288,11.0592,19.820948900953308,1214.4524929929776,876.7770802171596,0.5804585254617285,0.2320314453596293,-0.9708472032915411,0.2396992028793446,MAJOR_OCEAN
0,-28672,12288,11.0592,18.919469754336482,530.213857146829,877.3531962116812,0.3764207432529506,0.30210660646671533,-0.9727431349130055,0.23188530242259525,LAND
0,-24576,12288,11.0592,18.702474564148993,766.5885408165718,893.6129373290379,0.46146632476652416,0.4613935179513583,-0.970955810077201,0.2392588867259193,LAND
0,-20480,12288,11.0592,19.14539164879534,986.3227153809308,867.1499361611626,0.5318615588969461,0.4232513815539596,-0.9669667715003103,0.2549024574504271,LAND
0,-16384,12288,11.0592,19.675471630493714,1347.8787997492902,874.1584893488869,0.6063230726534894,0.22429104750191836,-0.9644127367232057,0.26440134879772575,MAJOR_OCEAN
0,-12288,12288,11.0592,21.171761936511462,526.5884383551007,901.0917148572064,0.3685838549454867,0.2868845457437312,-0.9658263090085258,0.25919016344562074,COASTAL_WATER
0,-8192,12288,11.0592,18.93477174408475,790.416350533502,892.8666341731524,0.46928951827603127,0.44905789603616164,-0.9697879062797095,0.2439496194578246,LAND
0,-4096,12288,11.0592,19.181112205645466,1042.731704191549,870.8499658317927,0.5446263904630594,0.4503839948328237,-0.972568076162149,0.23261843699555784,LAND
0,0,12288,11.0592,19.89502820503186,1226.3538022085284,878.1105076905735,0.5824624033960936,0.24013450537856418,-0.9718055820685353,0.23578360982145338,MAJOR_OCEAN
0,4096,12288,11.0592,19.34414349384367,568.4331558373208,871.7609013238314,0.39441819303433295,0.30441661982404983,-0.9681244361351277,0.2504697110591242,LAND
0,8192,12288,11.0592,18.850748074861407,790.2864418192252,892.1755808986625,0.46944120577388304,0.44801557613212856,-0.9647800339107764,0.2630579521077458,LAND
0,12288,12288,11.0592,19.105687116097393,1120.4077889014625,867.4686865243984,0.5633370411611708,0.42064009040517325,-0.9650302843522743,0.2621384181743847,LAND
0,16384,12288,11.0592,19.909926370400957,1293.4750934474541,878.3786746672172,0.5952886072815516,0.21998514767936467,-0.9686227063912207,0.2485358176668847,MAJOR_OCEAN
0,20480,12288,11.0592,19.38093129076453,482.6852839613481,874.4467093639358,0.35540380930098664,0.30241057470285104,-0.9720894747268691,0.2346104284238868,LAND
0,24576,12288,11.0592,18.83453229122477,651.1213569420652,893.7229498737389,0.42120759126336127,0.4689162584136937,-0.9724030759677647,0.23330721773753516,LAND
0,28672,12288,11.0592,19.116594535393176,943.1692946316049,871.1253499465572,0.5195681579564062,0.44700680610596055,-0.9693074526690721,0.24585170774309145,LAND
0,32768,12288,11.0592,20.05848787899324,1240.9664287319467,881.0527818218784,0.5845290624611068,0.24091173145694336,-0.9654613013896476,0.2605464939679826,MAJOR_OCEAN
0,-32768,16384,14.745600000000001,18.95511484981743,1249.0180541217082,861.1920672967137,0.5916123845041782,0.13428243802183348,-0.9695658656481412,0.24483061934727587,MAJOR_OCEAN
0,-28672,16384,14.745600000000001,19.216419881239467,1113.0876060602614,865.8955578623104,0.5621702377787436,0.0,-0.9714981464252709,0.2370471503567652,MAJOR_OCEAN
0,-24576,16384,14.745600000000001,18.967016076505576,1352.4841863610284,861.4062893771004,0.6106325351867807,0.05815732811967955,-0.9696765076071588,0.24439204282215007,MAJOR_OCEAN
0,-20480,16384,14.745600000000001,18.896761887758593,1479.7647800743935,860.1417139796547,0.632133228658653,0.11153477346987639,-0.9656161543951324,0.25997200305255147,MAJOR_OCEAN
0,-16384,16384,14.745600000000001,19.16945407114658,1299.0164505754935,865.0501732806384,0.5999891348663702,0.12354235069503311,-0.9630198447953056,0.2694304706792194,MAJOR_OCEAN
0,-12288,16384,14.745600000000001,18.91634855312954,1152.1091836372698,860.4942739563318,0.5721628949793927,0.0,-0.9644565108221166,0.2642416294470431,MAJOR_OCEAN
0,-8192,16384,14.745600000000001,18.893632286593967,1245.3791013127304,860.0853811586915,0.5912177070517619,0.06534018995729247,-0.9684870047725157,0.24906409132342067,MAJOR_OCEAN
0,-4096,16384,14.745600000000001,19.133858151175488,1280.997821147371,864.4094467211588,0.5968102327660557,0.10654198783533492,-0.9713196564584327,0.2377774694487946,MAJOR_OCEAN
0,0,16384,14.745600000000001,19.057353479866396,1191.9046607529842,863.0323626375952,0.5797379234833453,0.0,-0.9705423978438533,0.24093039241138398,MAJOR_OCEAN
0,4096,16384,14.745600000000001,18.95131605168429,1170.5571682779334,861.1236889303173,0.5758686436815341,0.0,-0.9667938166175124,0.2555576571933305,MAJOR_OCEAN
0,8192,16384,14.745600000000001,19.118052270472315,1347.7364943772027,864.1249408685017,0.6090469438849239,0.02576368898280637,-0.9633930721678957,0.26809287289837375,MAJOR_OCEAN
0,12288,16384,14.745600000000001,19.073680976168816,1488.0561413356556,863.3262575710387,0.6325740840550638,0.24442266630181178,-0.963647391042329,0.2671772927052608,MAJOR_OCEAN
0,16384,16384,14.745600000000001,19.17231188335476,1341.7948296631105,865.1016139003857,0.6077254363875342,0.12351473097432401,-0.967300863984491,0.25363169860026813,MAJOR_OCEAN
0,20480,16384,14.745600000000001,19.05278482565142,1193.3427197612195,862.9501268617255,0.5800548627387183,0.0,-0.9708317536804835,0.23976176935799653,MAJOR_OCEAN
0,24576,16384,14.745600000000001,18.844557565863717,1264.2131153401835,859.2020361855468,0.5950876006661129,0.05808924035904035,-0.9711514365181717,0.2384635975336518,MAJOR_OCEAN
0,28672,16384,14.745600000000001,18.859387137509476,1426.3820099010484,859.4689684751706,0.6237319455392989,0.11974111123391228,-0.9679978446927651,0.2509585078656659,MAJOR_OCEAN
0,32768,16384,14.745600000000001,19.15417828787743,1425.3310688639074,864.7752091817937,0.6221147759586717,0.13966123486541157,-0.9640854692814956,0.2655921834698424,MAJOR_OCEAN
0,-32768,20480,18.432000000000002,18.179634446789066,1324.9764013755685,847.2334200422032,0.6096863672883516,0.22692133846049994,-0.9708007862402928,0.2398871264474802,MAJOR_OCEAN
0,-28672,20480,18.432000000000002,17.63058701940824,625.7981438474313,839.8834528321948,0.4266762092496121,0.26122534385314444,-0.9726980546785335,0.23207432952525472,LAND
0,-24576,20480,18.432000000000002,17.054873986081688,594.154024799527,860.4003148864196,0.4081977625979411,0.37699453869223704,-0.9709094678818703,0.23944687339229037,LAND
0,-20480,20480,18.432000000000002,17.21639254935514,905.6606027992095,843.53691428681,0.5174619401283824,0.29634398500234277,-0.9669178056813007,0.25508813585986007,LAND
0,-16384,20480,18.432000000000002,18.196283692324748,1304.6148810152947,847.5331064618455,0.6059104569695285,0.2977902980422504,-0.9643622150417734,0.26458555931819916,MAJOR_OCEAN
0,-12288,20480,18.432000000000002,17.47962248499454,667.9137981380408,841.6598530393818,0.44215904177689896,0.2625899762761165,-0.9657766373147814,0.259375185430205,LAND
0,-8192,20480,18.432000000000002,16.76278711400431,594.7252300055952,861.6746621618857,0.40807278304453914,0.40649971991535705,-0.9697407695980393,0.2441369283402297,LAND
0,-4096,20480,18.432000000000002,17.415301676183127,1165.6561794391,836.0083166541427,0.5820526512119422,0.0,-0.9725228697505197,0.23280736202322636,LAND
0,0,20480,18.432000000000002,18.285441572609162,1031.4323229322135,849.137948306965,0.5481763496682615,0.0,-0.971759832685788,0.23597209067703162,MAJOR_OCEAN
0,4096,20480,18.432000000000002,19.11204780174254,677.2610841179275,864.0168604313658,0.4391303697958583,0.25021725388513355,-0.9680762061406215,0.2506560573861738,COASTAL_WATER
0,8192,20480,18.432000000000002,17.054327486373033,643.3673323175675,858.2306085819564,0.4281699813407293,0.37348376150923285,-0.9647297305087648,0.26324237324656924,LAND
0,12288,20480,18.432000000000002,17.3692064342247,806.559023440176,837.6580261656128,0.4902447513739515,0.2383511839576166,-0.9649801306966558,0.2623229829059306,LAND
0,16384,20480,18.432000000000002,18.421656951392084,1204.6285296936228,851.5898251250576,0.5855618227749074,0.1353582071628617,-0.9685747993251808,0.24872245196641551,MAJOR_OCEAN
0,20480,20480,18.432000000000002,17.565342549444935,584.2594030186269,841.7661120201832,0.4094246366735335,0.2731843850937652,-0.9720439262605292,0.2347990745723139,LAND
0,24576,20480,18.432000000000002,17.062658217486902,694.217907052016,860.9589457016418,0.4461047636222041,0.3897068009729717,-0.9723577511529807,0.23349604658905482,LAND
0,28672,20480,18.432000000000002,19.35235624115301,1155.980593757098,868.3424123407542,0.5707635721693113,0.0,-0.9692599957022845,0.2460387382734828,COASTAL_WATER
0,32768,20480,18.432000000000002,18.315475381951217,1118.4289792536817,849.6785568751219,0.5679877603091571,0.17324419074178427,-0.9654114076247997,0.26073130619068907,MAJOR_OCEAN
0,-32768,24576,22.1184,17.458360604091403,1186.57897529372,834.2504908736453,0.5868838075364642,0.26940205369640935,-0.9733434040034253,0.22935260600879326,MAJOR_OCEAN
0,-28672,24576,22.1184,16.27600719719877,489.9964395154137,844.5528425937075,0.3668875765794306,0.3841129530517359,-0.9751650877035635,0.22147923542422962,LAND
0,-24576,24576,22.1184,15.163331906169887,642.8964092039922,864.0181901478015,0.4263480236084681,0.7147638709998236,-0.9734478522724331,0.2289088877832997,LAND
0,-20480,24576,22.1184,16.234278961612045,925.6039084354495,843.8017343531465,0.5228202430362315,0.5700989612154321,-0.9696046352360826,0.24467703473906796,LAND
0,-16384,24576,22.1184,17.478160480589473,1119.610667568282,834.6068886506105,0.5726271554831202,0.3622553561645227,-0.9671371458134033,0.254255267768249,MAJOR_OCEAN
0,-12288,24576,22.1184,16.371431370270535,708.807268026036,847.6097546428639,0.4551171957857336,0.5608946184285131,-0.9685034305907986,0.24900021071046163,LAND
0,-8192,24576,22.1184,18.210822141275777,779.7104978967737,863.1165069734463,0.4743263710759708,0.4863948448843209,-0.9723240909400206,0.23363617480532106,LAND
0,-4096,24576,22.1184,16.440503358283337,973.6164782854485,847.1817742763418,0.5344260688121536,0.5507094490904575,-0.9749970354037693,0.2222178682146445,LAND
0,0,24576,22.1184,17.433104082223068,1067.147704854212,833.7958734800152,0.5610827350561305,0.2616236576385365,-0.9742646954101671,0.225406972557049,MAJOR_OCEAN
0,4096,24576,22.1184,16.1269573705476,537.8368192112692,847.2536278442128,0.3880243315678381,0.4239951191768812,-0.9707213878894781,0.240208216124939,LAND
0,8192,24576,22.1184,15.189191922681417,729.6018971615589,865.8797268028005,0.4570061353727469,0.7019715005474854,-0.9674922978745215,0.2529004815208509,LAND
0,12288,24576,22.1184,16.48821337367948,870.0573230814078,846.1478466490064,0.5066705705399193,0.5623650555555274,-0.9677342170084697,0.25197318355532206,LAND
0,16384,24576,22.1184,17.399266317213726,1225.9875394803273,833.186793709847,0.5950892212028915,0.24547124525468395,-0.9712017069277034,0.23825877625119157,MAJOR_OCEAN
0,20480,24576,22.1184,16.10856457202254,539.6322279146204,840.9373658435483,0.3905935903284495,0.3887203829998964,-0.9745374294132122,0.22422488415135483,LAND
0,24576,24576,22.1184,18.19608630296224,743.8308308467375,861.1714018517378,0.46315678502944563,0.4926155058503028,-0.9748386102688108,0.22291182994442807,LAND
0,28672,24576,22.1184,16.240869011719177,804.6876907344955,844.9484315484366,0.4875015637132444,0.5858945149199631,-0.971861436395607,0.23555328154595434,LAND
0,32768,24576,22.1184,17.40763216440148,1148.0368277342131,833.3373789592267,0.5791221575915858,0.3307163321113131,-0.9681507759286812,0.2503678794667809,MAJOR_OCEAN
0,-32768,28672,25.804799999999997,16.592360963429606,1413.6564456444132,818.6624973417329,0.6329845766472696,0.2545903842888149,-0.9748409626600132,0.22290154221112693,MAJOR_OCEAN
0,-28672,28672,25.804799999999997,17.899906874367463,658.1072460723606,842.1983237386144,0.4383566272622441,0.3241605758583888,-0.9766157266061016,0.21499237787799852,COASTAL_WATER
0,-24576,28672,25.804799999999997,15.448772242638354,712.8395964078064,829.1288132824008,0.4619923466553203,0.45184845347784725,-0.9749427820730876,0.222455774669007,LAND
0,-20480,28672,25.804799999999997,15.843380103486064,1014.64867752825,813.0092444507562,0.5548597500565765,0.43503283949011795,-0.971191817154706,0.23829908579711342,LAND
0,-16384,28672,25.804799999999997,16.61505242580773,1112.2805698247903,819.0709436645391,0.5756098525864468,0.21099699860442742,-0.9687791492591075,0.24792531125482123,MAJOR_OCEAN
0,-12288,28672,25.804799999999997,16.262341372487807,523.9201102420038,816.2884631394259,0.39063283715903063,0.2819741609296563,-0.9701154734901807,0.2426437060690481,LAND
0,-8192,28672,25.804799999999997,15.60277233869732,788.0663983682612,824.0065831542091,0.48854974783872374,0.4378981982904753,-0.9738469317640773,0.22720509125830024,LAND
0,-4096,28672,25.804799999999997,16.03691879685756,1287.8920138782707,811.1974248262826,0.6132557928926641,0.17736885491430446,-0.9764521003952552,0.21573431723695355,LAND
0,0,28672,25.804799999999997,16.910089611606097,1159.6662753109497,824.3816130089098,0.5842006543693457,0.2327246255474135,-0.9757388128410495,0.2189378202036814,MAJOR_OCEAN
0,4096,28672,25.804799999999997,16.147400049556293,497.02456212757664,817.6798492014933,0.37776308861464036,0.29757601584567916,-0.9722826727695335,0.23380847767378352,LAND
0,8192,28672,25.804799999999997,15.453165639298346,776.614989811958,833.3642141433809,0.48207635946211014,0.48566729708068307,-0.9691266048388634,0.24656363031375425,LAND
0,12288,28672,25.804799999999997,15.907730717819021,1015.7591876227535,818.4801251441494,0.5534750593868555,0.5531620982488364,-0.9693632449625306,0.2456316333775294,LAND
0,16384,28672,25.804799999999997,16.754847190514816,1059.4186137351048,821.5872494292666,0.5629199326477214,0.24040775029932648,-0.9727516324338902,0.23184965300211638,MAJOR_OCEAN
0,20480,28672,25.804799999999997,15.959211370026646,530.8848264633839,819.4067768838866,0.3928721418443914,0.2964028684825072,-0.9760044957223157,0.2177503715951551,LAND
0,24576,28672,25.804799999999997,15.62486490551036,675.938034104502,832.230771846329,0.4478876262477719,0.47672647343249475,-0.9762978291185549,0.216431395269718,LAND
0,28672,28672,25.804799999999997,15.94198258700095,1154.1164392012442,812.5456326961914,0.5865419960493107,0.4425367384685623,-0.9733955351403537,0.2291312553293952,LAND
0,32768,28672,25.804799999999997,16.94812351926747,1220.1943635495684,825.0662233468145,0.5963044840736874,0.26351529916115485,-0.9697706438967135,0.2440182334092142,MAJOR_OCEAN
0,-32768,32768,29.491200000000003,16.19436404550761,1265.5804642889284,811.4985528191369,0.6090146014034437,0.0,-0.9740031870391819,0.22653430565262384,MAJOR_OCEAN
0,-28672,32768,29.491200000000003,16.022564523155477,1249.9137178750054,808.4061614167986,0.6069546214961263,0.0,-0.9758044307513185,0.2186451758582735,MAJOR_OCEAN
0,-24576,32768,29.491200000000003,16.200822161821986,1480.4440158825478,811.6147989127958,0.6456197313084087,0.059176787940887675,-0.9741064901699336,0.22608968532158452,MAJOR_OCEAN
0,-20480,32768,29.491200000000003,16.012549930973485,1312.3826270746274,808.2258987575227,0.6185790691804827,0.09585987515974341,-0.9703034519605175,0.24189090746347577,MAJOR_OCEAN
0,-16384,32768,29.491200000000003,16.044580783750398,1228.5310395123465,808.8024541075072,0.6027134634041714,0.07606815342980494,-0.9678598325771215,0.2514902472935805,MAJOR_OCEAN
0,-12288,32768,29.491200000000003,16.146537312904215,1171.4612839389983,810.6376716322759,0.5907225560519413,0.0,-0.9692130727444612,0.24622351557322814,MAJOR_OCEAN
0,-8192,32768,29.491200000000003,15.953748519608418,1384.5927249750655,807.1674733529514,0.6314382785818621,0.06037397891715226,-0.9729948864234432,0.23082666872315852,MAJOR_OCEAN
0,-4096,32768,29.491200000000003,16.051399347293753,1452.2804770720682,808.9251882512875,0.6419754398698677,0.1086921276474605,-0.9756383067630803,0.2193852647204674,MAJOR_OCEAN
0,0,32768,29.491200000000003,16.07287085211812,1322.5955801297985,809.3116753381262,0.6200905251455215,0.12335286908399103,-0.9749142669964119,0.22258070897283277,MAJOR_OCEAN
0,4096,32768,29.491200000000003,15.88324589160195,1326.4775456479697,805.8984260488351,0.6217739222931908,0.0,-0.9714089269715844,0.23741250304041464,MAJOR_OCEAN
0,8192,32768,29.491200000000003,16.017227474990996,1220.9755238886387,808.3100945498379,0.6013811617439863,0.05232373495818733,-0.9682116337888287,0.2501324293168861,MAJOR_OCEAN
0,12288,32768,29.491200000000003,15.924728434648038,1304.3821034865875,806.6451118236647,0.617597204255238,0.1055563420216871,-0.9684512545200398,0.24920306502641817,MAJOR_OCEAN
0,16384,32768,29.491200000000003,15.917936575064008,1214.4684653749498,806.5228583511521,0.6006299092999774,0.10948208880751716,-0.971884298888754,0.2354589339428744,MAJOR_OCEAN
0,20480,32768,29.491200000000003,16.064884200208784,1363.8395070653867,809.167915603758,0.6273389376890572,0.0,-0.9751839292306692,0.2213962605154686,MAJOR_OCEAN
0,24576,32768,29.491200000000003,16.164922546942137,1335.3596108277873,810.9686058449585,0.621870285343201,0.06938665755189037,-0.9754816913102325,0.22008059868722707,MAJOR_OCEAN
0,28672,32768,29.491200000000003,16.27122804123761,1310.8405115459318,812.882104742277,0.6169466552937196,0.1252175452912138,-0.9725371353008893,0.232747761451619,MAJOR_OCEAN
0,32768,32768,29.491200000000003,16.05508510102392,1429.8273557682758,808.9915318184305,0.638367398226936,0.1418243411139015,-0.9688638252071345,0.2475942006691574,MAJOR_OCEAN
9223372036854775807,-32768,-32768,-29.491200000000003,15.879751967972652,1317.9321037712534,805.8355354235077,0.6202711672843059,0.12130390628527779,-0.971558636487845,-0.2367991044448424,MAJOR_OCEAN
9223372036854775807,-28672,-32768,-29.491200000000003,16.072629274079613,1306.8883621646603,809.307326933433,0.6172732964147416,0.0,-0.9713989468659513,-0.23745333442114636,MAJOR_OCEAN
9223372036854775807,-24576,-32768,-29.491200000000003,16.271128530872666,1378.7270443626817,812.880313555708,0.6288070864049335,0.04983746429794064,-0.9679776626655938,-0.2510363411549289,MAJOR_OCEAN
9223372036854775807,-20480,-32768,-29.491200000000003,15.947187757677256,1266.3648396647727,807.0493796381907,0.610468645982523,0.11939104396052237,-0.9642732710787727,-0.26490952924167105,MAJOR_OCEAN
9223372036854775807,-16384,-32768,-29.491200000000003,16.12453841121858,1368.1881508701888,810.2416914019344,0.627773431533731,0.14267595717823273,-0.963846791083253,-0.2664570571752906,MAJOR_OCEAN
9223372036854775807,-12288,-32768,-29.491200000000003,15.97052295759759,1369.6495049324806,807.4694132367566,0.6288221884981858,0.10699307868752625,-0.9671276821558838,-0.2542912629403292,MAJOR_OCEAN
9223372036854775807,-8192,-32768,-29.491200000000003,16.08312583644321,1270.4322533750371,809.4962650559778,0.6105122026646652,0.04875244246308295,-0.9709140960958265,-0.23942810612462426,MAJOR_OCEAN
9223372036854775807,-4096,-32768,-29.491200000000003,16.050362483639752,1347.7390623221202,808.9065247055155,0.6246341245407038,0.11290497107085613,-0.9718404899505332,-0.23563968700689517,MAJOR_OCEAN
9223372036854775807,0,-32768,-29.491200000000003,16.035273905153094,1398.9899124044905,808.6349302927557,0.6334212517033891,0.12823301701563394,-0.9691459473070023,-0.24648759161145023,MAJOR_OCEAN
9223372036854775807,4096,-32768,-29.491200000000003,15.991395007318337,1247.3802258100714,807.84511013173,0.6066359576484552,0.0,-0.9651145686430639,-0.2618279385262632,MAJOR_OCEAN
9223372036854775807,8192,-32768,-29.491200000000003,15.88781229490483,1360.7620637490472,805.9806213082869,0.6277322825854936,0.056422920430160714,-0.9635251252040599,-0.26761788636132067,MAJOR_OCEAN
9223372036854775807,12288,-32768,-29.491200000000003,15.89447398173645,1303.241628772597,806.100531671256,0.6175499183025825,0.10953637807784279,-0.965969423568137,-0.2586562829923934,MAJOR_OCEAN
9223372036854775807,16384,-32768,-29.491200000000003,15.886583374482523,1143.3500062409814,805.9585007406854,0.5862405881674848,0.0,-0.9700220141297228,-0.24301706134285278,MAJOR_OCEAN
9223372036854775807,20480,-32768,-29.491200000000003,15.973309569698797,1152.7614980106584,807.5195722545784,0.5877594575747183,0.0,-0.971971866489828,-0.23509719426713674,MAJOR_OCEAN
9223372036854775807,24576,-32768,-29.491200000000003,16.251471042779805,1268.6609195914632,812.5264787700364,0.6092923819391997,0.06613774080460094,-0.9701950603978988,-0.24232528712356324,MAJOR_OCEAN
9223372036854775807,28672,-32768,-29.491200000000003,15.931634456494967,1513.539268897713,806.7694202169093,0.6520198179566531,0.11421921934988137,-0.9661667969296361,-0.25791804999016127,MAJOR_OCEAN
9223372036854775807,32768,-32768,-29.491200000000003,16.22745048467232,1445.1339926084124,812.0941087241017,0.6399415505261321,0.202545234823533,-0.9635566909455693,-0.26750421180614087,MAJOR_OCEAN
9223372036854775807,-32768,-28672,-25.804799999999997,16.705632992776227,1131.5974145594296,820.7013938699721,0.5793263220537767,0.23494624339922932,-0.9738157543700605,-0.22733868245564803,MAJOR_OCEAN
9223372036854775807,-28672,-28672,-25.804799999999997,15.986982066661025,511.62772058534784,810.2985636827449,0.38673940239112053,0.3042393471682755,-0.9736617200418992,-0.22799748885689583,LAND
9223372036854775807,-24576,-28672,-25.804799999999997,15.243070123849993,756.7323835388796,829.302911620789,0.47682139511758376,0.5347924091342714,-0.9703564379452456,-0.2416782640996386,LAND
9223372036854775807,-20480,-28672,-25.804799999999997,15.929835655690976,1336.2203766757264,810.3033602370829,0.6222144853200186,0.25023621002536955,-0.9667676327058286,-0.255656692367652,LAND
9223372036854775807,-16384,-28672,-25.804799999999997,16.650344419016868,1195.5196225527188,819.7061995423037,0.5929492666205796,0.23565970034901482,-0.9663538575571116,-0.25721629416599917,MAJOR_OCEAN
9223372036854775807,-12288,-28672,-25.804799999999997,16.054250825246726,593.2547871917064,816.0031631639212,0.42067111696984527,0.3607788368994365,-0.9695338449654226,-0.2449573911245871,LAND
9223372036854775807,-8192,-28672,-25.804799999999997,15.320172339062738,670.8542150211614,835.2071345465538,0.44514061435759655,0.49851824422784524,-0.9731939023137555,-0.2299861484944791,LAND
9223372036854775807,-4096,-28672,-25.804799999999997,15.908884473100743,1026.9043439339623,817.2794169616766,0.5565322900064492,0.45615797570399563,-0.9740875705840397,-0.22617118479966317,LAND
9223372036854775807,0,-28672,-25.804799999999997,16.673201065940845,1178.4296126038514,820.1176191869351,0.5893482253722282,0.21991818216666106,-0.9714861794444682,-0.23709618965388396,MAJOR_OCEAN
9223372036854775807,4096,-28672,-25.804799999999997,15.96392496363632,572.527101952045,810.9169677800992,0.4135429624562694,0.28075901260061303,-0.9675835167682202,-0.25255125831886777,LAND
9223372036854775807,8192,-28672,-25.804799999999997,15.289931480733127,677.3629382763894,831.9291496068168,0.4484979718232962,0.4583524372951152,-0.9660416964226448,-0.2583862240384701,LAND
9223372036854775807,12288,-28672,-25.804799999999997,16.10659413111289,1083.0083330608734,820.0229477573756,0.5687975528403375,0.4608334220703431,-0.9684120580766165,-0.2493553403715511,LAND
9223372036854775807,16384,-28672,-25.804799999999997,16.654603917147462,1262.2108513165044,819.7828705086542,0.6059599883049726,0.21853648292937922,-0.9723326315668079,-0.23360062840319182,MAJOR_OCEAN
9223372036854775807,20480,-28672,-25.804799999999997,16.15950545740255,534.2927029355368,819.7552520631934,0.3942980032289982,0.28169840545422586,-0.9742142441136873,-0.2256249245229724,LAND
9223372036854775807,24576,-28672,-25.804799999999997,15.500350972995806,745.58577866839,829.2294780835933,0.47314288618144623,0.40707601726880516,-0.972499753569644,-0.23290390573578124,LAND
9223372036854775807,28672,-28672,-25.804799999999997,15.981331725991092,1324.8193176220484,810.1968575506861,0.6202290661562586,0.17773155110170324,-0.9686032840043891,-0.2486115005704939,LAND
9223372036854775807,32768,-28672,-25.804799999999997,16.60452442356466,1156.151655895353,818.8814396241639,0.5850871923738657,0.23541545519216955,-0.966072332373841,-0.2582716566365088,MAJOR_OCEAN
9223372036854775807,-32768,-24576,-22.1184,17.438194836146895,1171.5733878242402,833.8875070506441,0.583900434250574,0.2814323614408087,-0.9759123807277417,-0.21816284088339014,MAJOR_OCEAN
9223372036854775807,-28672,-24576,-22.1184,16.011421780295766,480.97077326504404,846.4698207837781,0.3620566666057237,0.4027465433896625,-0.9757639149623867,-0.21882591770006637,LAND
9223372036854775807,-24576,-24576,-22.1184,15.011144623635877,600.4591854844247,864.0785195879505,0.4097193701712173,0.6872863351515991,-0.9725729445559752,-0.23259808150051467,LAND
9223372036854775807,-20480,-24576,-22.1184,16.296601423247758,828.3273545330978,847.6962848082857,0.49392705928606134,0.5857281935271001,-0.9690982157909633,-0.24667518754583226,LAND
9223372036854775807,-16384,-24576,-22.1184,17.615121572951377,1210.6186438009563,837.0721883131248,0.5909230542861839,0.26080031427175077,-0.9686969905943923,-0.24824612869764512,MAJOR_OCEAN
9223372036854775807,-12288,-24576,-22.1184,16.15210531018881,507.03197262328064,841.9906094106403,0.3755729566089146,0.3923292096320005,-0.9717773652367082,-0.23589987794316783,LAND
9223372036854775807,-8192,-24576,-22.1184,18.400853132287363,735.2869989689331,860.0995102111201,0.4605945958204045,0.48658365802000897,-0.9753128714448621,-0.2208275408412135,LAND
9223372036854775807,-4096,-24576,-22.1184,15.957358885720605,769.9943138528142,847.2219172663703,0.47582906353638144,0.6108746190787055,-0.9761743145967899,-0.2169878050063814,LAND
9223372036854775807,0,-24576,-22.1184,17.599774808412782,1189.348746941865,836.79594655143,0.5867113239422043,0.340561552448777,-0.9736646855909804,-0.22798482412875062,MAJOR_OCEAN
9223372036854775807,4096,-24576,-22.1184,16.59892612374258,702.918825363019,850.0333840546083,0.45234262746500487,0.5456888688228456,-0.9698890028685875,-0.2435473713973879,LAND
9223372036854775807,8192,-24576,-22.1184,18.376600492252617,709.6499667441885,861.6983053064102,0.45133128541470596,0.4888599180803598,-0.9683942197936504,-0.24942460798856053,LAND
9223372036854775807,12288,-24576,-22.1184,16.512276204460385,900.2800410074868,846.3592222568118,0.5151406585624049,0.5546889670486403,-0.970691567567939,-0.24032869294467837,LAND
9223372036854775807,16384,-24576,-22.1184,17.46081886416303,1075.7401726224184,834.2947395549345,0.5629097437036172,0.2650950314761271,-0.9744819529080286,-0.22446586256389783,MAJOR_OCEAN
9223372036854775807,20480,-24576,-22.1184,16.359343927313173,480.3361754493492,845.7209045188789,0.3619559269152531,0.400474799447705,-0.9762963581235871,-0.21643803065686185,LAND
9223372036854775807,24576,-24576,-22.1184,15.319666161024104,692.200964838074,869.199730008772,0.4430367748306249,0.7045684860134277,-0.9746432379769143,-0.22376451610091364,LAND
9223372036854775807,28672,-24576,-22.1184,16.22594739783725,792.2382968060533,848.145713595191,0.48266480712967763,0.5887906622211092,-0.9708767261409872,-0.23957959562065925,LAND
9223372036854775807,32768,-24576,-22.1184,17.487554300432546,1140.9441484148056,834.7759774077858,0.5771905357315131,0.2685945569612135,-0.9684239370909614,-0.2493092017339948,MAJOR_OCEAN
9223372036854775807,-32768,-20480,-18.432000000000002,18.324098850003317,1130.6522226557995,849.8337793000596,0.5706082311657867,0.3103318751348531,-0.976000084110469,-0.21777014445593187,MAJOR_OCEAN
9223372036854775807,-28672,-20480,-18.432000000000002,17.20959320491488,667.6121642938907,846.8832504377448,0.4405240410523523,0.2965611206073989,-0.9758518584429928,-0.21843340031542127,LAND
9223372036854775807,-24576,-20480,-18.432000000000002,17.030034301214314,606.3029008860059,864.3152291441144,0.41199743908672587,0.3932909213538506,-0.9726658187113633,-0.23220939927262507,LAND
9223372036854775807,-20480,-20480,-18.432000000000002,17.547199161650248,779.6374077932045,851.1712933401868,0.47777500343741175,0.2891311989533953,-0.9691960142855582,-0.24629065327979474,LAND
9223372036854775807,-16384,-20480,-18.432000000000002,18.402689449808218,1132.213149366291,851.2484100965479,0.5705392195517067,0.0,-0.9687953310741894,-0.24786207150117143,MAJOR_OCEAN
9223372036854775807,-12288,-20480,-18.432000000000002,17.340702518848662,608.2928429830064,841.0167991692235,0.4194227393264187,0.2569348478802367,-0.9718714051393299,-0.235512148035944,LAND
9223372036854775807,-8192,-20480,-18.432000000000002,17.229287390782524,721.4342178137841,859.4871789568613,0.45604934561636823,0.36849052140973565,-0.9754015382257668,-0.22043556706395653,LAND
9223372036854775807,-4096,-20480,-18.432000000000002,17.41972495516655,827.4173739061107,845.6960214164048,0.49424213211477824,0.2802942885998166,-0.976261591906903,-0.21659479256759534,LAND
9223372036854775807,0,-20480,-18.432000000000002,18.195991884326872,1110.6386114248662,847.5278539178837,0.5668934371182,0.14656159663394597,-0.9737559202351712,-0.22759483255767207,MAJOR_OCEAN
9223372036854775807,4096,-20480,-18.432000000000002,17.631080273981592,698.8968181810653,840.925763366314,0.45358682209809936,0.2575037795489887,-0.9699857176645348,-0.24316189571315924,LAND
9223372036854775807,8192,-20480,-18.432000000000002,17.296803773957816,674.8749918995366,862.5951817584825,0.4386662825544982,0.38035106232642335,-0.9684929658386472,-0.24904091053692545,LAND
9223372036854775807,12288,-20480,-18.432000000000002,17.473141551036694,926.883713697528,843.4007017486081,0.5232833900726623,0.2567123059764284,-0.9707871608850313,-0.23994226026438226,LAND
9223372036854775807,16384,-20480,-18.432000000000002,18.190434130044615,1279.1390736338706,847.427814340803,0.6012215554132545,0.17267865685926653,-0.9745719286703288,-0.22407488892733057,MAJOR_OCEAN
9223372036854775807,20480,-20480,-18.432000000000002,17.24435225660614,582.5252038347417,845.5444467359251,0.4076254810968264,0.2880036960869592,-0.9763834358226186,-0.2160448709208774,LAND
9223372036854775807,24576,-20480,-18.432000000000002,17.091157989098452,741.5878250535609,866.6671353824114,0.4608268069918847,0.5419792083736129,-0.974732961993101,-0.22337334846430537,LAND
9223372036854775807,28672,-20480,-18.432000000000002,17.59582994348283,846.5903793976806,842.3148851128652,0.5009691354756991,0.24690219575257907,-0.970972057543714,-0.23919294193041454,LAND
9223372036854775807,32768,-20480,-18.432000000000002,18.143254923241404,1327.2598302964384,846.5785886183453,0.6102797425101235,0.25913169653693024,-0.9685226434584069,-0.24892546898286597,MAJOR_OCEAN
9223372036854775807,-32768,-16384,-14.745600000000001,18.84040325689494,1256.9147404011997,859.1272586241089,0.5937127090439804,0.13158850168636646,-0.9740049410785874,-0.22652676388121917,MAJOR_OCEAN
9223372036854775807,-28672,-16384,-14.745600000000001,18.986243104851784,1287.0415561938216,861.7523758873322,0.5986813605655095,0.0,-0.9738513962194805,-0.2271859548505769,MAJOR_OCEAN
9223372036854775807,-24576,-16384,-14.745600000000001,18.98280681650458,1387.4248149559185,861.6905226970825,0.6166016433642384,0.04449256424416332,-0.9705561584802606,-0.24087495352576466,MAJOR_OCEAN
9223372036854775807,-20480,-16384,-14.745600000000001,19.218022423677034,1446.378282674116,865.9244036261866,0.62524385210797,0.11154699871063603,-0.9669773700742696,-0.25486224860549456,MAJOR_OCEAN
9223372036854775807,-16384,-16384,-14.745600000000001,18.84671908714542,1289.3033967411566,859.2409435686176,0.599803117601823,0.11947487936946266,-0.9665646964781737,-0.2564228685629578,MAJOR_OCEAN
9223372036854775807,-12288,-16384,-14.745600000000001,19.1391424109754,1236.6062405695395,864.5045633975571,0.5882688192438859,0.0,-0.9697359381497643,-0.24415611862248413,MAJOR_OCEAN
9223372036854775807,-8192,-16384,-14.745600000000001,19.031705614538545,1223.860313545914,862.5707010616939,0.5862997651091112,0.06878327617445629,-0.9733850528275141,-0.22917578173091843,MAJOR_OCEAN
9223372036854775807,-4096,-16384,-14.745600000000001,19.114725863440622,1453.2051713166038,864.0650655419312,0.6268489101105951,0.10561777248256181,-0.9742758886098337,-0.22535858730813627,MAJOR_OCEAN
9223372036854775807,0,-16384,-14.745600000000001,18.92249814236203,1320.3583199047337,860.6049665625166,0.605123985400545,0.11372770853124366,-0.9716825616945062,-0.23629007448219697,MAJOR_OCEAN
9223372036854775807,4096,-16384,-14.745600000000001,18.856429513387027,1278.436571745372,859.4157312409665,0.5977208290447991,0.0,-0.9677910510256529,-0.251754804432134,MAJOR_OCEAN
9223372036854775807,8192,-16384,-14.745600000000001,19.09400769822463,1433.9027558793669,863.6921385680433,0.6238170803142247,0.052029347115681704,-0.9662533595081103,-0.25759356598970123,MAJOR_OCEAN
9223372036854775807,12288,-16384,-14.745600000000001,18.93173455607276,1430.0940107169781,860.7712220093097,0.6239869562556303,0.11849696300161106,-0.968617311642206,-0.248556841762655,MAJOR_OCEAN
9223372036854775807,16384,-16384,-14.745600000000001,18.83835020007343,1236.7352963407425,859.0903036013217,0.5898131424830533,0.12794081114953962,-0.9725264494669278,-0.23279240770963958,MAJOR_OCEAN
9223372036854775807,20480,-16384,-14.745600000000001,19.18522889934983,1246.2698229421856,865.334120188297,0.5899211856508455,0.0,-0.9744021551339643,-0.2248120105116398,MAJOR_OCEAN
9223372036854775807,24576,-16384,-14.745600000000001,19.11645908438935,1242.5126454528981,864.0962635190083,0.5895366261566037,0.0710420195906422,-0.972693058549795,-0.23209526890706958,MAJOR_OCEAN
9223372036854775807,28672,-16384,-14.745600000000001,18.837486503467876,1320.087614797558,859.0747570624218,0.6054996782975117,0.11397772033407573,-0.9688080048161104,-0.2478125295545552,MAJOR_OCEAN
9223372036854775807,32768,-16384,-14.745600000000001,19.128244203443057,1232.7002850621739,864.308395661975,0.5875572853381593,0.1284471242643549,-0.966283914833703,-0.2574789232804364,MAJOR_OCEAN
9223372036854775807,-32768,-12288,-11.0592,19.712305580126884,1049.059100497506,874.8215004422839,0.5449995703553357,0.23893125057089842,-0.9716764013303759,-0.23631540596763956,MAJOR_OCEAN
9223372036854775807,-28672,-12288,-11.0592,19.154508900891592,545.1343736212465,877.8047624635581,0.3828354455655472,0.301887219670107,-0.971516998682468,-0.23696987418448234,LAND
9223372036854775807,-24576,-12288,-11.0592,18.4845141202141,671.1336798216868,894.3995250041763,0.42841969627850335,0.4788052736352922,-0.9681015986975603,-0.25055796654512485,LAND
9223372036854775807,-20480,-12288,-11.0592,19.182945997069112,1080.242039838731,880.6147363777264,0.550622274232492,0.5032060526816745,-0.9644030658462621,-0.2644366211142668,LAND
9223372036854775807,-16384,-12288,-11.0592,20.044983167985258,1283.3426795162593,880.8096970237347,0.5927262641750396,0.22806795502163216,-0.9639772295441633,-0.2659847757304155,MAJOR_OCEAN
9223372036854775807,-12288,-12288,-11.0592,18.895728502108536,529.6708091363644,873.1467152854631,0.3773074490963583,0.30421536750543987,-0.9672530067873654,-0.25381414629764204,LAND
9223372036854775807,-8192,-12288,-11.0592,18.72955120355926,638.3710213604602,890.9630194509442,0.41714488754493556,0.38551504045972207,-0.9710330121821001,-0.23894536876147535,LAND
9223372036854775807,-4096,-12288,-11.0592,19.016621575224136,905.3736081309037,879.1019289876589,0.5070770163516295,0.5048781772316531,-0.9719577454353547,-0.23515556784439984,LAND
9223372036854775807,0,-12288,-11.0592,19.766073225869842,1249.4933648122485,875.7893180656572,0.5876421676543355,0.2295999465820981,-0.9692679287130477,-0.2460074843745984,MAJOR_OCEAN
9223372036854775807,4096,-12288,-11.0592,19.067393078770014,556.6598216367809,868.8030215480345,0.390237870054817,0.3050999471840009,-0.9652430756627661,-0.26135379255921204,LAND
9223372036854775807,8192,-12288,-11.0592,18.74599651173377,664.3458129278094,892.355586602697,0.4264911189834228,0.43784343437322726,-0.9636560451876998,-0.2671460772184423,LAND
9223372036854775807,12288,-12288,-11.0592,19.21724610444977,1053.1433036830235,871.5003760102702,0.546904557052197,0.4278722488239189,-0.9660965969962513,-0.258180877046041,LAND
9223372036854775807,16384,-12288,-11.0592,19.726626571382333,1159.2063467583075,875.079278284882,0.5695546278590302,0.21852878396313727,-0.9701424933696419,-0.24253565213909148,MAJOR_OCEAN
9223372036854775807,20480,-12288,-11.0592,19.043860125934632,485.137547248848,869.8161305763034,0.3577832747406036,0.30664835861121376,-0.9720888833014899,-0.2346128789339205,LAND
9223372036854775807,24576,-12288,-11.0592,18.85008831434591,773.3390621356573,898.3278812368656,0.4623389403370456,0.47954489992141075,-0.9703152391038083,-0.24184362047182303,LAND
9223372036854775807,28672,-12288,-11.0592,19.014051125765363,971.7708141797574,867.8428663939509,0.5279602256769396,0.43426846286382115,-0.9662936587678511,-0.2574423528191111,LAND
9223372036854775807,32768,-12288,-11.0592,20.00119044529066,1108.7622825935914,880.0214280152319,0.5572275402005067,0.24677961536332851,-0.9636875638262228,-0.26703235632911554,MAJOR_OCEAN
9223372036854775807,-32768,-8192,-7.372800000000001,20.905704009788366,1079.261112634547,896.3026721761905,0.5460289826861772,0.26417960240469973,-0.9712194564549635,-0.2381864131375363,MAJOR_OCEAN
9223372036854775807,-28672,-8192,-7.372800000000001,19.716053347446984,584.6487670647692,915.2791854478779,0.38952487098799826,0.4391837897018712,-0.9710589450745769,-0.2388399572740075,LAND
9223372036854775807,-24576,-8192,-7.372800000000001,19.023790929690676,728.289760940567,936.1298489267526,0.43730106012057124,0.7093660915566513,-0.9676208125865442,-0.25240832603017677,LAND
9223372036854775807,-20480,-8192,-7.372800000000001,19.65568528768094,930.1074640211308,904.7855387253995,0.5066240040294683,0.5532385074912941,-0.9638996483000669,-0.26626578452179556,LAND
9223372036854775807,-16384,-8192,-7.372800000000001,20.83739670773561,994.8241612559044,895.073140739241,0.5261122114914618,0.26090983786849964,-0.9634713256716292,-0.26781150947738114,MAJOR_OCEAN
9223372036854775807,-12288,-8192,-7.372800000000001,19.688817091650424,529.8215883048929,910.900507534718,0.36749217469427936,0.40335702855582994,-0.9667668564772388,-0.2556596276636534,LAND
9223372036854775807,-8192,-8192,-7.372800000000001,18.85403173920792,684.5281114838443,933.8995993617807,0.4226975411742218,0.6872442761805977,-0.9705716194785504,-0.24081264805400882,LAND
9223372036854775807,-4096,-8192,-7.372800000000001,19.87079333037725,912.9957370077356,914.2284094869748,0.49938938765153057,0.5936246448087674,-0.9715027684931578,-0.2370282067816613,LAND
9223372036854775807,0,-8192,-7.372800000000001,20.623723855207007,1051.3483859851476,891.2270293937261,0.5409352154108213,0.27353225095464173,-0.9687946936264152,-0.24786456302041282,MAJOR_OCEAN
9223372036854775807,4096,-8192,-7.372800000000001,19.79901997539837,561.2546056719282,905.5206101336955,0.3823845774394481,0.48271790098791434,-0.9647446322641872,-0.2631877552574173,LAND
9223372036854775807,8192,-8192,-7.372800000000001,19.095756998656686,661.3124735570765,937.1917313678007,0.41344841202723553,0.7060790418855166,-0.9631482814105083,-0.2689709798769826,LAND
9223372036854775807,12288,-8192,-7.372800000000001,19.615312202158837,800.3238807851949,913.7728290495567,0.46663484117015513,0.6146068261118793,-0.9656033049648154,-0.26001972509989646,LAND
9223372036854775807,16384,-8192,-7.372800000000001,20.747073942029555,1155.7933895767192,893.4473309565319,0.5637354570131192,0.25404969169046143,-0.9696750615798131,-0.24439778016623967,MAJOR_OCEAN
9223372036854775807,20480,-8192,-7.372800000000001,19.736909807002444,501.27018837413397,904.3281539995322,0.3563705240319204,0.3852232867275126,-0.9716348284933922,-0.23648627879565484,LAND
9223372036854775807,24576,-8192,-7.372800000000001,19.180862764964786,637.9557014798218,937.6010011885742,0.40465128872310896,0.7002305826166627,-0.9698489683828185,-0.24370674698658365,LAND
9223372036854775807,28672,-8192,-7.372800000000001,19.5026016615735,795.707537109198,910.8105947653637,0.4660023939163959,0.6363439528540197,-0.965801570359075,-0.2592823300804448,LAND
9223372036854775807,32768,-8192,-7.372800000000001,20.63615283643996,1035.0095967195948,891.4507510559192,0.5369810060757418,0.2877429716211853,-0.9631799819857378,-0.2688574386212027,MAJOR_OCEAN
9223372036854775807,-32768,-4096,-3.6864000000000003,21.527208745146368,1318.8382536303723,907.4897574126346,0.5921167637149188,0.2507489343351267,-0.9730853830033552,-0.23044486842890077,MAJOR_OCEAN
9223372036854775807,-28672,-4096,-3.6864000000000003,20.81030182686137,636.0031292445532,900.1753790136789,0.4137470865145028,0.27372566767829754,-0.9729294820479923,-0.23110219159892315,LAND
9223372036854775807,-24576,-4096,-3.6864000000000003,20.89973488300061,736.7487878807098,929.057343445168,0.4420122856727528,0.3707197673829126,-0.9695859012853612,-0.24475126154660337,LAND
9223372036854775807,-20480,-4096,-3.6864000000000003,20.804557510885996,886.9180736396003,902.310437783955,0.49542171179831124,0.2630673980969862,-0.9659589146259604,-0.25869552615891256,LAND
9223372036854775807,-16384,-4096,-3.6864000000000003,21.540276212366987,1213.7242067753534,907.7249718226058,0.5718507745740756,0.15582010367197396,-0.9655409414401807,-0.2602512063426597,MAJOR_OCEAN
9223372036854775807,-12288,-4096,-3.6864000000000003,20.97230271997565,638.6975924797279,901.0677673942071,0.4145326790913744,0.2810086759933865,-0.9687542632827171,-0.24802253399955415,LAND
9223372036854775807,-8192,-4096,-3.6864000000000003,20.714800052690904,678.5315040595791,930.641012670693,0.4214029844686781,0.40386309660284486,-0.9724560419961477,-0.233086349632892,LAND
9223372036854775807,-4096,-4096,-3.6864000000000003,21.12632993196975,823.7735687362147,905.8638849056298,0.4759943031411446,0.2428008706107415,-0.9733605120729524,-0.22927998939523675,LAND
9223372036854775807,0,-4096,-3.6864000000000003,21.83236308207388,1231.7299269166704,912.9825354773297,0.5740423978068399,0.1708743106392602,-0.9707283701712949,-0.24017999780285948,MAJOR_OCEAN
9223372036854775807,4096,-4096,-3.6864000000000003,21.0300338305931,577.3698180128856,915.3433495843003,0.38653325855167575,0.29520571714857113,-0.9667831952547137,-0.25559783522769935,LAND
9223372036854775807,8192,-4096,-3.6864000000000003,20.655054408078442,702.7747419667123,930.0552080838663,0.430139465826879,0.4119090925138284,-0.9652256395035651,-0.2614181800199326,LAND
9223372036854775807,12288,-4096,-3.6864000000000003,20.95461400615689,825.2358041830656,910.8249005092415,0.4750759728510715,0.2903050238022422,-0.9676204294612631,-0.252409794756861,LAND
9223372036854775807,16384,-4096,-3.6864000000000003,21.506834517202453,1061.2493542836432,907.1230213096442,0.5388769373612923,0.0,-0.9715845999232626,-0.23669255415401982,MAJOR_OCEAN
9223372036854775807,20480,-4096,-3.6864000000000003,21.119414798040474,627.911774228301,903.715784799374,0.4096962569475515,0.25198257302635035,-0.9734887378109559,-0.22873495000815217,LAND
9223372036854775807,24576,-4096,-3.6864000000000003,20.896349460245098,730.8233602872746,923.3196496008161,0.4415469575264604,0.3595115088134187,-0.9717536777365801,-0.23599743601452736,LAND
9223372036854775807,28672,-4096,-3.6864000000000003,21.17329525037297,1069.9372392004045,903.6522009895599,0.5418530138080104,0.0,-0.9678136860848474,-0.25166777510611177,LAND
9223372036854775807,32768,-4096,-3.6864000000000003,21.73908213667385,1307.5451544817374,911.3034784601293,0.5890244654874986,0.16645539378552762,-0.9652565827063697,-0.26130390265363673,MAJOR_OCEAN
9223372036854775807,-32768,0,0.0,22.44736641809879,1394.3202600136817,924.0525955257783,0.6011626188879314,0.12396612698912304,-0.964371081217163,0.2645532417341359,MAJOR_OCEAN
9223372036854775807,-28672,0,0.0,22.358039267578008,1254.411132714434,922.4447068164042,0.5759844659803854,0.0,-0.9645464632624383,0.26391309214952147,MAJOR_OCEAN
9223372036854775807,-24576,0,0.0,22.61504248663149,1315.7784081402433,927.0707647593669,0.5863934278790811,0.053850431353653846,-0.9681242287096206,0.2504705128062028,MAJOR_OCEAN
9223372036854775807,-20480,0,0.0,22.612028965464372,1301.6340918570522,927.0165213783587,0.5837838826094245,0.11855489411930056,-0.9716473842861724,0.23643468571645593,MAJOR_OCEAN
9223372036854775807,-16384,0,0.0,22.343453824707424,1213.6182268028435,922.1821688447336,0.567960502663163,0.13357680983032266,-0.9720317708606473,0.23484939096687935,MAJOR_OCEAN
9223372036854775807,-12288,0,0.0,22.653962267462454,1253.5963579780353,927.7713208143241,0.5744203280501884,0.0,-0.9689630547142555,0.24720557962719747,MAJOR_OCEAN
9223372036854775807,-8192,0,0.0,22.525903515232013,1294.5464383165993,925.4662632741763,0.582863140489649,0.014394522780075884,-0.9650741763668221,0.26197678162367716,MAJOR_OCEAN
9223372036854775807,-4096,0,0.0,22.394338672412957,1347.540624932256,923.0980961034332,0.593201996626419,0.1193082585652604,-0.9640595986088359,0.2656860747765491,MAJOR_OCEAN
9223372036854775807,0,0,0.0,22.389088805627395,1477.4455746494277,923.0035985012931,0.6152308327687848,0.13765643039934178,-0.9669397954143151,0.2550047686693769,MAJOR_OCEAN
9223372036854775807,4096,0,0.0,22.491861993361603,1160.1206721001654,924.8535158805089,0.5561529374547147,0.0,-0.9708767128686668,0.23957964940564602,MAJOR_OCEAN
9223372036854775807,8192,0,0.0,22.578508272670526,1404.4058872549729,926.4131489080694,0.6022791072011713,0.055253543605464514,-0.972318939520015,0.23365761243895622,MAJOR_OCEAN
9223372036854775807,12288,0,0.0,22.499860489490878,1406.7775854071247,924.9974888108359,0.6030489612800466,0.09479446836555347,-0.9700763226866522,0.24280018155417885,MAJOR_OCEAN
9223372036854775807,16384,0,0.0,22.541933011559074,1487.9540558618805,925.7547942080633,0.6162043327992859,0.1685670277665542,-0.9660267471818936,0.2584421090479833,MAJOR_OCEAN
9223372036854775807,20480,0,0.0,22.394805519471532,1244.159217288145,923.1064993504876,0.5738038505801358,0.0,-0.9639135612109375,0.26621541374166924,MAJOR_OCEAN
9223372036854775807,24576,0,0.0,22.533964226973772,1450.2523141678532,925.6113560855279,0.6101537636835737,0.05270775836644603,-0.9658437956248005,0.25912499387955357,MAJOR_OCEAN
9223372036854775807,28672,0,0.0,22.657989391234235,1308.2364920827729,927.8438090422162,0.5847963935066985,0.1143450823085291,-0.9698889894038973,0.2435474250183869,MAJOR_OCEAN
9223372036854775807,32768,0,0.0,22.44436154347885,1246.158339827363,923.9985077826193,0.5739605322384419,0.12475975051194997,-0.9722908628102677,0.23377441711116556,MAJOR_OCEAN
9223372036854775807,-32768,4096,3.6864000000000003,21.585760809607617,1383.6205272333236,908.543694572937,0.6033673969252341,0.2359377209082543,-0.9634761793068044,0.26779404755961717,MAJOR_OCEAN
9223372036854775807,-28672,4096,3.6864000000000003,21.10486544155122,638.1040162772217,907.715980535929,0.4125263557439657,0.2648224743888553,-0.9636533840218817,0.26715567645695965,LAND
9223372036854775807,-24576,4096,3.6864000000000003,20.477115237259714,659.1718336108083,925.1422038108592,0.4157989004392317,0.4023885199874707,-0.9672699607058384,0.2537495283071987,LAND
9223372036854775807,-20480,4096,3.6864000000000003,21.16570974233493,1002.9976382427922,904.5490937966741,0.5255295148948186,0.0,-0.9708346949977418,0.23974985920463382,LAND
9223372036854775807,-16384,4096,3.6864000000000003,21.522923988886912,1130.6139841333313,907.4126317999644,0.554487114242906,0.18144475627169118,-0.9712238428693982,0.23816852655629892,MAJOR_OCEAN
9223372036854775807,-12288,4096,3.6864000000000003,20.954526598099854,622.2654643466957,910.2050810133068,0.40578899035886645,0.28207315934654964,-0.9681183644567124,0.25049317835354346,LAND
9223372036854775807,-8192,4096,3.6864000000000003,20.59908340914726,615.6471671701072,933.4835126314371,0.3971582365229527,0.4288333694565898,-0.9641866246496313,0.2652247214095077,LAND
9223372036854775807,-4096,4096,3.6864000000000003,21.116758481387983,817.0825471105649,907.9300552529908,0.47339315251329783,0.27018146498744416,-0.9631614770372898,0.2689237236677834,LAND
9223372036854775807,0,4096,3.6864000000000003,21.6631890929699,1030.8536721170533,909.9374036734582,0.5308777473381828,0.0,-0.9660723230203446,0.25827169162352076,MAJOR_OCEAN
9223372036854775807,4096,4096,3.6864000000000003,23.129422287955595,828.7970266741579,936.3296011832008,0.4692738411852402,0.23128804790655452,-0.970054616497717,0.24288688933630678,COASTAL_WATER
9223372036854775807,8192,4096,3.6864000000000003,20.54599325228166,647.5606575522116,921.4125915851996,0.41246604546160276,0.36769541976641246,-0.971514599439018,0.2369797102640738,LAND
9223372036854775807,12288,4096,3.6864000000000003,20.962656873130143,860.4946638453092,902.9177698465169,0.4876947404212206,0.24740467829191365,-0.9692446469000155,0.24609919637346273,LAND
9223372036854775807,16384,4096,3.6864000000000003,21.79464434967655,1278.5002763358943,912.3035982941778,0.5833096159443905,0.1430939954470432,-0.9651493409871277,0.2616997317387108,MAJOR_OCEAN
9223372036854775807,20480,4096,3.6864000000000003,20.83493534823271,641.3685191123034,900.6187823983631,0.41566675142716314,0.27304793501689756,-0.96301393773817,0.26945158326130514,LAND
9223372036854775807,24576,4096,3.6864000000000003,20.519770587897153,658.9131198988862,926.3242657565048,0.415393765055311,0.39103012365002293,-0.9649644238289387,0.26238075528606214,LAND
9223372036854775807,28672,4096,3.6864000000000003,20.785699026106293,847.8583062001816,899.7325286000877,0.4848809048556103,0.24308499417281054,-0.9690550987975961,0.24684451684082695,LAND
9223372036854775807,32768,4096,3.6864000000000003,21.54281790707248,1332.2897860390265,907.7707223273046,0.5944907694662057,0.35841095289856184,-0.9714861707613486,0.23709622523239754,MAJOR_OCEAN
9223372036854775807,-32768,8192,7.372800000000001,20.878664972126966,1182.9887182915943,895.8159694982853,0.5687979862901003,0.2665988144804276,-0.9652564448658856,0.2613044118358347,MAJOR_OCEAN
9223372036854775807,-28672,8192,7.372800000000001,19.993754672058902,544.0426033070235,910.110744666729,0.3738730382365424,0.4161711045790234,-0.9654299878020466,0.26066249951333637,LAND
9223372036854775807,-24576,8192,7.372800000000001,19.18599283573108,641.6399684680291,938.1467556259868,0.40589913787121873,0.6988504792103103,-0.9689686034062597,0.2471838295943379,LAND
9223372036854775807,-20480,8192,7.372800000000001,19.79805410817013,840.6547697157207,911.9577149847601,0.4793845715915427,0.5956672187370239,-0.9724498408144434,0.23311221997133433,LAND
9223372036854775807,-16384,8192,7.372800000000001,20.661247609772992,1224.8230526296768,891.9024569759139,0.5783672374319135,0.273553358773214,-0.9728294286983051,0.23152300675857085,MAJOR_OCEAN
9223372036854775807,-12288,8192,7.372800000000001,19.91328642402287,526.8608672382292,912.7966148222378,0.36570862526233416,0.4469435271719947,-0.9697977713835649,0.2439103987522279,LAND
9223372036854775807,-8192,8192,7.372800000000001,19.143908402509886,676.5735869839876,938.3692662700194,0.4186865801730418,0.6985709593775729,-0.9659521238283889,0.258720881398129,LAND
9223372036854775807,-4096,8192,7.372800000000001,19.64977689182085,947.7093185584862,912.0085960461163,0.5093245521634439,0.6150154706739556,-0.9649482110786068,0.2624403740589403,LAND
9223372036854775807,0,8192,7.372800000000001,20.92845628227722,1195.0607550833574,896.71221308099,0.5710417581184604,0.255768469632735,-0.9677974872824574,0.2517300609974139,MAJOR_OCEAN
9223372036854775807,4096,8192,7.372800000000001,19.557365810532282,574.795929704299,905.4451677265303,0.3880502172814853,0.4834795780662137,-0.9716886512395975,0.23626503137826382,LAND
9223372036854775807,8192,8192,7.372800000000001,22.15989614627238,914.8977356011114,931.2467055749431,0.49530384046122955,0.5748889628504315,-0.9731129814657431,0.2303282989622688,LAND
9223372036854775807,12288,8192,7.372800000000001,19.806360224763623,830.1960204246802,905.8744899685211,0.4779287976265039,0.576881654373485,-0.9708979178167947,0.23949370175228527,LAND
9223372036854775807,16384,8192,7.372800000000001,20.617665610343124,1233.2242377517623,891.1179809861762,0.5802473723427328,0.2621190910541046,-0.9668944593290292,0.2551766143650792,MAJOR_OCEAN
9223372036854775807,20480,8192,7.372800000000001,19.67558442576624,548.2592274782609,903.298770240317,0.3774439494597598,0.439219760646899,-0.9648036892372237,0.26297117947456256,LAND
9223372036854775807,24576,8192,7.372800000000001,19.055925159321244,731.227723127557,936.6195923877692,0.43816334563941817,0.7467912937510648,-0.9667134906526134,0.2558613432901494,LAND
9223372036854775807,28672,8192,7.372800000000001,19.594539979893813,910.7055731847926,912.691176961488,0.4991817558937067,0.6106748263173862,-0.9707128174119591,0.24024284820184866,LAND
9223372036854775807,32768,8192,7.372800000000001,20.718147035012798,1170.3516193997193,892.9266466302304,0.5669543872350875,0.2499773327794954,-0.9730852594614301,0.23044539010117174,MAJOR_OCEAN
9223372036854775807,-32768,12288,11.0592,19.66750012997814,1164.3733070023436,874.0150023396066,0.5709424250735516,0.23442116001937388,-0.9679938369236376,0.2509739661356412,MAJOR_OCEAN
9223372036854775807,-28672,12288,11.0592,19.03786293401212,477.8486337317572,869.7081811216982,0.3543407503996663,0.2692700158859998,-0.9681614542985946,0.25032658350728637,LAND
9223372036854775807,-24576,12288,11.0592,18.838517048381377,681.9966064838437,888.157084344353,0.43407377041793105,0.4269739957363492,-0.971574006383575,0.2367360346879387,LAND
9223372036854775807,-20480,12288,11.0592,19.08451622049314,1194.6588856520025,866.054178451723,0.5794496365435547,0.17167173794791257,-0.974920421346712,0.22255375090334809,LAND
9223372036854775807,-16384,12288,11.0592,19.813432719668363,1149.7008186544397,876.6417889540305,0.5670974478313117,0.21574258139159622,-0.9752845849275853,0.22095243470626824,MAJOR_OCEAN
9223372036854775807,-12288,12288,11.0592,19.16012814778594,597.6575506667515,875.8018031060101,0.4053401330714881,0.3472708194063139,-0.9723720971037421,0.2334362970364095,LAND
9223372036854775807,-8192,12288,11.0592,18.911127360308928,836.9684072263278,889.7602984083366,0.48443277263190204,0.5274110397967136,-0.968665623125162,0.24836849755059853,LAND
9223372036854775807,-4096,12288,11.0592,19.03541832312492,1137.2699491352732,868.2274759464229,0.5667936250099939,0.47188264811581115,-0.9676960715557714,0.25211964043986584,LAND
9223372036854775807,0,12288,11.0592,19.8414827995728,1273.0872500511541,877.1466903923103,0.591793958860985,0.23139815983501927,-0.9704457557816814,0.24131936326229855,MAJOR_OCEAN
9223372036854775807,4096,12288,11.0592,19.18830042019298,496.9156145618426,868.9557259981191,0.3635423465373652,0.29718200639292236,-0.9741897148692313,0.22573081190436953,LAND
9223372036854775807,8192,12288,11.0592,18.861759704083436,673.5885805158574,892.4356646514962,0.429852047658599,0.4329464561895321,-0.9755565165382033,0.21974868154290786,LAND
9223372036854775807,12288,12288,11.0592,18.903248567408678,1024.436211985505,873.9003226117736,0.5393652958940839,0.4633392758193814,-0.9734300349661987,0.22898464364604273,LAND
9223372036854775807,16384,12288,11.0592,19.74379683025689,1173.7831245989269,875.388342944624,0.5725292460563388,0.23132427983650575,-0.9695749921312348,0.2447944742712059,MAJOR_OCEAN
9223372036854775807,20480,12288,11.0592,19.266828580239526,569.7909220536051,877.7224108901746,0.39336256636011235,0.2895272621244066,-0.9675564335246242,0.2526549978629151,LAND
9223372036854775807,24576,12288,11.0592,18.77713116219749,690.2506300921699,889.2410747467967,0.4367315740910505,0.45791973351314685,-0.9694004092538635,0.2454849212038123,LAND
9223372036854775807,28672,12288,11.0592,19.23331784553867,1184.6409629527154,875.0838750496437,0.5748661544260764,0.5104094079343432,-0.9732521160634284,0.22973967567239834,LAND
9223372036854775807,32768,12288,11.0592,19.699548880938096,1359.6838178944918,874.5918798568857,0.6082846152992646,0.32288047891937155,-0.9755299344762163,0.21986665718300527,MAJOR_OCEAN
9223372036854775807,-32768,16384,14.745600000000001,19.055071238572747,1217.5460247650246,862.9912822943095,0.584926352574049,0.0,-0.9691890420119832,0.2463180887468362,MAJOR_OCEAN
9223372036854775807,-28672,16384,14.745600000000001,18.8815400006863,1151.7238061018877,859.8677200123534,0.5722590953791545,0.0,-0.9693539510465223,0.24566830807105813,MAJOR_OCEAN
9223372036854775807,-24576,16384,14.745600000000001,19.111419935624124,1428.5950976658846,864.0055588412342,0.6228613048277833,0.058132242949092,-0.9727089222064719,0.2320287754997725,MAJOR_OCEAN
9223372036854775807,-20480,16384,14.745600000000001,19.133677399048107,1434.3292351929085,864.406193182866,0.6236931507403557,0.09628590630832955,-0.9759938323059579,0.2177981618396482,MAJOR_OCEAN
9223372036854775807,-16384,16384,14.745600000000001,18.83835020007343,1139.406825649409,859.0903036013217,0.5698466924413028,0.0,-0.9763509643251739,0.21619156889504956,MAJOR_OCEAN
9223372036854775807,-12288,16384,14.745600000000001,18.89104600088805,1233.207386898762,860.0388280159849,0.5888550152871895,0.0,-0.9734928288559821,0.2287175379501482,MAJOR_OCEAN
9223372036854775807,-8192,16384,14.745600000000001,19.12648684760752,1219.9179677839522,864.2767632569353,0.5850379101883657,0.054698286785311453,-0.9698499087641071,0.24370300463936218,MAJOR_OCEAN
9223372036854775807,-4096,16384,14.745600000000001,19.128908102292385,1534.786152259771,864.3203458412629,0.6394658543169208,0.11051616035677662,-0.9688960617437247,0.24746802124214037,MAJOR_OCEAN
9223372036854775807,0,16384,14.745600000000001,19.053970949851838,1313.6903594240173,862.971477097333,0.6032572814530919,0.11742521577487376,-0.9716002429302669,0.23662833291439628,MAJOR_OCEAN
9223372036854775807,4096,16384,14.745600000000001,18.974385875817834,1361.1985320670422,861.538945764721,0.6121219548785352,0.0,-0.9752770252305077,0.22098580057897746,MAJOR_OCEAN
9223372036854775807,8192,16384,14.745600000000001,18.886221547583013,1344.1546030621373,859.9519878564943,0.6095644576084515,0.05437425889866164,-0.9766175987831641,0.2149838732254277,MAJOR_OCEAN
9223372036854775807,12288,16384,14.745600000000001,19.013411298641394,1277.7046811966263,862.2414033755451,0.5967944220566171,0.10574761219697476,-0.9745315088307622,0.2242506149290077,MAJOR_OCEAN
9223372036854775807,16384,16384,14.745600000000001,18.84671908714542,1292.1408968448193,859.2409435686176,0.6003306999638226,0.10963673648821495,-0.970744215738355,0.2401159461812691,MAJOR_OCEAN
9223372036854775807,20480,16384,14.745600000000001,19.05234409399371,1154.3996876292344,862.9421936918868,0.5719544831887515,0.0,-0.9687586562696618,0.2480053747453858,MAJOR_OCEAN
9223372036854775807,24576,16384,14.745600000000001,19.154518180279826,1293.1533333478872,864.7813272450369,0.5989775220861658,0.05139343390700039,-0.9705725500776479,0.2408088973351517,MAJOR_OCEAN
9223372036854775807,28672,16384,14.745600000000001,19.160713262384327,1350.0359192939643,864.8928387229179,0.6092415716930187,0.09662414973852246,-0.9743568659900185,0.2250082169568684,MAJOR_OCEAN
9223372036854775807,32768,16384,14.745600000000001,18.86616656386364,1288.686420541343,859.5909981495455,0.599590545796677,0.0,-0.9765915363048333,0.21510223433931466,MAJOR_OCEAN
9223372036854775807,-32768,20480,18.432000000000002,18.226592868570094,1267.6173221183776,848.0786716342617,0.5988660279320741,0.17270830251009228,-0.9678108159289979,0.25167881232008266,MAJOR_OCEAN
9223372036854775807,-28672,20480,18.432000000000002,17.459640694892204,633.2999697815065,847.2971347555691,0.42744411948576316,0.30060669126994416,-0.9679788412987672,0.25103179638821854,LAND
9223372036854775807,-24576,20480,18.432000000000002,17.192968993151922,719.6923788955247,862.3355574278917,0.45463024522928563,0.3804840023644946,-0.9714000696199904,0.23744874129436394,LAND
9223372036854775807,-20480,20480,18.432000000000002,17.389721172947116,800.4452473669869,840.0416294225281,0.48763426542436294,0.24948904642343972,-0.9747557561953402,0.2232738582191177,LAND
9223372036854775807,-16384,20480,18.432000000000002,18.181407054043152,1121.3037679683716,847.2653269727767,0.5693142580518998,0.17304449188282447,-0.9751209800178486,0.22167335051609244,MAJOR_OCEAN
9223372036854775807,-12288,20480,18.432000000000002,17.41663914839298,686.5902988593352,843.6037580684173,0.44840188332296477,0.2811428111666839,-0.9722002981621145,0.23415076393959436,LAND
9223372036854775807,-8192,20480,18.432000000000002,16.887926659128368,650.1653029697173,858.7408398032378,0.43059981316168655,0.3834131728148561,-0.9684842471314522,0.24907481417884111,LAND
9223372036854775807,-4096,20480,18.432000000000002,17.428966188197787,847.9543473684688,852.1387081273238,0.4984761677963161,0.31748394123618234,-0.9675123297366721,0.2528238355209355,LAND
9223372036854775807,0,20480,18.432000000000002,18.079604204740217,1263.2168116760122,845.4328756853239,0.5987803658796036,0.17663627093965703,-0.9702688696019275,0.24202958637612443,MAJOR_OCEAN
9223372036854775807,4096,20480,18.432000000000002,17.40862547286858,625.9323429704564,845.4962307350414,0.4251020077634338,0.3022370261623956,-0.9740229540771226,0.2264492988085312,LAND
9223372036854775807,8192,20480,18.432000000000002,17.12768261185874,716.5946436895215,866.7554390241854,0.4522956457086326,0.4083393282014361,-0.9753937103851058,0.22047020148123495,LAND
9223372036854775807,12288,20480,18.432000000000002,17.486336524173208,1005.5554147247517,837.2869439179642,0.5453586690919491,0.0,-0.9732611389294805,0.2297014485145674,LAND
9223372036854775807,16384,20480,18.432000000000002,18.384336978497505,1132.8894238167588,850.9180656129552,0.5707805063463697,0.14958167835950473,-0.9693958854431605,0.24550278468048164,MAJOR_OCEAN
9223372036854775807,20480,20480,18.432000000000002,17.733185316439883,614.0667989728626,841.7302221787644,0.42151843397334143,0.27037092659220663,-0.9673723554038544,0.25335888774700366,LAND
9223372036854775807,24576,20480,18.432000000000002,16.96097165800022,598.5506208908702,861.7992897290144,0.40958747562175113,0.39757227488736374,-0.9692208630256474,0.24619284854727042,LAND
9223372036854775807,28672,20480,18.432000000000002,17.34562023387977,917.1961634328683,841.1053180397835,0.5213410965044573,0.26865717687313734,-0.9730827261692294,0.23045608699068995,LAND
9223372036854775807,32768,20480,18.432000000000002,18.289389002296936,1163.4830789757957,849.2090020413448,0.5777859931733487,0.14936870614595738,-0.9753670499738787,0.22058811805093523,MAJOR_OCEAN
9223372036854775807,-32768,24576,22.1184,17.31494075749595,1216.626489445551,831.668933634927,0.5936803819220616,0.2936994000727939,-0.9650516902367057,0.262059602326031,MAJOR_OCEAN
9223372036854775807,-28672,24576,22.1184,16.32030855202993,609.5329367346966,845.0182677637805,0.41876433810840513,0.46616734641401014,-0.9652256617313086,0.26141809794916127,LAND
9223372036854775807,-24576,24576,22.1184,15.37558903216598,692.0140063625992,868.3176946469201,0.44322036497123557,0.6911457790488971,-0.9687733992100911,0.24794777874166476,LAND
9223372036854775807,-20480,24576,22.1184,16.256846287548036,967.7380674040991,846.9806923656907,0.532977952778764,0.5918993512334023,-0.9722644014366999,0.23388444518380375,LAND
9223372036854775807,-16384,24576,22.1184,17.30124621828847,1088.2884488469167,831.4224319291925,0.5666071139281347,0.26567553150849155,-0.9726451070417791,0.2322961380386815,MAJOR_OCEAN
9223372036854775807,-12288,24576,22.1184,16.302160872115223,504.95511502031366,846.3010112492311,0.37341677010059343,0.41965364663672344,-0.9696048172063406,0.24467631362732847,LAND
9223372036854775807,-8192,24576,22.1184,15.109322830882862,624.457349861555,865.4359163478719,0.41884779012331863,0.7164115788233414,-0.9657490973296866,0.2594777081116904,LAND
9223372036854775807,-4096,24576,22.1184,16.204480966090895,804.8506296465442,851.7149908506251,0.485561850278445,0.6265637292794878,-0.9647426993821003,0.2631948403539448,LAND
9223372036854775807,0,24576,22.1184,17.596160436057374,1238.5932084150377,836.7308878490328,0.5965317315556075,0.27073493335871623,-0.9675991804138765,0.2524912395755433,MAJOR_OCEAN
9223372036854775807,4096,24576,22.1184,16.159959002216397,536.5845757831573,842.9200048195221,0.3886872838545045,0.41792907612448116,-0.971501003252511,0.23703544182118563,LAND
9223372036854775807,8192,24576,22.1184,15.099956734149268,682.347549515479,863.8611323733664,0.44101843371410204,0.6842541264495485,-0.9729295020129629,0.23110210754730925,LAND
9223372036854775807,12288,24576,22.1184,16.280276728698208,962.9114142428571,846.153514161929,0.5319761734135542,0.5675208124803237,-0.9707080203689094,0.24026223005598074,LAND
9223372036854775807,16384,24576,22.1184,17.573569663356718,1168.2112768650677,836.3242539404209,0.5824934332606293,0.25883898654481974,-0.9666938177621763,0.25593566125178446,MAJOR_OCEAN
9223372036854775807,20480,24576,22.1184,16.348501333381495,595.227611749821,848.1041217877445,0.41211281170977593,0.46150709100069937,-0.9645978243684177,0.26372530637713787,LAND
9223372036854775807,24576,24576,22.1184,15.18136392881021,597.9110936788875,866.005808491924,0.4081535906868594,0.693709310344692,-0.9665123870648882,0.25661996346763793,LAND
9223372036854775807,28672,24576,22.1184,16.15480581432053,931.645913586247,839.8502821312577,0.525612362857071,0.5328133495073397,-0.9705223998182861,0.24101093637209628,LAND
9223372036854775807,32768,24576,22.1184,17.350285774610498,985.7143008005714,832.3051439429889,0.5418932181560788,0.261506718017195,-0.9729016973922844,0.23121913245060816,MAJOR_OCEAN
9223372036854775807,-32768,28672,25.804799999999997,16.95397030015794,1089.4483047842423,825.171465402843,0.568718449109472,0.2270801279599128,-0.963443766850327,0.26791063457289804,MAJOR_OCEAN
9223372036854775807,-28672,28672,25.804799999999997,15.946950954623981,539.8552866771246,810.6114356178771,0.39945880854570065,0.30009167963110267,-0.9636210369121329,0.26727232782386184,LAND
9223372036854775807,-24576,28672,25.804799999999997,15.704186961704579,652.2753493320371,833.5224730802252,0.4387115312516061,0.39879927431165574,-0.9672390052763066,0.25386749825864097,LAND
9223372036854775807,-20480,28672,25.804799999999997,17.850156449199446,1270.4245889233175,841.30281608559,0.6013196903260509,0.18510851272267487,-0.970805230915045,0.2398691385484722,COASTAL_WATER
9223372036854775807,-16384,28672,25.804799999999997,16.87814784753153,1113.3775344885826,823.8066612555675,0.5744436142515909,0.2395879950410223,-0.9711945495924508,0.23828794942656384,MAJOR_OCEAN
9223372036854775807,-12288,28672,25.804799999999997,17.847746448209914,541.6606613184614,841.2594360677784,0.39139590670117186,0.3083957737662247,-0.9680877525234745,0.25061145906372284,COASTAL_WATER
9223372036854775807,-8192,28672,25.804799999999997,15.341976288235495,788.4087514113849,834.4681851815799,0.48551016006516795,0.5022938585705703,-0.9641544757193279,0.26534156657106717,LAND
9223372036854775807,-4096,28672,25.804799999999997,15.879203530658089,1118.5186762766707,812.8523118613256,0.5788322652031008,0.443064166554973,-0.9631289491510958,0.26904019645232546,LAND
9223372036854775807,0,28672,25.804799999999997,16.82694426727381,1095.8539215539272,822.8849968109286,0.570834872945809,0.21664615552558394,-0.9660408940674635,0.25838922382587054,MAJOR_OCEAN
9223372036854775807,4096,28672,25.804799999999997,15.987335882070457,545.8024043386421,815.2114459335808,0.4007319046201723,0.281809419102976,-0.9700248149636732,0.24300588131708167,LAND
9223372036854775807,8192,28672,25.804799999999997,15.45286595603688,829.8432018283156,825.3369465250682,0.5010585368103625,0.43870221865987646,-0.9714854348776275,0.23709924044717445,LAND
9223372036854775807,12288,28672,25.804799999999997,17.724389538482505,1262.0243435669536,839.0390116926851,0.6003740755050045,0.16984451755301483,-0.9692145017551571,0.2462178904700113,COASTAL_WATER
9223372036854775807,16384,28672,25.804799999999997,16.802663536998644,1227.9469013310124,822.4479436659756,0.5985911997028613,0.22081384969739057,-0.9651175558278832,0.26181692732291545,MAJOR_OCEAN
9223372036854775807,20480,28672,25.804799999999997,15.96154399535773,524.9896549021056,809.8406783992856,0.3930062387523708,0.27068661506801994,-0.962981356007527,0.26956800251866797,LAND
9223372036854775807,24576,28672,25.804799999999997,15.516969430562472,651.4194120002726,828.3692272236128,0.43991383695494596,0.4026315878892031,-0.9649325681902559,0.26249788350719544,LAND
9223372036854775807,28672,28672,25.804799999999997,15.908385581127103,1029.9570541146522,813.3775887697678,0.5584436957188343,0.43760085596109594,-0.9690248742110678,0.2469631412989078,LAND
9223372036854775807,32768,28672,25.804799999999997,16.62475673096859,1312.0265411401226,819.2456211574346,0.6153185153092244,0.2300868689006269,-0.9714569935730418,0.23721574492016104,MAJOR_OCEAN
9223372036854775807,-32768,32768,29.491200000000003,16.22745048467232,1498.754864013488,812.0941087241017,0.648292722270144,0.26597110267525104,-0.9645429143374746,0.26392606237613436,MAJOR_OCEAN
9223372036854775807,-28672,32768,29.491200000000003,16.031350999352927,1297.6284137522155,808.5643179883527,0.6158090782139125,0.0,-0.9647179422723995,0.2632855709257673,MAJOR_OCEAN
9223372036854775807,-24576,32768,29.491200000000003,16.084377964980103,1368.271095723047,809.5188033696418,0.6279958872091498,0.0443917326085944,-0.9682881687440504,0.2498359907425134,MAJOR_OCEAN
9223372036854775807,-20480,32768,29.491200000000003,16.188134031710263,1326.3057463322016,811.3864125707847,0.6201480380479407,0.11315487844422932,-0.9718032504476887,0.23579321962114808,MAJOR_OCEAN
9223372036854775807,-16384,32768,29.491200000000003,16.193777740581556,1292.7658443762857,811.487999330468,0.6140664928558413,0.1225872251527221,-0.972186712629888,0.23420716424971189,MAJOR_OCEAN
9223372036854775807,-12288,32768,29.491200000000003,15.918305500752268,1282.4451891376495,806.5294990135408,0.6136175698243082,0.0,-0.9691251346748291,0.24656940877062283,MAJOR_OCEAN
9223372036854775807,-8192,32768,29.491200000000003,15.881269154758153,1410.4204906171974,805.8628447856468,0.6361029590117525,0.045838208920276825,-0.9652445815177728,0.26134823100717486,MAJOR_OCEAN
9223372036854775807,-4096,32768,29.491200000000003,15.941968196490569,1491.6188988586086,806.9554275368303,0.6486500052367113,0.10247657013026867,-0.9642320572624217,0.26505950227727715,MAJOR_OCEAN
9223372036854775807,0,32768,29.491200000000003,15.913729666699652,1274.6075328041861,806.4471340005937,0.6121873518144744,0.0,-0.967106300086992,0.254372569928538,MAJOR_OCEAN
9223372036854775807,4096,32768,29.491200000000003,16.07428637254213,1296.5019040557943,809.3371547057584,0.6153777616112297,0.0,-0.9710344054896451,0.23893970652733987,MAJOR_OCEAN
9223372036854775807,8192,32768,29.491200000000003,16.021897606949448,1313.3924615315082,808.3941569250901,0.6187114852299326,0.060837018539791864,-0.9724731847292856,0.23301481708784258,MAJOR_OCEAN
9223372036854775807,12288,32768,29.491200000000003,15.963931417245247,1267.9746578900008,807.3507655104145,0.610682046079958,0.10715293596241324,-0.9702358753664605,0.24216181811317436,MAJOR_OCEAN
9223372036854775807,16384,32768,29.491200000000003,16.06274687245304,1285.21467994527,809.1294437041547,0.6133668763233191,0.10894965295332432,-0.9661951814462592,0.2578116974654766,MAJOR_OCEAN
9223372036854775807,20480,32768,29.491200000000003,16.023687609756603,1269.1175713315772,808.4263769756188,0.6105800997689607,0.14246817951360868,-0.9640863116681297,0.26558912563232284,MAJOR_OCEAN
9223372036854775807,24576,32768,29.491200000000003,16.051094137843272,1378.039774051425,808.9196944811789,0.6298287485990923,0.0528685643888916,-0.9660126117167839,0.2584949399971266,MAJOR_OCEAN
9223372036854775807,28672,32768,29.491200000000003,15.964559627118987,1458.5184902495646,807.3620732881418,0.6434033242463345,0.11594688492210256,-0.970048972160941,0.24290943087805786,MAJOR_OCEAN
9223372036854775807,32768,32768,29.491200000000003,15.879751967972652,1326.8860273472967,805.8355354235077,0.6218646568037824,0.12698168441367902,-0.9724451763500367,0.23313167737042098,MAJOR_OCEAN
-9223372036854775807,-32768,-32768,-29.491200000000003,16.133354945343836,1258.7553873182683,810.400389016189,0.6080486317542232,0.13761058424719014,-0.9740398237909164,-0.22637672510521192,MAJOR_OCEAN
-9223372036854775807,-28672,-32768,-29.491200000000003,15.974131651936034,1151.348544977281,807.5343697348486,0.5874578202271806,0.0,-0.9762380412884741,-0.216700915413949,MAJOR_OCEAN
-9223372036854775807,-24576,-32768,-29.491200000000003,16.249488505084045,1426.3156775020918,812.4907930915128,0.6368030882257798,0.05770209305088391,-0.9749992422551593,-0.22220818527197694,MAJOR_OCEAN
-9223372036854775807,-20480,-32768,-29.491200000000003,16.143165067113962,1305.1060002896027,810.5769712080513,0.6165807623832199,0.09703208259012243,-0.9713306859625414,-0.23773240945975152,MAJOR_OCEAN
-9223372036854775807,-16384,-32768,-29.491200000000003,16.008618498241045,1241.797580760973,808.1551329683389,0.605473530641754,0.0,-0.9685217396087926,-0.24892898566691296,MAJOR_OCEAN
-9223372036854775807,-12288,-32768,-29.491200000000003,16.216766241512893,1257.1229258537787,811.901792347232,0.6072985094334054,0.0,-0.9693538164986963,-0.24566883896703642,MAJOR_OCEAN
-9223372036854775807,-8192,-32768,-29.491200000000003,16.062299638188623,1374.1842270201591,809.1213934873952,0.6291171959264784,0.06247656116802741,-0.9729818882301938,-0.23088145264617205,MAJOR_OCEAN
-9223372036854775807,-4096,-32768,-29.491200000000003,16.165734673773873,1261.2409401175776,810.9832241279297,0.6083475978472263,0.10911551521181288,-0.9759363334712944,-0.21805566493582915,MAJOR_OCEAN
-9223372036854775807,0,-32768,-29.491200000000003,16.014439683841182,1280.3750161586631,808.2599143091413,0.6127266526273214,0.1255606138415365,-0.9756937486295044,-0.21913856092733985,MAJOR_OCEAN
-9223372036854775807,4096,-32768,-29.491200000000003,15.939324666139917,1196.1864093438498,806.9078439905186,0.596871333448345,0.0,-0.9724496218827695,-0.23311313326378386,MAJOR_OCEAN
-9223372036854775807,8192,-32768,-29.491200000000003,16.147954264784552,1423.2433335686842,810.663176766122,0.6368245503725664,0.05609124774241577,-0.9690171963987348,-0.24699326525947146,MAJOR_OCEAN
-9223372036854775807,12288,-32768,-29.491200000000003,16.076888972911014,1484.2936312189536,809.3840015123983,0.6468418962415217,0.1097795860867798,-0.9687205818591452,-0.24815405352820483,MAJOR_OCEAN
-9223372036854775807,16384,-32768,-29.491200000000003,16.100698936710348,1294.2025243141577,809.8125808607863,0.6148186400812544,0.12048224587280817,-0.971861519293394,-0.2355529395204736,MAJOR_OCEAN
-9223372036854775807,20480,-32768,-29.491200000000003,16.12108857170215,1241.3092912668362,810.1795942906388,0.60478246679016,0.0,-0.9753603671370122,-0.2206176652454481,MAJOR_OCEAN
-9223372036854775807,24576,-32768,-29.491200000000003,15.91875797923582,1377.4621887530288,806.5376436262447,0.6304175260522071,0.06120750062708672,-0.976129933992293,-0.2171873660326532,MAJOR_OCEAN
-9223372036854775807,28672,-32768,-29.491200000000003,16.146760642496428,1427.5732326129528,810.6416915649356,0.6375329215604777,0.11459406516777493,-0.9735480706018931,-0.2284822842745831,MAJOR_OCEAN
-9223372036854775807,32768,-32768,-29.491200000000003,16.2589785665821,1235.4677720467541,812.6616141984778,0.6029232611370583,0.13351683488520968,-0.969786082755808,-0.2439568685098764,MAJOR_OCEAN
-9223372036854775807,-32768,-28672,-25.804799999999997,16.906591323680797,1246.993476776068,824.3186438262544,0.6017401840093598,0.23577935262408728,-0.9718563704879912,-0.2355741818237058,MAJOR_OCEAN
-9223372036854775807,-28672,-28672,-25.804799999999997,15.870136495025712,530.2312148154627,812.6891052199429,0.394540663542831,0.3072548715224036,-0.9741361129646918,-0.22596201764465026,LAND
-9223372036854775807,-24576,-28672,-25.804799999999997,15.29589045914609,721.0126930958679,836.8786465461629,0.46251632475002047,0.47928380700178375,-0.972850755609288,-0.23143337553265153,LAND
-9223372036854775807,-20480,-28672,-25.804799999999997,16.04885073720204,943.9151475372762,821.0202854930436,0.5345128309235697,0.47676127431921167,-0.9690532127542326,-0.24685192089732666,LAND
-9223372036854775807,-16384,-28672,-25.804799999999997,16.901743234839255,1235.270090505733,824.2313782271066,0.5994997379280663,0.2225579933998636,-0.9661533975068702,-0.2579682392968786,MAJOR_OCEAN
-9223372036854775807,-12288,-28672,-25.804799999999997,16.178101130959625,559.5397692566706,816.7957664874476,0.40624797279653,0.2754057531783526,-0.9670117402473544,-0.254731808425613,LAND
-9223372036854775807,-8192,-28672,-25.804799999999997,15.423584262697313,789.078253655419,823.0887897075028,0.4891485087684725,0.4685226900614583,-0.9707609191594769,-0.24004840726954926,LAND
-9223372036854775807,-4096,-28672,-25.804799999999997,16.190159014673394,1081.212691602913,816.4351726136891,0.5694645710667525,0.42590676368375596,-0.9738229143598065,-0.2273080101267288,LAND
-9223372036854775807,0,-28672,-25.804799999999997,16.81171384970992,1111.2999152176442,822.6108492947785,0.5743416883091661,0.2389026536847126,-0.9735711621954017,-0.228383870143,MAJOR_OCEAN
-9223372036854775807,4096,-28672,-25.804799999999997,15.84985887911716,482.5811613767978,810.8874059542833,0.37280253345338277,0.30777341985230877,-0.9702101730209166,-0.24226477285549183,LAND
-9223372036854775807,8192,-28672,-25.804799999999997,15.313126376132304,781.9808402538299,834.5686917303243,0.4834354836074907,0.5039693117263548,-0.9666644303804389,-0.2560466344970413,LAND
-9223372036854775807,12288,-28672,-25.804799999999997,16.127250133516657,1100.936803374261,819.1746562332473,0.5730728416971639,0.5079695370323827,-0.9663584685676673,-0.25719897011370957,LAND
-9223372036854775807,16384,-28672,-25.804799999999997,16.602996244627683,1202.6458691838388,818.8539324032984,0.5946333681912226,0.22228847947710828,-0.9696019484874303,-0.24468768152356687,MAJOR_OCEAN
-9223372036854775807,20480,-28672,-25.804799999999997,17.86556232256374,551.0534651048898,841.5801218061473,0.3954077099464068,0.28144835658737033,-0.9732252847272577,-0.22985331228317807,COASTAL_WATER
-9223372036854775807,24576,-28672,-25.804799999999997,15.52378510982273,676.9572087264092,833.7855911666352,0.4477991949254224,0.4808080800452053,-0.9740238768503278,-0.22644532966139413,LAND
-9223372036854775807,28672,-28672,-25.804799999999997,15.922126396199994,1029.824942660869,810.1645935662452,0.5593866355000425,0.41727635903961224,-0.9713470466802342,-0.23766555262718841,LAND
-9223372036854775807,32768,-28672,-25.804799999999997,16.799182215266082,1185.1630154039397,822.3852798747895,0.5900595062562202,0.24276994427482412,-0.9674578631802894,-0.25303217773759246,MAJOR_OCEAN
-9223372036854775807,-32768,-24576,-22.1184,17.64429942097385,1362.951975620955,837.5973895775294,0.6190876285429446,0.3288277798536405,-0.9695461325280048,-0.2449087521914814,MAJOR_OCEAN
-9223372036854775807,-28672,-24576,-22.1184,16.290502875160634,513.4565319851475,846.0911673040484,0.37738958527760375,0.42041389273567603,-0.9719073675627591,-0.23536369490052592,LAND
-9223372036854775807,-24576,-24576,-22.1184,14.91978102427313,641.5397004293379,860.9015298561244,0.4267141857666941,0.7055418078958828,-0.9705754600058465,-0.24079716865951636,LAND
-9223372036854775807,-20480,-24576,-22.1184,16.231996685451303,794.5682119056737,852.5661655319556,0.48210159485963566,0.6110871350359647,-0.9666490995920153,-0.25610450651627775,LAND
-9223372036854775807,-16384,-24576,-22.1184,17.661413154891612,1037.6221701280656,837.905436788049,0.5529479909082147,0.2684142601020257,-0.9636586689634464,-0.2671366124880653,MAJOR_OCEAN
-9223372036854775807,-12288,-24576,-22.1184,16.165130607580743,579.1371888691702,839.3528587495839,0.40798960855040434,0.46932343039812346,-0.9645431925047329,-0.2639250457853096,LAND
-9223372036854775807,-8192,-24576,-22.1184,15.029896636088417,697.1603477824834,862.6356866283454,0.446669732887711,0.6839481138990002,-0.9684132091532016,-0.2493508699355136,LAND
-9223372036854775807,-4096,-24576,-22.1184,16.205453251102014,947.8060874730116,848.6665536941923,0.5272993122485279,0.5892516854353299,-0.97158267762548,-0.2367004447357515,LAND
-9223372036854775807,0,-24576,-22.1184,17.403863040715343,1130.7522109464069,833.2695347328762,0.5754400496751348,0.26622164697812584,-0.9713217588977491,-0.23776888083132972,MAJOR_OCEAN
-9223372036854775807,4096,-24576,-22.1184,16.118395640679697,570.7239563538744,846.7895407220623,0.4023394613659584,0.4085269673525153,-0.9678440115644237,-0.251551126570492,LAND
-9223372036854775807,8192,-24576,-22.1184,15.166722740688206,681.173177923275,865.6265671596476,0.4400912844747765,0.7072265934364905,-0.9641852263150839,-0.2652298048027984,LAND
-9223372036854775807,12288,-24576,-22.1184,16.318360907571467,962.2612473702559,841.1609204546721,0.5332794423215145,0.5327946046757461,-0.9638699477874495,-0.26637327897561225,LAND
-9223372036854775807,16384,-24576,-22.1184,17.599286453575736,1049.9616779807263,836.7871561643633,0.5561977626415675,0.2553890733732915,-0.9672157011112716,-0.2539562708889688,MAJOR_OCEAN
-9223372036854775807,20480,-24576,-22.1184,16.151943684513544,489.989726489348,846.3277273589415,0.3663974661209607,0.372406264895963,-0.9709633882028722,-0.23922813122540282,LAND
-9223372036854775807,24576,-24576,-22.1184,18.289193413959758,845.6667279684813,860.1249778971388,0.4954715476189821,0.5565934890671689,-0.9717910022432924,-0.2358436939139509,LAND
-9223372036854775807,28672,-24576,-22.1184,16.332910734742303,887.7513992348581,844.975596772504,0.5120479759958056,0.554258139793587,-0.9690192562870494,-0.24698518365459435,LAND
-9223372036854775807,32768,-24576,-22.1184,17.377939783868502,1077.0380107353526,832.8029161096331,0.5636460867067904,0.25515393870365416,-0.9650031311343462,-0.26223835894259984,MAJOR_OCEAN
-9223372036854775807,-32768,-20480,-18.432000000000002,18.077439312762557,1134.7247749069877,845.3939076297261,0.5727697108252167,0.0,-0.9693058388845807,-0.24585807024431677,MAJOR_OCEAN
-9223372036854775807,-28672,-20480,-18.432000000000002,17.52788661502215,612.4714830138811,841.091905200573,0.4210689530455727,0.23589023307234427,-0.9716752891968113,-0.23631997876669916,LAND
-9223372036854775807,-24576,-20480,-18.432000000000002,16.98928775293874,671.6210988147151,852.9101432978275,0.44025391304648726,0.3482642427141348,-0.9703386883162651,-0.2417495190412383,LAND
-9223372036854775807,-20480,-20480,-18.432000000000002,17.312565410008073,863.9278693095318,844.6497796276547,0.5053457910183958,0.30284731341557464,-0.9663993484694426,-0.2570453253374524,LAND
-9223372036854775807,-16384,-20480,-18.432000000000002,18.35611129198978,1157.8681111909175,850.410003255816,0.5762607490052433,0.43943998034581516,-0.9633997952309713,-0.26806871236480134,MAJOR_OCEAN
-9223372036854775807,-12288,-20480,-18.432000000000002,17.63246157445645,738.547386895972,846.2684621701636,0.4657207754172037,0.3045226805970657,-0.9642869538279402,-0.26485971886497195,LAND
-9223372036854775807,-8192,-20480,-18.432000000000002,16.964234965925876,661.5341170812214,864.9835099947007,0.43307789406500985,0.4133138833366442,-0.9681691395829622,-0.25029685806894714,LAND
-9223372036854775807,-4096,-20480,-18.432000000000002,17.463312734701407,786.8633809777895,841.7790292809378,0.4828441969995519,0.2613586592552333,-0.9713494405259304,-0.23765576868648056,LAND
-9223372036854775807,0,-20480,-18.432000000000002,18.166466047647756,1119.8486964297067,846.9963888576597,0.5690736048290986,0.0,-0.9710875975515322,-0.23872343387609318,MAJOR_OCEAN
-9223372036854775807,4096,-20480,-18.432000000000002,17.727925487581846,607.167096673115,841.6355452593197,0.4187929302320935,0.24286397846807486,-0.9675980830928399,-0.25249544470160584,LAND
-9223372036854775807,8192,-20480,-18.432000000000002,17.207242901426802,671.6442172891296,856.9157315420869,0.439109443080249,0.3474318644183409,-0.9639279150299401,-0.26616343592994224,LAND
-9223372036854775807,12288,-20480,-18.432000000000002,17.642724682138585,982.896604365952,843.1589904086688,0.5379675403293892,0.2557538418048535,-0.9636116988064546,-0.26730599305540953,LAND
-9223372036854775807,16384,-20480,-18.432000000000002,18.24834803374119,1195.2852391427484,848.4702646073415,0.5845614485206619,0.0,-0.9669677493663845,-0.2548987479084762,MAJOR_OCEAN
-9223372036854775807,20480,-20480,-18.432000000000002,17.571636748302325,644.3165148394025,844.117864057449,0.4325914078313508,0.25375681462711075,-0.9707279672863781,-0.24018162612501484,LAND
-9223372036854775807,24576,-20480,-18.432000000000002,17.25681713685109,727.0268439313669,861.6059120104622,0.45735522321985395,0.353922768551814,-0.9715585074962539,-0.23679963368141327,LAND
-9223372036854775807,28672,-20480,-18.432000000000002,17.311569446584258,760.673083819838,842.5277464843798,0.4741757200534457,0.2685986901985044,-0.9687771938162,-0.24793295210925245,LAND
-9223372036854775807,32768,-20480,-18.432000000000002,18.269224161917748,1073.6329589008085,848.8460349145195,0.5581724377302387,0.0,-0.9647482832065425,-0.263174371947629,MAJOR_OCEAN
-9223372036854775807,-32768,-16384,-14.745600000000001,19.073142156443915,1249.6066158209226,863.3165588159904,0.5911315183133629,0.1281187247258512,-0.9713721955720696,-0.2375627447002097,MAJOR_OCEAN
-9223372036854775807,-28672,-16384,-14.745600000000001,19.185427797952695,1137.9287499637676,865.3377003631485,0.5677532295060669,0.0,-0.973669405688859,-0.2279646648616932,MAJOR_OCEAN
-9223372036854775807,-24576,-16384,-14.745600000000001,19.000277174631094,1420.585530845929,862.0049891433597,0.6220841777065147,0.04678245417531979,-0.9723740713502255,-0.23342807321696887,MAJOR_OCEAN
-9223372036854775807,-20480,-16384,-14.745600000000001,18.986345506908354,1279.1616159673251,861.7542191243504,0.5972044255943306,0.09880556575785025,-0.9685489068676523,-0.2488232605796246,MAJOR_OCEAN
-9223372036854775807,-16384,-16384,-14.745600000000001,18.850705026453152,1104.6846925018776,859.3126904761567,0.5621812538130115,0.0,-0.9656296499953176,-0.25992187104959125,MAJOR_OCEAN
-9223372036854775807,-12288,-16384,-14.745600000000001,18.996806834477834,1167.1448915512415,861.942523020601,0.5749234654495896,0.0,-0.966493610860019,-0.2566906701981246,MAJOR_OCEAN
-9223372036854775807,-8192,-16384,-14.745600000000001,19.02037524572633,1453.476850900814,862.366754423074,0.6273521646264174,0.07016859724786838,-0.9702687097863425,-0.24203022705758542,MAJOR_OCEAN
-9223372036854775807,-4096,-16384,-14.745600000000001,19.163852957686366,1392.7140446931999,864.9493532383547,0.6166098259566359,0.10656198918025284,-0.9733537443941499,-0.2293087182683812,MAJOR_OCEAN
-9223372036854775807,0,-16384,-14.745600000000001,18.89600283774618,1412.7121094582226,860.1280510794313,0.6212891011319741,0.11790170827851851,-0.9731000276557782,-0.23038302059032872,MAJOR_OCEAN
-9223372036854775807,4096,-16384,-14.745600000000001,18.905054252049148,1269.0157025942433,860.2909765368847,0.5956962511669104,0.0,-0.969714006854192,-0.24424320852541273,MAJOR_OCEAN
-9223372036854775807,8192,-16384,-14.745600000000001,18.853737832370413,1200.9308328200468,859.3672809826675,0.5826090000172518,0.0498970037693185,-0.9661440143584258,-0.2580033788914127,MAJOR_OCEAN
-9223372036854775807,12288,-16384,-14.745600000000001,19.05806812374573,1309.1201614422716,863.0452262274232,0.6024024535224415,0.1076891691690332,-0.9658360532518107,-0.2591538505192726,MAJOR_OCEAN
-9223372036854775807,16384,-16384,-14.745600000000001,18.849790107674938,1126.6111126450692,859.2962219381488,0.5670174411437219,0.0,-0.9691014745847394,-0.2466623845617399,MAJOR_OCEAN
-9223372036854775807,20480,-16384,-14.745600000000001,19.054358374152326,1312.3017463596173,862.9784507347418,0.6030021998599836,0.0,-0.9727514724983615,-0.23185032402882164,MAJOR_OCEAN
-9223372036854775807,24576,-16384,-14.745600000000001,18.86857521694465,1426.2924854313262,859.6343539050036,0.6236721091809123,0.045847871625826646,-0.9735562846671921,-0.2284472818507876,MAJOR_OCEAN
-9223372036854775807,28672,-16384,-14.745600000000001,19.154076650430557,1266.1471228513774,864.7733797077501,0.5938997825348141,0.09948791762522016,-0.9708591085072484,-0.239650978359177,MAJOR_OCEAN
-9223372036854775807,32768,-16384,-14.745600000000001,19.063139833428636,1356.7250202798305,863.1365170017154,0.6109003184145082,0.1140409544626257,-0.9669426981635094,-0.25499376162618614,MAJOR_OCEAN
-9223372036854775807,-32768,-12288,-11.0592,19.86779408168781,1173.4223050688072,877.6202934703806,0.5718313576453752,0.23993587757212967,-0.9737597954727206,-0.22757825186279398,MAJOR_OCEAN
-9223372036854775807,-28672,-12288,-11.0592,19.070886141448923,507.7610302003305,865.8088370289271,0.3693963052047929,0.30559063782732987,-0.9759687306591588,-0.21791061648196597,LAND
-9223372036854775807,-24576,-12288,-11.0592,18.60000665767777,752.8740290703354,890.8787802723203,0.4577429658692786,0.45914540018098593,-0.9747238114135383,-0.22341327503858202,LAND
-9223372036854775807,-20480,-12288,-11.0592,19.09141924995089,1098.1708166767355,870.672194808596,0.5574915413430209,0.4303707543415675,-0.9710382913006758,-0.23892391430717846,LAND
-9223372036854775807,-16384,-12288,-11.0592,19.9166428849976,1253.3726238236254,878.4995719299568,0.5876454418220715,0.21818095733027246,-0.9682173866850736,-0.2501101599710147,MAJOR_OCEAN
-9223372036854775807,-12288,-12288,-11.0592,19.20230217177675,504.6822943973667,873.4698416799886,0.3659366368621275,0.2817009738013848,-0.9690529207962019,-0.24685306701831802,LAND
-9223372036854775807,-8192,-12288,-11.0592,19.06369218194627,719.9327322848779,890.5768833934185,0.44674429819139044,0.4243010711708189,-0.9726969262858141,-0.2320790589306358,LAND
-9223372036854775807,-4096,-12288,-11.0592,19.06530684805821,1126.6033783579717,875.3164954884547,0.5624805031238878,0.45727176176146295,-0.9756655124907369,-0.2192642418092556,LAND
-9223372036854775807,0,-12288,-11.0592,19.95438192831407,1140.400766921522,879.1788747096532,0.5643928818370645,0.244082664110633,-0.9754217226275811,-0.22034623442719017,MAJOR_OCEAN
-9223372036854775807,4096,-12288,-11.0592,19.178426413684466,599.6637638360102,872.2383237558005,0.40713077188753133,0.35724127451459353,-0.9721622293157116,-0.23430877041183426,LAND
-9223372036854775807,8192,-12288,-11.0592,18.690529238267583,705.6145541146223,892.9836558290009,0.4411198698074882,0.4477111725842702,-0.9687148937299204,-0.24817625725646905,LAND
-9223372036854775807,12288,-12288,-11.0592,21.16046609269417,1280.921570262409,900.888389668495,0.5868223041748243,0.16962118669465112,-0.9684170488467596,-0.24933595709991951,COASTAL_WATER
-9223372036854775807,16384,-12288,-11.0592,19.678936336461636,1091.698897744723,874.2208540563095,0.5550297091404448,0.22300332518937332,-0.9715714798241412,-0.23674640354676665,MAJOR_OCEAN
-9223372036854775807,20480,-12288,-11.0592,19.218392877648792,528.9578883824742,873.7594743856853,0.37682649115300415,0.2911864614691052,-0.9750866984747907,-0.22182409800905892,LAND
-9223372036854775807,24576,-12288,-11.0592,18.747905781927493,733.8545765633818,887.6854646443637,0.45228749856745204,0.44454390923309645,-0.9758600806810573,-0.21839666419879292,LAND
-9223372036854775807,28672,-12288,-11.0592,19.12079147204096,1091.9016928351887,869.7641926269116,0.5563360024358428,0.42954926725895193,-0.9732657317338658,-0.22968198761013645,LAND
-9223372036854775807,32768,-12288,-11.0592,20.059926215485152,1184.9837742692473,881.0786718787327,0.5732694609577436,0.2235269668170468,-0.9694870107090033,-0.24514268511730247,MAJOR_OCEAN
-9223372036854775807,-32768,-8192,-7.372800000000001,20.735033110303625,1179.1239532207767,893.2305959854652,0.5687034828038405,0.2660941798749759,-0.9743286125366571,-0.2251305283438758,MAJOR_OCEAN
-9223372036854775807,-28672,-8192,-7.372800000000001,19.544928489434664,455.637635876422,906.7925669795236,0.33418478989390765,0.385463113493602,-0.9765156927873495,-0.21544628504581587,LAND
-9223372036854775807,-24576,-8192,-7.372800000000001,19.074505983103787,711.9439318009394,937.0537807466372,0.43148176896664087,0.7103527594367028,-0.9752832533656786,-0.22095831214158382,LAND
-9223372036854775807,-20480,-8192,-7.372800000000001,19.63468732608097,835.5739775534383,908.1257405011505,0.4789213690509088,0.5875829368016423,-0.971632327053358,-0.2364965560528869,LAND
-9223372036854775807,-16384,-8192,-7.372800000000001,20.869253499648863,1168.8213175954618,895.6465629936795,0.5658869491894856,0.26309096135947485,-0.9688358109435655,-0.24770379777735305,MAJOR_OCEAN
-9223372036854775807,-12288,-8192,-7.372800000000001,19.874481844928077,510.94531694418106,910.6646631866997,0.35916050363794993,0.40088951364134756,-0.9696642939496948,-0.24444049795203737,LAND
-9223372036854775807,-8192,-8192,-7.372800000000001,18.833820580690023,657.1362465416952,932.0025132929327,0.41325717172634446,0.6902107786564067,-0.9732758042464671,-0.22963930166326657,LAND
-9223372036854775807,-4096,-8192,-7.372800000000001,19.538126576443204,777.8444087828249,910.1434303867057,0.4605387858596355,0.6133856301623628,-0.9762155543553791,-0.21680219425693054,LAND
-9223372036854775807,0,-8192,-7.372800000000001,20.5916515569609,1008.4531574901746,890.6497280252962,0.5307360802289375,0.28572001712898215,-0.9759742216558961,-0.21788602218400305,MAJOR_OCEAN
-9223372036854775807,4096,-8192,-7.372800000000001,19.542946090347264,500.85151246826337,906.5311895651779,0.3556217438236975,0.45391545462495264,-0.9727460640441912,-0.23187301457162804,LAND
-9223372036854775807,8192,-8192,-7.372800000000001,19.04944699498206,683.3389214046318,935.7808346794317,0.4217829693382094,0.7020593695442977,-0.9693291364120857,-0.24576620048859463,LAND
-9223372036854775807,12288,-8192,-7.372800000000001,19.82642119516506,943.985956001095,913.3773813979816,0.5079663040072006,0.5990779555387326,-0.9690338008562256,-0.24692811261202505,LAND
-9223372036854775807,16384,-8192,-7.372800000000001,20.860753946088003,1231.8326208302524,895.493571029584,0.5787799941294789,0.36292086817158997,-0.9721607124708638,-0.23431506380969727,MAJOR_OCEAN
-9223372036854775807,20480,-8192,-7.372800000000001,19.840823154675867,572.7082695524781,907.9819245537084,0.3865236281042935,0.511605426242362,-0.975642547088398,-0.21936640652311132,LAND
-9223372036854775807,24576,-8192,-7.372800000000001,22.137079620986714,720.5937882477307,930.6084054011678,0.4361414063107463,0.4508974601051483,-0.9764081493810993,-0.2159331512810777,LAND
-9223372036854775807,28672,-8192,-7.372800000000001,19.77327736827216,963.6124393779379,912.4207925139093,0.5133699409289203,0.5964859500489593,-0.9738392605456561,-0.22723796914224065,LAND
-9223372036854775807,32768,-8192,-7.372800000000001,20.77527282857344,1078.668705976679,893.9549109143219,0.5465422569658334,0.2619176449138152,-0.9700946645318219,-0.2427268873588008,MAJOR_OCEAN
-9223372036854775807,-32768,-4096,-3.6864000000000003,21.55778104645828,1179.667069683133,908.040058836249,0.5647833789504809,0.0,-0.9725958652217871,-0.23250222139472834,MAJOR_OCEAN
-9223372036854775807,-28672,-4096,-3.6864000000000003,20.78112678075379,603.1650332934988,902.9444358835158,0.400213153476415,0.26771571254127996,-0.9748485115080671,-0.22286852539222748,LAND
-9223372036854775807,-24576,-4096,-3.6864000000000003,20.8735312049217,718.8900820288272,927.7643044682176,0.43631121181742843,0.36927137476125205,-0.9735786297268356,-0.22835203467282064,LAND
-9223372036854775807,-20480,-4096,-3.6864000000000003,20.98798784851529,814.4402375969157,910.8073835207846,0.47179803617605387,0.2884882501645719,-0.9698239448345928,-0.24380630842016526,LAND
-9223372036854775807,-16384,-4096,-3.6864000000000003,21.676839874699137,1298.166084919514,910.1831177445845,0.587578497484303,0.1702005104270112,-0.9669543075941661,-0.2549497343106809,MAJOR_OCEAN
-9223372036854775807,-12288,-4096,-3.6864000000000003,21.076127153894188,606.4301253039143,906.3969370795754,0.4005940575200859,0.3012588144120946,-0.9678039286052642,-0.251705295487037,LAND
-9223372036854775807,-8192,-4096,-3.6864000000000003,20.569785711094493,575.8735868773518,933.6264916140577,0.3812469758045279,0.4297657207092389,-0.9715128797351499,-0.23698676019709675,LAND
-9223372036854775807,-4096,-4096,-3.6864000000000003,20.816152055272486,765.434770668754,905.6102334407678,0.45778359361589094,0.2848780142867645,-0.974539132618093,-0.22421748146827214,LAND
-9223372036854775807,0,-4096,-3.6864000000000003,21.733491590972797,1141.764850665363,911.2028486375103,0.5558825735443081,0.17936200319321022,-0.9742904276824281,-0.22529572238813453,MAJOR_OCEAN
-9223372036854775807,4096,-4096,-3.6864000000000003,20.769904632521683,671.3008727213512,912.2756001251538,0.4236468761368381,0.29745275530873516,-0.9709682733675159,-0.239208302769166,LAND
-9223372036854775807,8192,-4096,-3.6864000000000003,20.576407974036616,672.955984528918,925.5825761686698,0.42071882545640515,0.3873707775611024,-0.967460168466103,-0.2530233634104557,LAND
-9223372036854775807,12288,-4096,-3.6864000000000003,20.815459540581553,758.4213883452384,904.7825251278115,0.4557262377556116,0.2702766207552204,-0.9671573104381682,-0.2541785531196695,LAND
-9223372036854775807,16384,-4096,-3.6864000000000003,21.778711365571446,1295.099117007546,912.016804580286,0.5865177205353669,0.15588940113925986,-0.9703667336325793,-0.24163692238405732,MAJOR_OCEAN
-9223372036854775807,20480,-4096,-3.6864000000000003,21.03743626685097,707.1139806649684,904.2637989334918,0.43855353851444484,0.28067481613629464,-0.9739487037037157,-0.22676843376857345,LAND
-9223372036854775807,24576,-4096,-3.6864000000000003,20.976327375850484,681.1334919745283,928.6248056802191,0.4228651145030597,0.37579620554117477,-0.9747376478974052,-0.2233528996262059,LAND
-9223372036854775807,28672,-4096,-3.6864000000000003,21.062975759502525,1150.6786569021258,901.666450153892,0.5603922365256518,0.0,-0.9720923800780029,-0.23459839000786742,LAND
-9223372036854775807,32768,-4096,-3.6864000000000003,21.623311420521766,1173.8500592948485,909.2196055693918,0.5632489542384443,0.15063895213150075,-0.9682454499220194,-0.2500014974061279,MAJOR_OCEAN
-9223372036854775807,-32768,0,0.0,22.354632744572655,1311.149998746001,922.3833894023078,0.5867667969072111,0.11768269713711962,-0.9702194058053916,0.24222779485152576,MAJOR_OCEAN
-9223372036854775807,-28672,0,0.0,22.589242018978403,1228.306611009011,926.6063563416112,0.5697384957605518,0.0,-0.9677995107535243,0.25172228146359804,MAJOR_OCEAN
-9223372036854775807,-24576,0,0.0,22.359627553342033,1222.4112815709113,922.4732959601565,0.5696537895702424,0.04774865531162261,-0.9691847898815737,0.24633481902120483,MAJOR_OCEAN
-9223372036854775807,-20480,0,0.0,22.617211067537664,1314.8526188733676,927.1097992156779,0.5862125055102765,0.1237990782519343,-0.9729750717540463,0.230910176790042,MAJOR_OCEAN
-9223372036854775807,-16384,0,0.0,22.65280402191505,1235.3463112742404,927.7504723944709,0.5708369055380252,0.1387506297985608,-0.9755985717643108,0.21956189735798176,MAJOR_OCEAN
-9223372036854775807,-12288,0,0.0,22.550289451305673,1353.9233460560097,925.9052101235021,0.5936103098971589,0.0,-0.9748445426140407,0.22288588500760115,MAJOR_OCEAN
-9223372036854775807,-8192,0,0.0,22.47547012768619,1401.7033332851477,924.5584622983514,0.6022972301376639,0.049172586360367115,-0.9713236910389592,0.23776098760404862,MAJOR_OCEAN
-9223372036854775807,-4096,0,0.0,22.688380125375428,1302.1778890859648,928.3908422567577,0.5835257820190246,0.116023464288135,-0.9681421981445222,0.25040104666692725,MAJOR_OCEAN
-9223372036854775807,0,0,0.0,22.383350039251873,1393.9182286884406,922.9003007065337,0.6013923053123138,0.1242702147996572,-0.9684152232964154,0.24934304740207602,MAJOR_OCEAN
-9223372036854775807,4096,0,0.0,22.693008250140426,1196.3835387944084,928.4741485025277,0.5627768716332231,0.0,-0.9718653787585422,0.23553701528743937,MAJOR_OCEAN
-9223372036854775807,8192,0,0.0,22.603141000217086,1419.4840111622182,926.8565380039075,0.6047200998025101,0.0642750064728381,-0.9751518560786309,0.22153748573639018,MAJOR_OCEAN
-9223372036854775807,12288,0,0.0,22.45916642471258,1388.479883922794,924.2649956448265,0.6001006836078943,0.11032826475962565,-0.9754200859030853,0.2203534797020861,MAJOR_OCEAN
-9223372036854775807,16384,0,0.0,22.602583315847234,1369.9307715796485,926.8464996852501,0.5961982428460172,0.1992570266852538,-0.9724534459946506,0.23309718010548552,MAJOR_OCEAN
-9223372036854775807,20480,0,0.0,22.616305639157396,1161.7425658757636,927.0935015048331,0.5559012900623795,0.0,-0.9687868485734132,0.24789522389750573,MAJOR_OCEAN
-9223372036854775807,24576,0,0.0,22.398575858950636,1252.4303046261584,923.1743654611114,0.5754055028173504,0.0576131330282232,-0.9679227026866312,0.2512481674038785,MAJOR_OCEAN
-9223372036854775807,28672,0,0.0,22.305708235376937,1383.6256996741884,921.5027482367848,0.599977724973454,0.1155049917890806,-0.9707373578737524,0.24014366955696842,MAJOR_OCEAN
-9223372036854775807,32768,0,0.0,22.506770968923924,1314.39825842056,925.1218774406307,0.5866487149044718,0.19301832394729365,-0.9744453107654888,0.22462487913663978,MAJOR_OCEAN
-9223372036854775807,-32768,4096,3.6864000000000003,21.71989722354035,1122.8734785607103,910.9581500237264,0.5518262360320472,0.0,-0.9711709284191616,0.23838420206352534,MAJOR_OCEAN
-9223372036854775807,-28672,4096,3.6864000000000003,23.024993163759753,874.3531329390406,934.4498769476755,0.4831206093495062,0.24453712954842216,-0.9687837918676299,0.24790716934888507,COASTAL_WATER
-9223372036854775807,-24576,4096,3.6864000000000003,20.724478433073333,679.3934440282081,924.0915247102304,0.4234339724368974,0.3651226392925753,-0.9701505511045114,0.24250341892767793,LAND
-9223372036854775807,-20480,4096,3.6864000000000003,20.941820632202795,920.5544996521409,907.3369106333428,0.5033401625022917,0.2634176934551168,-0.9738868340712757,0.22703399398025734,LAND
-9223372036854775807,-16384,4096,3.6864000000000003,21.700671542919814,1195.3040949245828,910.6120877725566,0.567323989791768,0.18166411556856407,-0.9764697241601359,0.21565453345252933,MAJOR_OCEAN
-9223372036854775807,-12288,4096,3.6864000000000003,20.80773402942324,563.8906520495865,906.6801847530253,0.3831896079666763,0.28194904158022926,-0.9757276646759904,0.21898749824119648,LAND
-9223372036854775807,-8192,4096,3.6864000000000003,20.75485844803258,588.9861283514592,931.8516808030407,0.38702293030732826,0.41295557912392233,-0.9722596117908215,0.23390435498374323,LAND
-9223372036854775807,-4096,4096,3.6864000000000003,20.861415096799576,923.6241137373888,900.5177820919605,0.5060560583524886,0.23609781848478253,-0.9691219541603958,0.24658190923978116,LAND
-9223372036854775807,0,4096,3.6864000000000003,21.51206217106542,1092.909974251603,907.2171190791776,0.5461472076880967,0.1753057321319217,-0.9693913478817787,0.24552070106601648,MAJOR_OCEAN
-9223372036854775807,4096,4096,3.6864000000000003,20.776092361614094,579.9696452985955,909.2913709395361,0.38917319783524496,0.3047784006994395,-0.972793487162131,0.2316739763869497,LAND
-9223372036854775807,8192,4096,3.6864000000000003,20.446776803771964,690.2698361735165,927.0682740465346,0.426530050682461,0.41239992503065176,-0.976030129919538,0.21763544171216676,LAND
-9223372036854775807,12288,4096,3.6864000000000003,21.144450417736945,1057.3926822156338,903.1329940021116,0.5390664496701977,0.0,-0.9762940943116516,0.21644824187826509,LAND
-9223372036854775807,16384,4096,3.6864000000000003,21.620325097427134,1143.3621014839434,909.1658517536885,0.5567794193798515,0.1507795153746878,-0.9733729502876166,0.22922717912233057,MAJOR_OCEAN
-9223372036854775807,20480,4096,3.6864000000000003,21.11561474504364,629.1834295209628,902.613951893632,0.4104804960850724,0.26803354564124265,-0.9697579924029338,0.24406850712582986,LAND
-9223372036854775807,24576,4096,3.6864000000000003,20.79027182490669,596.1370338570885,930.3035532824409,0.3902849242558672,0.4002615205205565,-0.9689053612688548,0.24743160853955135,LAND
-9223372036854775807,28672,4096,3.6864000000000003,20.82334638646997,812.7652133424626,901.8468832659395,0.4737464925487645,0.24894670146643402,-0.9716816158632016,0.236293963937883,LAND
-9223372036854775807,32768,4096,3.6864000000000003,21.738326814011817,1136.3577906118744,911.2898826522128,0.554686784575958,0.16425706009916954,-0.9753346704995913,0.22073124047459533,MAJOR_OCEAN
-9223372036854775807,-32768,8192,7.372800000000001,20.711695878771696,1184.724189686368,892.8105258178905,0.5699804678984881,0.2638019585657204,-0.9696377095966717,0.2445459305081982,MAJOR_OCEAN
-9223372036854775807,-28672,8192,7.372800000000001,19.700279739446543,598.9389115440978,908.9624944998639,0.39693707563994923,0.41699117058546165,-0.9671981675848856,0.25402303954649347,LAND
-9223372036854775807,-24576,8192,7.372800000000001,18.965318134949015,645.6558092194185,933.7094534071366,0.40854846945088086,0.7066202016542341,-0.9685945531892902,0.2486455137983376,LAND
-9223372036854775807,-20480,8192,7.372800000000001,19.808865120790387,825.2986462488064,911.2609408059201,0.4749757374639105,0.5883126989999782,-0.9724172310217997,0.23324821288039016,LAND
-9223372036854775807,-16384,8192,7.372800000000001,20.734751775582346,1235.2011496411108,893.2255319604822,0.5800627747897318,0.26485427784877347,-0.9750651062576259,0.22191899098275666,MAJOR_OCEAN
-9223372036854775807,-12288,8192,7.372800000000001,19.9364633206422,484.6453033392077,911.7184553227166,0.34682830460930963,0.3893989938324308,-0.9743038915485738,0.22523749002620552,LAND
-9223372036854775807,-8192,8192,7.372800000000001,19.098175831658985,672.4708258702564,938.411184761347,0.41719606114764807,0.7238629558116463,-0.970751354493237,0.24008708367912182,LAND
-9223372036854775807,-4096,8192,7.372800000000001,19.808313728414376,887.0420824290836,914.8622591047997,0.4920072917869851,0.6111177262056285,-0.9675435684932587,0.2527042600893991,LAND
-9223372036854775807,0,8192,7.372800000000001,20.642219337697192,1193.452541593011,891.5599480785495,0.5721214745847079,0.27972700110849674,-0.9678187713639687,0.25164821834365947,MAJOR_OCEAN
-9223372036854775807,4096,8192,7.372800000000001,19.645252116127928,489.0688271552191,908.8217707263133,0.34961191954242926,0.4053194285114614,-0.9712977294690346,0.23786702320476893,LAND
-9223372036854775807,8192,8192,7.372800000000001,18.936459557609428,675.8455343461173,934.3355508610731,0.419472113067419,0.7045368010354999,-0.9746141153661261,0.2238913266053498,LAND
-9223372036854775807,12288,8192,7.372800000000001,19.581990681801976,830.3987695314612,908.977632157446,0.47713745642932204,0.5853504725687787,-0.9748849058148241,0.22270927330136384,LAND
-9223372036854775807,16384,8192,7.372800000000001,20.65431406632364,1226.4230645998075,891.7776531938255,0.5787196343896464,0.2521496321352794,-0.9718909594426288,0.23543144002806088,MAJOR_OCEAN
-9223372036854775807,20480,8192,7.372800000000001,19.61769394779199,606.3992979728848,904.1016946073984,0.4011901420836652,0.41303310859558184,-0.9681933836722403,0.2502030611589279,LAND
-9223372036854775807,24576,8192,7.372800000000001,19.103135466614418,698.0712114829496,936.4819962263194,0.42681045666539796,0.7146273343920082,-0.9673223324688108,0.2535498079413578,LAND
-9223372036854775807,28672,8192,7.372800000000001,19.613915192845482,798.1469291242438,909.5522733562291,0.46710791926723866,0.5812558271530817,-0.9701600195709207,0.2424655365740682,LAND
-9223372036854775807,32768,8192,7.372800000000001,20.708782148856095,1051.4216605004942,892.7580786794097,0.5405267386466703,0.27966828829489904,-0.9739009154752938,0.22697358180278288,MAJOR_OCEAN
-9223372036854775807,-32768,12288,11.0592,19.78206190388741,1245.0252487279713,876.0771142699734,0.586694247382626,0.2375379605661626,-0.9669473093550183,0.2549762752318158,MAJOR_OCEAN
-9223372036854775807,-28672,12288,11.0592,19.127509529243998,536.1510367539661,867.8614899610374,0.38159875912816005,0.29977020966304235,-0.9644204155269898,0.26437333850966976,LAND
-9223372036854775807,-24576,12288,11.0592,18.75668919100564,734.2389481866849,894.5888006124576,0.4505009493964453,0.4834331532814159,-0.9658661733834947,0.2590415702421621,LAND
-9223372036854775807,-20480,12288,11.0592,19.14547087285764,1003.1271852199042,880.6192561176658,0.5322345559161811,0.48645009310385784,-0.9698329792286777,0.24377036817551717,LAND
-9223372036854775807,-16384,12288,11.0592,19.816007377001696,1292.1634541506055,876.6881327860306,0.5955077581941273,0.223455546637349,-0.9725894084247643,0.232529229603435,MAJOR_OCEAN
-9223372036854775807,-12288,12288,11.0592,19.188058895245838,521.7162885117565,875.4893135117686,0.3731327408191707,0.2888129160971325,-0.9717961836232551,0.23582234307901484,LAND
-9223372036854775807,-8192,12288,11.0592,18.77740635776826,788.1781723633985,890.0340572194557,0.4693737685314475,0.44722263139458895,-0.9681025904981962,0.25055413441147134,LAND
-9223372036854775807,-4096,12288,11.0592,19.224630753619483,1045.901925667332,871.0556639147188,0.5453206741110728,0.43973498519320414,-0.9647778770583874,0.26306586235905116,LAND
-9223372036854775807,0,12288,11.0592,19.894176368644764,1208.4099411303343,878.0951746356058,0.5788775950793054,0.2399766749816817,-0.9650627600239924,0.26201883370260637,MAJOR_OCEAN
-9223372036854775807,4096,12288,11.0592,19.020238803950967,581.4084618150786,874.7328734131577,0.3990062238705286,0.30240938039412524,-0.9686698219702976,0.248352120997651,LAND
-9223372036854775807,8192,12288,11.0592,18.70433310790186,777.8039522304944,887.661199489376,0.4667388042454798,0.441790808703199,-0.9721193714764134,0.23448651901613235,LAND
-9223372036854775807,12288,12288,11.0592,21.130895549825265,1221.5871981907885,900.3561198968548,0.575421485718799,0.16287890072073152,-0.9724015691807165,0.23331349779830599,COASTAL_WATER
-9223372036854775807,16384,12288,11.0592,19.964424020868705,1274.7979185856193,879.3596323756367,0.5915103134882304,0.2050026319692864,-0.9692860282308031,0.24593616138452398,MAJOR_OCEAN
-9223372036854775807,20480,12288,11.0592,19.13586366039736,524.310223948201,870.0354920173268,0.3757565010226858,0.2666828944290009,-0.965450651177241,0.2605859553802569,LAND
-9223372036854775807,24576,12288,11.0592,19.00350299965562,687.1954804116964,889.1660177387313,0.4356613757958994,0.4462304276863081,-0.9645489046879632,0.26390416909410624,LAND
-9223372036854775807,28672,12288,11.0592,18.946438941348568,1003.7725729127573,873.1768731676812,0.5345045762588448,0.4760604908473267,-0.9674890035942503,0.25291308373471866,LAND
-9223372036854775807,32768,12288,11.0592,19.67470469842083,1173.6630683473404,874.144684571575,0.5728517312935949,0.2346443724858102,-0.9713765309838351,0.23754501689955626,MAJOR_OCEAN
-9223372036854775807,-32768,16384,14.745600000000001,19.19000485579003,1245.7520493833076,865.4200874042206,0.58979664947101,0.1350047014834194,-0.9655834950113579,0.26009327973181284,MAJOR_OCEAN
-9223372036854775807,-28672,16384,14.745600000000001,18.92188896176498,1239.2946946725624,860.5940013117697,0.5898906958000047,0.0,-0.9630143893629318,0.2694499691592849,MAJOR_OCEAN
-9223372036854775807,-24576,16384,14.745600000000001,19.060470889683767,1208.1432387716382,863.0884760143078,0.5830155142164857,0.035110220229933126,-0.9644840010534798,0.26414127226140044,MAJOR_OCEAN
-9223372036854775807,-20480,16384,14.745600000000001,19.163645209497997,1373.4659712536625,864.945613770964,0.6133155604080519,0.09980555348746241,-0.9685205111663576,0.24893376518676089,MAJOR_OCEAN
-9223372036854775807,-16384,16384,14.745600000000001,18.849790107674938,1215.3337237791472,859.2962219381488,0.5855252408006438,0.0993756441161251,-0.9713295059585895,0.23773723068598743,MAJOR_OCEAN
-9223372036854775807,-12288,16384,14.745600000000001,18.843182516156126,1332.847803872132,859.1772852908102,0.6077667831793334,0.0,-0.9705207750388573,0.24101747907148963,MAJOR_OCEAN
-9223372036854775807,-8192,16384,14.745600000000001,19.10783195862164,1232.6194738607865,863.9409752551895,0.5876443152712372,0.050886198897481784,-0.9667589099293461,0.25568967533364056,MAJOR_OCEAN
-9223372036854775807,-4096,16384,14.745600000000001,18.937418690435734,1353.2708607181057,860.8735364278432,0.6109176731149879,0.11468274081963314,-0.9633776767353962,0.26814819031257786,MAJOR_OCEAN
-9223372036854775807,0,16384,14.745600000000001,18.917986975401224,1206.8833520509359,860.5237655572221,0.5834844319461338,0.12028927630549881,-0.9636672361806315,0.26710570550248997,MAJOR_OCEAN
-9223372036854775807,4096,16384,14.745600000000001,19.079277851887518,1108.1854134872463,863.4270013339753,0.5617856833713993,0.0,-0.9673362300522899,0.2534967811003196,MAJOR_OCEAN
-9223372036854775807,8192,16384,14.745600000000001,19.149485365531532,1468.6061055127727,864.6907365795676,0.6291428232393922,0.05323271964875042,-0.9708502422746769,0.23968689383276914,MAJOR_OCEAN
-9223372036854775807,12288,16384,14.745600000000001,18.96025599788248,1484.032027861365,861.2846079618846,0.6324943552815344,0.10005219028679972,-0.9711379659474793,0.23851845022008827,MAJOR_OCEAN
-9223372036854775807,16384,16384,14.745600000000001,18.850705026453152,1215.6617762033566,859.3126904761567,0.5855860925629723,0.10720408717374837,-0.967963552792498,0.251090741496625,MAJOR_OCEAN
-9223372036854775807,20480,16384,14.745600000000001,18.871809541239273,1322.4350052432815,859.6925717423069,0.6057525080917483,0.0,-0.9640615431633143,0.2656790187304393,MAJOR_OCEAN
-9223372036854775807,24576,16384,14.745600000000001,19.066434687366705,1293.4636272025505,863.1958243726007,0.5994753371567909,0.06007592278402031,-0.9631449672638095,0.2689828471006938,MAJOR_OCEAN
-9223372036854775807,28672,16384,14.745600000000001,18.974201481267674,1473.235932008815,861.5356266628181,0.6307277467008173,0.110982395403521,-0.966134561708228,0.2580387735842235,MAJOR_OCEAN
-9223372036854775807,32768,16384,14.745600000000001,19.059348638086067,1322.281421166953,863.0682754855493,0.6047895371867934,0.12765103206772696,-0.9700930459285197,0.24273335625975867,MAJOR_OCEAN
-9223372036854775807,-32768,20480,18.432000000000002,18.27934238972847,1232.5898615901722,849.0281630151125,0.5918463429335694,0.15351217423322136,-0.9668728344534883,0.255258539516071,MAJOR_OCEAN
-9223372036854775807,-28672,20480,18.432000000000002,17.372924682963294,592.4498583026605,841.5967981232868,0.4128436212507441,0.279724873772916,-0.9643436009756203,0.2646533945699047,LAND
-9223372036854775807,-24576,20480,18.432000000000002,17.546171478196335,715.6379201569109,863.6630884313859,0.45284911941947026,0.3696640189660784,-0.9657906810473041,0.25932288831143396,LAND
-9223372036854775807,-20480,20480,18.432000000000002,17.436180988585782,821.7696636406233,846.8748600420536,0.49218240888070863,0.27788247005319666,-0.9697613493802882,0.2440551684519762,LAND
-9223372036854775807,-16384,20480,18.432000000000002,18.241804094903785,1252.1852686502891,848.3524737082681,0.5958423888428293,0.2423902099824149,-0.9725206902257518,0.23281646651993332,MAJOR_OCEAN
-9223372036854775807,-12288,20480,18.432000000000002,17.632781472151727,733.5137759928016,844.4167148082112,0.46456369059076197,0.2689324136388696,-0.9717266066272426,0.23610887736953892,LAND
-9223372036854775807,-8192,20480,18.432000000000002,17.153274827798928,695.0949902009174,856.5909487242326,0.4476726250783841,0.3521010062213364,-0.9680292313055252,0.2508374121578237,LAND
-9223372036854775807,-4096,20480,18.432000000000002,17.601463824828304,758.8708362908261,847.7458452927726,0.4720471272687298,0.2602609093005931,-0.9647013854527717,0.2633462300954824,LAND
-9223372036854775807,0,20480,18.432000000000002,18.22207828135846,1171.4536537178722,847.9974090644523,0.5797980833570331,0.17163480095643516,-0.9649865276417703,0.26229944999919247,MAJOR_OCEAN
-9223372036854775807,4096,20480,18.432000000000002,17.391999317638003,595.229305324262,845.196959940891,0.4129446782453131,0.29697773852597215,-0.9685970217825175,0.24863589723536986,LAND
-9223372036854775807,8192,20480,18.432000000000002,16.94327082510246,699.5871500278635,856.231588679086,0.449369687449241,0.37593507818476146,-0.9720501422700831,0.23477333944192041,LAND
-9223372036854775807,12288,20480,18.432000000000002,17.636154385217854,920.7965951826907,847.2660391743876,0.5204997139727228,0.2546595315661207,-0.9723326460243801,0.23360056822539546,LAND
-9223372036854775807,16384,20480,18.432000000000002,18.152379155129058,1241.6795624042506,846.7428247923231,0.5942692918449298,0.30571084183634584,-0.9692138439567624,0.24622047981952436,MAJOR_OCEAN
-9223372036854775807,20480,20480,18.432000000000002,17.504984507593605,708.8423631974332,837.6226076195313,0.4580668232013089,0.2768773054939348,-0.9653747744192638,0.2608669103488513,LAND
-9223372036854775807,24576,20480,18.432000000000002,16.92636043439407,602.4741897790601,856.7152305987202,0.41260002392236755,0.377100554322881,-0.9644722059238995,0.2641843371592782,LAND
-9223372036854775807,28672,20480,18.432000000000002,17.394349354928003,759.6242069509266,845.239260612111,0.4730316258477982,0.2862491285283021,-0.9674150480839682,0.2531958229132022,LAND
-9223372036854775807,32768,20480,18.432000000000002,18.092544149538394,1173.0206683055656,845.6657946916911,0.5807934497737726,0.21139924085917564,-0.9713065066448069,0.23783117993539382,MAJOR_OCEAN
-9223372036854775807,-32768,24576,22.1184,17.48091179829944,1307.4858181435598,834.65641236939,0.6100788830196398,0.40690491783565336,-0.969560088069221,0.24485349828663744,MAJOR_OCEAN
-9223372036854775807,-28672,24576,22.1184,16.153905826937407,637.2920065498839,844.0617903169881,0.4299189625964294,0.5821368490924986,-0.9671179456059541,0.254328290378634,LAND
-9223372036854775807,-24576,24576,22.1184,18.019646557406478,781.7410986708425,861.4642107825936,0.47545224077320825,0.4764184267411422,-0.9685158012036532,0.24895208940445898,LAND
-9223372036854775807,-20480,24576,22.1184,16.42186841719664,927.6597995794364,842.6965952544698,0.5237002572068056,0.5361185659869013,-0.9723427675010853,0.23355843484732114,LAND
-9223372036854775807,-16384,24576,22.1184,17.458263340691676,1115.085430865694,834.2487401324502,0.5717407034380239,0.26243485193688537,-0.9749938701146222,0.22223175569416537,MAJOR_OCEAN
-9223372036854775807,-12288,24576,22.1184,15.965936314890577,504.1673054136823,845.1614653902872,0.3733663358987065,0.40276249304654993,-0.9742317039506049,0.22554952231716416,LAND
-9223372036854775807,-8192,24576,22.1184,15.287059299603742,674.3103027352311,868.1608102333796,0.4368791207490155,0.7144706785674482,-0.9706749719385247,0.2403957130485988,LAND
-9223372036854775807,-4096,24576,22.1184,16.082017894838096,899.8241255158445,844.1776907387788,0.5156579879367563,0.5987138519523869,-0.9674637056490649,0.25300983825096496,LAND
-9223372036854775807,0,24576,22.1184,17.281618842586496,1112.3863155446095,831.069139166557,0.5720811514861088,0.3431481895959978,-0.967739196746967,0.25195405747781735,MAJOR_OCEAN
-9223372036854775807,4096,24576,22.1184,16.436631340137506,589.5415669584805,848.7833541004694,0.40959588646928935,0.4406412001517076,-0.9712219674161393,0.23817617430869026,LAND
-9223372036854775807,8192,24576,22.1184,15.208105739320384,699.5838133482106,864.0674849656791,0.44711803460751987,0.6873196440799487,-0.9745423131283255,0.22420365724602448,LAND
-9223372036854775807,12288,24576,22.1184,16.388148456867725,941.7629417327682,846.5713852677487,0.5263202787326262,0.5579761240599628,-0.9748134426361018,0.2230218645244259,LAND
-9223372036854775807,16384,24576,22.1184,17.426939304898152,1051.3532160422026,833.6849074881668,0.5574400659909425,0.25805505984408533,-0.9718158808609484,0.23574115827843692,MAJOR_OCEAN
-9223372036854775807,20480,24576,22.1184,16.10999551300346,498.09424271799975,843.8110170209399,0.3709079543070888,0.3890505510491251,-0.9681142044051763,0.2505092557749763,LAND
-9223372036854775807,24576,24576,22.1184,14.882721864481123,631.2150315015402,860.3632657551952,0.42290245855890685,0.6792638419071829,-0.9672422392592936,0.253855176414954,LAND
-9223372036854775807,28672,24576,22.1184,16.300654827566333,802.6574933955328,849.4904473303145,0.485532766682158,0.57949573005575,-0.9700829749045118,0.2427736019430702,LAND
-9223372036854775807,32768,24576,22.1184,17.578567828337686,1216.5586932945257,836.4142209100784,0.5922953924470982,0.2554713270988556,-0.9738282321157704,0.22728522682803887,MAJOR_OCEAN
-9223372036854775807,-32768,28672,25.804799999999997,16.862354145961838,1155.148614434586,823.5223746273131,0.583505350544119,0.2176694646379365,-0.9711591535969675,0.23843216726109293,MAJOR_OCEAN
-9223372036854775807,-28672,28672,25.804799999999997,17.526345245898295,612.4554398163971,835.4742144261693,0.422695082554964,0.2961229765310125,-0.9687716068497497,0.24795478168761728,COASTAL_WATER
-9223372036854775807,-24576,28672,25.804799999999997,15.454746589542935,691.0994787258238,827.3236891882976,0.45484332035990455,0.42552717870571827,-0.9701385980001179,0.24255123308358087,LAND
-9223372036854775807,-20480,28672,25.804799999999997,17.86556232256374,1358.8746053637544,841.5801218061473,0.6172621169960042,0.18870490500167225,-0.9738755570026009,0.22708236275165425,COASTAL_WATER
-9223372036854775807,-16384,28672,25.804799999999997,16.844137225300713,1254.20095102465,823.1944700554128,0.6034467446877311,0.2465205275404152,-0.9764589553536639,0.21570328812892844,MAJOR_OCEAN
-9223372036854775807,-12288,28672,25.804799999999997,16.10852080727939,548.624515409944,816.980022840509,0.40145082213198346,0.3645113964355886,-0.9757167460736975,0.2190361418381809,LAND
-9223372036854775807,-8192,28672,25.804799999999997,15.11863907241837,747.6986449377645,834.0217054555327,0.47241361668974907,0.5174494454096751,-0.9722480323011933,0.2339524816847596,LAND
-9223372036854775807,-4096,28672,25.804799999999997,15.782711023533333,941.8556748356148,814.1930518209435,0.5360441406925845,0.47475275008602924,-0.9691098258102637,0.24662957145889913,LAND
-9223372036854775807,0,28672,25.804799999999997,16.684861215401227,1288.9297984081868,820.3275018772221,0.6107927209795039,0.23723206539083289,-0.9693792650067571,0.24556840304680763,MAJOR_OCEAN
-9223372036854775807,4096,28672,25.804799999999997,16.23697853613165,549.6222773605733,814.7985001332162,0.402529598509111,0.3049574298591175,-0.9727820054743744,0.23172218241949577,LAND
-9223372036854775807,8192,28672,25.804799999999997,15.344953161049762,719.194193414619,827.1923604460384,0.4647799165762834,0.4269299423692623,-0.9760192719921947,0.2176841305649684,LAND
-9223372036854775807,12288,28672,25.804799999999997,17.8670971613278,1348.027993772843,841.6077489039003,0.6153592619308238,0.17588277488351373,-0.9762832897642496,0.21649697024922585,COASTAL_WATER
-9223372036854775807,16384,28672,25.804799999999997,16.606183277372594,1311.5652652916967,818.9112989927066,0.6153317785748332,0.23796990027002354,-0.9733615763080969,0.22927547135927281,MAJOR_OCEAN
-9223372036854775807,20480,28672,25.804799999999997,17.86092520803184,483.4929858479988,841.4966537445731,0.36462802680461254,0.29821962617976633,-0.9697459718983449,0.24411626325776534,COASTAL_WATER
-9223372036854775807,24576,28672,25.804799999999997,15.418339076873412,728.8544634680736,835.7943321221758,0.46552870958093484,0.4310351917774773,-0.9688931965701201,0.24747923880627798,LAND
-9223372036854775807,28672,28672,25.804799999999997,15.724495063803609,1052.1026593300262,817.0770496508871,0.5625676796072884,0.48372777401971306,-0.9716699319952747,0.23634200484953607,LAND
-9223372036854775807,32768,28672,25.804799999999997,16.90942886014579,1089.697045860388,824.3697194826243,0.5690125616404865,0.22487238043592656,-0.9753236738308907,0.22077982531249155,MAJOR_OCEAN
-9223372036854775807,-32768,32768,29.491200000000003,16.2589785665821,1125.8985191142044,812.6616141984778,0.58049167941559,0.0,-0.9702834092897186,0.24197129097709202,MAJOR_OCEAN
-9223372036854775807,-28672,32768,29.491200000000003,16.1497831340243,1349.602012068916,810.6960964124373,0.624440472497901,0.0,-0.967865693313576,0.25146769117847106,MAJOR_OCEAN
-9223372036854775807,-24576,32768,29.491200000000003,16.115920665532116,1250.8089294051715,810.0865719795781,0.60663061176725,0.055267208763197254,-0.9692497405648384,0.24607913445677085,MAJOR_OCEAN
-9223372036854775807,-20480,32768,29.491200000000003,15.99187832156713,1289.9397389122598,807.8538097882083,0.6146101124195685,0.1187656026156925,-0.9730364298154116,0.2306514822238903,MAJOR_OCEAN
-9223372036854775807,-16384,32768,29.491200000000003,16.26004275538345,1403.0280631177366,812.6807695969021,0.632932951054087,0.13607317663214732,-0.9756572272293599,0.21930110568603448,MAJOR_OCEAN
-9223372036854775807,-12288,32768,29.491200000000003,16.031982523423046,1265.4006627900844,808.5756854216148,0.6098385959341943,0.0,-0.974903994728312,0.2226256972201983,MAJOR_OCEAN
-9223372036854775807,-8192,32768,29.491200000000003,16.021989569495204,1422.6205183124362,808.3958122509137,0.63737012083302,0.06478356858566557,-0.9713866565405639,0.2375036073303826,MAJOR_OCEAN
-9223372036854775807,-4096,32768,29.491200000000003,15.918422955664564,1294.0591185157077,806.5316132019622,0.6157522009330755,0.10446271936430317,-0.9682080797246654,0.2501461859710759,MAJOR_OCEAN
-9223372036854775807,0,32768,29.491200000000003,15.95357909893877,1321.5672802334557,807.1644237808978,0.6205322847673347,0.0,-0.9684808633312789,0.24908797112887796,MAJOR_OCEAN
-9223372036854775807,4096,32768,29.491200000000003,15.882822303547774,1174.7225835260772,805.8908014638599,0.5928111873003132,0.0,-0.9719278244720904,0.23527920438693561,MAJOR_OCEAN
-9223372036854775807,8192,32768,29.491200000000003,16.216701481974955,1385.8517153181172,811.9006266755491,0.6302900462457401,0.05811737795109118,-0.9752109855228662,0.2212770519405933,MAJOR_OCEAN
-9223372036854775807,12288,32768,29.491200000000003,16.24287162817179,1354.8610237891291,812.3716893070923,0.6248688231690763,0.10712033932506539,-0.9754789314569579,0.22009283105905947,MAJOR_OCEAN
-9223372036854775807,16384,32768,29.491200000000003,16.20986398214229,1216.0970653706638,811.7775516785612,0.5993948838195547,0.1289737490864361,-0.972515319212564,0.23283890116749154,MAJOR_OCEAN
-9223372036854775807,20480,32768,29.491200000000003,15.902433373674988,1240.2525948483049,806.2438007261499,0.6057410394123474,0.0,-0.9688521573032984,0.24763985399919922,MAJOR_OCEAN
-9223372036854775807,24576,32768,29.491200000000003,15.976614930555046,1379.5733688755383,807.5790687499908,0.6304740680555969,0.04523111571645443,-0.9679887773274886,0.2509934799313195,MAJOR_OCEAN
-9223372036854775807,28672,32768,29.491200000000003,15.955141492288195,1326.8295149392266,807.1925468611876,0.6214593931738308,0.11943323488988128,-0.9708008780592418,0.23988675486446792,MAJOR_OCEAN
-9223372036854775807,32768,32768,29.491200000000003,16.133354945343836,1255.6578396821847,810.400389016189,0.6074612810848934,0.12909423979652201,-0.9745051780104836,0.22436501070968173,MAJOR_OCEAN
-1,-32768,-32768,-29.491200000000003,16.095718790160518,1412.8637573038284,809.7229382228893,0.6353985478264219,0.25171571902688056,-0.9694341383815995,-0.24535168909205787,MAJOR_OCEAN
-1,-28672,-32768,-29.491200000000003,15.978824471975615,1121.5227241821733,807.618840495561,0.5810572367884467,0.0,-0.9729045074279898,-0.23120730833237163,MAJOR_OCEAN
-1,-24576,-32768,-29.491200000000003,16.08422117220775,1226.2455818151166,809.5159810997395,0.6020565215597492,0.06404516981263932,-0.9760643503869041,-0.21748191626843602,MAJOR_OCEAN
-1,-20480,-32768,-29.491200000000003,16.27176423446716,1441.580809377966,812.8917562204089,0.6391480133102466,0.10637662454812773,-0.976185571051011,-0.216937158808286,MAJOR_OCEAN
-1,-16384,-32768,-29.491200000000003,16.146147904920248,1262.8877308493354,810.6306622885645,0.6087618866271423,0.12329322599877542,-0.9731706299644588,-0.23008460394945693,MAJOR_OCEAN
-1,-12288,-32768,-29.491200000000003,16.129306112217346,1265.2351792936695,810.3275100199122,0.6092930330516048,0.0,-0.9696025300931248,-0.2446853768352555,MAJOR_OCEAN
-1,-8192,-32768,-29.491200000000003,16.171549887955056,1245.4758068896379,811.0878979831909,0.6053157935961049,0.07263614685482189,-0.9689057932920235,-0.2474299167949474,MAJOR_OCEAN
-1,-4096,-32768,-29.491200000000003,15.943066954745666,1251.0810598638734,806.975205185422,0.6075992585049255,0.11222827897832081,-0.9717889514133893,-0.23585214417271097,MAJOR_OCEAN
-1,0,-32768,-29.491200000000003,16.01362642233325,1383.421904460993,808.2452756019985,0.6309310948053911,0.1099605952509471,-0.9754021140993393,-0.22043301887543856,MAJOR_OCEAN
-1,4096,-32768,-29.491200000000003,15.998224718011631,1200.7756537408172,807.9680449242094,0.5974770089033906,0.0,-0.9765193410120683,-0.21542974871023698,MAJOR_OCEAN
-1,8192,-32768,-29.491200000000003,16.107949579890043,1307.6635844857349,809.9430924380208,0.6172281050225327,0.06968624555257744,-0.9742347921667955,-0.22553618275505308,MAJOR_OCEAN
-1,12288,-32768,-29.491200000000003,16.259384803678806,1362.5192689794592,812.6689264662185,0.6261036025427106,0.11559955174374927,-0.9704495484542466,-0.2413041108330916,MAJOR_OCEAN
-1,16384,-32768,-29.491200000000003,16.234939398767455,1283.5781739633383,812.2289091778142,0.6121584499993463,0.2057020038453479,-0.9686908763763276,-0.24826998615471513,MAJOR_OCEAN
-1,20480,-32768,-29.491200000000003,16.10572710298379,1142.0960124354347,809.9030878537083,0.5847908543666746,0.0,-0.9707330521078774,-0.240161074167578,MAJOR_OCEAN
-1,24576,-32768,-29.491200000000003,16.03642157596758,1440.1498567011731,808.6555883674164,0.640121953592866,0.04684151534512404,-0.9745232517849151,-0.22428649475738643,MAJOR_OCEAN
-1,28672,-32768,-29.491200000000003,15.95387134431517,1474.824686165385,807.1696841976731,0.6460045216540976,0.0958744841738772,-0.9765623926784777,-0.21523450747054199,MAJOR_OCEAN
-1,32768,-32768,-29.491200000000003,15.976279575845759,1419.0390290772382,807.5730323652236,0.637022511073296,0.10457617694722567,-0.9751658164349647,-0.2214760268217053,MAJOR_OCEAN
-1,-32768,-28672,-25.804799999999997,16.65856698640324,1152.7694994239623,819.8542057552584,0.5840877855281342,0.2214939376733279,-0.9676477208834496,-0.25230514911326246,MAJOR_OCEAN
-1,-28672,-28672,-25.804799999999997,15.920117744767515,470.39379642519964,815.4462732357629,0.3655417697314415,0.30098167561555655,-0.9712071105593226,-0.23823674863255617,LAND
-1,-24576,-28672,-25.804799999999997,15.606214153343497,647.399952358388,835.269313950009,0.43635058503922586,0.4427936867026072,-0.9744554018347406,-0.22458109857041486,LAND
-1,-20480,-28672,-25.804799999999997,15.72185839026984,941.2661666751337,821.4107677646207,0.5336953431180037,0.49309343668960154,-0.9745801732868485,-0.22403902748444565,LAND
-1,-16384,-28672,-25.804799999999997,16.958625854585026,1135.1789999879131,825.2552653825305,0.5787494488241334,0.22594441676774518,-0.9714803932135497,-0.23711989710196588,MAJOR_OCEAN
-1,-12288,-28672,-25.804799999999997,15.950012938194549,522.5077191646245,812.11254323707,0.39120978759715586,0.29680219392935836,-0.9678202558592708,-0.25164250902519547,LAND
-1,-8192,-28672,-25.804799999999997,15.498590481719116,678.0793075631548,836.2993107110995,0.4474652732895005,0.4565454631985092,-0.9671064856041675,-0.254371864604473,LAND
-1,-4096,-28672,-25.804799999999997,15.88626442225626,1055.9574887818258,814.8369134305602,0.5641418136167766,0.4476368688268793,-0.9700620770343831,-0.2428570911044986,LAND
-1,0,-28672,-25.804799999999997,16.756379798273198,1200.5921066552482,821.6148363689176,0.5934104322816709,0.2337006367388553,-0.9737739825812393,-0.22751753964886384,MAJOR_OCEAN
-1,4096,-28672,-25.804799999999997,16.073565370434476,535.3182677644724,821.4651488912275,0.39425895264135175,0.29956628174310457,-0.9749237843773416,-0.2225390182762623,LAND
-1,8192,-28672,-25.804799999999997,15.602179576732778,701.112703338531,835.7668817726791,0.45589570869284335,0.4714984363591573,-0.9725737010850998,-0.23259491816811279,LAND
-1,12288,-28672,-25.804799999999997,17.787912266944794,1396.6577256958508,840.1824208050064,0.6241096924995736,0.1958222623486629,-0.9686883773278566,-0.24827973664784672,COASTAL_WATER
-1,16384,-28672,-25.804799999999997,16.787931459279932,1265.7238017400543,822.1827662670388,0.6059264790131851,0.252921154508956,-0.9668863722650558,-0.25520725524193083,MAJOR_OCEAN
-1,20480,-28672,-25.804799999999997,15.786916988799728,566.7556018141797,820.1652862046235,0.4083486362275293,0.3098151310110339,-0.968979044047801,-0.24714289833254305,LAND
-1,24576,-28672,-25.804799999999997,15.44167758629767,780.7870614426764,834.4519964383685,0.48308884606855124,0.4710443436733474,-0.9728702068739017,-0.23135159514715203,LAND
-1,28672,-28672,-25.804799999999997,15.890017742915253,999.0213269264298,811.6102655026489,0.5514483911085467,0.41209365034289935,-0.9749681123545466,-0.22234473209818179,LAND
-1,32768,-28672,-25.804799999999997,16.57525135117918,1254.2919614380664,818.3545243212252,0.6048726097007763,0.2248310192476513,-0.9735309264813765,-0.22855532193390865,MAJOR_OCEAN
-1,-32768,-24576,-22.1184,17.37140750749591,1036.8907998173001,832.6853351349264,0.5543162774520171,0.2502152625343351,-0.9649159271205249,-0.2625590478142736,MAJOR_OCEAN
-1,-28672,-24576,-22.1184,16.188869889991068,512.400796205952,842.652371847081,0.3778618776000034,0.3766551089181391,-0.9686045782293885,-0.2486064581483521,LAND
-1,-24576,-24576,-22.1184,15.264993818657171,597.8183558391661,867.091864498269,0.40781375799505337,0.7023951786875764,-0.9719814844033652,-0.2350574269769639,LAND
-1,-20480,-24576,-22.1184,16.06338779432237,828.7143814784996,847.8370019793986,0.49400238326547685,0.6011313309701033,-0.9721114228576533,-0.23451946944692847,LAND
-1,-16384,-24576,-22.1184,17.468077438924162,1105.909434467686,834.4253939006348,0.5696644485573854,0.25622277872593574,-0.9688882658731321,-0.24749854192167453,MAJOR_OCEAN
-1,-12288,-24576,-22.1184,16.08479976719282,543.3401129549412,848.5526873881099,0.3900803513530429,0.4313987956257441,-0.9650944740023787,-0.26190199741520126,LAND
-1,-8192,-24576,-22.1184,14.944678864947281,652.4356754362656,863.2414667716664,0.4301743972263403,0.7349864660596304,-0.9643559908111908,-0.2646082443662071,LAND
-1,-4096,-24576,-22.1184,16.402993852888436,894.1854710278161,848.1160049031489,0.5129264693304407,0.5904572074485809,-0.9674167211086712,-0.25318943050480525,LAND
-1,0,-24576,-22.1184,17.47051900083881,1016.1358386200945,834.4693420150986,0.5487864525586978,0.2944328316743008,-0.9712721555596591,-0.2379714265085063,MAJOR_OCEAN
-1,4096,-24576,-22.1184,16.125836493998918,501.57046670680734,846.766856776991,0.3717161439007878,0.4760134664677362,-0.9724693559419045,-0.23303079572008792,LAND
-1,8192,-24576,-22.1184,15.127713774443142,740.4434117287396,864.0616092429833,0.46119034326070835,0.6820799137893542,-0.9700239401752844,-0.24300937324888608,LAND
-1,12288,-24576,-22.1184,16.22519182028448,824.3939088694773,845.405573430846,0.4934128347552923,0.5754035664925483,-0.9659932227936566,-0.2585673868002785,LAND
-1,16384,-24576,-22.1184,17.610008866166282,1192.8631349220218,836.980159590993,0.5873733035655337,0.2691064974398236,-0.9641283396970822,-0.26543651706754234,MAJOR_OCEAN
-1,20480,-24576,-22.1184,16.354771156438826,601.2763410863399,848.7433400057249,0.4143819335612375,0.4584406134054235,-0.966294287878908,-0.2574399914787793,LAND
-1,24576,-24576,-22.1184,15.29312996679715,604.2767136936537,867.5158861030828,0.4102931490673238,0.6967418987867716,-0.9703321454139664,-0.2417757795485917,LAND
-1,28672,-24576,-22.1184,16.141099352828256,927.7635388608761,845.4674377423977,0.5229102360939831,0.5794824073034075,-0.9725155415179865,-0.23283797264616776,LAND
-1,32768,-24576,-22.1184,17.533576733465786,1228.9957550480744,835.6043812023842,0.5949824138175096,0.2553817711133877,-0.9710192684874305,-0.23900121385912537,MAJOR_OCEAN
-1,-32768,-20480,-18.432000000000002,18.07820399870223,1163.466298320537,845.4076719766401,0.5788752506449489,0.14491337874167085,-0.9637770185747084,-0.26670931454909125,MAJOR_OCEAN
-1,-28672,-20480,-18.432000000000002,19.410791107280566,709.473146899991,869.3942399310502,0.4490713289063328,0.25201530885668344,-0.967517285966408,-0.25280486814180614,COASTAL_WATER
-1,-24576,-20480,-18.432000000000002,16.968777298258768,725.1712137407328,861.139646905545,0.45685519561396903,0.3843635784222776,-0.9709456131566284,-0.23930026387762054,LAND
-1,-20480,-20480,-18.432000000000002,17.438884803037556,1085.9751980266938,837.4662448893214,0.5643066989771156,0.0,-0.9710776186748457,-0.23876402264325994,LAND
-1,-16384,-20480,-18.432000000000002,18.248850886738992,1251.716108768105,848.4793159613018,0.5957161785317049,0.15764492406293626,-0.9678051313004838,-0.2517006710925763,MAJOR_OCEAN
-1,-12288,-20480,-18.432000000000002,17.37046016946907,617.620626783561,844.8092552738502,0.42203636426725044,0.2726448151686763,-0.9639579646556793,-0.26605458533331106,LAND
-1,-8192,-20480,-18.432000000000002,17.19178885521407,691.92756711045,865.044940431551,0.44412052443858446,0.39126355864813034,-0.9632096200884963,-0.26875123770687026,LAND
-1,-4096,-20480,-18.432000000000002,17.268727668814346,788.1459781026427,844.8732365410805,0.48233580795100245,0.2975473897459612,-0.9663123214665215,-0.25737229334561634,LAND
-1,0,-20480,-18.432000000000002,18.190892967939426,1170.3686790148824,847.4360734229097,0.5797334673408178,0.18700953849751595,-0.9702251207238346,-0.24220490316345888,MAJOR_OCEAN
-1,4096,-20480,-18.432000000000002,17.120013107514044,646.0332506319554,849.586177428142,0.43166167598755345,0.305989233277821,-0.9714412817871144,-0.23728007931515882,LAND
-1,8192,-20480,-18.432000000000002,16.924710450385156,624.9766718237568,862.9574001002737,0.41974771321885956,0.40803752809035115,-0.9689577388441023,-0.24722641512209917,LAND
-1,12288,-20480,-18.432000000000002,17.496920935693264,818.2136641279978,843.8287306724262,0.49199807935515005,0.25884350896666664,-0.9648689382716683,-0.2627316729260171,LAND
-1,16384,-20480,-18.432000000000002,18.099543247470866,1293.3285590147993,845.7917784544757,0.6043251570349452,0.14106840515292762,-0.9629789616142611,-0.2695765558952027,MAJOR_OCEAN
-1,20480,-20480,-18.432000000000002,17.52721002633261,636.5866471655722,844.3739343039346,0.4295570713050513,0.27908808016031555,-0.9651741546847221,-0.2616082015698897,LAND
-1,24576,-20480,-18.432000000000002,17.181918940935137,639.743990984356,861.3152837164594,0.4259112817713416,0.3736527890192249,-0.9692706213594414,-0.24599687512137697,LAND
-1,28672,-20480,-18.432000000000002,19.389629115637863,1131.6887326666276,869.0133240814815,0.5653632261861824,0.0,-0.9714882106161943,-0.23708786690538386,COASTAL_WATER
-1,32768,-20480,-18.432000000000002,18.042386164627107,1101.6087768509435,844.762950963288,0.5656900329386064,0.13388416244427245,-0.9699683020236054,-0.2432313570850678,MAJOR_OCEAN
-1,-32768,-16384,-14.745600000000001,19.125677634794215,1257.6711668126081,864.2621974262959,0.5924214052114151,0.12707839326281173,-0.9653393025126039,-0.26099814371845503,MAJOR_OCEAN
-1,-28672,-16384,-14.745600000000001,18.863205946247025,1343.789043453217,859.5377070324464,0.6096142702787369,0.0,-0.9690084349106034,-0.24702763625170135,MAJOR_OCEAN
-1,-24576,-16384,-14.745600000000001,18.944235741060712,1433.7340210500518,860.9962433390929,0.6245219846990798,0.06267600477122438,-0.9723659056874574,-0.23346208569403853,MAJOR_OCEAN
-1,-20480,-16384,-14.745600000000001,18.91542234248845,1378.9814240195399,860.4776021647922,0.6154905793425945,0.10123015407045793,-0.9724950630521592,-0.23292349031211315,MAJOR_OCEAN
-1,-16384,-16384,-14.745600000000001,19.066486611410642,1496.3709252227682,863.1967590053916,0.6339029951229888,0.2371487510200453,-0.969290550744519,-0.2459183365212669,MAJOR_OCEAN
-1,-12288,-16384,-14.745600000000001,18.9881481038894,1147.0005125561156,861.7866658700092,0.5707074484644379,0.0,-0.9655169419173242,-0.26034022906692417,MAJOR_OCEAN
-1,-8192,-16384,-14.745600000000001,18.99390095184944,1419.0236776025656,861.89021713329,0.6218568022553829,0.05646782055139767,-0.9647821888497042,-0.26305004861883924,MAJOR_OCEAN
-1,-4096,-16384,-14.745600000000001,18.873574506494542,1481.9109885801358,859.7243411169018,0.6325828735673447,0.110595581643649,-0.9678270458670233,-0.2516163931231645,MAJOR_OCEAN
-1,0,-16384,-14.745600000000001,19.05626579670361,1225.6451378946485,863.0127843406649,0.5865290796416919,0.11662357214026019,-0.971660795523945,-0.23637956434889704,MAJOR_OCEAN
-1,4096,-16384,-14.745600000000001,19.12884485079127,1184.5278321412977,864.3192073142429,0.5778615717863124,0.0,-0.9728508309835616,-0.23143305868996658,MAJOR_OCEAN
-1,8192,-16384,-14.745600000000001,19.12899459835768,1294.1098264261448,864.3219027704382,0.5992825838988753,0.07163007451939357,-0.9704198240872489,-0.2414236215006164,MAJOR_OCEAN
-1,12288,-16384,-14.745600000000001,19.228914617377324,1512.7489045972732,866.1204631127919,0.6356436723469641,0.12086888140034971,-0.9664110671072792,-0.2570012633676532,MAJOR_OCEAN
-1,16384,-16384,-14.745600000000001,18.952885306446962,1359.9684960935333,861.1519355160453,0.6120138570115432,0.13697684134762647,-0.9645556753612508,-0.26387942157053734,MAJOR_OCEAN
-1,20480,-16384,-14.745600000000001,19.186348332227144,1101.394554596603,865.3542699800886,0.5597231419175354,0.0,-0.966710562228927,-0.25587240741242845,MAJOR_OCEAN
-1,24576,-16384,-14.745600000000001,19.118762836212603,1394.8705111323038,864.1377310518269,0.6171970903009915,0.043516287219349484,-0.9707262614389939,-0.24018852044315975,MAJOR_OCEAN
-1,28672,-16384,-14.745600000000001,18.851380022988938,1329.281282917472,859.3248404138009,0.6070869407759509,0.1088634269917972,-0.9728967357215845,-0.23124000869720915,MAJOR_OCEAN
-1,32768,-16384,-14.745600000000001,19.13482377103809,1333.1440992130213,864.4268278786856,0.6063684745329179,0.19646929183234635,-0.9714093943011682,-0.2374105908830469,MAJOR_OCEAN
-1,-32768,-12288,-11.0592,19.929162398396656,1207.7709408192961,878.7249231711398,0.578574052123166,0.23302880096016668,-0.9680896791953802,-0.2506040163991506,MAJOR_OCEAN
-1,-28672,-12288,-11.0592,19.2278643512273,521.0185970765798,871.1138686716596,0.3739907079092764,0.3081942211057104,-0.9716273905826183,-0.23651683633435505,LAND
-1,-24576,-12288,-11.0592,18.60102269873142,690.260110703454,891.320208462176,0.4361611871095261,0.448990922733964,-0.9748541335479248,-0.22284393261770624,LAND
-1,-20480,-12288,-11.0592,21.139089145148333,1327.7810012734146,900.50360461267,0.5956085632886946,0.17711412363814227,-0.9749780397468077,-0.2223011966037793,COASTAL_WATER
-1,-16384,-12288,-11.0592,20.03221092616586,1321.9693247033442,880.5797966709855,0.5999273226452271,0.23159973587024593,-0.9718989291877427,-0.2353985374714957,MAJOR_OCEAN
-1,-12288,-12288,-11.0592,19.24455730543613,542.7659654953136,875.2861853277979,0.38248486158911493,0.2965175213291318,-0.9682612054219095,-0.24994046906195627,LAND
-1,-8192,-12288,-11.0592,18.846423063755633,745.7371914286983,892.0977306987585,0.45504106689441187,0.4336815829807437,-0.9675515821166333,-0.2526735758713202,LAND
-1,-4096,-12288,-11.0592,19.07547989377579,1459.166250754633,866.9249565226096,0.6270344050940296,0.2412982946261896,-0.9704895364902936,-0.24114323453676914,LAND
-1,0,-12288,-11.0592,19.755144258838193,1338.5412320312887,875.5925966590875,0.6042710443470842,0.3051224877882559,-0.9741773885353237,-0.2257840022377517,MAJOR_OCEAN
-1,4096,-12288,-11.0592,19.064400967587293,483.0034017204976,868.1715277661393,0.35720481957454525,0.2979944102478128,-0.9753192526837509,-0.22079935539853754,LAND
-1,8192,-12288,-11.0592,19.009518390635687,743.673446539513,896.9294909703696,0.4530166397408972,0.4443780417293053,-0.9729851371802499,-0.2308677604741081,LAND
-1,12288,-12288,-11.0592,20.87758421550354,1360.7095391076718,895.7965158790637,0.6027490097321874,0.39641594580755773,-0.969124188640035,-0.2465731270694229,COASTAL_WATER
-1,16384,-12288,-11.0592,19.877606931882568,1161.2283935527892,877.7969247738862,0.5692225400934157,0.23879086630322624,-0.9673327338208547,-0.2535101222410487,MAJOR_OCEAN
-1,20480,-12288,-11.0592,18.98946634780131,481.76563677447115,871.9146476577672,0.3556305072944828,0.3114802921061769,-0.9694131111480844,-0.24543475698073355,LAND
-1,24576,-12288,-11.0592,18.57546123609822,711.3236125485498,892.670914243109,0.44319379329627173,0.4892617726860731,-0.9732796827475718,-0.2296228628660178,LAND
-1,28672,-12288,-11.0592,21.169561072679876,1244.7570823940512,901.0520993082378,0.579817290238639,0.16898936435640208,-0.9753632696327935,-0.22060483279209106,COASTAL_WATER
-1,32768,-12288,-11.0592,19.797815933162838,1156.7706021929819,876.3606867969311,0.5686804034991264,0.22782304491690528,-0.9739359791372546,-0.226823077622091,MAJOR_OCEAN
-1,-32768,-8192,-7.372800000000001,20.74775131386085,1223.170325901165,893.4595236494953,0.5776129034829715,0.27739884994402714,-0.9695012491229285,-0.24508636834610242,MAJOR_OCEAN
-1,-28672,-8192,-7.372800000000001,19.71817595305496,560.3522519062899,911.0058275891098,0.3805815037183967,0.43560368214005807,-0.9729682001283938,-0.23093912951016743,LAND
-1,-24576,-8192,-7.372800000000001,22.352465997810096,972.298225561937,929.7837880168943,0.5109071593470039,0.5508896837820653,-0.9761246490386584,-0.21721111743913094,LAND
-1,-20480,-8192,-7.372800000000001,19.84712016394778,836.2364771748809,906.9723501491476,0.4794359850006252,0.5639308367991727,-0.976245733488102,-0.21666625913205265,LAND
-1,-16384,-8192,-7.372800000000001,20.581675579445182,1084.6324016079125,890.4701604300133,0.548874548540308,0.2595352066978031,-0.9732340478345035,-0.22981620511980289,MAJOR_OCEAN
-1,-12288,-8192,-7.372800000000001,19.788524849475245,541.0394610253552,904.5739551036849,0.3740041776144385,0.39490007043564035,-0.9696694817026643,-0.24441991787595058,LAND
-1,-8192,-8192,-7.372800000000001,18.959619159437068,604.3711482338871,933.5008899226212,0.39273645452541556,0.7111895589418107,-0.9689733991411936,-0.247165029396881,LAND
-1,-4096,-8192,-7.372800000000001,19.60574165729556,925.8426706222808,909.4051497163306,0.5042035505052644,0.5993794163034262,-0.9718537757030378,-0.23558488629738022,LAND
-1,0,-8192,-7.372800000000001,20.55689070215898,1126.2073761623894,890.0240326388616,0.558293595493659,0.2617907151678358,-0.9754631486979498,-0.2201627705409826,MAJOR_OCEAN
-1,4096,-8192,-7.372800000000001,19.870657999541052,498.19932783958404,910.533959542896,0.35339970496448647,0.36353133241146124,-0.9765791259416798,-0.21515857123290388,LAND
-1,8192,-8192,-7.372800000000001,22.45363583335577,719.7993980438374,931.192093309884,0.4357161654955009,0.4378184462046929,-0.9742970914589097,-0.22526690297224952,LAND
-1,12288,-8192,-7.372800000000001,19.715506179684375,843.9934724595286,910.580766771206,0.4807506590147697,0.5907943160275247,-0.9705156896212519,-0.2410379559301517,LAND
-1,16384,-8192,-7.372800000000001,20.652304982081098,1123.1956885245334,891.7414896774598,0.5571580804548223,0.3535142489404766,-0.9687586818312108,-0.24800527489683521,MAJOR_OCEAN
-1,20480,-8192,-7.372800000000001,19.62171639450134,548.7425065922549,907.8922637327172,0.3764609062323037,0.4014456351292798,-0.970798918212004,-0.23989468605703368,LAND
-1,24576,-8192,-7.372800000000001,19.000946364457338,613.0598665622716,934.9078233299867,0.39578609067366294,0.6995707508788234,-0.9745852423118689,-0.2240169758476255,LAND
-1,28672,-8192,-7.372800000000001,19.81409795435633,870.2796400084815,911.5814125699031,0.48813654813417884,0.5873483748644317,-0.9766221286503067,-0.21496329414703277,LAND
-1,32768,-8192,-7.372800000000001,20.759169155394567,1136.4108350029182,893.6650447971022,0.5595117574409919,0.25358869822125085,-0.9752271103398883,-0.22120597473420855,MAJOR_OCEAN
-1,-32768,-4096,-3.6864000000000003,21.596413908864804,1112.753163306504,908.7354503595665,0.5501900756264178,0.0,-0.9683523825887843,-0.24958698510664493,MAJOR_OCEAN
-1,-28672,-4096,-3.6864000000000003,21.145089192004537,711.2702077891232,911.5311019019448,0.4380278569454067,0.2688589606614501,-0.9718771023038785,-0.23548863670550316,LAND
-1,-24576,-4096,-3.6864000000000003,20.75453104318778,720.0313797550986,923.4495781431006,0.43784719810642636,0.3571447519799707,-0.9750909344063101,-0.22180547702576905,LAND
-1,-20480,-4096,-3.6864000000000003,20.82914153029087,832.5759996139608,899.9368578948038,0.4802825638169524,0.2343492203302934,-0.9752143222395825,-0.2212623458675056,LAND
-1,-16384,-4096,-3.6864000000000003,21.46099467225907,1108.822533020458,906.2979041006632,0.5499783210390838,0.13861333755038077,-0.9721475958403577,-0.23436947732546676,MAJOR_OCEAN
-1,-12288,-4096,-3.6864000000000003,20.906116780184,645.4205827652556,905.1942558732595,0.41596700849521934,0.2728663159204197,-0.9685233042101883,-0.24892289810658053,LAND
-1,-8192,-4096,-3.6864000000000003,20.590414007531745,622.3665301826024,923.4895676867285,0.4023428753585172,0.3775293261546677,-0.9678161664685863,-0.25165823634852447,LAND
-1,-4096,-4096,-3.6864000000000003,20.838053968177444,1000.2409809436219,898.6512898618394,0.5264724723152691,0.0,-0.9707435504704104,-0.24011863572014094,LAND
-1,0,-4096,-3.6864000000000003,21.63082711841157,1212.30781672911,909.3548881314082,0.5711259796260337,0.1735022920273794,-0.9744169897676639,-0.2247477031075609,MAJOR_OCEAN
-1,4096,-4096,-3.6864000000000003,20.77376264115298,648.6674204358692,910.7304681743782,0.4157064202474654,0.42715731627634146,-0.9755540984870118,-0.21975941601031282,LAND
-1,8192,-4096,-3.6864000000000003,20.49863127645569,683.302393380771,924.5681040139001,0.4247093812008354,0.39597520512697176,-0.973229549639823,-0.22983525340527572,LAND
-1,12288,-4096,-3.6864000000000003,20.793480792176986,874.6693575727954,908.3187927616079,0.49028877092532325,0.29066742091173375,-0.9693832078643835,-0.2455528381236054,LAND
-1,16384,-4096,-3.6864000000000003,21.6039127329039,1081.493596602911,908.8704291922702,0.5430918619568086,0.0,-0.9675980764265355,-0.2524954702478211,MAJOR_OCEAN
-1,20480,-4096,-3.6864000000000003,20.906854349134452,699.7380566812101,908.4643505078271,0.43483532808251013,0.31008225961321184,-0.9696710850339564,-0.24441355700752324,LAND
-1,24576,-4096,-3.6864000000000003,20.63393472628285,646.0811460113202,923.4515678527182,0.4113770698998962,0.37129807075980137,-0.9735229207120567,-0.22858941980823713,LAND
-1,28672,-4096,-3.6864000000000003,20.83614734614863,1113.241597603756,898.6169706653207,0.5530649868565127,0.23149119239011165,-0.975597929107319,-0.21956475291246197,LAND
-1,32768,-4096,-3.6864000000000003,21.803707407506348,1366.0859109375065,912.4667333351142,0.5992780707959517,0.30698866506945455,-0.974176566952627,-0.2257875470445475,MAJOR_OCEAN
-1,-32768,0,0.0,22.41090402161035,1335.384678689202,923.3962723889863,0.5909354524172188,0.0,-0.9743757689830891,0.22492634531911518,MAJOR_OCEAN
-1,-28672,0,0.0,22.340522086365937,1209.0926069534219,922.1293975545868,0.5670575598587396,0.0,-0.9709858669907296,0.23913687734070038,MAJOR_OCEAN
-1,-24576,0,0.0,22.331791712133494,1393.966627756361,921.9722508184029,0.6016415196130862,0.04942503643272499,-0.9675595127029946,0.25264320568331894,MAJOR_OCEAN
-1,-20480,0,0.0,22.499229271008947,1366.0824382689473,924.986126878161,0.5960041767691491,0.10943787641817933,-0.9674208552071872,0.2531736339159243,MAJOR_OCEAN
-1,-16384,0,0.0,22.372145368762503,1321.976836040874,922.6986166377251,0.5886767094791214,0.10854944083702216,-0.9707105473256304,0.24025202040935065,MAJOR_OCEAN
-1,-12288,0,0.0,22.461080079397213,1300.309293059825,924.2994414291499,0.5842488272577664,0.0,-0.9742194233875074,0.22560256003536935,MAJOR_OCEAN
-1,-8192,0,0.0,22.63859855001757,1333.7743198929718,927.4947739003162,0.5895736822610033,0.05561387832164321,-0.9748612337832144,0.222812869616342,MAJOR_OCEAN
-1,-4096,0,0.0,22.40348942814366,1488.908038661688,923.2628097065859,0.6169923856275864,0.11091689981997244,-0.9721152893543661,0.23450344177320084,MAJOR_OCEAN
-1,0,0,0.0,22.596265767877533,1459.8633200549718,926.7327838217956,0.6114364643519794,0.12785136963388272,-0.968307176376025,0.2497623113656054,MAJOR_OCEAN
-1,4096,0,0.0,22.304026367543187,1271.069950740914,921.4724746157774,0.5794599347829917,0.0,-0.967036136450388,0.2546391776595004,MAJOR_OCEAN
-1,8192,0,0.0,22.54556503464817,1348.1630417402594,925.8201706236671,0.5926035121548824,0.055250676933556515,-0.9695860148492976,0.24475081166087584,MAJOR_OCEAN
-1,12288,0,0.0,22.6508240494821,1500.3100451148664,927.7148328906778,0.6176593985100559,0.10229787238993299,-0.9734208567240518,0.22902365749985992,MAJOR_OCEAN
-1,16384,0,0.0,22.35503549005772,1210.2956207186326,922.3906388210389,0.5672322326243717,0.0,-0.9750565294646448,0.22195667223213242,MAJOR_OCEAN
-1,20480,0,0.0,22.542378427107074,1301.3910976626944,925.7628116879273,0.5840669678164085,0.0,-0.9731489607705085,0.23017623715596566,MAJOR_OCEAN
-1,24576,0,0.0,22.394268839576615,1364.9682721091144,923.096839112379,0.5962994523038003,0.16585422206790143,-0.969274509383807,0.24598155511903785,MAJOR_OCEAN
-1,28672,0,0.0,22.395134305959864,1264.7356425848945,923.1124175072775,0.5778087870254625,0.10649035683814327,-0.966986196267612,0.254828758635864,MAJOR_OCEAN
-1,32768,0,0.0,22.686200739401354,1303.561329895227,928.3516133092244,0.5837940676829466,0.11764205958645935,-0.9685700074347677,0.2487411117966105,MAJOR_OCEAN
-1,-32768,4096,3.6864000000000003,21.699371437201478,1234.65878988459,910.5886858696266,0.5752639450167397,0.22422178487015623,-0.9759317172642435,0.2180763243400452,MAJOR_OCEAN
-1,-28672,4096,3.6864000000000003,22.825367134468486,721.3921267594827,930.8566084204327,0.43634821028970994,0.24655958261531724,-0.9726305409313005,0.23235711921024865,COASTAL_WATER
-1,-24576,4096,3.6864000000000003,20.757031103051098,705.6382602547369,927.4576576417974,0.4318218120041933,0.37815955746489205,-0.9692865634684755,0.24593405189089393,LAND
-1,-20480,4096,3.6864000000000003,20.955394748282284,829.665212987301,907.3013588664247,0.47737696824765447,0.2586846219772701,-0.9691511007197315,0.24646732841034497,LAND
-1,-16384,4096,3.6864000000000003,21.831669785879132,1185.3956819325701,912.9700561458244,0.5646446735944136,0.0,-0.9723620963082724,0.23347795112811406,MAJOR_OCEAN
-1,-12288,4096,3.6864000000000003,22.885135070951673,865.3317126113483,931.93243127713,0.4812038962975691,0.24389752189274064,-0.9757796395858828,0.2187557884254602,COASTAL_WATER
-1,-8192,4096,3.6864000000000003,20.730405202964196,762.2909068215438,924.1304972004981,0.45174898517026657,0.5132808831164134,-0.9764038140741768,0.2159527537712833,LAND
-1,-4096,4096,3.6864000000000003,20.910531663463335,809.198365956368,901.4018802919081,0.4727729899140186,0.23623134675270108,-0.9737312590695655,0.2277003186444822,LAND
-1,0,4096,3.6864000000000003,21.73243533127352,1101.8469211911602,911.1838359629234,0.5470854490564582,0.17412850653586626,-0.9700168215220308,0.24303778711199733,MAJOR_OCEAN
-1,4096,4096,3.6864000000000003,20.681265378490394,601.8346700316587,907.5844852433095,0.3984554008930694,0.3099148264226461,-0.9687751926576894,0.24794077133673836,LAND
-1,8192,4096,3.6864000000000003,20.827939962874524,727.6881422385438,925.8861228788841,0.4398038562426804,0.3704072228785589,-0.9712651665233114,0.23799995020681036,LAND
-1,12288,4096,3.6864000000000003,20.913259769459152,818.2887903975313,905.3228296802123,0.47447714074931474,0.2597125418147864,-0.9750025959341122,0.222193469574923,LAND
-1,16384,4096,3.6864000000000003,21.47209843029696,1275.5473448395855,906.4977717453453,0.5842972896661894,0.16420868715416767,-0.9765936818417255,0.2150924930973248,MAJOR_OCEAN
-1,20480,4096,3.6864000000000003,20.795494305411978,591.8949502475441,901.3455458068956,0.3961175940623012,0.28306697876265063,-0.9747379249322451,0.2233516906109755,LAND
-1,24576,4096,3.6864000000000003,20.388826886290037,661.1711015504791,927.6960933639183,0.4158656167417042,0.4198579318774155,-0.9709611748566954,0.2392371144302356,LAND
-1,28672,4096,3.6864000000000003,21.17642162941197,921.6441515291624,910.059743159363,0.5028876482448896,0.2612784090670545,-0.9687263904713976,0.24813137730697662,LAND
-1,32768,4096,3.6864000000000003,21.448661061502808,1294.4262512444552,906.0758991070505,0.587974102608884,0.32049454489966667,-0.9702734609479922,0.2420111794525308,MAJOR_OCEAN
-1,-32768,8192,7.372800000000001,20.754401977933068,1196.7109154922068,893.5792356027953,0.5722357152906818,0.2510603932283498,-0.9752141623206514,0.22126305070939933,MAJOR_OCEAN
-1,-28672,8192,7.372800000000001,19.662413589064265,576.6649080130329,906.3472812589998,0.3885850211890174,0.4262700425372269,-0.9718715856282054,0.23551140322395797,LAND
-1,-24576,8192,7.372800000000001,19.147886260892236,613.1334578784655,936.6524224013665,0.3953695127581562,0.7105334338732907,-0.9684891588510169,0.24905571502788232,LAND
-1,-20480,8192,7.372800000000001,19.81621360576006,941.1265310161575,908.732587683308,0.5084809111119459,0.5624625326687944,-0.9683522047277104,0.24958767517444116,LAND
-1,-16384,8192,7.372800000000001,20.86510382664692,1147.5324213580234,895.5718688796446,0.5613864355348522,0.26283915004074,-0.9715999325125948,0.23662960749137305,MAJOR_OCEAN
-1,-12288,8192,7.372800000000001,19.817097270099,489.4145856773731,915.16490287251,0.3481941716311579,0.4247198219109572,-0.9750600934675269,0.22194101497266755,LAND
-1,-8192,8192,7.372800000000001,18.943723827773027,645.1144834584989,933.0489400585941,0.40851660686372027,0.7134205599141911,-0.9756924957164759,0.21914413932969945,LAND
-1,-4096,8192,7.372800000000001,19.711676214254176,893.1963363505437,904.5343590546627,0.4965703529895731,0.571145087197426,-0.9729856988324052,0.23086539339540732,LAND
-1,0,8192,7.372800000000001,20.8232408313195,1220.4150893125945,894.818334963751,0.5766920961140761,0.2756577902821674,-0.9692275419060802,0.24616655339565854,MAJOR_OCEAN
-1,4096,8192,7.372800000000001,19.876515226854064,518.2615932003213,914.2790739683836,0.36152556050182155,0.4184472800785112,-0.9679721835591012,0.2510574672377338,LAND
-1,8192,8192,7.372800000000001,18.957464181498686,623.7757680819244,935.6759117534175,0.3997405213775955,0.6957796370143485,-0.9704901201351269,0.24114088562520214,LAND
-1,12288,8192,7.372800000000001,19.577372676848558,877.1668439067358,908.4713686173945,0.49095941067301496,0.5963304212356029,-0.9742730079365809,0.22537104074438447,LAND
-1,16384,8192,7.372800000000001,20.737357666080694,1139.7619799916824,893.2724379894526,0.5603454739585696,0.2668699603185362,-0.9758848956977639,0.2182857538845916,MAJOR_OCEAN
-1,20480,8192,7.372800000000001,19.815622364189906,539.318904925846,913.1830024404287,0.3710479512910199,0.4181076446771643,-0.9740049658652163,0.22652665730526914,LAND
-1,24576,8192,7.372800000000001,18.98318370553313,718.1641317871903,933.699699166261,0.43449685227422435,0.7250025421690762,-0.970182621448183,0.24237508337271738,LAND
-1,28672,8192,7.372800000000001,19.617165750617342,834.3191975980434,908.0366329026014,0.47857080178430894,0.5861736173472825,-0.967922850110913,0.2512475994575214,LAND
-1,32768,8192,7.372800000000001,20.806898897962306,1051.6327363942148,894.5241801633215,0.5400862803874288,0.27129790988493235,-0.969487071483565,0.2451424447667534,MAJOR_OCEAN
-1,-32768,12288,11.0592,19.985761402412106,1185.0369023788223,879.7437052434179,0.5736508988448809,0.2117522586303658,-0.9728309437197817,0.23151664074376768,MAJOR_OCEAN
-1,-28672,12288,11.0592,21.169561072679876,620.2779372905916,901.0520993082378,0.4074529979559549,0.2829867782729018,-0.9693566340892777,0.24565772112251238,COASTAL_WATER
-1,-24576,12288,11.0592,18.7991043416914,723.8892210781348,888.2518975161657,0.44874513006582806,0.45677283605860763,-0.965851997996338,0.2590944190183994,LAND
-1,-20480,12288,11.0592,18.973177513278976,959.5220951349403,871.6214486363651,0.5237155671546614,0.4638337157171112,-0.9657103062952304,0.2596220412737957,LAND
-1,-16384,12288,11.0592,19.820204603210676,1159.0132069189556,876.7636828577922,0.5690427914497771,0.23498120175756657,-0.9690747779192023,0.24676724823373294,MAJOR_OCEAN
-1,-12288,12288,11.0592,18.944610615192754,558.2551056218119,871.3871303271619,0.3902129348582457,0.3044336666358949,-0.972670535785432,0.23218963976646426,LAND
-1,-8192,12288,11.0592,18.673157643076046,651.4812199227133,893.4415196155243,0.4214190032014852,0.48256141520274454,-0.9733291339631261,0.22941315781487062,LAND
-1,-4096,12288,11.0592,18.912870234644377,932.8177928953785,872.5726364470057,0.5163987683631441,0.48457964656423697,-0.9705133534465212,0.24104736211373023,LAND
-1,0,12288,11.0592,19.836751447617104,1249.9998290960295,877.0615260571078,0.5873889989445715,0.24290518620196572,-0.9666161949241949,0.25622867074211425,MAJOR_OCEAN
-1,4096,12288,11.0592,18.94051628165011,556.2357390579685,873.070265293109,0.3888928224910374,0.31496713702151247,-0.9653172202795671,0.2610798043352448,LAND
-1,8192,12288,11.0592,18.580264351877847,720.2438606587673,893.377175293744,0.4460761036931956,0.47804393863100464,-0.9679240078051836,0.25124313943738014,LAND
-1,12288,12288,11.0592,19.29141533290131,1084.6921871609527,872.8354221223979,0.5538304295632855,0.4328363594903965,-0.9718514860783614,0.2355943314413157,LAND
-1,16384,12288,11.0592,19.91534968336689,1131.7352999915374,878.476294300604,0.5627131939789054,0.21595894460538737,-0.9735295972489826,0.22856098372258057,MAJOR_OCEAN
-1,20480,12288,11.0592,19.267968698068362,553.3554401754429,873.8500848747105,0.3874480461458872,0.27443641928027196,-0.9715727154945,0.2367413324847257,LAND
-1,24576,12288,11.0592,19.071650687128585,702.9610142507378,891.1217141921665,0.44070505041262514,0.41889541944365405,-0.9676053617635174,0.25246755016534833,LAND
-1,28672,12288,11.0592,19.159761260904386,1005.9882597477388,873.7598565262265,0.5348872882248301,0.45964456946112103,-0.9652661994481379,0.261268375818712,LAND
-1,32768,12288,11.0592,19.785284074936754,1124.09784352556,876.1351133488615,0.5617026441945098,0.24919701690412177,-0.9668849082240393,0.25521280189009155,MAJOR_OCEAN
-1,-32768,16384,14.745600000000001,19.11007427692465,1213.1431719885763,863.9813369846437,0.5837682808466457,0.10379376495493586,-0.9709277059149983,0.23937290967575786,MAJOR_OCEAN
-1,-28672,16384,14.745600000000001,19.083164816951108,1201.872096688083,863.4969667051199,0.581634770854766,0.0,-0.9673540325902781,0.2534288374106766,MAJOR_OCEAN
-1,-24576,16384,14.745600000000001,18.841918543260725,1466.315994772073,859.1545337786931,0.6302749064633494,0.060448473169625205,-0.9637573542924689,0.26678036293396984,MAJOR_OCEAN
-1,-20480,16384,14.745600000000001,19.048870288242554,1529.7306411214233,862.879665188366,0.639089260724231,0.11868497144362017,-0.9636120972492257,0.2673045567044244,MAJOR_OCEAN
-1,-16384,16384,14.745600000000001,18.952885306446962,1361.9893271602812,861.1519355160453,0.6123663770894608,0.13093764871800195,-0.967064486786255,0.25453148802621095,MAJOR_OCEAN
-1,-12288,16384,14.745600000000001,18.991630539084195,1215.133733868664,861.8493497035155,0.5847659412990865,0.0,-0.9707625131114597,0.24004196120162624,MAJOR_OCEAN
-1,-8192,16384,14.745600000000001,18.831117875381135,1264.5969930799797,858.9601217568604,0.5952285228053741,0.06038225179477844,-0.9714408867111735,0.23728169677792052,MAJOR_OCEAN
-1,-4096,16384,14.745600000000001,19.038785377008754,1433.2978892727997,862.6981367861576,0.6239879708159369,0.1240865302992178,-0.9685428724665703,0.24884674840994975,MAJOR_OCEAN
-1,0,16384,14.745600000000001,18.905926850499384,1354.1833953374817,860.3066833089889,0.6112342404010246,0.14299850439351086,-0.9645409815666321,0.263933125769536,MAJOR_OCEAN
-1,4096,16384,14.745600000000001,19.193302554003107,1287.842418812513,865.4794459720559,0.5977948048822763,0.0,-0.9632091801640844,0.2687528143994634,MAJOR_OCEAN
-1,8192,16384,14.745600000000001,19.161871121597393,1338.9425876697758,864.913680188753,0.6072697831547209,0.04915853103460354,-0.9658828578681771,0.25897935222021623,MAJOR_OCEAN
-1,12288,16384,14.745600000000001,18.995984391623086,1493.3980608237675,861.9277190492155,0.6337825073170777,0.10091311447406308,-0.9699193413885386,0.2434265211525306,MAJOR_OCEAN
-1,16384,16384,14.745600000000001,19.066486611410642,1373.9661417608147,863.1967590053916,0.6138812064530491,0.10571084711225828,-0.9716474381829371,0.23643446422325015,MAJOR_OCEAN
-1,20480,16384,14.745600000000001,18.914192949395076,1176.8974165147604,860.4554730891114,0.5773766762944936,0.0,-0.9696324764071574,0.2445666794486183,MAJOR_OCEAN
-1,24576,16384,14.745600000000001,18.966054711174866,1213.303709534254,861.3889848011477,0.5845295466161147,0.054613882139580704,-0.9655558157003565,0.26019601604793857,MAJOR_OCEAN
-1,28672,16384,14.745600000000001,18.8656998356952,1372.542428809951,859.5825970425136,0.6146285644199441,0.1225036755911472,-0.9631568897238857,0.26894015278015043,MAJOR_OCEAN
-1,32768,16384,14.745600000000001,18.945461170610137,1401.1286591367443,861.0183010709825,0.6191063522486138,0.13766687370465283,-0.9648166090364327,0.26292377398675704,MAJOR_OCEAN
-1,-32768,20480,18.432000000000002,18.091473691743907,1246.4389498029145,845.6465264513904,0.5955031287272069,0.15936702584655973,-0.9713434128289417,0.2376804038069276,MAJOR_OCEAN
-1,-28672,20480,18.432000000000002,17.54935407470715,710.8440654614668,846.2725125984211,0.45622007715660456,0.28749325568659156,-0.9677910281516785,0.2517548923638167,LAND
-1,-24576,20480,18.432000000000002,17.107837673666168,738.9902237948586,854.4569670877229,0.4634773907976231,0.3360803221226304,-0.9642140596786507,0.26512496509762207,LAND
-1,-20480,20480,18.432000000000002,19.330301366684015,1002.3267845362489,867.9454246003122,0.5356392189454577,0.0,-0.9640695659089783,0.2656499051158765,COASTAL_WATER
-1,-16384,20480,18.432000000000002,18.1452247556068,1319.907408149296,846.6140456009224,0.6089477942031941,0.15515367442044456,-0.9675031293814065,0.25285904104299967,MAJOR_OCEAN
-1,-12288,20480,18.432000000000002,17.49973347683989,603.506521065573,843.8793564130656,0.41667523168353576,0.28069480533479696,-0.9711792454351665,0.23835031620700756,LAND
-1,-8192,20480,18.432000000000002,16.850313342189466,587.3907810251226,863.8279268400488,0.40447818076150127,0.4222510114086945,-0.9718533809489398,0.23558651476286782,LAND
-1,-4096,20480,18.432000000000002,17.40482552523092,1101.4470380659745,838.2991698037247,0.5675379055744754,0.0,-0.968972987434421,0.24716664342587474,LAND
-1,0,20480,18.432000000000002,18.176027390842393,1196.4762024634392,847.168493035163,0.5851756078195627,0.0,-0.9649935270031726,0.2622736983419746,MAJOR_OCEAN
-1,4096,20480,18.432000000000002,17.50384472587712,644.5674618844381,838.6355235004335,0.4342852481982402,0.261679786490566,-0.9636687533922188,0.2671002316275426,LAND
-1,8192,20480,18.432000000000002,16.91751433745934,715.5018046397655,857.3773736254252,0.4546103757649478,0.38926357784962445,-0.9663281093794809,0.2573130098208756,LAND
-1,12288,20480,18.432000000000002,17.406156628356666,814.6278336389661,843.6949585641123,0.4909399409607259,0.27376501017443927,-0.9703412427378224,0.2417392658258449,LAND
-1,16384,20480,18.432000000000002,18.374013249042033,1147.6674901968925,850.7322384827567,0.5740060247756369,0.15480336671101266,-0.9720586275710513,0.23473820431426165,MAJOR_OCEAN
-1,20480,20480,18.432000000000002,17.40876464074289,641.5226206854113,838.3700738829401,0.43319993611853247,0.2794873772597124,-0.970056112132933,0.2428809159105311,LAND
-1,24576,20480,18.432000000000002,17.171284230355017,679.2865498451979,863.4405753362163,0.44003019624687245,0.3943443170832448,-0.9660028651845441,0.25853136068038524,LAND
-1,28672,20480,18.432000000000002,17.700227361471292,1031.852515586293,841.1369789893298,0.5506180896814274,0.0,-0.9636167347325085,0.2672878383755203,LAND
-1,32768,20480,18.432000000000002,18.147074885864573,1070.7102949777766,846.6473479455624,0.5581390409278152,0.0,-0.9652676740696912,0.26126292771093357,MAJOR_OCEAN
-1,-32768,24576,22.1184,17.390146194010004,1001.5339915099656,833.0226314921802,0.5456295812176614,0.27716930910895105,-0.9736676525387361,0.22797215268472382,MAJOR_OCEAN
-1,-28672,24576,22.1184,16.190574532934892,530.6685215653899,846.6375742288387,0.3850150000676011,0.4030875619568283,-0.9702386223864123,0.24215081174697037,LAND
-1,-24576,24576,22.1184,15.217130534143593,610.1785051912647,865.1349724602794,0.41331229066736586,0.6942068179877574,-0.9667759690947884,0.2556251661727241,LAND
-1,-20480,24576,22.1184,16.34363052303451,884.9987211001061,844.40850998429,0.5114395647465614,0.5633291484729056,-0.9666359044362576,0.2561543055556521,LAND
-1,-16384,24576,22.1184,17.530813036796957,1119.4841104252266,835.5546346623453,0.5723220530455838,0.2549977125690318,-0.9699602721626195,0.24326337666450557,MAJOR_OCEAN
-1,-12288,24576,22.1184,16.163546784936724,562.8739274757763,847.4456420138714,0.3988281177730138,0.4262621229212034,-0.9735094240591249,0.22864689210236577,LAND
-1,-8192,24576,22.1184,14.928933187654767,718.3118507781759,861.3463552050458,0.45443844093502944,0.6896140491258219,-0.9741590153828447,0.22586326117438074,LAND
-1,-4096,24576,22.1184,16.233594161713878,945.383880224053,843.7894079549795,0.5280962946250299,0.5442457165262259,-0.9713806998558617,0.23752796876901952,LAND
-1,0,24576,22.1184,17.601984701784293,973.5389484589218,836.8357246321173,0.5374586290298606,0.2548397410882548,-0.9675313000549365,0.25275122831354246,MAJOR_OCEAN
-1,4096,24576,22.1184,15.964668821828191,588.5836827021537,846.0600604745033,0.40997892791967405,0.4174414520594544,-0.9662473051413939,0.257616275314651,LAND
-1,8192,24576,22.1184,15.10524866288377,643.2227952880544,865.3625813238882,0.42609235969924386,0.7029511444249521,-0.9688235742554155,0.2477516538127674,LAND
-1,12288,24576,22.1184,16.30015881489328,893.2747454822553,847.4694869813015,0.512862180814453,0.590984626926623,-0.9727013631578653,0.23206046218783305,LAND
-1,16384,24576,22.1184,17.39735203697869,1218.5436468821804,833.1523366656164,0.5936308428762542,0.3613705048916196,-0.9743567060958778,0.22500890934803275,MAJOR_OCEAN
-1,20480,24576,22.1184,16.215613577732793,762.3737529038398,844.4938337366816,0.47415207523198066,0.5967920481588522,-0.9724262805470639,0.23321048197155045,LAND
-1,24576,24576,22.1184,18.401538619101114,696.337375901156,863.368667367227,0.4461681806798848,0.4833060524412069,-0.9685087577654349,0.24897948937945513,LAND
-1,28672,24576,22.1184,16.11165690532328,914.5210995215084,846.5116241808295,0.5190148214727477,0.6047621482489373,-0.9661968637701621,0.2578053925749086,LAND
-1,32768,24576,22.1184,17.551339375331747,1076.814662526079,835.9241087559715,0.5626758879973467,0.2746074650393694,-0.9677968588851487,0.2517324769115812,MAJOR_OCEAN
-1,-32768,28672,25.804799999999997,16.870072068662715,1168.4813472779035,823.6612972359289,0.586250738497906,0.23568606599076472,-0.9756974784751439,0.21912195348080962,MAJOR_OCEAN
-1,-28672,28672,25.804799999999997,15.795641633645774,489.8879696177372,813.2057032355715,0.3756539731888128,0.3166237480698409,-0.9723826942769362,0.23339215040512032,LAND
-1,-24576,28672,25.804799999999997,15.485216679796928,797.1266368542543,835.7022954107007,0.4878886773961142,0.47529504999700545,-0.9690260767423812,0.2469584228028452,LAND
-1,-20480,28672,25.804799999999997,17.65061789720245,1375.8205220887473,837.7111221496441,0.6212692989365304,0.17153407289790254,-0.9688901236657803,0.24749126906399938,COASTAL_WATER
-1,-16384,28672,25.804799999999997,16.73462197418485,1131.9308884320142,821.2231955353272,0.5792434167391538,0.22000971078053577,-0.9721131949556591,0.2345121237657036,MAJOR_OCEAN
-1,-12288,28672,25.804799999999997,16.068936118586272,574.7312806205206,818.1250039645004,0.4123318070712215,0.27537585322801067,-0.9755447463725081,0.21980092771641982,LAND
-1,-8192,28672,25.804799999999997,15.595874271365458,747.8102308805175,827.9110962009827,0.47428180112506557,0.43489324805959717,-0.9761716249816615,0.2169999045637171,LAND
-1,-4096,28672,25.804799999999997,16.184601058592133,1052.0036872290752,818.3494673641384,0.5621620294635168,0.4321072420984173,-0.9734878154943689,0.22873887532293594,LAND
-1,0,28672,25.804799999999997,16.89209014709103,1341.3516521766514,824.0576226476385,0.6191589316775999,0.2726420960617848,-0.9697590060413475,0.24406447959852282,MAJOR_OCEAN
-1,4096,28672,25.804799999999997,15.874315938258501,612.9630234794148,814.6218407186005,0.4290700810578183,0.37136192064776186,-0.9685128632965092,0.24896351867130492,LAND
-1,8192,28672,25.804799999999997,15.331034144957705,729.1303664403057,834.9849061878779,0.4658636837757838,0.5066499161882727,-0.9710120302457974,0.2390306196242119,LAND
-1,12288,28672,25.804799999999997,15.686771171006752,1001.3732194100002,819.164621711746,0.5497405526274056,0.4863665905166356,-0.9747644022503639,0.22323610842668518,LAND
-1,16384,28672,25.804799999999997,16.79502468633918,1184.8460560759897,822.3104443541052,0.590016791929427,0.21432668924250628,-0.9763623249636105,0.21614025629588984,MAJOR_OCEAN
-1,20480,28672,25.804799999999997,15.890396006393194,508.764698635868,813.8555307030846,0.3843736196824048,0.27137326971211184,-0.9744986232461207,0.22439347871855642,LAND
-1,24576,28672,25.804799999999997,15.775990015300485,756.3687365399819,831.3982443937944,0.4760727945739635,0.45794141373633407,-0.9707068856665377,0.2402668144367243,LAND
-1,28672,28672,25.804799999999997,15.965517226221388,974.3445962815147,814.405958381465,0.5444024552711981,0.4456824944836829,-0.968463886440062,0.24915396978858437,LAND
-1,32768,28672,25.804799999999997,16.79817929261923,1317.275954741684,822.3672272671462,0.615364562302028,0.23466427238786913,-0.9700165956347329,0.2430386886756986,MAJOR_OCEAN
-1,-32768,32768,29.491200000000003,15.976279575845759,1423.7244380218485,807.5730323652236,0.6377843709937905,0.1260241529139949,-0.9756501518466878,0.21933258125854244,MAJOR_OCEAN
-1,-28672,32768,29.491200000000003,16.007334446008883,1155.3559459671346,808.1320200281599,0.5881206533030511,0.0,-0.9723326293074405,0.23360063780751886,MAJOR_OCEAN
-1,-24576,32768,29.491200000000003,16.07245330699315,1237.636981863387,809.3041595258767,0.6043323007924974,0.05414180939781718,-0.9689734684410375,0.2471647577170859,MAJOR_OCEAN
-1,-20480,32768,29.491200000000003,16.024843287468016,1379.3030405033533,808.4471791744243,0.6301783675920822,0.10252890198984065,-0.9688374167098613,0.24769751711101698,MAJOR_OCEAN
-1,-16384,32768,29.491200000000003,16.245168821969738,1297.4240260004767,812.4130387954553,0.6146490639370629,0.16090528425819878,-0.9720629177587284,0.23472043779438437,MAJOR_OCEAN
-1,-12288,32768,29.491200000000003,16.162361012402286,1323.1420841593517,810.9224982232412,0.6197199349739628,0.0,-0.9754972880464148,0.22001145655190354,MAJOR_OCEAN
-1,-8192,32768,29.491200000000003,16.08326324807537,1452.973274945433,809.4987384653566,0.6419223504142076,0.059361515131257175,-0.9761247108423033,0.21721083969965604,MAJOR_OCEAN
-1,-4096,32768,29.491200000000003,16.152893618209806,1470.967101186427,810.7520851277766,0.6443924903270851,0.11297391158581337,-0.9734386365354727,0.22894807468061362,MAJOR_OCEAN
-1,0,32768,29.491200000000003,16.037200920581537,1308.2579381144726,808.6696165704677,0.6177066515899252,0.13222135449265954,-0.9697069352048039,0.24427128323997965,MAJOR_OCEAN
-1,4096,32768,29.491200000000003,16.24798023903437,1192.5346609185335,812.4636443026186,0.5944843810758166,0.0,-0.9684598842567407,0.2491695257960341,MAJOR_OCEAN
-1,8192,32768,29.491200000000003,16.038677917950018,1288.5701353101713,808.6962025231003,0.6141118084374287,0.05045423267598001,-0.9709609009106196,0.23923822625750674,MAJOR_OCEAN
-1,12288,32768,29.491200000000003,16.249430705044254,1387.6719519626033,812.4897526907966,0.6304270826759224,0.09365113414228253,-0.9747162797407913,0.2234461322293843,MAJOR_OCEAN
-1,16384,32768,29.491200000000003,16.055130179477057,1140.299169550991,808.992343230587,0.5846813986923699,0.0,-0.9763155783041564,0.21635131513494577,MAJOR_OCEAN
-1,20480,32768,29.491200000000003,15.999869188482648,1345.0456325317225,807.9976453926877,0.6244283233843749,0.0,-0.9744502777668744,0.22460333069672234,MAJOR_OCEAN
-1,24576,32768,29.491200000000003,15.93866323653498,1225.4698548064366,806.8959382576297,0.6026804714560402,0.06500821359111206,-0.9706555243508236,0.240474225328262,MAJOR_OCEAN
-1,28672,32768,29.491200000000003,16.15582971802892,1352.9500806904791,810.8049349245205,0.6249899276967886,0.12325324647103736,-0.9684108722569251,0.24935994565002106,MAJOR_OCEAN
-1,32768,32768,29.491200000000003,16.095718790160518,1297.6488943552224,809.7229382228893,0.6154744027140888,0.1343380260102581,-0.9699647159783052,0.2432456572215126,MAJOR_OCEAN
1,-32768,-32768,-29.491200000000003,16.106124747687105,1114.4429436830287,809.9102454583679,0.578825199432635,0.0,-0.9739880786864346,-0.22659925546371004,MAJOR_OCEAN
1,-28672,-32768,-29.491200000000003,16.02520465417389,1250.5339213405327,808.45368377513,0.6070589542553674,0.0,-0.9702312620010134,-0.2421803010897477,MAJOR_OCEAN
1,-24576,-32768,-29.491200000000003,16.139659615029352,1335.067567968168,810.5138730705283,0.6219505779953777,0.05713609549949917,-0.9687405280360624,-0.24807617648700397,MAJOR_OCEAN
1,-20480,-32768,-29.491200000000003,15.945843384798426,1487.3945593558722,807.0251809263716,0.6479836925916577,0.10859765257293463,-0.9710240938020065,-0.23898160861453785,MAJOR_OCEAN
1,-16384,-32768,-29.491200000000003,16.21937538037682,1278.7171262088057,811.9487568467828,0.6113390941486339,0.1957376079417377,-0.9747950219194171,-0.2231023649384362,MAJOR_OCEAN
1,-12288,-32768,-29.491200000000003,16.016514176651082,1340.6600418877968,808.2972551797195,0.6235751955243115,0.0,-0.9766019111880758,-0.21505512563944537,MAJOR_OCEAN
1,-8192,-32768,-29.491200000000003,15.933253838288277,1268.171319562038,806.798569089189,0.610881365136745,0.07059033234010002,-0.9749608597241284,-0.2223765320486595,MAJOR_OCEAN
1,-4096,-32768,-29.491200000000003,15.8926273028983,1300.3376083934272,806.0672914521695,0.6170326397593074,0.1154991322970172,-0.9712145773106212,-0.23820630726190123,MAJOR_OCEAN
1,0,-32768,-29.491200000000003,16.1117208591504,1374.0399759055351,810.0109754647071,0.6288365838992801,0.1249374053808744,-0.9687711085263476,-0.24795672865367355,MAJOR_OCEAN
1,4096,-32768,-29.491200000000003,16.011199535695628,1156.6188919604272,808.2015916425213,0.5883644522009356,0.0,-0.9700704482677383,-0.24282365082015644,MAJOR_OCEAN
1,8192,-32768,-29.491200000000003,16.173015580710114,1294.1241205560402,811.114280452782,0.6144243310425807,0.06483945688242303,-0.9737958577598458,-0.22742389366503737,MAJOR_OCEAN
1,12288,-32768,-29.491200000000003,16.12907756751096,1357.2451519099377,810.3233962151974,0.6258714547360572,0.09742567662462576,-0.9764279451477049,-0.21584361916589173,MAJOR_OCEAN
1,16384,-32768,-29.491200000000003,15.915766861942917,1253.5381972149003,806.4838035149726,0.6082119437691508,0.0,-0.9757495610709109,-0.21888991312969305,MAJOR_OCEAN
1,20480,-32768,-29.491200000000003,16.228744389766018,1155.073435904517,812.1173990157884,0.586870650655828,0.0,-0.9723080072698292,-0.23370310010561193,MAJOR_OCEAN
1,24576,-32768,-29.491200000000003,16.216004551020266,1270.47515477073,811.8880819183648,0.6098193211807769,0.05795740579915068,-0.9691298070658037,-0.24655104351147714,MAJOR_OCEAN
1,28672,-32768,-29.491200000000003,16.02534624897491,1283.4031262657754,808.4562324815483,0.6132295134413396,0.11606035423354913,-0.969326723728433,-0.2457757161842929,MAJOR_OCEAN
1,32768,-32768,-29.491200000000003,16.016835828728418,1305.7389462603908,808.3030449171115,0.6173584031461473,0.12278812361779516,-0.9726982424144199,-0.23207354266244654,MAJOR_OCEAN
1,-32768,-28672,-25.804799999999997,16.652876454022415,1261.9984320592453,819.7517761724034,0.6059288469022602,0.21637810992939677,-0.9724054923211275,-0.23329714636854362,MAJOR_OCEAN
1,-28672,-28672,-25.804799999999997,15.962389109616534,545.6308982040215,814.3496522825777,0.4009101364519419,0.2873321811359004,-0.9685548922316524,-0.24879996128241696,LAND
1,-24576,-28672,-25.804799999999997,15.69209200858168,668.5587086166726,833.4408597016128,0.4448163011548477,0.4474391433058936,-0.967029339669181,-0.25466498820801353,LAND
1,-20480,-28672,-25.804799999999997,15.823601329923989,949.6639176119835,817.8484261861412,0.5369846136173689,0.4834255941257583,-0.9693667704766766,-0.24561771983229994,LAND
1,-16384,-28672,-25.804799999999997,16.906902511710804,1324.2169909709748,824.3242452107945,0.6160463305757194,0.2272324603319241,-0.9732338241811452,-0.22981715225314178,MAJOR_OCEAN
1,-12288,-28672,-25.804799999999997,16.171691379006106,589.3410374755308,816.102755171678,0.41902921436076235,0.3278470217527619,-0.9750903904009647,-0.22180786854323797,LAND
1,-8192,-28672,-25.804799999999997,15.378045956195495,720.4401234612496,833.5152101651394,0.4633188541699621,0.5573966988977748,-0.9734041167348555,-0.22909479593311535,LAND
1,-4096,-28672,-25.804799999999997,15.966723689124683,1038.8618760714414,816.2851802341918,0.5596872686042083,0.5192647037500006,-0.9695618868115662,-0.24484637559579228,LAND
1,0,-28672,-25.804799999999997,16.780078574277287,1204.231147849192,822.0414143369912,0.5940154127822681,0.23932751563085305,-0.9670606218176531,-0.2545461720978224,MAJOR_OCEAN
1,4096,-28672,-25.804799999999997,16.044301123055117,580.8823361413877,822.8335587174143,0.4135230036674257,0.39731515054182404,-0.9683902608935961,-0.24943997796350292,LAND
1,8192,-28672,-25.804799999999997,15.2953300504382,753.3867324478765,832.2843360822436,0.4748222535788771,0.4878571527709246,-0.9722082453373107,-0.23411776459326547,LAND
1,12288,-28672,-25.804799999999997,16.265666025673724,1070.597954603175,816.3483068967724,0.5670701420031943,0.4112110072746508,-0.974911529189487,-0.22259270035968423,LAND
1,16384,-28672,-25.804799999999997,16.618301716598367,1230.6120803989327,819.1294308987706,0.6000815186211377,0.23534073599082478,-0.974214289055787,-0.22562473046970588,MAJOR_OCEAN
1,20480,-28672,-25.804799999999997,16.047307674560834,501.2205734346262,821.2201130841353,0.3787253773745309,0.3071857331232899,-0.9706823503493409,-0.24036591838336677,LAND
1,24576,-28672,-25.804799999999997,15.54685442274649,741.2071232922588,828.9071570829251,0.47177161620302865,0.4022796069920263,-0.9674275893284948,-0.2531479002600205,LAND
1,28672,-28672,-25.804799999999997,15.958920145401255,1158.9485193066541,812.8505087473969,0.5874640563108089,0.4314731172376213,-0.9676290760883615,-0.2523766453307121,LAND
1,32768,-28672,-25.804799999999997,16.67429099873512,1113.6415854074016,820.1372379772322,0.5755911590241806,0.225857139609616,-0.9710824199130323,-0.23874449467128916,MAJOR_OCEAN
1,-32768,-24576,-22.1184,17.346112114453376,1111.5921299392724,832.2300180601608,0.5715649274576219,0.25946794427120673,-0.9698334870219075,-0.24376834792673036,MAJOR_OCEAN
1,-28672,-24576,-22.1184,16.131233557473998,575.5427728546289,841.6149178617737,0.40583834690758913,0.4417396369531356,-0.9658384887268385,-0.2591447736186409,LAND
1,-24576,-24576,-22.1184,15.387632314476955,620.1470138284163,869.2993574230253,0.41608140070663174,0.7242975291970294,-0.9642593853787105,-0.2649600681406004,LAND
1,-20480,-24576,-22.1184,16.055813927093215,931.8004371046402,843.7628106266051,0.5244960675025745,0.5794577866989177,-0.9666796741053096,-0.2559890772506755,LAND
1,-16384,-24576,-22.1184,17.348761846476133,1042.139374942783,832.2777132365704,0.5556840563687554,0.24788113553578303,-0.9706947825906171,-0.2403157070425372,MAJOR_OCEAN
1,-12288,-24576,-22.1184,16.236981944978996,623.1438335090984,849.1312238479236,0.42296503317376843,0.41284758008768885,-0.972627953858949,-0.23236794824621196,LAND
1,-8192,-24576,-22.1184,15.148549343606945,665.0731922652686,864.901633237679,0.4344115795939246,0.706063387725326,-0.9708719421566366,-0.2395989814940798,LAND
1,-4096,-24576,-22.1184,16.497279772102562,885.128294060517,843.4669248595781,0.5117545911193969,0.5380852310236529,-0.9668819205189209,-0.2552241206736607,LAND
1,0,-24576,-22.1184,17.438900976357793,1034.8887960527568,833.9002175744403,0.5534789158083562,0.2654839180805337,-0.96429174634671,-0.2648422699034508,MAJOR_OCEAN
1,4096,-24576,-22.1184,16.395442891645327,616.7286672601026,847.980087600773,0.42077163366513576,0.4627996324952172,-0.9656679843339321,-0.259779414181418,LAND
1,8192,-24576,-22.1184,18.56316479259401,849.067775356737,861.5763663230047,0.49605391370866064,0.5567663578749485,-0.9696284956594993,-0.24458246136036882,LAND
1,12288,-24576,-22.1184,16.5538859956067,845.8954805153336,850.8320634720776,0.4982516090471146,0.5908134982535439,-0.9724415412820051,-0.23314683954340545,LAND
1,16384,-24576,-22.1184,17.536030126131067,1131.851121203014,835.6485422703593,0.5749816178306519,0.37123401238926423,-0.9717152189930942,-0.23615573924256625,MAJOR_OCEAN
1,20480,-24576,-22.1184,16.195013087390553,624.43747110338,846.211604204723,0.4243113943265641,0.5914753678931399,-0.9680440009247078,-0.25078040647882444,LAND
1,24576,-24576,-22.1184,18.25945711499574,703.3715352573066,860.8112002933302,0.4493862085757405,0.44125445774066646,-0.9646714286548951,-0.2634559445845236,LAND
1,28672,-24576,-22.1184,16.33083229843965,841.3202390152759,846.567770709405,0.498150400838257,0.5683873784145934,-0.9648799434344705,-0.2626912536760467,LAND
1,32768,-24576,-22.1184,17.437266967913562,1282.130694394504,833.8708054224442,0.6056352319567873,0.28154944131187026,-0.9684592148231519,-0.24917212770316854,MAJOR_OCEAN
1,-32768,-20480,-18.432000000000002,18.388326161997973,1260.1553808865558,850.9898709159636,0.5966234470906442,0.1496589891269597,-0.9686571997661224,-0.24840134730160882,MAJOR_OCEAN
1,-28672,-20480,-18.432000000000002,19.285033216357665,782.2326276306177,867.130597894438,0.47397604086927825,0.2681116357670829,-0.9645992008235519,-0.2637202718233184,COASTAL_WATER
1,-24576,-20480,-18.432000000000002,17.135356908619595,628.2815585300955,863.4202785248524,0.4209022478123793,0.38378919414631074,-0.9629967565851757,-0.26951298077538266,LAND
1,-20480,-20480,-18.432000000000002,17.41810609000598,1055.2074556034443,837.092228054753,0.5573377868867503,0.0,-0.965453165550841,-0.2605766396434268,LAND
1,-16384,-20480,-18.432000000000002,18.279083562120217,1013.8566048127451,849.0235041181638,0.5439494739789227,0.0,-0.9695328897203637,-0.24496117192420763,MAJOR_OCEAN
1,-12288,-20480,-18.432000000000002,17.586605419772873,711.864685263848,839.0917840387582,0.45868856462432517,0.2483721094318357,-0.9714995295923796,-0.23704148160561495,LAND
1,-8192,-20480,-18.432000000000002,17.299130381668153,703.05761921901,860.5225974465516,0.4493586277841149,0.34965399033510397,-0.969713048495411,-0.2442470134469135,LAND
1,-4096,-20480,-18.432000000000002,17.484672748312235,928.666051281887,840.3140555997945,0.524675982329538,0.2515624688763606,-0.9656585215994485,-0.25981458708542027,LAND
1,0,-20480,-18.432000000000002,18.34658354422849,1176.1024058763833,850.2385037961128,0.5801206892561425,0.0,-0.9630295876447142,-0.2693956445840424,MAJOR_OCEAN
1,4096,-20480,-18.432000000000002,17.32841199259064,708.4400564415895,842.295555120324,0.45654688283431394,0.2617412124868627,-0.9644261359471736,-0.26435246982391486,LAND
1,8192,-20480,-18.432000000000002,17.197144234203627,707.3408764305418,858.9086021384411,0.45132627964017413,0.37009888175857336,-0.9684488272925157,-0.2492124975111622,LAND
1,12288,-20480,-18.432000000000002,19.20581820967468,1143.4229948321315,865.7047277741442,0.5688310160458864,0.0,-0.9713098167833459,-0.2378176608671085,COASTAL_WATER
1,16384,-20480,-18.432000000000002,18.038256853410065,1276.997397739421,844.6886233613811,0.6015950475224705,0.16378505567595322,-0.970570786637474,-0.2408160047129655,MAJOR_OCEAN
1,20480,-20480,-18.432000000000002,17.421244944110576,610.8998348441997,840.6090573034704,0.42058250944056336,0.295317270802449,-0.9668387567387936,-0.2553875847957057,LAND
1,24576,-20480,-18.432000000000002,17.52736593386132,732.4285210399185,864.556364282992,0.45834508684474445,0.35780210574189203,-0.9634148107759175,-0.2680147428362909,LAND
1,28672,-20480,-18.432000000000002,19.34908950280509,1098.0140141972458,868.2836110504916,0.5581331467621607,0.0,-0.9636263885224501,-0.26725303243027954,COASTAL_WATER
1,32768,-20480,-18.432000000000002,18.428071618956352,1202.2981185619524,851.7052891412143,0.5850589415351555,0.0,-0.9672605789753779,-0.2537852879112908,MAJOR_OCEAN
1,-32768,-16384,-14.745600000000001,19.16746880744692,1148.2588052583203,865.0144385340445,0.5700610921567129,0.0,-0.9700273678614351,-0.24299569049638767,MAJOR_OCEAN
1,-28672,-16384,-14.745600000000001,19.134866381608994,1157.7794683553147,864.4275948689619,0.5722496176492304,0.0,-0.966042930045286,-0.2583816117867501,MAJOR_OCEAN
1,-24576,-16384,-14.745600000000001,18.845594054792958,1361.278474835064,859.2206929862732,0.6127746949237407,0.05591430561737968,-0.9644677406103537,-0.2642006383829522,MAJOR_OCEAN
1,-20480,-16384,-14.745600000000001,18.96687317305008,1295.072608762362,861.4037171149014,0.6002719905794401,0.10717846654780648,-0.9668819728468728,-0.25522392243623854,MAJOR_OCEAN
1,-16384,-16384,-14.745600000000001,18.906564891585322,1311.8117398160546,860.3181680485359,0.6036508609396004,0.10555998315695604,-0.970886251318625,-0.23954099231753162,MAJOR_OCEAN
1,-12288,-16384,-14.745600000000001,18.942537061986197,1134.6133633805139,860.9656671157516,0.5682787137649626,0.0,-0.972813815185267,-0.23158860288167285,MAJOR_OCEAN
1,-8192,-16384,-14.745600000000001,19.136635425417616,1410.0201939390718,864.4594376575171,0.6196584554570291,0.047426384786343784,-0.9710629083319827,-0.2388238431602493,MAJOR_OCEAN
1,-4096,-16384,-14.745600000000001,19.175201689658724,1356.8511230187983,865.1536304138571,0.61036807092905,0.11342285905481632,-0.9670836979356028,-0.25445848617642897,MAJOR_OCEAN
1,0,-16384,-14.745600000000001,19.208234610595518,1248.906826484417,865.7482229907193,0.5903168509413919,0.12772483346137434,-0.964500022743437,-0.264082763784215,MAJOR_OCEAN
1,4096,-16384,-14.745600000000001,18.9462162170069,1138.1849857012162,861.0318919061242,0.569030787832724,0.0,-0.9658728549688155,-0.2590166559014876,MAJOR_OCEAN
1,8192,-16384,-14.745600000000001,18.869261239769845,1259.3095250910674,859.6467023158573,0.5940261920555888,0.04064206366345656,-0.9698229431217122,-0.24381029304510513,MAJOR_OCEAN
1,12288,-16384,-14.745600000000001,18.899874487184686,1270.251683908547,860.1977407693244,0.5959567556244135,0.09958740880748837,-0.9726279554728099,-0.2323679414910364,MAJOR_OCEAN
1,16384,-16384,-14.745600000000001,19.11030975649961,1203.5402409297428,863.985575616993,0.5818347691395857,0.0,-0.9719037621701172,-0.2353785824572243,MAJOR_OCEAN
1,20480,-16384,-14.745600000000001,18.841489530587875,1252.8381859672445,859.1468115505818,0.5929233702269459,0.0,-0.9682427349974813,-0.25001201196062023,MAJOR_OCEAN
1,24576,-16384,-14.745600000000001,18.921909129007954,1231.176077436089,860.5943643221432,0.588299630418003,0.04973483983631008,-0.9648787758729409,-0.2626955421584747,MAJOR_OCEAN
1,28672,-16384,-14.745600000000001,18.99166486934179,1450.0308783139953,861.8499676481522,0.6269371294442059,0.10454357028879903,-0.9650867770214681,-0.26193035871833403,MAJOR_OCEAN
1,32768,-16384,-14.745600000000001,18.934199541301354,1287.5528639347076,860.8155917434244,0.5990377594559426,0.0,-0.9686568412276568,-0.24840274544146673,MAJOR_OCEAN
1,-32768,-12288,-11.0592,20.03539593596625,1289.4284077584025,880.6371268473924,0.5939150095681137,0.23206714858379532,-0.9726070234996927,-0.23245553948888414,MAJOR_OCEAN
1,-28672,-12288,-11.0592,19.18311237159983,477.09985991901954,872.7354227451094,0.3531887758943334,0.2912699821063391,-0.9687681476129248,-0.24796829670468432,LAND
1,-24576,-12288,-11.0592,18.789349137059922,725.8515724905171,888.98700131952,0.44921044976603614,0.44531624548601934,-0.9672469462122231,-0.25383724124550516,LAND
1,-20480,-12288,-11.0592,19.167093610129292,1055.9726852427523,875.3918242360196,0.5464666112749018,0.46517884832486417,-0.9695776453074141,-0.24478396540649963,LAND
1,-16384,-12288,-11.0592,19.712185644609338,1119.2502587754605,874.819341602968,0.5610081265150644,0.22430697094019486,-0.9734326806172602,-0.22897339650338228,MAJOR_OCEAN
1,-12288,-12288,-11.0592,21.181672404499267,771.0307934631685,901.2701032809869,0.4607843066141963,0.2869206516243734,-0.9752830333031914,-0.2209592834685293,COASTAL_WATER
1,-8192,-12288,-11.0592,18.798598199490886,802.0547113329785,888.5979281605048,0.47412494303389063,0.45163629680537054,-0.973602416045063,-0.22825059796464073,LAND
1,-4096,-12288,-11.0592,21.168148197523855,1346.4956074176177,901.0266675554294,0.5988357875768688,0.1817480167157856,-0.9697721825608075,-0.2440121184106392,COASTAL_WATER
1,0,-12288,-11.0592,19.732943368262063,1262.4899078578098,875.1929806287171,0.5903118759000455,0.23392178360141133,-0.9672781406858589,-0.253718344924658,MAJOR_OCEAN
1,4096,-12288,-11.0592,20.919774460991885,559.5705325854041,896.5559402978539,0.38402331094717246,0.29233597044804016,-0.9686039933921574,-0.24860873674262837,COASTAL_WATER
1,8192,-12288,-11.0592,18.617574877157594,721.2171879391212,889.1829761020592,0.44757174787074805,0.4864306331439539,-0.9724104050003638,-0.23327666888702875,LAND
1,12288,-12288,-11.0592,19.17935204295085,952.0487300485279,874.1124906030628,0.5210534895815129,0.4463495141469377,-0.975104784448198,-0.22174458132327232,LAND
1,16384,-12288,-11.0592,20.001977367104583,1239.4098562988183,880.0355926078826,0.5845044761410186,0.2291408156339749,-0.9744099029427756,-0.22477842656058136,MAJOR_OCEAN
1,20480,-12288,-11.0592,19.02185308457879,568.0905455047352,867.9833016525926,0.39531061443256643,0.2762712514455067,-0.9708892667178778,-0.2395287702386115,LAND
1,24576,-12288,-11.0592,18.75890898174575,636.7150539132862,889.2450747155532,0.41698210842285427,0.43301391724513777,-0.9676440749294831,-0.252319131763457,LAND
1,28672,-12288,-11.0592,18.93669829044639,1120.5263808053326,874.8967077304573,0.5612669915709828,0.5700926914688663,-0.9678449906008304,-0.25154735969371345,LAND
1,32768,-12288,-11.0592,19.76054931232922,1151.9544197543923,875.689887621926,0.5678444543312945,0.24711710377092783,-0.9712881067820933,-0.23790631270240983,MAJOR_OCEAN
1,-32768,-8192,-7.372800000000001,20.651126159127596,1221.1286912989615,891.7202708642967,0.577680200031553,0.3210689079333287,-0.9740185975406351,-0.22646803669607407,MAJOR_OCEAN
1,-28672,-8192,-7.372800000000001,19.69750038351006,573.9898056957752,905.6059198180914,0.3876749039624318,0.5093297383302491,-0.9702636289776616,-0.24205059446962462,LAND
1,-24576,-8192,-7.372800000000001,22.4001293150485,705.6250509399997,935.34329989428,0.42974339339821843,0.5527887649020777,-0.968773581456434,-0.24794706667366337,LAND
1,-20480,-8192,-7.372800000000001,19.7526382416891,914.6359921005796,911.6261487845244,0.5005499603125039,0.5878134264309036,-0.9710560853502196,-0.23885158384299435,LAND
1,-16384,-8192,-7.372800000000001,20.912547200163726,1046.4301941418682,896.425849602947,0.5383270008647004,0.263017821365948,-0.9748251194423754,-0.22297081984905265,MAJOR_OCEAN
1,-12288,-8192,-7.372800000000001,19.57277364543689,508.83748749096424,904.9227149553553,0.3596634161825535,0.3834395259074477,-0.9766310303532979,-0.2149228479037434,LAND
1,-8192,-8192,-7.372800000000001,18.90282816186483,587.1346732416268,930.6364899381147,0.3865853444388458,0.6890355436464115,-0.9749908695009395,-0.22224491982900743,LAND
1,-4096,-8192,-7.372800000000001,19.773133376183353,942.1760043653815,906.8996043184429,0.5092635133088759,0.5593284474779586,-0.9712464775475645,-0.23807620597499513,LAND
1,0,-8192,-7.372800000000001,20.572314465808763,1111.1714582556203,890.3016603845577,0.5548995629015908,0.26136066136958325,-0.9688041481119857,-0.24782760661598985,MAJOR_OCEAN
1,4096,-8192,-7.372800000000001,19.596955651271468,512.5600859689224,905.6691917008807,0.3611538276679874,0.4197556547137037,-0.9701028904998641,-0.2426940086689588,LAND
1,8192,-8192,-7.372800000000001,18.975204196721965,666.2862286509069,934.0279477355303,0.4160871354767269,0.6946040310687941,-0.9738264756299907,-0.22729275255069412,LAND
1,12288,-8192,-7.372800000000001,19.78191036519996,897.0120496651318,911.0020359650883,0.4958568630230609,0.5918852768781049,-0.9764571607068389,-0.21571141208646943,LAND
1,16384,-8192,-7.372800000000001,20.578981273774755,1054.1745669568127,890.4216629279456,0.5418259712701302,0.2619764155493106,-0.9757791479641356,-0.21875798133642016,MAJOR_OCEAN
1,20480,-8192,-7.372800000000001,19.60720494783091,481.36303858333304,904.1824028881981,0.34716715672330634,0.4053509021586497,-0.9723393747416926,-0.23357255901953505,LAND
1,24576,-8192,-7.372800000000001,19.16243212673335,713.4062765662011,937.9175211217125,0.4317593667563622,0.79042946375771,-0.9691626836156102,-0.24642177802903004,LAND
1,28672,-8192,-7.372800000000001,19.851436390479996,883.3356440814454,914.0362379822604,0.4911863073992134,0.5784505189846454,-0.9693595101755901,-0.24564637190917368,LAND
1,32768,-8192,-7.372800000000001,20.573158083038525,1013.903884132232,890.3168454946934,0.5321713481097655,0.25747454579911405,-0.9727294160979392,-0.23194284437714888,MAJOR_OCEAN
1,-32768,-4096,-3.6864000000000003,21.761406842890125,1168.542874894381,911.7053231720222,0.5614625281021375,0.15879853599816873,-0.9730472687553382,-0.2306057518098295,MAJOR_OCEAN
1,-28672,-4096,-3.6864000000000003,22.954952833463434,676.8648800980625,933.1891510023418,0.42013791408084616,0.27393561443516046,-0.9692342226212477,-0.2461402480290164,COASTAL_WATER
1,-24576,-4096,-3.6864000000000003,20.495932328045633,610.8714332945257,923.9106360745211,0.3977591908892992,0.3860080493334465,-0.967722608983888,-0.2520177614006939,LAND
1,-20480,-4096,-3.6864000000000003,20.868889740599474,1113.5640956181228,898.172901813637,0.5532586209917261,0.0,-0.9700384751708158,-0.24295134633971205,LAND
1,-16384,-4096,-3.6864000000000003,21.477385015964686,1125.6012057991138,906.5929302873643,0.5536122625091215,0.14154718461251706,-0.9738670339954041,-0.22711891179951177,MAJOR_OCEAN
1,-12288,-4096,-3.6864000000000003,20.815472863900695,684.5979062693638,903.5626653801601,0.4307921543502441,0.26112265053718947,-0.9757037008411403,-0.2190942449378865,LAND
1,-8192,-4096,-3.6864000000000003,20.61105027416002,657.1540082421184,922.0498178497907,0.41586660998496816,0.36245850168365706,-0.9740355422360242,-0.22639514672575087,LAND
1,-4096,-4096,-3.6864000000000003,21.03184027431372,856.466761191013,909.4926213835101,0.48471219521928693,0.27852635048089847,-0.9702317365557653,-0.24217839990383966,LAND
1,0,-4096,-3.6864000000000003,21.835395339536756,1282.6361351103892,913.0371161116616,0.5838993734716051,0.12906135506302474,-0.9677536102573333,-0.25189868962322404,MAJOR_OCEAN
1,4096,-4096,-3.6864000000000003,20.880832668790667,635.2377613608186,904.7391418681796,0.4122305532482199,0.2605368685129882,-0.9690711196812586,-0.24678161398230603,LAND
1,8192,-4096,-3.6864000000000003,20.70186543727688,600.2356990397604,925.4956934221409,0.39315082011372143,0.37052761831981734,-0.9728520347178408,-0.23142799862021277,LAND
1,12288,-4096,-3.6864000000000003,20.92121398387659,789.1073913982771,913.3845923434031,0.4632292954293928,0.3057354925153261,-0.9755268006784316,-0.21988056111922158,LAND
1,16384,-4096,-3.6864000000000003,21.7477000757709,1143.6428995642632,911.4586013638761,0.5562190869701785,0.15772455629760246,-0.9748371141167639,-0.22291837281951332,MAJOR_OCEAN
1,20480,-4096,-3.6864000000000003,22.87751410926187,654.6662553228057,931.7952539667137,0.41239819138405853,0.2668209519165337,-0.9713413753653442,-0.23768873028261486,COASTAL_WATER
1,24576,-4096,-3.6864000000000003,20.869328264473676,646.4825020486378,931.7265691946467,0.4093710667072556,0.3966539244122227,-0.9681172676226917,-0.25049741741338105,LAND
1,28672,-4096,-3.6864000000000003,20.84859529975765,922.4566151681032,900.864661525812,0.5056437300560372,0.24172580361492607,-0.9683169248820417,-0.24972451418910901,LAND
1,32768,-4096,-3.6864000000000003,21.534390643264228,1267.9946246628258,907.6190315787561,0.5825538312813431,0.1750804322200417,-0.9717375067663021,-0.23606401238564714,MAJOR_OCEAN
1,-32768,0,0.0,22.65085357399162,1472.524079169734,927.7153643318491,0.6132350037622407,0.19534758113927364,-0.9697608972434767,0.24405696502564136,MAJOR_OCEAN
1,-28672,0,0.0,22.310659934270728,1128.9410352641587,921.5918788168731,0.5502914564594539,0.0,-0.9735444086245483,0.22849788715845634,MAJOR_OCEAN
1,-24576,0,0.0,22.312172006121365,1490.9992572164954,921.6190961101845,0.6177444147959256,0.06346284908459801,-0.974929287841669,0.22251490671084512,MAJOR_OCEAN
1,-20480,0,0.0,22.360675140495108,1466.2426126640394,922.4921525289119,0.6135587237630752,0.10464661010513535,-0.9727821172245105,0.23172171328599908,MAJOR_OCEAN
1,-16384,0,0.0,22.3528950878835,1257.6430513323617,922.352111581903,0.5766372492325421,0.12156997245221375,-0.9688879996609229,0.24749958406642933,MAJOR_OCEAN
1,-12288,0,0.0,22.555898243125593,1177.2006534161094,926.0061683762607,0.5594510203200301,0.0,-0.9668474657817182,0.25535461208184423,MAJOR_OCEAN
1,-8192,0,0.0,22.35003314191603,1422.5430099620269,922.3005965544885,0.606409995112354,0.04851580646700911,-0.9687057568633718,0.24821191877055798,MAJOR_OCEAN
1,-4096,0,0.0,22.42111686094853,1458.0664529093858,923.5801034970735,0.6119524731811091,0.10664536942714026,-0.972596209652814,0.23250078057714008,MAJOR_OCEAN
1,0,0,0.0,22.555369529535803,1309.702575203393,925.9966515316444,0.5855514946080599,0.11403644550402377,-0.9749014940974431,0.22263664749221573,MAJOR_OCEAN
1,4096,0,0.0,22.394129835352004,1292.852282046517,923.0943370363361,0.5831679801931214,0.0,-0.9736968042847923,0.22784760987463248,MAJOR_OCEAN
1,8192,0,0.0,22.433154729085523,1429.734355936525,923.7967851235394,0.6072267769169643,0.05608868476594934,-0.9699655030774956,0.24324251856865162,MAJOR_OCEAN
1,12288,0,0.0,22.385753168273155,1350.3677001854876,922.9435570289168,0.5937479735466944,0.11487728576190348,-0.9670493304351789,0.25458906595702846,MAJOR_OCEAN
1,16384,0,0.0,22.56962522418851,1368.15793910649,926.2532540353932,0.5960404581079874,0.12960674172987496,-0.9678253131569545,0.25162305779209293,MAJOR_OCEAN
1,20480,0,0.0,22.47166521304834,1145.0148839730143,924.4899738348702,0.5530124112750363,0.0,-0.9715076910779559,0.23700802977194457,MAJOR_OCEAN
1,24576,0,0.0,22.668560176814342,1306.5469872999597,928.0340831826582,0.5844328369706144,0.06641199726783341,-0.9745735884580061,0.22406766986802198,MAJOR_OCEAN
1,28672,0,0.0,22.680927227933456,1281.5104923250701,928.2566901028022,0.5796677743866773,0.12098950231301571,-0.9743920797511691,0.22485567575267307,MAJOR_OCEAN
1,32768,0,0.0,22.510941065102724,1571.0322741069356,925.196939171849,0.6291101616756353,0.22144592328788734,-0.9711101706525243,0.23863159148617602,MAJOR_OCEAN
1,-32768,4096,3.6864000000000003,21.690677289516465,1138.8989703743932,910.4321912112964,0.5554707413672575,0.18980633018463544,-0.9715213115394754,0.23695219185442773,MAJOR_OCEAN
1,-28672,4096,3.6864000000000003,20.749201230006257,660.9417094815291,908.807330570595,0.42078122769987253,0.30590846502618035,-0.9752033209616274,0.22131082844138708,LAND
1,-24576,4096,3.6864000000000003,20.64208876707574,657.8530744443098,927.150338845061,0.4147866700235674,0.38301484760401044,-0.9765484850871796,0.2152975993222743,LAND
1,-20480,4096,3.6864000000000003,20.870658275448697,854.9605368558412,906.0559882117689,0.48521709342256913,0.26357681252860976,-0.9744622746753989,0.22455127529018254,LAND
1,-16384,4096,3.6864000000000003,21.774942712679554,1212.4871929577075,911.948968828232,0.5704651189988653,0.14026214105264137,-0.970670512207372,0.24041371993103497,MAJOR_OCEAN
1,-12288,4096,3.6864000000000003,21.082365055634174,632.1130736808053,903.0488894360606,0.41148855970776066,0.25998719485565325,-0.9686798924669011,0.2483128388350328,LAND
1,-8192,4096,3.6864000000000003,20.854741776739235,645.7558619650914,930.369206151006,0.4094512699214513,0.39127892251808816,-0.9704928251449807,0.2411299988431838,LAND
1,-4096,4096,3.6864000000000003,20.895302884035274,863.4338525756766,901.7053980428093,0.48888209254921994,0.24158148193864748,-0.9742814846835031,0.22533439285406243,LAND
1,0,4096,3.6864000000000003,21.482548736984295,1317.1596423097587,906.6858772657173,0.5920229655140671,0.14771883760343296,-0.9765215031270645,0.21541994784712581,MAJOR_OCEAN
1,4096,4096,3.6864000000000003,21.142495398521017,660.2238548940273,905.5772275229464,0.42138332830071507,0.2588486807125057,-0.9753514180396465,0.2206572258686549,LAND
1,8192,4096,3.6864000000000003,20.76563746353245,606.4030577118092,930.3356038837684,0.39434727945423287,0.40581802117700355,-0.9717206699285476,0.23613330903033278,LAND
1,12288,4096,3.6864000000000003,20.857204180215927,1157.2775157117378,897.9625617267332,0.5628124499710161,0.0,-0.9688769240068199,0.24754293794629445,LAND
1,16384,4096,3.6864000000000003,21.719896233389182,1158.041676567694,910.9581322010054,0.5594404751450357,0.16322803655291296,-0.9696341168913335,0.24456017533597682,MAJOR_OCEAN
1,20480,4096,3.6864000000000003,20.74779134670617,672.557457595643,906.4838464882205,0.4256581494783163,0.28913111164780986,-0.9732224459232156,0.229865331773266,LAND
1,24576,4096,3.6864000000000003,20.866168621883812,660.5182475607052,926.5742387410512,0.41591925738460983,0.3638655085854902,-0.9762031283968413,0.21685813821072109,LAND
1,28672,4096,3.6864000000000003,22.954952833463434,989.3469205726145,933.1891510023418,0.5143375968835122,0.0,-0.9760268590160424,0.21765011022114966,COASTAL_WATER
1,32768,4096,3.6864000000000003,21.630820676231057,1314.1227867918224,909.3547721721591,0.5907556951951703,0.251377505538878,-0.9728354905878605,0.23149753400992595,MAJOR_OCEAN
1,-32768,8192,7.372800000000001,20.738709566583083,1130.899683462789,893.2967721984955,0.5584148047965638,0.2682253388346169,-0.970859551513739,0.2396491836717609,MAJOR_OCEAN
1,-28672,8192,7.372800000000001,19.556086308628355,528.8951671995839,906.7677134942376,0.36814145775393,0.5091742829725973,-0.9745802315806057,0.224038773903744,LAND
1,-24576,8192,7.372800000000001,22.42438763071258,910.516344553991,934.5584737986896,0.493217466324836,0.5623253997145017,-0.9759405223520051,0.2180369162121301,LAND
1,-20480,8192,7.372800000000001,20.11434348044049,879.5202317741864,911.7823698460163,0.4907208364140738,0.590452355468046,-0.9738310925250955,0.22727297074526706,LAND
1,-16384,8192,7.372800000000001,20.582316130574785,1126.8923982267997,890.4816903503461,0.5583169168710461,0.2490846687509131,-0.970000330999982,0.24310359491361985,MAJOR_OCEAN
1,-12288,8192,7.372800000000001,19.819474422450533,607.6974509207854,901.9421992264772,0.4022782341649412,0.4076896857855379,-0.9679906871671958,0.2509861142724432,LAND
1,-8192,8192,7.372800000000001,18.92458908023766,653.8379736241135,932.2603766860898,0.41197067182151553,0.7118528873062313,-0.9698209077464917,0.24381838917065074,LAND
1,-4096,8192,7.372800000000001,19.779678221303307,864.3891548586431,914.7302296650554,0.4855793169680725,0.5978893069187067,-0.9736483530251135,0.2280545650748605,LAND
1,0,8192,7.372800000000001,20.817501874803483,1199.0771317979459,894.7150337464627,0.5724086386805449,0.2569349534847618,-0.9759132312232875,0.21815903630911596,MAJOR_OCEAN
1,4096,8192,7.372800000000001,19.883422970782807,506.8878711400108,914.4034133591009,0.3563882283919932,0.4368747129370042,-0.9747299660097579,0.22338642161648103,LAND
1,8192,8192,7.372800000000001,18.771304732191723,610.7460303299029,931.59615823022,0.39572949852404715,0.7074477223110538,-0.9710609094822386,0.23883197037986292,LAND
1,12288,8192,7.372800000000001,19.7813782551345,931.0018531483789,908.926924143578,0.5057239935799696,0.5845995328937622,-0.9681895609579774,0.25021785318397843,LAND
1,16384,8192,7.372800000000001,20.69776113146408,1199.3827707958942,892.5597003663535,0.5730605534178185,0.29183804019015824,-0.9689539156553548,0.24724139891238997,MAJOR_OCEAN
1,20480,8192,7.372800000000001,19.746991170430444,558.5919422664967,910.1472096994411,0.38006195964727385,0.44513200700799654,-0.9725780833598898,0.23257659333648179,LAND
1,24576,8192,7.372800000000001,19.200604424557667,612.9698491522331,937.708426820792,0.39503668939867864,0.6918987322378004,-0.9755912265676874,0.21959453236398058,LAND
1,28672,8192,7.372800000000001,19.685240204715022,982.4326329076318,907.6864443505958,0.5194980288242754,0.5955126781000043,-0.975412961690257,0.2203850134801392,LAND
1,32768,8192,7.372800000000001,20.862537565982223,1256.8717600781122,895.52567618768,0.5836692005437019,0.269844497927097,-0.9721871027293251,0.2342055449530618,MAJOR_OCEAN
1,-32768,12288,11.0592,19.739289100602537,1136.3621452114062,875.3072038108457,0.5646044869533324,0.23340571037747382,-0.9683409420582162,0.24963136808864053,MAJOR_OCEAN
1,-28672,12288,11.0592,19.04721699891929,563.1383174100632,869.8765542900272,0.39270047230572785,0.3148495275813065,-0.972203245781609,0.2341385250054002,LAND
1,-24576,12288,11.0592,18.942757832330802,704.4060314929936,895.7278009208816,0.43994200686586493,0.44066051937090595,-0.9736189791359365,0.2281799365989409,LAND
1,-20480,12288,11.0592,20.913960568310753,1373.0309204487542,896.4512902295935,0.6047309747644032,0.1697193931890437,-0.9714244549592631,0.23734895893409474,COASTAL_WATER
1,-16384,12288,11.0592,20.027546308784196,1102.9006868474467,880.4958335581155,0.555786444647686,0.21096133320059057,-0.9674509028044861,0.2530587889459381,MAJOR_OCEAN
1,-12288,12288,11.0592,19.26393990015545,476.07666501722264,871.7632285523662,0.3529526871846344,0.2833921746376667,-0.9653716672981185,0.260878408416739,LAND
1,-8192,12288,11.0592,18.99205035320164,737.1633126751148,887.3211793365807,0.45350374998829013,0.4705760922256009,-0.9672651266767779,0.25376795446816547,LAND
1,-4096,12288,11.0592,19.004795694150555,1145.5806106674947,867.6762686248843,0.5687361043393554,0.4304372875140058,-0.9712345735557941,0.2381247637896879,LAND
1,0,12288,11.0592,19.879676676456533,1056.6866680775267,877.8341801762176,0.5459443482775632,0.23528972020843314,-0.9735905545913144,0.22830118705468183,MAJOR_OCEAN
1,4096,12288,11.0592,19.15678160803997,545.7944406756169,878.8582074471417,0.3828383031408785,0.30360757146963313,-0.9723589802954733,0.23349092795812743,LAND
1,8192,12288,11.0592,18.753344005144758,767.0006981598251,891.9176512824316,0.462071341290698,0.4796963678396749,-0.9685496190132578,0.24882048852390215,LAND
1,12288,12288,11.0592,19.192699096940462,1091.0630725112135,877.6095559683353,0.5539311745188026,0.4735123269370379,-0.965577278334826,0.2601163577392048,LAND
1,16384,12288,11.0592,20.055725676538106,1210.1647293394828,881.0030621776859,0.578426230556734,0.24836395031625005,-0.9663678281093664,0.2571638014868854,MAJOR_OCEAN
1,20480,12288,11.0592,19.067356744880122,540.7737511064616,883.0821136815596,0.37952874004341036,0.3201496959452808,-0.9701231682551903,0.24261293950346471,LAND
1,24576,12288,11.0592,18.85712910053771,761.0829858918964,899.3728179194869,0.45808199300033764,0.46465674442500704,-0.973255243339278,0.22972642710973123,LAND
1,28672,12288,11.0592,19.231588103559147,964.2093613326755,871.758531994239,0.52489178762205,0.4113467507869573,-0.9730696639554902,0.23051123419380082,LAND
1,32768,12288,11.0592,20.05788507864544,1177.844713177931,881.0419314156179,0.5718007426619051,0.24808618434952567,-0.9697174474906829,0.2442295478277653,MAJOR_OCEAN
1,-32768,16384,14.745600000000001,18.975251127943906,1492.5915968964687,861.5545203029903,0.6337575346158704,0.19902285952139012,-0.966231276806718,0.25767638564769446,MAJOR_OCEAN
1,-28672,16384,14.745600000000001,19.10168536094591,1159.6568713846802,863.8303364970263,0.572815114301498,0.0,-0.9702059426378878,0.24228171385832548,MAJOR_OCEAN
1,-24576,16384,14.745600000000001,19.105028836856285,1413.102020358518,863.8905190634132,0.6203277648648973,0.050641218892356024,-0.9716657140585823,0.23635934532619057,MAJOR_OCEAN
1,-20480,16384,14.745600000000001,18.945191033225928,1304.2714866924525,861.0134385980667,0.6020775344303047,0.09676829482112616,-0.9694036109530499,0.24547227760215173,MAJOR_OCEAN
1,-16384,16384,14.745600000000001,19.11030975649961,1296.6905048747903,863.985575616993,0.5998542133934295,0.11112063343958736,-0.9653168118738851,0.2610813143709032,MAJOR_OCEAN
1,-12288,16384,14.745600000000001,19.0166804387518,1171.8633553680656,862.3002478975324,0.5758079367613044,0.0,-0.963182455500917,0.26884857711214344,MAJOR_OCEAN
1,-8192,16384,14.745600000000001,19.10532457659854,1354.7469685501583,863.8958423787738,0.6103445842185706,0.053888065182658124,-0.9651260018767174,0.261785791252051,MAJOR_OCEAN
1,-4096,16384,14.745600000000001,18.927260527334013,1278.2419538992087,860.6906894920122,0.5973281251850698,0.11071246868123714,-0.9692080607309354,0.24624324359092492,MAJOR_OCEAN
1,0,16384,14.745600000000001,18.914852788446655,1362.1471495157898,860.4673501920398,0.61258241916248,0.11288289549513657,-0.9716363889624339,0.23647986731229764,MAJOR_OCEAN
1,4096,16384,14.745600000000001,18.92813385658257,1234.3724447768193,860.7064094184863,0.588895996114946,0.0,-0.9703664416698242,0.24163809484649482,MAJOR_OCEAN
1,8192,16384,14.745600000000001,19.013441561406527,1240.748070062603,862.2419481053175,0.5897119564963536,0.04840510438653842,-0.9664457558549112,0.25687078656404155,MAJOR_OCEAN
1,12288,16384,14.745600000000001,19.094817348914155,1433.7008449697305,863.7067122804548,0.6237800778400721,0.12427784719444952,-0.9633934007177943,0.2680916922498779,MAJOR_OCEAN
1,16384,16384,14.745600000000001,18.906564891585322,1316.486569209871,860.3181680485359,0.6045016555833048,0.14363858706871294,-0.9642046946777849,0.2651590216479907,MAJOR_OCEAN
1,20480,16384,14.745600000000001,19.134396497689394,1257.8153624812742,864.4191369584091,0.5924052961711053,0.0,-0.968064013697,0.2507031419524986,MAJOR_OCEAN
1,24576,16384,14.745600000000001,19.074287741956567,1273.7316206391104,863.3371793552183,0.5957393048542167,0.05661778103971581,-0.9712905058680898,0.23789651786125457,MAJOR_OCEAN
1,28672,16384,14.745600000000001,18.865638889232653,1471.6991822873433,859.5815000061878,0.6310128937140173,0.10533975990353663,-0.9710991159272021,0.2386765741446078,MAJOR_OCEAN
1,32768,16384,14.745600000000001,18.945606696435373,1285.5805720319013,861.0209205358367,0.5986122548717461,0.12522993413104583,-0.9676466003042621,0.2523094467506193,MAJOR_OCEAN
1,-32768,20480,18.432000000000002,18.33639598794624,1381.4203645526925,850.0551277830323,0.6187841117607894,0.2247382208682093,-0.9665541916869098,0.2564624622288113,MAJOR_OCEAN
1,-28672,20480,18.432000000000002,17.641697979848413,663.3685954027602,840.0834501201178,0.4409370158237273,0.2585045391585631,-0.9705120071501886,0.24105278255459364,LAND
1,-24576,20480,18.432000000000002,17.10680733715356,654.0648463486114,864.0011925028845,0.430570383130363,0.3954719909053646,-0.9719651714817724,0.23512487198594886,LAND
1,-20480,20480,18.432000000000002,17.416648007392602,797.6136554661657,843.8838033867592,0.4856102827843625,0.25698848919281037,-0.9697132066665392,0.24424638547273933,LAND
1,-16384,20480,18.432000000000002,18.04965094318772,1155.1174861308118,844.893716977379,0.5772668760357544,0.1613831025561113,-0.965643388280444,0.25987082689340785,MAJOR_OCEAN
1,-12288,20480,18.432000000000002,17.340824960176352,673.6418433308463,844.2758215065813,0.4435012238816429,0.27637858264561044,-0.9635172927903506,0.26764608439869586,LAND
1,-8192,20480,18.432000000000002,16.906829012255802,668.1961199776517,864.7131474144365,0.43561645671109417,0.43092427795373917,-0.965453332817514,0.26057601990888285,LAND
1,-4096,20480,18.432000000000002,17.39191430327403,910.9657662544714,838.6444035891069,0.5203704296633149,0.23821693336672328,-0.9695185067143822,0.2450180914510484,LAND
1,0,20480,18.432000000000002,18.203670439123346,1313.9753954526832,847.6660679042202,0.6075789342414157,0.164261792199312,-0.9719359815126242,0.23524550546416778,MAJOR_OCEAN
1,4096,20480,18.432000000000002,17.453420696095463,658.2693558670059,841.9899751177254,0.43847811119696606,0.2797440083840168,-0.9706717914330946,0.24040855499766842,LAND
1,8192,20480,18.432000000000002,16.788828462132926,638.5339829013021,860.5115243117336,0.42567640770288834,0.42682168037301366,-0.9667678008949406,0.2556560563584609,LAND
1,12288,20480,18.432000000000002,17.578843035576604,1193.5937578205376,838.9520611232253,0.5869519863784028,0.013076555695741758,-0.9637274387044971,0.26688841092874366,LAND
1,16384,20480,18.432000000000002,18.19931074276493,1155.2382500518393,847.5875933697687,0.5765162944895583,0.14860060464906877,-0.9645356239902416,0.26395270419860295,MAJOR_OCEAN
1,20480,20480,18.432000000000002,17.307323060151216,635.7779579428574,840.4159689126694,0.43039572962246414,0.28071553341885785,-0.9683793551007103,0.24948231323028208,LAND
1,24576,20480,18.432000000000002,17.1574183265318,651.9961433292926,861.4463192150637,0.43051892657176233,0.3747976409313662,-0.9715916846644431,0.23666347054606743,LAND
1,28672,20480,18.432000000000002,17.58753579904349,1130.4567761486749,839.1085308656293,0.5736713074795186,0.0,-0.9714011665260704,0.23744425381926912,LAND
1,32768,20480,18.432000000000002,18.04673546772473,1342.502586659216,844.8412384190451,0.6134788195868647,0.2303899405743786,-0.9679636950774091,0.2510901929826979,MAJOR_OCEAN
1,-32768,24576,22.1184,17.386867856227166,1130.759796691913,832.963621412089,0.5755312866291985,0.25868636165138403,-0.968993096364018,0.24708779653975832,MAJOR_OCEAN
1,-28672,24576,22.1184,16.376419595548526,521.853823177414,848.842181033096,0.38044422494164143,0.3873591606558417,-0.9728195412026224,0.23156454878568788,LAND
1,-24576,24576,22.1184,15.04304950456697,613.4989939118027,863.4004489094654,0.41511551878025643,0.7105393019812383,-0.9742212299322478,0.22559475869199241,LAND
1,-20480,24576,22.1184,16.19927241038993,827.6293854983213,839.0173275054044,0.49628580144988554,0.5617531172676056,-0.9720482602041742,0.23478113176752105,LAND
1,-16384,24576,22.1184,17.557921462003847,1185.7219806430144,836.0425863160692,0.5861888229659696,0.2642559626602295,-0.9681108570293379,0.25052219163563333,MAJOR_OCEAN
1,-12288,24576,22.1184,16.14835321346829,560.4092399979469,845.4285177813564,0.3983467438935917,0.4261508102022224,-0.966049229943145,0.25835805643768206,LAND
1,-8192,24576,22.1184,15.079093048805793,632.414191607453,866.5400200867884,0.4216223313197827,0.7180884731777444,-0.9679266885992859,0.2512328113468085,LAND
1,-4096,24576,22.1184,16.2114539307751,947.4527529832154,849.5807824762086,0.5269383102696843,0.6025633504611099,-0.9718601874520795,0.2355584344607703,LAND
1,0,24576,22.1184,17.620332318924884,1106.480517804911,837.1659817406479,0.5689879975941553,0.2595426818812614,-0.9741930925392267,0.22571623434936536,MAJOR_OCEAN
1,4096,24576,22.1184,16.137321157557075,583.8119556217455,841.45498438317,0.40932867420998587,0.4157512390828488,-0.9729737559619339,0.23091572100947796,LAND
1,8192,24576,22.1184,15.272061565407814,664.1721242536005,866.6598694803474,0.4335802666156844,0.7070583200203073,-0.969199920777134,0.2462752800538395,LAND
1,12288,24576,22.1184,16.08797916519164,926.0990375259912,844.2849936051426,0.5228109891758604,0.583883674381839,-0.9662531365689927,0.25759440225009445,LAND
1,16384,24576,22.1184,17.559112417746523,1227.2646393089235,836.0640235194373,0.5945102935437779,0.2750436811369896,-0.9670370588531266,0.2546356746504593,MAJOR_OCEAN
1,20480,24576,22.1184,16.099825460879952,513.9831525313757,840.8477712107494,0.3790908907083858,0.4116255438152985,-0.9707591983279091,0.2400553662423633,LAND
1,24576,24576,22.1184,15.268133032410883,611.9438670850155,869.512805051981,0.41279038948429025,0.6969660526863485,-0.9738611524079372,0.22714413008194712,LAND
1,28672,24576,22.1184,16.21650142906145,898.0339009012076,848.3988256081165,0.5139161509783111,0.5944900309567006,-0.9736774260070609,0.22793040623020105,LAND
1,32768,24576,22.1184,17.304158543081694,1013.8800206841796,831.4748537754705,0.5491252167765958,0.2682305368309524,-0.970357209483002,0.24167516629633548,MAJOR_OCEAN
1,-32768,28672,25.804799999999997,16.848132908734215,1152.0573142673475,823.2663923572159,0.5829294616087913,0.22119179177755754,-0.9712377465941736,0.23811182161050257,MAJOR_OCEAN
1,-28672,28672,25.804799999999997,17.5921911219251,697.276550169681,836.6594401946518,0.45427076734592386,0.2837476576077779,-0.9749364041349773,0.222483725005584,COASTAL_WATER
1,-24576,28672,25.804799999999997,15.548746759647113,701.182965834971,828.9412191471363,0.45795303392922704,0.4260252015519104,-0.9762880798146636,0.21647536860298208,LAND
1,-20480,28672,25.804799999999997,16.15186202385085,974.686794544495,817.7601647387953,0.5434712130734026,0.42099017547473283,-0.9741918740189159,0.2257214934283235,LAND
1,-16384,28672,25.804799999999997,16.838525063380153,1093.5842685181003,823.0934511408427,0.5702648872160819,0.2283948144022179,-0.9703833215407613,0.2415702988273174,MAJOR_OCEAN
1,-12288,28672,25.804799999999997,16.080637048593424,532.7810599179498,822.475069122191,0.39283218597877484,0.29356014594962593,-0.9683845105910569,0.2494623010543261,LAND
1,-8192,28672,25.804799999999997,15.553105667241061,777.1553597324585,831.996644789966,0.4826596231595941,0.46533918526288237,-0.9702048869507763,0.24228594126946626,LAND
1,-4096,28672,25.804799999999997,16.157303927859743,976.2726284774706,818.6598732894824,0.5436020716351818,0.4383745664422842,-0.974010244774637,0.2265039581862791,LAND
1,0,28672,25.804799999999997,16.866261851632427,1254.0157086385884,823.5927133293837,0.603295789329728,0.2182365268332354,-0.976260964770446,0.21659761925163898,MAJOR_OCEAN
1,4096,28672,25.804799999999997,16.005900209442423,511.51268038618537,815.9346063579707,0.38504552306311945,0.27824445888827454,-0.9750852060587912,0.2218306582176699,LAND
1,8192,28672,25.804799999999997,15.556951994391557,732.5112073581757,825.2167955214157,0.46994164857815846,0.44945467510001097,-0.9714379658809741,0.2372936544558986,LAND
1,12288,28672,25.804799999999997,16.19427035990539,1112.137471544649,815.0631849129423,0.5767747603549835,0.4141649772585835,-0.9685823353758034,0.24869310323761432,LAND
1,16384,28672,25.804799999999997,16.955858591046237,1098.7483879753988,825.2054546388323,0.5707920697377431,0.22121534476297314,-0.9693426119726523,0.24571304526629456,MAJOR_OCEAN
1,20480,28672,25.804799999999997,15.761512618310947,474.47350225887686,819.7080075358255,0.3663374582409573,0.30660111102573884,-0.9729463710576444,0.23103107809504905,LAND
1,24576,28672,25.804799999999997,15.50633257480805,774.4593673550785,838.140277925184,0.47995757164446107,0.4971769297312047,-0.9759410274990763,0.2180346551446519,LAND
1,28672,28672,25.804799999999997,15.914202514858076,1083.3456003688084,815.3397990973929,0.5702763208440835,0.44909991998005805,-0.9757638991264855,0.2188259883137233,LAND
1,32768,28672,25.804799999999997,16.641122965918232,1240.6906227338698,819.5402133865282,0.6019173597601857,0.2285998324340721,-0.9725576827660731,0.2326618870650849,MAJOR_OCEAN
1,-32768,32768,29.491200000000003,16.016835828728418,1291.1976700205473,808.3030449171115,0.6147094646710791,0.09466471537563768,-0.9713008460283026,0.23785429679680703,MAJOR_OCEAN
1,-28672,32768,29.491200000000003,15.971560661251232,1364.5935522209656,807.4880919025222,0.6279531907653539,0.0,-0.9749958091461971,0.2222232484402843,MAJOR_OCEAN
1,-24576,32768,29.491200000000003,15.969393611496686,1274.5718895765315,807.4490850069403,0.611886248448074,0.0580047586035072,-0.9763460397501894,0.21621380775547505,MAJOR_OCEAN
1,-20480,32768,29.491200000000003,15.90535861028626,1499.1232522108214,806.2964549851526,0.6499785132487347,0.10710786492749742,-0.9742520521600047,0.22546161283469,MAJOR_OCEAN
1,-16384,32768,29.491200000000003,16.265980065050936,1339.3950266326415,812.7876411709169,0.6220535984524461,0.11486102423493405,-0.9704472255262561,0.24131345272982987,MAJOR_OCEAN
1,-12288,32768,29.491200000000003,15.967364456784633,1199.722331721898,807.4125602221234,0.5974311469487387,0.0,-0.9684502321587394,0.24920703808617414,MAJOR_OCEAN
1,-8192,32768,29.491200000000003,16.102636462999236,1370.7325637973054,809.8474563339862,0.6283210109867124,0.057419701356990656,-0.970268956811564,0.24202923676241972,MAJOR_OCEAN
1,-4096,32768,29.491200000000003,16.014534808291156,1358.8036602818322,808.2616265492409,0.6267355824269994,0.09376680249077562,-0.9740706091602626,0.22624422284371168,MAJOR_OCEAN
1,0,32768,29.491200000000003,16.097116372441686,1234.5167682774545,809.7480947039503,0.6035975049597664,0.07920116953899439,-0.9763189542410895,0.2163360801844791,MAJOR_OCEAN
1,4096,32768,29.491200000000003,16.14290855943117,1235.6449190740361,810.5723540697611,0.6035729256897707,0.0,-0.9751444546493832,0.22157006243298566,MAJOR_OCEAN
1,8192,32768,29.491200000000003,16.138723372304074,1237.4634487884498,810.4970207014733,0.6039469610150698,0.044934007218541176,-0.9715008742788034,0.23703597042542013,MAJOR_OCEAN
1,12288,32768,29.491200000000003,15.997967547540403,1433.8245226337754,807.9634158557272,0.6393045450384592,0.1145773951112689,-0.9686478809304508,0.2484376838745427,MAJOR_OCEAN
1,16384,32768,29.491200000000003,16.040087907019952,1361.1546151047685,808.7215823263591,0.6270070198915395,0.13629828221747914,-0.9694074732755814,0.2454570242577159,MAJOR_OCEAN
1,20480,32768,29.491200000000003,16.2033846715075,1187.524668351092,811.6609240871351,0.5937072403883776,0.0,-0.9730078083883816,0.2307721924652933,MAJOR_OCEAN
1,24576,32768,29.491200000000003,16.16230659978003,1441.4621363745273,810.9215187960406,0.6396878459054133,0.06389494360340336,-0.9759993637403006,0.21777337297871904,MAJOR_OCEAN
1,28672,32768,29.491200000000003,16.090889655078435,1484.9239388253272,809.6360137914119,0.6468678533673856,0.10992906881160831,-0.975822426000368,0.21856484830538594,MAJOR_OCEAN
1,32768,32768,29.491200000000003,16.106124747687105,1221.2380367222872,809.9102454583679,0.6009591167293179,0.11841317664380328,-0.9726195046580012,0.23240331141966228,MAJOR_OCEAN
12345,-32768,-32768,-29.491200000000003,16.025603633821426,1416.4272762834805,808.4608654087856,0.6363425231272493,0.11477818298800518,-0.9765559044861163,-0.21526394359786152,MAJOR_OCEAN
12345,-28672,-32768,-29.491200000000003,16.14521203668687,1188.9442948459523,810.6138166603637,0.5943063028300334,0.0,-0.9755258751764306,-0.21988466718090866,MAJOR_OCEAN
12345,-24576,-32768,-29.491200000000003,16.249984639934883,1249.5718816390583,812.499723518828,0.6056851727855703,0.05614115556353561,-0.9719456980905367,-0.2352053570038305,MAJOR_OCEAN
12345,-20480,-32768,-29.491200000000003,16.218820883911025,1384.7801061112216,811.9387759103985,0.6300988344957937,0.11793713308719486,-0.9690020922963758,-0.24705251491382568,MAJOR_OCEAN
12345,-16384,-32768,-29.491200000000003,15.948684107422089,1376.5719771582017,807.0763139335976,0.6301114842015354,0.12713195144192302,-0.969599755555569,-0.24469637109401676,MAJOR_OCEAN
12345,-12288,-32768,-29.491200000000003,16.06487318519022,1148.7984791901843,809.167717333424,0.586430986521793,0.0,-0.9731306001305646,-0.23025384923932787,MAJOR_OCEAN
12345,-8192,-32768,-29.491200000000003,15.914755486670105,1267.4142455080405,806.4655987600619,0.6108374174096385,0.049801307131946006,-0.9761975304622293,-0.21688333619585645,MAJOR_OCEAN
12345,-4096,-32768,-29.491200000000003,16.2706275496013,1425.5532041799704,812.8712958928234,0.6365712280693687,0.09555820062417454,-0.9761658646155273,-0.21702581588239672,MAJOR_OCEAN
12345,0,-32768,-29.491200000000003,16.069324934116274,1261.191427685936,809.247848814093,0.6088478875503828,0.0,-0.9730610744098396,-0.2305474907006553,MAJOR_OCEAN
12345,4096,-32768,-29.491200000000003,15.894001794417866,1201.927510245951,806.0920322995216,0.5982657135943447,0.0,-0.9695557577326565,-0.24487064472380998,MAJOR_OCEAN
12345,8192,-32768,-29.491200000000003,16.006682828065582,1256.9680252991855,808.1202909051805,0.6083805883033961,0.04852150357418843,-0.9690280842752341,-0.24695054542533337,MAJOR_OCEAN
12345,12288,-32768,-29.491200000000003,15.944516484688268,1482.6439755337324,807.0012967243888,0.6472604001544683,0.11121292942099686,-0.9720150514207099,-0.2349185812395323,MAJOR_OCEAN
12345,16384,-32768,-29.491200000000003,16.241842291087234,1468.597557560764,812.3531612395702,0.6435711102178552,0.12071480682966097,-0.9755730215675023,-0.21967539595879615,MAJOR_OCEAN
12345,20480,-32768,-29.491200000000003,16.209015382318057,1363.355669014774,811.762276881725,0.6265081686338054,0.0,-0.9765417939224367,-0.21532794691527923,MAJOR_OCEAN
12345,24576,-32768,-29.491200000000003,15.89385052030303,1358.3113832620295,806.0893093654545,0.6272794628202795,0.05650268423118664,-0.9741375672635599,-0.22595574798139825,MAJOR_OCEAN
12345,28672,-32768,-29.491200000000003,16.24093302465402,1285.6658503003653,812.3367944437723,0.61251273480748,0.10264756209404689,-0.9703687200457882,-0.24162894519634587,MAJOR_OCEAN
12345,32768,-32768,-29.491200000000003,16.184057869609518,1347.0334614925061,811.3130416529714,0.6238153346534746,0.0,-0.9687639763336896,-0.2479845925821573,MAJOR_OCEAN
12345,-32768,-28672,-25.804799999999997,16.69227903883774,1095.934849848695,820.4610226990793,0.5715746370062077,0.20179169268632982,-0.9752340770286304,-0.22117525856685544,MAJOR_OCEAN
12345,-28672,-28672,-25.804799999999997,17.62903996569103,512.112527683036,837.3227193824385,0.379220350472833,0.2885403619240092,-0.97417899825249,-0.2257770567701137,COASTAL_WATER
12345,-24576,-28672,-25.804799999999997,15.274946960230412,722.514078917966,830.156277920158,0.46503692095172305,0.5023225657260653,-0.9705170873586146,-0.24103232800798996,LAND
12345,-20480,-28672,-25.804799999999997,15.93532425230094,1198.0731728977385,809.3687230242634,0.5965187120077213,0.18603510211531346,-0.9675117348618522,-0.25282611199124416,LAND
12345,-16384,-28672,-25.804799999999997,16.755961934112623,1244.7369239929465,821.6073148140272,0.6020946587546839,0.2354397411814743,-0.9681215735473897,-0.250480775374331,MAJOR_OCEAN
12345,-12288,-28672,-25.804799999999997,15.911598508688868,553.6757265747362,815.2929269863472,0.4041521133607815,0.3837671226823224,-0.9717281781287379,-0.2361024096247299,LAND
12345,-8192,-28672,-25.804799999999997,15.508112311587851,799.0950226648719,837.4586336019223,0.48798097064288276,0.5574630816935124,-0.9748669036313872,-0.22278806117956965,LAND
12345,-4096,-28672,-25.804799999999997,15.89636962377633,1050.1959568400362,818.275625451381,0.5617608562697742,0.4585927374814044,-0.9748344646381507,-0.222929958851766,LAND
12345,0,-28672,-25.804799999999997,16.571808837189213,1275.254810763658,818.2925590694058,0.6088450560396237,0.2143416351951085,-0.9716570931903317,-0.23639478262625657,MAJOR_OCEAN
12345,4096,-28672,-25.804799999999997,15.906077919486707,473.73436022033974,811.8993486809351,0.3681967578984751,0.27131612355598245,-0.9680766733589158,-0.25065425290294807,LAND
12345,8192,-28672,-25.804799999999997,15.496382190665368,682.463004796528,829.985792346887,0.4509323381700488,0.46167358633766287,-0.9675382526776429,-0.25272461218783904,LAND
12345,12288,-28672,-25.804799999999997,15.86575927019022,1016.2488495615559,817.724639086831,0.5538220883562242,0.5625945514232354,-0.9705879514198523,-0.24074681422318855,LAND
12345,16384,-28672,-25.804799999999997,16.586891218644976,1084.1842290787465,818.5640419356096,0.5694997839714759,0.23549063858174374,-0.9742272752236828,-0.22556865077008958,MAJOR_OCEAN
12345,20480,-28672,-25.804799999999997,15.88353932840306,471.8614128310547,809.4700263459005,0.3679714919365244,0.2866925071298962,-0.9752196182707038,-0.22123900230281004,LAND
12345,24576,-28672,-25.804799999999997,15.338127448165753,805.3390219888594,832.7447132568112,0.49133488709053225,0.48727454826239647,-0.9727580552998829,-0.23182270348089304,LAND
12345,28672,-28672,-25.804799999999997,16.05756874946873,1102.708998661616,819.4203767441295,0.5733930398878986,0.4507711084750247,-0.968906467561596,-0.24742727642139603,LAND
12345,32768,-28672,-25.804799999999997,16.930567753867283,1115.3656250362103,824.7502195696111,0.574600237350958,0.2303595934338395,-0.9672688169565463,-0.2537538881347109,MAJOR_OCEAN
12345,-32768,-24576,-22.1184,17.49496417955939,1123.968265521614,834.909355232069,0.573489004425381,0.3452101170552196,-0.9727619935365945,-0.2318061775076547,MAJOR_OCEAN
12345,-28672,-24576,-22.1184,16.502047050140224,555.9862987663466,846.1006243760123,0.39625934045565586,0.5201419054447316,-0.9716624563873462,-0.23637273710669046,LAND
12345,-24576,-24576,-22.1184,18.482450395082406,718.5910031703412,863.6036035573464,0.4538867174741078,0.45025788766690605,-0.96785561957052,-0.2515064604851432,LAND
12345,-20480,-24576,-22.1184,16.078518241620447,833.9132450589893,844.3409777406572,0.4965973786081611,0.5766806173371796,-0.9647409257583398,-0.2632013414991296,LAND
12345,-16384,-24576,-22.1184,17.30816073858231,1125.8391502831246,831.5468932944816,0.574881113953624,0.26281328228468326,-0.9653723145776897,-0.2608760131689269,MAJOR_OCEAN
12345,-12288,-24576,-22.1184,16.22497116706221,520.8511905144165,853.2210440713076,0.3787809668568694,0.43154748772306345,-0.9691131235115452,-0.24661661306103555,LAND
12345,-8192,-24576,-22.1184,14.970629371086304,686.5123024377424,862.8049117159651,0.4428205377391092,0.6978007492119607,-0.972379200606779,-0.23340670561772953,LAND
12345,-4096,-24576,-22.1184,16.461845544902722,974.5185473886651,845.3769972817372,0.5351864088200959,0.5323039570839568,-0.97234538933535,-0.2335475194436598,LAND
12345,0,-24576,-22.1184,17.47871582692233,1170.5518923172738,834.6168848846019,0.5834762785760792,0.26041470549170537,-0.969039274616307,-0.24690663063413576,MAJOR_OCEAN
12345,4096,-24576,-22.1184,16.41645509324208,661.6309303535613,848.1089810158488,0.43795157947063573,0.566559247642581,-0.9653258170561952,-0.26104801651188436,LAND
12345,8192,-24576,-22.1184,18.435947340909387,701.6971798504273,859.2864521926815,0.44923465614847197,0.4737624083613479,-0.9647683741847365,-0.26310071108406413,LAND
12345,12288,-24576,-22.1184,16.207355068996495,908.8685861037065,846.089850431763,0.5175911725433074,0.5563706877634982,-0.9679291604292509,-0.25122328791480586,LAND
12345,16384,-24576,-22.1184,17.619457000047163,1146.513588588939,837.150226000849,0.5776865483013368,0.25145364439761175,-0.9717127395208013,-0.23616594134840754,MAJOR_OCEAN
12345,20480,-24576,-22.1184,16.132231861864962,555.5984228123606,847.7048555537248,0.39563991010460536,0.38387555710434157,-0.97274691666329,-0.23186943766279836,LAND
12345,24576,-24576,-22.1184,18.427390682201768,723.2241427743928,865.3348806780492,0.45498413843330365,0.48968046514118624,-0.97018362127891,-0.24237108120017212,LAND
12345,28672,-24576,-22.1184,16.25708593227684,985.3550225728577,844.2122598251128,0.5382785063666612,0.5646879086339103,-0.9661854109653903,-0.25784831129491564,LAND
12345,32768,-24576,-22.1184,17.553710952120564,1062.942488685005,835.9667971381701,0.5594701266089465,0.26815744542072917,-0.9644895099568471,-0.2641211562582615,MAJOR_OCEAN
12345,-32768,-20480,-18.432000000000002,18.318718392403998,1183.9480398952687,849.736931063272,0.581882727200521,0.0,-0.9714159095082484,-0.23738393112058478,MAJOR_OCEAN
12345,-28672,-20480,-18.432000000000002,17.52287777917389,626.0831401467614,838.9781184597754,0.42705114569485414,0.249942765604661,-0.9702933597350223,-0.24193138707931783,LAND
12345,-24576,-20480,-18.432000000000002,17.065437798372557,656.7070546949532,853.6083808417239,0.43452679649351467,0.36644397930863915,-0.9664115767822639,-0.256999346810879,LAND
12345,-20480,-20480,-18.432000000000002,17.393261939560265,893.6194047266083,838.668661042259,0.5155631209692825,0.26166316541485685,-0.9632404133729922,-0.2686408495464291,LAND
12345,-16384,-20480,-18.432000000000002,18.42233306495542,1371.1045709095677,851.6019951691976,0.6165852059012188,0.2434730752973911,-0.963882926570993,-0.2663263108762215,MAJOR_OCEAN
12345,-12288,-20480,-18.432000000000002,17.49585678479111,691.3038328242241,843.8095759561875,0.4500343717285046,0.2772330325018166,-0.9676930705633094,-0.25213115869276004,LAND
12345,-8192,-20480,-18.432000000000002,17.005550703835993,717.7594339385248,859.512495805997,0.45477551771113994,0.3828313702832109,-0.9710250304325253,-0.23897780288870626,LAND
12345,-4096,-20480,-18.432000000000002,17.597715300021783,876.0460109382813,845.6430292303396,0.5085340363299298,0.2630324431390595,-0.9709905087988029,-0.23911802906230617,LAND
12345,0,-20480,-18.432000000000002,18.429460282338294,1330.2542266481446,851.7302850820893,0.6093741020607539,0.1563764601341357,-0.9676177927252317,-0.2524199025464325,MAJOR_OCEAN
12345,4096,-20480,-18.432000000000002,19.210151057563934,673.4846634073626,865.7827190361509,0.4372517856860229,0.2743777416592573,-0.9638356044018925,-0.2664975191014703,COASTAL_WATER
12345,8192,-20480,-18.432000000000002,17.088852404799358,669.1782044358507,864.3097262400089,0.43609219144598527,0.40238183792726256,-0.9632683421351521,-0.26854068786721247,LAND
12345,12288,-20480,-18.432000000000002,17.67907464683451,845.7908070531325,846.0517462310283,0.49962756749721066,0.2751734959500324,-0.9664865008995652,-0.25671743917956696,LAND
12345,16384,-20480,-18.432000000000002,18.183740564057576,1085.2897590384991,847.3073301530364,0.5612801990161633,0.0,-0.970344681086542,-0.24172546387804703,MAJOR_OCEAN
12345,20480,-20480,-18.432000000000002,17.71025973962561,615.11366829702,844.3746214434353,0.4211698735402612,0.26482734797934177,-0.971400512616777,-0.23744692899227593,LAND
12345,24576,-20480,-18.432000000000002,17.28245294840706,728.5839805888727,862.1350659862375,0.45773403425470177,0.3706517071829312,-0.9687845734734677,-0.24790411493121936,LAND
12345,28672,-20480,-18.432000000000002,17.579454658748865,912.351715914618,847.3496803033427,0.5181751533078675,0.2692314646950897,-0.9647105852076987,-0.2633125268349751,LAND
12345,32768,-20480,-18.432000000000002,18.22861429785989,1332.681440074146,848.1150573614781,0.6108183974263933,0.15701727443087155,-0.9629846115990955,-0.26955637225511686,MAJOR_OCEAN
12345,-32768,-16384,-14.745600000000001,19.194301147611228,1287.5253890357806,865.4974206570021,0.59773061976972,0.0,-0.9725139277173525,-0.23284471305092608,MAJOR_OCEAN
12345,-28672,-16384,-14.745600000000001,19.03884509092748,1137.7941375441417,862.6992116366946,0.5684726047227755,0.0,-0.9714100891756264,-0.23740774765748818,MAJOR_OCEAN
12345,-24576,-16384,-14.745600000000001,19.146398252554505,1444.3667008295254,864.6351685459811,0.6252664640570184,0.11853427269855492,-0.9675892401259137,-0.2525293297669735,MAJOR_OCEAN
12345,-20480,-16384,-14.745600000000001,19.178982838440135,1511.0605612333661,865.2216910919224,0.6356252227750214,0.11357736417375303,-0.9644639846099493,-0.26421434932701787,MAJOR_OCEAN
12345,-16384,-16384,-14.745600000000001,18.86256930648663,1260.8350243804591,859.5262475167593,0.5943518631566437,0.12315678526464122,-0.9650974543362298,-0.2618910148014414,MAJOR_OCEAN
12345,-12288,-16384,-14.745600000000001,19.1828739723877,1237.6343227892378,865.2917315029786,0.5882499150881951,0.0,-0.9688512299353856,-0.24764348215265106,MAJOR_OCEAN
12345,-8192,-16384,-14.745600000000001,19.041260400918237,1213.811397490802,862.7426872165283,0.5842502038457373,0.05645693258926087,-0.9721296234295146,-0.23444401304104615,MAJOR_OCEAN
12345,-4096,-16384,-14.745600000000001,18.9695809535596,1346.2771771814932,861.4524571640728,0.6095255644905527,0.10730152316849026,-0.9720956793832558,-0.23458471843751091,MAJOR_OCEAN
12345,0,-16384,-14.745600000000001,19.00017772184183,1368.1712330103378,862.0031989931529,0.6132067548756301,0.12925716509192658,-0.9687771138585112,-0.24793326453699865,MAJOR_OCEAN
12345,4096,-16384,-14.745600000000001,19.01790577963814,1320.7741525669444,862.3223040334865,0.6047233621827963,0.0,-0.9650508025623017,-0.2620628712234095,MAJOR_OCEAN
12345,8192,-16384,-14.745600000000001,18.96916905770549,1304.0161688487055,861.4450430386988,0.6019106927433318,0.04078473499144192,-0.9644915228899652,-0.2641138055335157,MAJOR_OCEAN
12345,12288,-16384,-14.745600000000001,19.097395702012058,1404.5330279139064,863.7531226362171,0.6189316528342702,0.104369783276357,-0.9676630396571105,-0.25224639081969297,MAJOR_OCEAN
12345,16384,-16384,-14.745600000000001,18.84706920114693,1306.690538788899,859.2472456206447,0.6030124852638312,0.0,-0.9714605663783827,-0.23720111292275128,MAJOR_OCEAN
12345,20480,-16384,-14.745600000000001,19.11414129046644,1162.6321191206143,864.0545432283959,0.5733785898526068,0.0,-0.9724987910316046,-0.23290792481593964,MAJOR_OCEAN
12345,24576,-16384,-14.745600000000001,19.059229322109474,1321.1732918386351,863.0661277979705,0.6045897213671624,0.0654311845958037,-0.9699256549699176,-0.24340136365923773,MAJOR_OCEAN
12345,28672,-16384,-14.745600000000001,19.088807428374153,1273.2747387911138,863.5985337107347,0.595580081929301,0.10341360248551731,-0.965913274506326,-0.25886588445074576,MAJOR_OCEAN
12345,32768,-16384,-14.745600000000001,18.872302910176906,1445.043231891192,859.7014523831842,0.6267143286707612,0.18467543988082852,-0.9642117483381512,-0.26513337090356226,MAJOR_OCEAN
12345,-32768,-12288,-11.0592,19.872147280413003,1198.4879760609022,877.698651047434,0.5769765510811729,0.21712075916749937,-0.9749769290506728,-0.22230606788596502,MAJOR_OCEAN
12345,-28672,-12288,-11.0592,19.10252511763143,542.4332738031296,867.4117705520111,0.3844740256723666,0.27540392447183487,-0.9739170847915091,-0.22690419112746343,LAND
12345,-24576,-12288,-11.0592,18.872536799859542,761.6449815446013,888.0861702106023,0.4613985631365549,0.42809239698294704,-0.970239630859821,-0.2421467710067557,LAND
12345,-20480,-12288,-11.0592,18.953923892816803,1017.4865689006554,868.9990326587096,0.5390698440613527,0.46540260293095476,-0.967222542783406,-0.25393021232535984,LAND
12345,-16384,-12288,-11.0592,20.011897368399865,1130.8367092267595,880.2141526311975,0.5620318703984095,0.2336825731246064,-0.9678346950681919,-0.2515869691026546,MAJOR_OCEAN
12345,-12288,-12288,-11.0592,21.004952491714374,529.3421684262498,898.0891448508587,0.3705758642407751,0.2988105808207153,-0.9714557007928009,-0.23722103911155962,COASTAL_WATER
12345,-8192,-12288,-11.0592,18.77455731777102,769.7677794693325,892.7001916588055,0.4627487831624964,0.48589137163469936,-0.9746080815350594,-0.22391759065904382,LAND
12345,-4096,-12288,-11.0592,21.224481873309006,1309.7600646237977,902.0406737195622,0.5919014947565344,0.18004079177185864,-0.9745754954525572,-0.22405937530798117,COASTAL_WATER
12345,0,-12288,-11.0592,19.83468688268727,1320.8866414743363,877.0243638883708,0.6007003640679209,0.231676635278192,-0.9713843193780213,-0.23751316609084697,MAJOR_OCEAN
12345,4096,-12288,-11.0592,19.35985994165447,503.1126933494907,872.0437973844258,0.3655926464301863,0.33177664227161374,-0.9677896234024841,-0.25176029241021713,LAND
12345,8192,-12288,-11.0592,18.905337614843912,735.7730069570395,897.6207591073459,0.450180992019309,0.5699164398340184,-0.9672491605150302,-0.25382880349355447,LAND
12345,12288,-12288,-11.0592,19.196211880362288,1037.8411906900196,875.9159531002135,0.5420223624995223,0.4532843385919166,-0.9703107821229492,-0.24186150188889216,LAND
12345,16384,-12288,-11.0592,20.052065515500278,1151.1650551497266,880.937179279005,0.5662111012696738,0.26927869254260983,-0.9739655768285472,-0.2266959531024658,MAJOR_OCEAN
12345,20480,-12288,-11.0592,19.137107527750565,596.6046804922661,868.0342539341556,0.4070611570685024,0.32697038932955313,-0.9749624040452535,-0.2223697612048452,LAND
12345,24576,-12288,-11.0592,18.724481885569713,762.8118054246279,883.5565629019867,0.4630487145989618,0.40520585622651445,-0.9724899345858,-0.23294490148811256,LAND
12345,28672,-12288,-11.0592,19.07161530632481,930.3381851061569,868.8790216440209,0.5167921857527623,0.42744238831170006,-0.9686226163889408,-0.24853616843397827,LAND
12345,32768,-12288,-11.0592,19.96084058526891,1246.542692649391,879.2951305348404,0.5861014314589856,0.21426132309221962,-0.9669787124667635,-0.2548571553559371,MAJOR_OCEAN
12345,-32768,-8192,-7.372800000000001,20.630133316405185,1176.4693020700247,891.3423996952934,0.5686691065533624,0.2624287876091975,-0.9765170319339959,-0.2154402152403756,MAJOR_OCEAN
12345,-28672,-8192,-7.372800000000001,19.692592515574425,445.73428464594105,903.6049158568644,0.33009060573815063,0.38236355850513587,-0.975486252351341,-0.22006038142640716,LAND
12345,-24576,-8192,-7.372800000000001,18.7575588289045,679.6593687573652,930.1103311148161,0.4219469541867456,0.7122801799858279,-0.9719036264081272,-0.23537914303253693,LAND
12345,-20480,-8192,-7.372800000000001,19.50725995095769,911.0531432573188,911.0751732270465,0.49971970432347335,0.6114453946960291,-0.9689581697597103,-0.24722472622274752,LAND
12345,-16384,-8192,-7.372800000000001,20.809072044400455,1177.0300622652148,894.5632967992083,0.5679020716328701,0.26331512733386103,-0.9695561980356235,-0.24486890135480016,MAJOR_OCEAN
12345,-12288,-8192,-7.372800000000001,19.752678355913705,475.46732789070245,912.2585933600673,0.3423766494273169,0.3831542991989883,-0.9730893132333083,-0.23042827185727136,LAND
12345,-8192,-8192,-7.372800000000001,18.841289130715946,661.0909193735173,931.6174765474221,0.41481297398292216,0.6744626785131289,-0.9761583943670641,-0.21705941377124238,LAND
12345,-4096,-8192,-7.372800000000001,19.85432288356726,870.9400078077508,904.4807756491408,0.4902779881424901,0.527275983552187,-0.9761267053638065,-0.21720187631694282,LAND
12345,0,-8192,-7.372800000000001,20.716905266614514,1126.39152970024,892.9042947990613,0.5575379189725339,0.2555925428669328,-0.9730197407918564,-0.23072187592282742,MAJOR_OCEAN
12345,4096,-8192,-7.372800000000001,19.776399421695473,609.3860146383092,910.9028389820077,0.40057219454945125,0.4308115687524882,-0.9695121731609875,-0.24504315149103725,LAND
12345,8192,-8192,-7.372800000000001,19.105384769882267,605.3532977734935,937.5985380502013,0.39208042875932,0.717829777280186,-0.968984177503657,-0.2471227705970483,LAND
12345,12288,-8192,-7.372800000000001,19.706203611910038,906.5399381126708,905.9643788416225,0.4998829777450807,0.5458317954489563,-0.9719730250131738,-0.23509240448542826,LAND
12345,16384,-8192,-7.372800000000001,20.9319676419564,1116.14826732334,896.7754175552152,0.5542157707880806,0.26407157033544426,-0.9755334326075762,-0.21985113569158463,MAJOR_OCEAN
12345,20480,-8192,-7.372800000000001,19.95381410596897,666.3513995172859,908.2324313809297,0.42292348172766503,0.5038728137720363,-0.9765029109420877,-0.2155042109139145,LAND
12345,24576,-8192,-7.372800000000001,22.002309247217273,679.4165499925797,928.1825386733179,0.4223653704516632,0.5086149673638007,-0.9740969667954834,-0.22613071281857935,LAND
12345,28672,-8192,-7.372800000000001,19.7180516836853,813.7806557873538,906.1776441335772,0.4728648310797204,0.5682573775763727,-0.9703256400455268,-0.24180188640752748,LAND
12345,32768,-8192,-7.372800000000001,20.664282743354473,1149.3726881678074,891.9570893803805,0.5627752681291396,0.3762771442231264,-0.968719909827696,-0.24815667692693794,MAJOR_OCEAN
12345,-32768,-4096,-3.6864000000000003,21.528868213737688,1114.9937927956698,907.5196278472783,0.5510187288213751,0.1727445985348235,-0.9758081488141204,-0.21862858163552074,MAJOR_OCEAN
12345,-28672,-4096,-3.6864000000000003,21.02005066722635,636.6909878210064,901.9272304447197,0.4135382267288282,0.28126930419509016,-0.9747638334747171,-0.2232385919810327,LAND
12345,-24576,-4096,-3.6864000000000003,20.627417999789373,667.6337828160018,932.9717948365312,0.4168528082891357,0.4185306808636139,-0.9711370358328631,-0.2385222371892403,LAND
12345,-20480,-4096,-3.6864000000000003,20.87214702408753,852.9545466515565,904.582800263523,0.48503635600793754,0.2601996473308009,-0.9681582029354746,-0.2503391581210427,LAND
12345,-16384,-4096,-3.6864000000000003,21.67467674976074,1200.2191581543107,910.1441814956934,0.5684569470422217,0.0,-0.9687628128942625,-0.24798913757097543,MAJOR_OCEAN
12345,-12288,-4096,-3.6864000000000003,20.843231863424467,583.4382742053907,905.282426938984,0.39164272454373805,0.2712262513201152,-0.9723368769343548,-0.23358295689871153,LAND
12345,-8192,-4096,-3.6864000000000003,20.53135846997658,607.6491618383382,919.288639657666,0.3976923414312996,0.3743152227973037,-0.9754447565034455,-0.2202442439882004,LAND
12345,-4096,-4096,-3.6864000000000003,20.984509593924592,814.4946282010404,904.7478210001227,0.47347664777094123,0.24689050157267844,-0.9754126497253423,-0.22038639421658202,LAND
12345,0,-4096,-3.6864000000000003,21.805485551254364,1012.7281130542779,912.4987399225786,0.5257574472545502,0.0,-0.9722664618062425,-0.2338758800021293,MAJOR_OCEAN
12345,4096,-4096,-3.6864000000000003,20.843594013078867,718.4021343234966,900.7746383655939,0.44340972320639294,0.24925564686086973,-0.9687183002344452,-0.2481629601509607,LAND
12345,8192,-4096,-3.6864000000000003,20.53554042870277,695.6784915148537,918.7035051901381,0.43065881193047717,0.3706062046060625,-0.9681844949361725,-0.25023745476085013,LAND
12345,12288,-4096,-3.6864000000000003,20.87793385539179,820.7750762097833,906.7223058429154,0.4748488975060301,0.27626342755952576,-0.9712072509720586,-0.23823617621867735,LAND
12345,16384,-4096,-3.6864000000000003,21.680546582094912,1310.2848914548183,910.2498384777084,0.5898106717848227,0.1677302762559882,-0.9748116246704976,-0.22302981057980767,MAJOR_OCEAN
12345,20480,-4096,-3.6864000000000003,20.879942430080174,763.4559676580849,899.4052821760886,0.45884593305732296,0.4164114356259335,-0.9757938396773063,-0.2186924380215729,LAND
12345,24576,-4096,-3.6864000000000003,20.675887946725066,676.4341955462257,930.4785950343921,0.4206908481037489,0.4052047582990093,-0.9733569119480956,-0.22929527243898257,LAND
12345,28672,-4096,-3.6864000000000003,20.815917095502048,891.7907716994343,900.2764538492112,0.4973549005819136,0.2518179918651272,-0.9695408656145093,-0.24492960193383734,LAND
12345,32768,-4096,-3.6864000000000003,21.78644508660913,1168.3140099750917,912.1560115589643,0.561292739212279,0.1655885606021251,-0.9679173471519197,-0.25126879846568745,MAJOR_OCEAN
12345,-32768,0,0.0,22.379912078650474,1474.1114145966174,922.8384174157086,0.6147382213411712,0.14090373935690062,-0.9666691468408756,0.25602882756817413,MAJOR_OCEAN
12345,-28672,0,0.0,22.52117391136655,1127.2865859317994,925.3811304045979,0.548913817442094,0.0,-0.9678490580553387,0.2515317093755649,MAJOR_OCEAN
12345,-24576,0,0.0,22.58031039449814,1430.5079923759138,926.4455871009666,0.6066735175903152,0.06223510261228933,-0.9716562410614337,0.2363982851172258,MAJOR_OCEAN
12345,-20480,0,0.0,22.496168221056138,1466.6761429501312,924.9310279790104,0.6130033215525991,0.10214623575981825,-0.9744842754312318,0.22445577946951412,MAJOR_OCEAN
12345,-16384,0,0.0,22.333931174891223,1277.4623871256408,922.0107611480421,0.5805398662227879,0.09944529483945577,-0.973930201774453,0.22684788311018722,MAJOR_OCEAN
12345,-12288,0,0.0,22.51940239378671,1196.8805348768374,925.3492430881608,0.5637074928479872,0.0,-0.9704438323715103,0.24132709796476656,MAJOR_OCEAN
12345,-8192,0,0.0,22.51620319121465,1226.4517790121274,925.2916574418637,0.569715720992904,0.052550964724863786,-0.9670842873806409,0.25445624594707444,MAJOR_OCEAN
12345,-4096,0,0.0,22.674972931802092,1475.3171777249047,928.1495127724377,0.6135735560635895,0.10695173537648688,-0.9671207292678493,0.2543177048898157,MAJOR_OCEAN
12345,0,0,0.0,22.3977023998126,1467.5199632351114,923.1586431966268,0.6135941339645864,0.1074240343605122,-0.9705162205505495,0.24103581818534164,MAJOR_OCEAN
12345,4096,0,0.0,22.6233488609649,1310.8247862903286,927.2202794973682,0.5854392152795638,0.0,-0.9739713284269427,0.22667124079215842,MAJOR_OCEAN
12345,8192,0,0.0,22.589844668292976,1295.8026046006637,926.6172040292736,0.5827970946247583,0.07163007689878448,-0.9744603836377427,0.22455948147558433,MAJOR_OCEAN
12345,12288,0,0.0,22.501072833369655,1328.9250559433326,925.0193110006537,0.5893382894161414,0.11245251688372845,-0.9715865027467407,0.236684743235295,MAJOR_OCEAN
12345,16384,0,0.0,22.355447042920666,1281.1780802380313,922.398046772572,0.5811448579801615,0.13573127601710624,-0.967795930212566,0.2517360472081701,MAJOR_OCEAN
12345,20480,0,0.0,22.382221509985943,1110.784342816834,922.879987179747,0.5459300221863626,0.0,-0.9666855875247488,0.2559667456368722,MAJOR_OCEAN
12345,24576,0,0.0,22.35294007409459,1267.731006593497,922.3529213337026,0.5785862378137158,0.04902634517133718,-0.9693773214946474,0.2455760749174542,MAJOR_OCEAN
12345,28672,0,0.0,22.683970788256307,1370.9663044945316,928.3114741886136,0.5960003253517397,0.11332481522967035,-0.9732025815641658,0.22994941886606984,MAJOR_OCEAN
12345,32768,0,0.0,22.691416624375055,1339.1991990565257,928.4454992387509,0.5903080372448086,0.12518699524838162,-0.9747022957339438,0.22350712447476812,MAJOR_OCEAN
12345,-32768,4096,3.6864000000000003,21.666658551914104,1211.0190777645014,909.9998539344539,0.5706919291219147,0.16467640097199812,-0.9686905812625659,0.24827113761609956,MAJOR_OCEAN
12345,-28672,4096,3.6864000000000003,20.783236290288066,661.9463024455738,906.2392254485922,0.4218406878464526,0.2846850601520758,-0.9698391077027493,0.24374598493172148,LAND
12345,-24576,4096,3.6864000000000003,20.75108033198224,609.5999969342298,928.2776059146075,0.39613286710113377,0.37178029398711476,-0.9735388151412208,0.22852171759687961,LAND
12345,-20480,4096,3.6864000000000003,20.828839743536918,887.1530064180331,908.560963782082,0.4937641834661215,0.2746652650952015,-0.9762800983482273,0.21651136129352577,LAND
12345,-16384,4096,3.6864000000000003,21.573571658785923,1173.018952904006,908.3242898581466,0.5633168100317789,0.18212373060832196,-0.9757435330348534,0.21891678268388173,MAJOR_OCEAN
12345,-12288,4096,3.6864000000000003,20.84228733076873,628.7204333569088,910.4828803843195,0.40820612950748464,0.30334985818140703,-0.9723617189290189,0.2334795227881957,LAND
12345,-8192,4096,3.6864000000000003,20.686450083209184,661.0277183980795,925.4646345431267,0.41639741896921195,0.37600947460068,-0.9690947765118894,0.24668869884405162,LAND
12345,-4096,4096,3.6864000000000003,20.78965293819274,924.6313052258485,901.2404011969494,0.5061282092087196,0.25359425693245335,-0.969130252614036,0.24654929216741797,LAND
12345,0,4096,3.6864000000000003,21.649794397783086,1282.3673914775077,909.6962991600956,0.5847378701093159,0.14575091851259453,-0.972432028401418,0.2331865136304068,MAJOR_OCEAN
12345,4096,4096,3.6864000000000003,21.031095920457407,593.5364367809385,901.0926130510799,0.39684735787099185,0.26638798989645696,-0.9757833690295703,0.21873915224600596,LAND
12345,8192,4096,3.6864000000000003,20.454949629828395,593.833724902993,924.6908932219216,0.3908023060763443,0.40400220681331345,-0.9762569669190834,0.21661563780565746,LAND
12345,12288,4096,3.6864000000000003,20.85461405788712,766.1208533294333,904.2672068719157,0.45837401353527685,0.25658124562165285,-0.9734711371455309,0.22880984494681825,LAND
12345,16384,4096,3.6864000000000003,21.67793873282648,1226.9790414624604,910.2028971908767,0.5738422064472364,0.0,-0.9697874115195513,0.2439515862998404,MAJOR_OCEAN
12345,20480,4096,3.6864000000000003,20.91250505722388,673.3521871816013,899.9914094646751,0.4277034496256093,0.2613289935036016,-0.9687065904573587,0.248208665450018,LAND
12345,24576,4096,3.6864000000000003,20.687963009839873,670.1677218450026,922.1075213752051,0.4206226919653318,0.35888732534530265,-0.9713254125257695,0.23775395471294172,LAND
12345,28672,4096,3.6864000000000003,23.015527631518406,1099.9965476719065,934.2794973673313,0.540465530635526,0.0,-0.9750385162130868,0.22203578968486629,COASTAL_WATER
12345,32768,4096,3.6864000000000003,21.527474198204903,1296.3208547745924,907.4945355676882,0.5879498394527028,0.1720350067059946,-0.9764911572845711,0.2155574627449464,MAJOR_OCEAN
12345,-32768,8192,7.372800000000001,20.85793920539742,1098.5492760929262,895.4429056971536,0.550653424168917,0.27266876324285405,-0.9682598835972431,0.24994558971154746,MAJOR_OCEAN
12345,-28672,8192,7.372800000000001,19.84395482320816,616.0044487874238,915.2608390351946,0.40202206085525777,0.46043554087973176,-0.9694152220911627,0.24542641907085264,LAND
12345,-24576,8192,7.372800000000001,18.819954371191937,611.7024101581569,930.998725382189,0.39625701897539967,0.704009828013708,-0.973138248577356,0.2302215219213791,LAND
12345,-20480,8192,7.372800000000001,19.857774126253872,905.5543493602894,903.9558232343015,0.5001652921190523,0.5586516060049747,-0.9758983450409863,0.2182256175298038,LAND
12345,-16384,8192,7.372800000000001,20.734567816878997,1189.7588385119418,893.2222207038219,0.5709067427703338,0.2764744369098836,-0.9753579834304573,0.22062820345203338,MAJOR_OCEAN
12345,-12288,8192,7.372800000000001,19.881557907485284,465.75155950457304,912.2255015245611,0.33775149178839964,0.40655436265882383,-0.9719534920137869,0.23517314762150376,LAND
12345,-8192,8192,7.372800000000001,19.140330998442078,598.6139820604094,936.2887192749641,0.3897473333043501,0.6960883886732364,-0.9686664546481507,0.2483652544930192,LAND
12345,-4096,8192,7.372800000000001,19.625082797290407,910.5806785236218,907.0825881381049,0.5006867929955231,0.5642574403221878,-0.9687021403783621,0.24822603253160205,LAND
12345,0,8192,7.372800000000001,20.587912824783935,1077.2345644791646,890.5824308461108,0.5471481438025634,0.2610701602000794,-0.9720242524589517,0.2348805071341937,MAJOR_OCEAN
12345,4096,8192,7.372800000000001,19.970439851554953,489.20317358164493,910.4511208751318,0.34926760694463527,0.4179675702051573,-0.9753980992867509,0.22045078341388022,LAND
12345,8192,8192,7.372800000000001,18.762313177236834,667.4731843890729,930.195909384798,0.4175180385913471,0.7243105027177229,-0.9758750487503074,0.21832977173666715,LAND
12345,12288,8192,7.372800000000001,19.802598666261243,856.9282822604396,912.5254364268229,0.484016200601858,0.5904038709019178,-0.9730701236732557,0.2305092935534593,LAND
12345,16384,8192,7.372800000000001,20.840796766616915,1217.3647131860193,895.1343417991045,0.5759949172035888,0.2633630275462916,-0.9693632151916646,0.24563175086555591,MAJOR_OCEAN
12345,20480,8192,7.372800000000001,19.837179177871985,627.836918248631,904.1721889466259,0.40954545886377725,0.44605104761745135,-0.9682759864543785,0.249883200827507,LAND
12345,24576,8192,7.372800000000001,18.832003851566274,699.8875440129565,931.450341522728,0.4287638914802705,0.6938364872377234,-0.970910632245495,0.23944215207989814,LAND
12345,28672,8192,7.372800000000001,19.61324251854153,855.7899878089517,907.1049936469701,0.4851706007477731,0.5899121297746323,-0.9746480650864745,0.22374348978951636,LAND
12345,32768,8192,7.372800000000001,20.706150839562326,1209.5416066139626,892.7107151121219,0.5750815506630813,0.27112455240510264,-0.9761109133067069,0.2172728352177203,MAJOR_OCEAN
12345,-32768,12288,11.0592,19.746121195737782,1296.304999495841,875.43018152328,0.5966235603953397,0.23876147693884883,-0.9657462528785239,0.259488294632128,MAJOR_OCEAN
12345,-28672,12288,11.0592,19.139164900741733,485.00402178545596,867.0378546961977,0.3584545535623947,0.2907836754743954,-0.9669400138376852,0.2550039404393137,LAND
12345,-24576,12288,11.0592,18.918969721260286,754.5353580581749,892.1261680268148,0.4579431795382315,0.43695786572057305,-0.9707946567777626,0.23991193044895917,LAND
12345,-20480,12288,11.0592,21.0005021437197,1260.823815097435,898.0090385869546,0.5837599020436401,0.17792975052097884,-0.9736610343523513,0.22800041706959548,COASTAL_WATER
12345,-16384,12288,11.0592,19.91403454689046,1114.2607114901755,878.4526218440283,0.5588871242721399,0.238958427587246,-0.9730992197310739,0.23038643310484883,MAJOR_OCEAN
12345,-12288,12288,11.0592,19.23373541916855,540.7647181595045,871.7971836752082,0.3825546779788183,0.299315299018883,-0.9695666491252425,0.24482751663987615,LAND
12345,-8192,12288,11.0592,18.762625910048996,759.6226548013216,891.1398495178311,0.45988612334703277,0.45265009679811696,-0.96616622295652,0.2579202000967202,LAND
12345,-4096,12288,11.0592,21.224187801695958,1175.8327958081725,902.0353804305273,0.5656120042857211,0.17959195973848296,-0.9662030910156169,0.2577820531221437,COASTAL_WATER
12345,0,12288,11.0592,19.999431791703284,1146.2181951846335,879.9897722506591,0.5654171715962438,0.22584435704249614,-0.9696399554095868,0.24453702556728382,MAJOR_OCEAN
12345,4096,12288,11.0592,19.311710908327658,545.8465730902226,873.2007424800721,0.3843861870694141,0.2917635523505359,-0.9731409169804649,0.23021024238382595,LAND
12345,8192,12288,11.0592,18.717935816664728,685.4378001200602,884.0258084448952,0.4364557041512051,0.4533800861745977,-0.973636806353657,0.22810385641950792,LAND
12345,12288,12288,11.0592,19.04227667121707,1007.0980472772998,874.9019523053142,0.5348369875201983,0.482674193966137,-0.9707240081937831,0.24019762679134898,LAND
12345,16384,12288,11.0592,19.96885919218992,1190.023235755134,879.4394654594186,0.5747619771450388,0.23002811712736745,-0.9668862541254083,0.2552077028291589,MAJOR_OCEAN
12345,20480,12288,11.0592,18.899466664746242,505.9763407721457,873.8322483638498,0.3664348156240446,0.3099973301935647,-0.9657628839440645,0.25942639032304216,LAND
12345,24576,12288,11.0592,18.74973456731647,674.3908755870178,894.0493517518809,0.4297015355153074,0.4475798464584282,-0.9684867998553304,0.24906488814359437,LAND
12345,28672,12288,11.0592,19.080487209128076,1080.465489554862,869.0387158944797,0.5539416354685341,0.44459223930219344,-0.9723616076952467,0.23347998603802225,LAND
12345,32768,12288,11.0592,19.769723868386702,1118.4568310873192,875.8550296309606,0.5605423658859487,0.23665206570177447,-0.9738821328221211,0.2270541595519368,MAJOR_OCEAN
12345,-32768,16384,14.745600000000001,18.921679067791263,1389.471138616149,860.5902232202427,0.61725156060723,0.12084405699364038,-0.963399916880403,0.26806827517412907,MAJOR_OCEAN
12345,-28672,16384,14.745600000000001,19.113629370190043,1208.61954319559,864.0453286634208,0.5828422709943868,0.0,-0.9646276283107854,0.2636162716895701,MAJOR_OCEAN
12345,-24576,16384,14.745600000000001,19.163533860528716,1298.8084013888945,864.9436094895169,0.5999802263086315,0.055854635431576274,-0.9685986976292239,0.24862936864129961,MAJOR_OCEAN
12345,-20480,16384,14.745600000000001,18.878452563448338,1453.7361610772346,859.8121461420701,0.6280863339697375,0.1099172133365922,-0.9715592299823709,0.23679666939393948,MAJOR_OCEAN
12345,-16384,16384,14.745600000000001,18.84706920114693,1306.6914361137508,859.2472456206447,0.6030126496555446,0.0,-0.9709784003054052,0.23916719285963173,MAJOR_OCEAN
12345,-12288,16384,14.745600000000001,18.906470909606192,1113.8256752434224,860.3164763729114,0.5639217786587849,0.0,-0.9673324089972084,0.2535113616855417,MAJOR_OCEAN
12345,-8192,16384,14.745600000000001,18.961578690522224,1247.7198387623819,861.3084164294,0.5913284979442022,0.04213742337076719,-0.9638317244947412,0.2665115510770467,MAJOR_OCEAN
12345,-4096,16384,14.745600000000001,19.10230347016923,1264.7303925434856,863.8414624630461,0.5938895133170354,0.10726604934778619,-0.9638696371989678,0.26637440283542674,MAJOR_OCEAN
12345,0,16384,14.745600000000001,19.174628895138746,1331.045427217715,865.1433201124973,0.6057947587957833,0.17578937735045294,-0.9674079679937653,0.25322287310228114,MAJOR_OCEAN
12345,4096,16384,14.745600000000001,18.853007402715473,1446.60274884677,859.3541332488785,0.627061025749502,0.10638919551853508,-0.9710214990690665,0.23899215122188158,MAJOR_OCEAN
12345,8192,16384,14.745600000000001,19.021171536963053,1346.0565763629857,862.3810876653349,0.6092303929990992,0.05158037402043673,-0.971534176055266,0.23689944017792744,MAJOR_OCEAN
12345,12288,16384,14.745600000000001,18.954686683943454,1429.5536327928767,861.1843603109821,0.6237858067085295,0.10990612540031543,-0.9685258147994942,0.24891312955924175,MAJOR_OCEAN
12345,16384,16384,14.745600000000001,18.86256930648663,1265.4002688462992,859.5262475167593,0.5952229576641672,0.13323538665293794,-0.9645723194182251,0.26381857518405627,MAJOR_OCEAN
12345,20480,16384,14.745600000000001,18.840249730796035,1208.1536116187579,859.1244951543287,0.5841349901941915,0.0,-0.9634170145578652,0.2680068209214274,MAJOR_OCEAN
12345,24576,16384,14.745600000000001,18.932381459324137,1431.502791875128,860.7828662678345,0.6242147753343202,0.05919682218569779,-0.966219837422137,0.25771927706700387,MAJOR_OCEAN
12345,28672,16384,14.745600000000001,19.201537973872565,1376.0897185925426,865.6276835297062,0.6135814156925745,0.11365169594142088,-0.9702162489826446,0.2422404388413442,MAJOR_OCEAN
12345,32768,16384,14.745600000000001,18.87325923389699,1362.0294996644732,859.7186662101458,0.6127682481422876,0.20337076401378873,-0.9717878906222006,0.23585651494087226,MAJOR_OCEAN
12345,-32768,20480,18.432000000000002,18.296552970203578,1100.3827810017413,849.3379534636645,0.5640903700668874,0.0,-0.9634551627251825,0.26786965005052765,MAJOR_OCEAN
12345,-28672,20480,18.432000000000002,19.40785673230575,842.5141456687862,869.3414211815035,0.49187693461980336,0.24776260353531185,-0.9646820947356505,0.2634168865058532,COASTAL_WATER
12345,-24576,20480,18.432000000000002,17.215859086784647,721.7768737529848,856.9884273070538,0.4568886740762474,0.34054918879559776,-0.9686504897969574,0.2484275117939121,LAND
12345,-20480,20480,18.432000000000002,17.679547051597293,810.9184009823734,843.8217930589257,0.4897618623384984,0.24880771732755708,-0.9716088579510718,0.23659295668090824,LAND
12345,-16384,20480,18.432000000000002,18.235063175818986,1331.4732553957128,848.2311371647418,0.6105702634149213,0.16234845364637657,-0.9710284654509331,0.23896384513981606,MAJOR_OCEAN
12345,-12288,20480,18.432000000000002,17.670095616975978,635.9460745741081,846.9458749355151,0.4285662947253451,0.28207937484741163,-0.9673850806933216,0.2533102951953898,LAND
12345,-8192,20480,18.432000000000002,17.187760887051407,623.8054216087172,858.4434734404135,0.42056692149974906,0.35746040636776877,-0.9638866985999508,0.26631265884686667,LAND
12345,-4096,20480,18.432000000000002,17.363224951610576,875.6587742626158,839.5646974384704,0.5102242153783624,0.2602612036786412,-0.9639245873224584,0.2661754871419007,LAND
12345,0,20480,18.432000000000002,18.26829926595682,1088.706286288024,848.8293867872228,0.5616127169643086,0.0,-0.9674605879386995,0.2530217595095446,MAJOR_OCEAN
12345,4096,20480,18.432000000000002,17.682640577248154,688.5179323570908,841.8538488251122,0.44960860636047645,0.26626825500158385,-0.971071531994055,0.23878877643373222,LAND
12345,8192,20480,18.432000000000002,17.19826335431063,668.2306556376792,859.7919009472602,0.43703126076188664,0.37250984115129016,-0.9715838230140521,0.2366957432177416,LAND
12345,12288,20480,18.432000000000002,17.49828207933687,914.6339346022693,841.9957257375437,0.5203792102742723,0.2552801351322572,-0.9685776583065057,0.24871131825770607,LAND
12345,16384,20480,18.432000000000002,18.253339976106254,1023.3769280454308,848.5601195699126,0.5464022025451483,0.0,-0.9646268214125656,0.2636192242828473,MAJOR_OCEAN
12345,20480,20480,18.432000000000002,19.17580981714421,746.9156178809384,865.1645767085957,0.4630368783809904,0.24804071207588294,-0.9634722496916522,0.26780818522611777,COASTAL_WATER
12345,24576,20480,18.432000000000002,17.15390459544633,624.8016785267693,860.3549957621636,0.42041440807424435,0.36972316020284307,-0.9662732607533167,0.25751890329285126,LAND
12345,28672,20480,18.432000000000002,17.503254989347614,811.1810330647733,840.6485359384313,0.4907832291226395,0.24351346385143924,-0.9702668782348862,0.24203756939848942,LAND
12345,32768,20480,18.432000000000002,18.249225475455503,1055.6431172850594,848.486058558199,0.5541057953814628,0.0,-0.9718373447137897,0.23565265841838237,MAJOR_OCEAN
12345,-32768,24576,22.1184,17.315493326101354,1135.987738327416,831.6788798698244,0.5770340837940706,0.2596552120224409,-0.9658580195058422,0.2590719709969651,MAJOR_OCEAN
12345,-28672,24576,22.1184,16.355280232598467,647.399803095644,848.2261419736499,0.43257288518118625,0.4563394377427514,-0.9670501185764214,0.2545860722060993,LAND
12345,-24576,24576,22.1184,15.223468530104489,641.745854707165,865.6402067836925,0.4254519920933747,0.6975867747807435,-0.9708990655443932,0.23948904886241457,LAND
12345,-20480,24576,22.1184,16.425885571555213,846.2464939998274,848.5899302659882,0.49901422206224627,0.5933308861086496,-0.9737608401578484,0.2275737818270842,LAND
12345,-16384,24576,22.1184,17.620985145421635,1055.6663020657215,837.1777326175894,0.5574198734069727,0.2733961649368364,-0.9731999548910248,0.2299605353100988,MAJOR_OCEAN
12345,-12288,24576,22.1184,16.345832030780244,612.0192574270553,845.809689598174,0.41952777169321614,0.44817890434858115,-0.9696729302007216,0.24440623649151488,LAND
12345,-8192,24576,22.1184,14.922614743646134,630.6037897147924,862.0528044959686,0.42218793272760236,0.6969037726481605,-0.9662774100836444,0.2575033334969558,LAND
12345,-4096,24576,22.1184,16.180980538457035,797.8862358213559,847.811779232411,0.48453707269168217,0.5728924810033812,-0.9663142270051946,0.2573651388346003,LAND
12345,0,24576,22.1184,17.403735142932195,1021.1652368246937,833.2672325727794,0.5503650785826247,0.2658665367861026,-0.9697461262916579,0.24411564993323126,MAJOR_OCEAN
12345,4096,24576,22.1184,15.966839702302847,564.2712992412835,848.4891472611924,0.39912794323624134,0.4260305865507048,-0.9732415836378162,0.22978428988543925,LAND
12345,8192,24576,22.1184,15.004624041921014,664.5751518864417,863.696172274565,0.4345698120319119,0.705531273493954,-0.9737366525236624,0.2276772529964562,LAND
12345,12288,24576,22.1184,16.431730670053994,853.2964760206943,846.5498689134133,0.501689337524344,0.5383070285876919,-0.9708285262226846,0.23977483744607184,LAND
12345,16384,24576,22.1184,17.659076077244855,1050.5620940924357,837.8633693904073,0.5560219836118322,0.25127359388993625,-0.9669964346878981,0.2547899042365959,MAJOR_OCEAN
12345,20480,24576,22.1184,16.182020207528293,560.0013026445321,846.2040131269983,0.397952805015876,0.4363475708616733,-0.9658746277276636,0.2590100451950603,LAND
12345,24576,24576,22.1184,15.350749855042968,634.0218771480785,868.6354731532134,0.4216531625513205,0.6999052074491138,-0.9685946817721637,0.2486450129053084,LAND
12345,28672,24576,22.1184,16.169238604728886,859.4487746195861,842.2990087123618,0.5047422660200509,0.550586934511857,-0.972463542381127,0.2330550551684086,LAND
12345,32768,24576,22.1184,17.32636806084368,1196.5836849323562,831.8746250951863,0.5896074233306704,0.2466611395456034,-0.9739815690620343,0.22662723386093267,MAJOR_OCEAN
12345,-32768,28672,25.804799999999997,16.61839463274953,1266.3614987064686,819.1311033894915,0.6069331362279267,0.23914226979739012,-0.968324827671322,0.24969386879798328,MAJOR_OCEAN
12345,-28672,28672,25.804799999999997,17.7724888633505,550.1688530096383,839.904799540309,0.39549944174496837,0.31179696200015894,-0.9694791434258245,0.24517379644311424,COASTAL_WATER
12345,-24576,28672,25.804799999999997,15.294830789542543,745.6329021584314,833.5711829502201,0.47185860939421836,0.46623304462086346,-0.973198668569133,0.22996597899530033,LAND
12345,-20480,28672,25.804799999999997,15.810980249882423,946.7421196553927,813.4817983278311,0.5375478438536687,0.43438173202918273,-0.9759559399093514,0.21796789524068588,LAND
12345,-16384,28672,25.804799999999997,16.70294459599811,1245.9041392774452,820.6530027279659,0.6025971974196516,0.22463943898370883,-0.9754161483985343,0.22037090879553164,MAJOR_OCEAN
12345,-12288,28672,25.804799999999997,15.99707514474741,479.38634016583063,813.5372987356277,0.37049044143967397,0.3044273903647185,-0.9720150622531802,0.23491853641836377,LAND
12345,-8192,28672,25.804799999999997,15.419990150242874,750.7291872556555,836.5861142830109,0.4726575299805984,0.48448654509621014,-0.9687310420317378,0.24811321650428778,LAND
12345,-4096,28672,25.804799999999997,15.893962320971381,969.575686340865,811.6812679076592,0.5440156561205169,0.43901780033353655,-0.968766696289246,0.2479739666997721,LAND
12345,0,28672,25.804799999999997,16.604403511093775,1284.5089828857087,818.879263199688,0.6103954369043663,0.23027450093706772,-0.9720857549834181,0.23462584034653575,MAJOR_OCEAN
12345,4096,28672,25.804799999999997,15.915495555555516,546.6564056203221,817.3984164458625,0.40046479949639524,0.32028666455792637,-0.9754562222276799,0.2201934570265501,LAND
12345,8192,28672,25.804799999999997,15.4402070093579,726.5301484567134,837.8682202782504,0.46411837585076826,0.5035471515001742,-0.9759326683765871,0.21807206789351627,LAND
12345,12288,28672,25.804799999999997,15.854078084868393,933.6994794037737,817.5143777510381,0.5328684484437789,0.4694185471702897,-0.9731306107723212,0.23025380426366276,LAND
12345,16384,28672,25.804799999999997,16.810513128515105,1311.4452553249791,822.5892363132718,0.6142501493353782,0.22668281316996888,-0.9694271831771258,0.2453791688739354,MAJOR_OCEAN
12345,20480,28672,25.804799999999997,15.933771125623775,492.1958910090606,809.3407667440744,0.37787488596143964,0.29687810782743507,-0.9683409164665737,0.2496314673607397,LAND
12345,24576,28672,25.804799999999997,15.626844432921006,658.5724128937302,834.6957829295272,0.44073240314861545,0.4385610666785116,-0.970973186473463,0.2391883591431025,LAND
12345,28672,28672,25.804799999999997,15.88659887743305,1022.0012588390833,818.0997520172019,0.5551033065609782,0.4557304455935283,-0.9747069661120142,0.2234867562356048,LAND
12345,32768,28672,25.804799999999997,16.60089269101952,1178.2677256342286,818.8160684383513,0.5896988550378225,0.2215402807429132,-0.9761682815120736,0.2170149445770154,MAJOR_OCEAN
12345,-32768,32768,29.491200000000003,16.184057869609518,1474.494710949607,811.3130416529714,0.6447829771748451,0.13948779526334124,-0.9686527105696633,0.24841885255761928,MAJOR_OCEAN
12345,-28672,32768,29.491200000000003,16.03918822393492,1314.859032927134,808.7053880308285,0.618884049811145,0.0,-0.9698018387769954,0.2438942260586719,MAJOR_OCEAN
12345,-24576,32768,29.491200000000003,16.201229220737275,1270.516227128387,811.622125973271,0.6099048703302259,0.0566042677448277,-0.9735036059995633,0.2286716622274106,MAJOR_OCEAN
12345,-20480,32768,29.491200000000003,16.24869698669606,1510.8662661276933,812.4765457605291,0.6500186884654563,0.11191452928343347,-0.976246550788377,0.21666257654195148,MAJOR_OCEAN
12345,-16384,32768,29.491200000000003,15.87957687722719,1455.3453752246874,805.8323837900894,0.6433382033861561,0.12608810412114982,-0.9757096502012569,0.21906774866269318,MAJOR_OCEAN
12345,-12288,32768,29.491200000000003,16.029117085830816,1269.564476283072,808.5241075449546,0.6106351052851942,0.0,-0.9723258331757868,0.2336289240205758,MAJOR_OCEAN
12345,-8192,32768,29.491200000000003,15.945315831942931,1368.27588025596,807.0156849749728,0.6287190108696524,0.06725913594190015,-0.9690571156968026,0.2468365988207456,MAJOR_OCEAN
12345,-4096,32768,29.491200000000003,15.99458289726419,1317.2238212014113,807.9024921507554,0.6195416579575672,0.12010386437919265,-0.9690926103173,0.24669720839199147,MAJOR_OCEAN
12345,0,32768,29.491200000000003,15.954319276375761,1379.7055574295564,807.1777469747637,0.6306120416258668,0.13130488497250628,-0.9723961824818456,0.23333594728359666,MAJOR_OCEAN
12345,4096,32768,29.491200000000003,16.25825434558139,1339.7022092055336,812.648578220465,0.6221476858431146,0.0,-0.9757495109124689,0.21889013672177612,MAJOR_OCEAN
12345,8192,32768,29.491200000000003,16.246178008032658,1411.0026388536687,812.4312041445878,0.6343198937091404,0.060640157169347564,-0.9762234047994705,0.21676684230234397,MAJOR_OCEAN
12345,12288,32768,29.491200000000003,16.039144660222547,1341.244781472782,808.7046038840058,0.6235594340823151,0.1054919360439167,-0.9734358885308728,0.22895975829850593,MAJOR_OCEAN
12345,16384,32768,29.491200000000003,16.270554283934448,1414.2934082950035,812.8699771108201,0.6347350546905307,0.11847687774598324,-0.9697501151461109,0.24409980371582604,MAJOR_OCEAN
12345,20480,32768,29.491200000000003,16.211200936700276,1319.4205839865172,811.801616860605,0.6188006969734755,0.0,-0.9686687280386268,0.24835638771738675,MAJOR_OCEAN
12345,24576,32768,29.491200000000003,15.881996306974893,1297.8736988077349,805.8759335255481,0.6166404207273519,0.0506495951563506,-0.9712889479129199,0.23790287863372592,MAJOR_OCEAN
12345,28672,32768,29.491200000000003,16.045514410434546,1290.0630829653528,808.8192593878218,0.6143501742672304,0.11004683674493485,-0.9750042004861506,0.22218642855575657,MAJOR_OCEAN
12345,32768,32768,29.491200000000003,16.025603633821426,1427.9828833491629,808.4608654087856,0.638220685611366,0.11913066448648574,-0.9764577430206739,0.21570877611949785,MAJOR_OCEAN
67890,-32768,-32768,-29.491200000000003,16.14191682506011,1425.2300569566992,810.554502851082,0.6371780646944276,0.1939527587168854,-0.9706577018843286,-0.24046543571298112,MAJOR_OCEAN
67890,-28672,-32768,-29.491200000000003,16.195626232467596,1304.2276315833305,811.5212721844167,0.6161465959717025,0.0,-0.967627281133483,-0.25238352720853924,MAJOR_OCEAN
67890,-24576,-32768,-29.491200000000003,16.195399423931153,1435.2528746774265,811.5171896307608,0.6385229955089579,0.05778391834195572,-0.9681897081006559,-0.2502172838314068,MAJOR_OCEAN
67890,-20480,-32768,-29.491200000000003,16.059889495659707,1254.0124877274686,809.0780109218747,0.6075375515502074,0.09616960460546034,-0.971774432703969,-0.23591195803282056,MAJOR_OCEAN
67890,-16384,-32768,-29.491200000000003,16.177411979264576,1318.8868118225098,811.1934156267623,0.6188818209819857,0.0,-0.9749338355705571,-0.22249498030221232,MAJOR_OCEAN
67890,-12288,-32768,-29.491200000000003,16.100137942400956,1365.5745783199548,809.8024829632172,0.6274531204233629,0.0,-0.9749438093737658,-0.22245127233569673,MAJOR_OCEAN
67890,-8192,-32768,-29.491200000000003,16.276158890343584,1394.055446432487,812.9708600261845,0.6313581692187055,0.06378747863232205,-0.9717962914791306,-0.23582189861717368,MAJOR_OCEAN
67890,-4096,-32768,-29.491200000000003,15.97101641778323,1297.5192060253012,807.4782955200981,0.616106716685642,0.09944234554496026,-0.9682035166905124,-0.25016384684467247,MAJOR_OCEAN
67890,0,-32768,-29.491200000000003,16.171935114801034,1220.1158257817972,811.0948320664186,0.6003884592720834,0.0,-0.9676191257081399,-0.25241479268025274,MAJOR_OCEAN
67890,4096,-32768,-29.491200000000003,16.25292164872082,1301.6912124048963,812.5525896769748,0.6153859007286736,0.14166318233123307,-0.970635910138643,-0.24055338274347354,MAJOR_OCEAN
67890,8192,-32768,-29.491200000000003,16.12914311519523,1348.2244552423847,810.3245760735142,0.6243083327544816,0.06208774746000461,-0.9742848279063689,-0.2253199372258413,MAJOR_OCEAN
67890,12288,-32768,-29.491200000000003,15.947739775348614,1266.8657656539162,807.059315956275,0.6105597627991456,0.10855915336430522,-0.9753166339230781,-0.22081092272112907,MAJOR_OCEAN
67890,16384,-32768,-29.491200000000003,16.004676456895435,1159.7010227120456,808.0841762241178,0.5890439563131072,0.0,-0.9728921846264762,-0.23125915569491004,MAJOR_OCEAN
67890,20480,-32768,-29.491200000000003,15.908843355182084,1195.9608700345048,806.3591803932775,0.5969894175317235,0.0,-0.9690416094021215,-0.24689746707357324,MAJOR_OCEAN
67890,24576,-32768,-29.491200000000003,16.273043447053787,1252.0962401248526,812.9147820469682,0.6060452856677555,0.042226385808778355,-0.967363621661663,-0.25339223248874654,MAJOR_OCEAN
67890,28672,-32768,-29.491200000000003,15.96272997095247,1458.4205491170192,807.3291394771445,0.6433972645746917,0.10500901510950342,-0.9695484869756981,-0.24489943120214583,MAJOR_OCEAN
67890,32768,-32768,-29.491200000000003,15.9543384751054,1300.6548844846045,807.1780925518972,0.6167652434534608,0.18268181526849545,-0.9734089634841187,-0.2290742015347292,MAJOR_OCEAN
67890,-32768,-28672,-25.804799999999997,16.712982664673042,1142.5278006273445,820.8336879641147,0.5816280797922746,0.2353988185797506,-0.9680020776613143,-0.2509421798809017,MAJOR_OCEAN
67890,-28672,-28672,-25.804799999999997,15.999372239826329,480.9985561460147,820.1296725402809,0.3693941545459693,0.31004447699666215,-0.9648610798978448,-0.2627605307087897,LAND
67890,-24576,-28672,-25.804799999999997,15.571501272012814,655.9825846801258,836.788822781241,0.43914522757866575,0.4485620093323234,-0.9654434211206705,-0.26061274069932916,LAND
67890,-20480,-28672,-25.804799999999997,15.874535922056142,1083.3404395717505,821.063355027493,0.5685621297923391,0.4887460147272252,-0.9691616984278802,-0.24642565268329203,LAND
67890,-16384,-28672,-25.804799999999997,16.799470523299487,1186.1123107664223,822.3904694193907,0.5902516395905388,0.2302550557848594,-0.9724494623361056,-0.23311379882413474,MAJOR_OCEAN
67890,-12288,-28672,-25.804799999999997,16.092564962430647,496.15954227769885,818.5503231536992,0.3771040677839843,0.2906192470747459,-0.9724598590192484,-0.2330704241131073,LAND
67890,-8192,-28672,-25.804799999999997,15.562279472879714,754.725512345217,825.2209004513435,0.47738842141408916,0.4329621566170719,-0.9691844089916072,-0.24633631759768812,LAND
67890,-4096,-28672,-25.804799999999997,16.13673613539667,1085.704637976338,814.0275688717854,0.5712033678730054,0.41883125482820494,-0.9654577220041023,-0.26055975710506335,LAND
67890,0,-28672,-25.804799999999997,16.85432500565365,1261.4885421456845,823.3778501017657,0.604779168423378,0.24284123812525235,-0.9648526376579956,-0.2627915287911859,MAJOR_OCEAN
67890,4096,-28672,-25.804799999999997,16.07625685801619,561.6532818238447,821.5135956676984,0.4057699190445166,0.2977658806492193,-0.9679794609704271,-0.2510294069215825,LAND
67890,8192,-28672,-25.804799999999997,15.541511850750975,682.7092159925919,827.5792151373694,0.45173985450424137,0.44379050997166997,-0.9717731869613672,-0.23591708946777828,LAND
67890,12288,-28672,-25.804799999999997,15.908305960290207,1150.5732505982542,809.9158257198691,0.5865815234403319,0.4280080988149356,-0.9728485758606873,-0.2314425381079126,LAND
67890,16384,-28672,-25.804799999999997,16.836563823272513,1233.2102759956083,823.0581488189052,0.5994406277376257,0.2335888116481661,-0.9703236325987878,-0.24180994193848293,MAJOR_OCEAN
67890,20480,-28672,-25.804799999999997,15.623149800693648,472.7639741199858,819.6340131522492,0.3655208828003829,0.3009147115914152,-0.9663260016945238,-0.25732092501208514,LAND
67890,24576,-28672,-25.804799999999997,15.522492024309333,768.9383623046049,832.3288464155623,0.4799064463903027,0.4565200562469938,-0.9645881758154161,-0.2637605942461609,LAND
67890,28672,-28672,-25.804799999999997,16.09472684257063,1004.9643544082684,821.8460553896783,0.5498187060436761,0.463399598867104,-0.9668514362120229,-0.25533957839463256,LAND
67890,32768,-28672,-25.804799999999997,16.737147213034532,1086.6556531829522,821.2686498346216,0.5692502586221976,0.22928957910527464,-0.9708612819418174,-0.23964217330489013,MAJOR_OCEAN
67890,-32768,-24576,-22.1184,17.29942896733456,1056.4520420747763,831.389721412022,0.5593120940552309,0.2607768536322695,-0.9664691730688975,-0.2567826659015782,MAJOR_OCEAN
67890,-28672,-24576,-22.1184,16.124598570669303,630.0962274566176,848.5553862653884,0.4258409355372749,0.4582158324212897,-0.9632674870528333,-0.26854375506967154,LAND
67890,-24576,-24576,-22.1184,14.950997064004312,696.6907814135498,862.5860525440579,0.4465174168140464,0.706315363202136,-0.9638607524428632,-0.2664065500326104,LAND
67890,-20480,-24576,-22.1184,16.20933046195197,984.8417524131529,840.8317257886238,0.5391449343112246,0.5551304505868191,-0.9676523526178393,-0.2522873846888917,LAND
67890,-16384,-24576,-22.1184,17.31481795016841,1140.4043462290174,831.6667231030315,0.5779844243598802,0.27331073581158866,-0.9710106855514312,-0.23903608209837202,MAJOR_OCEAN
67890,-12288,-24576,-22.1184,16.27771559746932,567.1873715607182,846.8299785413253,0.40083421699374616,0.4517968753848298,-0.9710213148721796,-0.23899289960980763,LAND
67890,-8192,-24576,-22.1184,15.164161425670335,670.9056235207272,863.7208499083057,0.4368937597322115,0.7143004831036983,-0.9676755311631795,-0.2521984662682515,LAND
67890,-4096,-24576,-22.1184,16.4787755889675,858.1678920754388,848.2026736455447,0.5026254459956994,0.5598797936538997,-0.9638753234095191,-0.2663538265581987,LAND
67890,0,-24576,-22.1184,17.50835406923617,1192.832892103408,835.1503732462511,0.5878968606958148,0.2663938258660568,-0.9632588874956689,-0.2685745998053544,MAJOR_OCEAN
67890,4096,-24576,-22.1184,16.32705147138616,593.5687834210787,848.81457587644,0.41123432634692636,0.47101948256525455,-0.9664461033529718,-0.25686947914039343,LAND
67890,8192,-24576,-22.1184,15.089753120984424,632.6824874056507,864.6890516441481,0.4222467331479548,0.7193542421296839,-0.9703194115442446,-0.24182687935883146,LAND
67890,12288,-24576,-22.1184,16.490773592236245,857.9820445784836,848.8746674398794,0.5023735530860265,0.5695260876548683,-0.9714187751964083,-0.23737220392436417,LAND
67890,16384,-24576,-22.1184,17.57050910874584,1100.8335807263302,836.2691639574251,0.5679954706972751,0.2817979343734948,-0.968838566434313,-0.2476930200661804,MAJOR_OCEAN
67890,20480,-24576,-22.1184,15.975123424971944,566.363002785279,847.4967157593031,0.40029622397326947,0.45609119244960955,-0.9647601671467338,-0.2631308037592829,LAND
67890,24576,-24576,-22.1184,15.239912322604189,702.9270676964555,867.2435830012422,0.447390655740872,0.7023265619778479,-0.9629895125697825,-0.2695388630246346,LAND
67890,28672,-24576,-22.1184,16.103499371015477,1006.3672020007771,841.9037314579056,0.5441967338547702,0.5833939666650293,-0.9652957868492239,-0.26115903945898117,LAND
67890,32768,-24576,-22.1184,17.66075007117732,1142.648238080182,837.8935012811917,0.576646060682246,0.2590273136502872,-0.9693876886522677,-0.2455351483788302,MAJOR_OCEAN
67890,-32768,-20480,-18.432000000000002,18.130925685236768,1144.7848346897813,846.3566623342618,0.5746503631393232,0.14610368592685397,-0.96754780553409,-0.2526880369272885,MAJOR_OCEAN
67890,-28672,-20480,-18.432000000000002,17.756902039429015,647.9947327741628,842.1571231925687,0.4345598539687697,0.2685670911284547,-0.9643885938746113,-0.2644893948810615,LAND
67890,-24576,-20480,-18.432000000000002,17.29410619211897,658.4395348739778,864.4024445035028,0.43209174165352976,0.369196224489056,-0.9649742140940002,-0.2623447467239753,LAND
67890,-20480,-20480,-18.432000000000002,17.640872091446766,1067.4273075038777,840.0685841288883,0.5593029108334454,0.0,-0.968714495347055,-0.24817781227277458,LAND
67890,-16384,-20480,-18.432000000000002,18.146918505171378,1188.3788074911065,846.6445330930849,0.5836764165729691,0.1706965759524165,-0.9720234294739415,-0.2348839129308721,MAJOR_OCEAN
67890,-12288,-20480,-18.432000000000002,17.545667911009048,639.0172735150855,845.9262757955064,0.4300414196835132,0.3030893015845103,-0.9720338959353275,-0.23484059519765516,LAND
67890,-8192,-20480,-18.432000000000002,17.077866297227924,643.9972840287764,866.2869249287113,0.4261258605176705,0.41199769979017853,-0.9687373463251788,-0.24808860077571168,LAND
67890,-4096,-20480,-18.432000000000002,17.55724887025532,972.2165005639644,841.6204257947701,0.5357046059860635,0.2537843959245172,-0.964988596043259,-0.2622918403352645,LAND
67890,0,-20480,-18.432000000000002,18.412255313150947,1183.5315172806472,851.420595636717,0.5813159895910993,0.16395604954711704,-0.964380104413077,-0.2645203474446206,MAJOR_OCEAN
67890,4096,-20480,-18.432000000000002,17.467748690227445,635.1246006982512,843.3036302540415,0.4293040969546918,0.2957820848603447,-0.967525052900629,-0.25277514120188954,LAND
67890,8192,-20480,-18.432000000000002,16.926141637240168,629.9597599226895,861.6389446446791,0.42205567912862685,0.4045740642339964,-0.9713426551937113,-0.237683500060965,LAND
67890,12288,-20480,-18.432000000000002,17.630961938287218,1104.73992550408,839.8902013720163,0.5678057253758968,0.0,-0.9724252352781434,-0.23321484042454838,LAND
67890,16384,-20480,-18.432000000000002,18.04032047561406,1295.369127514487,844.7257685610531,0.6050031364274407,0.1683229168980968,-0.9698837140319461,-0.24356843238728243,MAJOR_OCEAN
67890,20480,-20480,-18.432000000000002,17.5516632854054,679.2996651642228,841.5198852674715,0.4463733331402701,0.28812212981191154,-0.9658618472416448,-0.2590577002193865,LAND
67890,24576,-20480,-18.432000000000002,16.914760824566795,661.1356943645796,858.5323231554248,0.43476662016131495,0.38939967970597344,-0.9641141677989449,-0.265487987391799,LAND
67890,28672,-20480,-18.432000000000002,19.181687325780743,1021.1503079918485,865.2703718640533,0.5410295218709853,0.012711592760348887,-0.9663903385196804,-0.25707919716658834,COASTAL_WATER
67890,32768,-20480,-18.432000000000002,18.366344810422383,1284.6491630121818,850.5942065876029,0.6013589936865924,0.14943002950438447,-0.9704248052403064,-0.24140359851152465,MAJOR_OCEAN
67890,-32768,-16384,-14.745600000000001,18.83965509646775,1281.6514179338824,859.1137917364196,0.5984089255662046,0.18824296155514877,-0.9701845072309903,-0.2423675348081105,MAJOR_OCEAN
67890,-28672,-16384,-14.745600000000001,19.062357901253236,1266.1772057748947,863.1224422225582,0.5943657771173836,0.0,-0.9671338502355378,-0.2542678031693836,MAJOR_OCEAN
67890,-24576,-16384,-14.745600000000001,19.05223053155163,1366.8830893927213,862.9401495679293,0.612725860803547,0.08434788733006525,-0.9676999225634809,-0.2521048588794611,MAJOR_OCEAN
67890,-20480,-16384,-14.745600000000001,19.22621598704314,1379.7535291846004,866.0718877667765,0.6140902264924215,0.108981036338049,-0.9713090838223524,-0.23782065445243064,MAJOR_OCEAN
67890,-16384,-16384,-14.745600000000001,19.11798842468529,1291.5939815607817,864.1237916443351,0.5988701895108569,0.0,-0.9744919567854659,-0.22442242793543127,MAJOR_OCEAN
67890,-12288,-16384,-14.745600000000001,18.8979223130851,1355.7743734748437,860.1626016355318,0.6115529619002107,0.0,-0.9745020078838995,-0.2243787793670522,MAJOR_OCEAN
67890,-8192,-16384,-14.745600000000001,18.99586336830679,1426.2779524593159,861.9255406295222,0.6230455076472163,0.05366757790715946,-0.9713310983949843,-0.2377307243306875,MAJOR_OCEAN
67890,-4096,-16384,-14.745600000000001,18.998820520782296,1344.380900667227,861.9787693740814,0.6090447872693391,0.10737605965142312,-0.9677138212637949,-0.25205150294141065,MAJOR_OCEAN
67890,0,-16384,-14.745600000000001,18.864144427255905,1308.1347599152296,859.5545996906062,0.6031913948952957,0.11690134055790824,-0.967125642304938,-0.2542990208322891,MAJOR_OCEAN
67890,4096,-16384,-14.745600000000001,18.92269561525409,1253.8115978577644,860.6085210745737,0.5927009895748598,0.0,-0.970162564561722,-0.24245535325709455,MAJOR_OCEAN
67890,8192,-16384,-14.745600000000001,19.063147673558205,1438.745614079563,863.1366581240477,0.6247586476502067,0.052838912657521435,-0.9738379646938834,-0.22724352250586732,MAJOR_OCEAN
67890,12288,-16384,-14.745600000000001,19.112091604790077,1302.872821100201,864.0176488862214,0.6009864608650459,0.10133570863558541,-0.9748777371510443,-0.22274065099855334,MAJOR_OCEAN
67890,16384,-16384,-14.745600000000001,19.217322561794898,1500.2888659602963,865.9118061123081,0.6337818688800545,0.18827947409944076,-0.9724349160158615,-0.2331744714011898,MAJOR_OCEAN
67890,20480,-16384,-14.745600000000001,18.886178274532917,1346.4578622401737,859.9512089415925,0.6099720617344974,0.0,-0.9685574389816051,-0.24879004681336092,MAJOR_OCEAN
67890,24576,-16384,-14.745600000000001,18.98942379744473,1332.9990931917475,861.8096283540051,0.6070652147940166,0.042172938708539456,-0.9668684983694864,-0.2552749632469556,MAJOR_OCEAN
67890,28672,-16384,-14.745600000000001,19.08366338794545,1476.8151512394363,863.505940983018,0.6307614774176906,0.1046757689004868,-0.9690677124934729,-0.2467949930664474,MAJOR_OCEAN
67890,32768,-16384,-14.745600000000001,19.140579592994854,1302.2628250968041,864.5304326739074,0.6007320211134936,0.0,-0.9729555111119779,-0.23099258299094774,MAJOR_OCEAN
67890,-32768,-12288,-11.0592,19.766012507641864,1241.543734353904,875.7882251375536,0.586094983267853,0.34052794990508445,-0.9719262212598352,-0.23528582708607415,MAJOR_OCEAN
67890,-28672,-12288,-11.0592,19.284692527166012,460.5319181795583,876.0086193189358,0.3443124939157792,0.31893267380534596,-0.9689512595172238,-0.24725180824411708,LAND
67890,-24576,-12288,-11.0592,19.18328460532698,731.7012530754332,892.4020866408158,0.45024906120935776,0.42108311618530253,-0.9695036939870862,-0.24507669686323535,LAND
67890,-20480,-12288,-11.0592,18.93694084827878,978.7990622085324,876.1866436995005,0.5273742459830311,0.48399664574360357,-0.9730214576398165,-0.23071463536691114,LAND
67890,-16384,-12288,-11.0592,19.85851718735619,1307.5942150233166,877.4533093724115,0.5981545233719311,0.22573004034597918,-0.9761165854582041,-0.21724735117698568,MAJOR_OCEAN
67890,-12288,-12288,-11.0592,19.107742134715252,538.9638805993428,872.823512254822,0.3814897296828989,0.2827031689461315,-0.9761263476396699,-0.21720348395833408,LAND
67890,-8192,-12288,-11.0592,18.73217946055264,760.7995989477012,891.9373902288747,0.46004872838123817,0.5664166798331833,-0.9730428896305695,-0.23062422886459963,LAND
67890,-4096,-12288,-11.0592,19.060959386362622,1003.0004557480667,879.0980493607556,0.5326330263801597,0.5728076047096022,-0.969517255582104,-0.24502304203593822,LAND
67890,0,-12288,-11.0592,19.9717710002574,1141.327698468738,879.4918780046332,0.5645052168599229,0.23009572244869816,-0.968943248023763,-0.24728320223816358,MAJOR_OCEAN
67890,4096,-12288,-11.0592,19.33871418195537,506.9135785210994,871.6631737098421,0.36744137482844585,0.29014110044369223,-0.9719048430280456,-0.23537411943251146,LAND
67890,8192,-12288,-11.0592,18.901738609839832,802.2399193398895,894.93266360881,0.47241365653594736,0.46953907303139497,-0.9754812251448669,-0.22008266490087208,LAND
67890,12288,-12288,-11.0592,19.249567734773034,1001.3757697321007,876.3074794663809,0.5330200129049568,0.4460315559376592,-0.9764912198177074,-0.21555717946504555,LAND
67890,16384,-12288,-11.0592,19.7964583835095,1213.2911759918136,876.336250903171,0.5803478708752055,0.23455370054280558,-0.9741170769518945,-0.2260440673645225,MAJOR_OCEAN
67890,20480,-12288,-11.0592,18.955861293402094,535.9982429128069,873.3464755046447,0.38004768331692035,0.2940517205247,-0.9703402052087015,-0.2417434304289055,LAND
67890,24576,-12288,-11.0592,18.91153676845986,770.459345546434,895.1658217712046,0.46228711809653944,0.4552666887661189,-0.968692239479135,-0.24826466758864052,LAND
67890,28672,-12288,-11.0592,19.058125316345716,1046.8304507214796,876.6881040926404,0.5439440675190518,0.4785576569106767,-0.970837776154646,-0.2397373821311594,LAND
67890,32768,-12288,-11.0592,19.76048594067136,1336.9426733810067,875.6887469320844,0.6039590245750635,0.22388611855563273,-0.9746234042637302,-0.2238508875599504,MAJOR_OCEAN
67890,-32768,-8192,-7.372800000000001,20.87023993564088,1068.8797335057102,895.6643188415358,0.5438085868537302,0.23897785049183842,-0.9712582218072024,-0.23802828943617432,MAJOR_OCEAN
67890,-28672,-8192,-7.372800000000001,19.736433039002513,588.045025016615,911.7575945870557,0.3918203615422159,0.43354020074741767,-0.9682538319487637,-0.2499690319150258,LAND
67890,-24576,-8192,-7.372800000000001,21.989186448085665,677.6983259487905,930.2229505681846,0.4212128559924855,0.475925594228985,-0.9688115691011665,-0.24779859478160038,LAND
67890,-20480,-8192,-7.372800000000001,19.78201219757801,980.8720825351677,907.1271324713144,0.5192548915547335,0.5616208169922984,-0.9723648623812664,-0.23346643100510384,LAND
67890,-16384,-8192,-7.372800000000001,20.58976152840433,1200.0622510105088,890.615707511278,0.573731843432823,0.2647612524665616,-0.9754940879044078,-0.22002564501336516,MAJOR_OCEAN
67890,-12288,-8192,-7.372800000000001,19.73187320548671,570.1259525654846,906.7584307428905,0.3857716875586757,0.39343910017914313,-0.9755039623399149,-0.21998186165937833,LAND
67890,-8192,-8192,-7.372800000000001,18.976072362989807,633.3054549423312,931.8908841917288,0.40435891664290424,0.7040279909694585,-0.972386520801277,-0.23337620736482084,LAND
67890,-4096,-8192,-7.372800000000001,19.646396342540413,821.4405065489387,906.7436672110888,0.475045121863888,0.560954028971382,-0.9688252617658949,-0.24774505477253284,LAND
67890,0,-8192,-7.372800000000001,20.724461823945507,1178.7887327100007,893.0403128310192,0.5686859392701776,0.2441373668108596,-0.9682457440742452,-0.25000035816396565,MAJOR_OCEAN
67890,4096,-8192,-7.372800000000001,19.61238139735791,636.5891003245415,907.3803243422684,0.41203993435781366,0.44157702539021854,-0.9712366241721252,-0.2381163998273409,LAND
67890,8192,-8192,-7.372800000000001,22.335827988737563,808.6507002268482,931.8601640377424,0.4643385905997935,0.5630176788710614,-0.9748514882544882,-0.22285550441487734,LAND
67890,12288,-8192,-7.372800000000001,19.918042690021373,873.0289442209793,905.6277321653149,0.49056031750670015,0.5273156673653975,-0.9758730527769174,-0.21833869300666772,LAND
67890,16384,-8192,-7.372800000000001,20.76969902635655,1054.958748506198,893.854582474418,0.541056280487953,0.2737082451812979,-0.9734722237038276,-0.2288052221369195,MAJOR_OCEAN
67890,20480,-8192,-7.372800000000001,19.756222946093764,562.9555290280443,913.9246250230287,0.38092096134108416,0.43795909558609936,-0.9696562469903297,-0.24447241699755978,LAND
67890,24576,-8192,-7.372800000000001,18.82891110354704,646.4853624455299,932.699314888688,0.40912013115843837,0.7090916290929622,-0.9679923498611225,-0.25097970159027266,LAND
67890,28672,-8192,-7.372800000000001,19.76929461180858,965.6512044254807,905.571490210642,0.5157779612393603,0.5500906813028493,-0.9701587562582461,-0.24247059132078874,LAND
67890,32768,-8192,-7.372800000000001,20.92500152929857,1137.350771379588,896.6500275273743,0.5588945085380216,0.27338876151112673,-0.973984095603221,-0.22661637520703504,MAJOR_OCEAN
67890,-32768,-4096,-3.6864000000000003,21.68065708424885,1102.8033554394724,910.2518275164794,0.5475536940457263,0.1444944202232956,-0.9687507645707122,-0.24803619926063314,MAJOR_OCEAN
67890,-28672,-4096,-3.6864000000000003,22.86096566082898,676.6812935680957,931.4973818949217,0.4205134606157956,0.2725577754229656,-0.9656402199543637,-0.2598825996608626,COASTAL_WATER
67890,-24576,-4096,-3.6864000000000003,20.70089616733975,632.5311235886699,927.3742909510427,0.40523347391628706,0.38490594503731174,-0.9662170780056687,-0.2577296222210159,LAND
67890,-20480,-4096,-3.6864000000000003,21.152946449836357,948.4667437261836,904.3193545316998,0.5116376396486715,0.23508306590291728,-0.9698985688587701,-0.24350927318217164,LAND
67890,-16384,-4096,-3.6864000000000003,21.793503540312436,1255.921885829346,912.2830637256238,0.578977973513756,0.23167026905890817,-0.9731509539691264,-0.2301678100625262,MAJOR_OCEAN
67890,-12288,-4096,-3.6864000000000003,22.81642222377761,806.3100919117499,930.695600027997,0.46392833789390314,0.2505841705971285,-0.973161234063353,-0.2301243414250044,COASTAL_WATER
67890,-8192,-4096,-3.6864000000000003,20.829258063670846,742.9673943313235,927.8506351240695,0.44440685603405683,0.38136645779523454,-0.9699210447239377,-0.24341973420744925,LAND
67890,-4096,-4096,-3.6864000000000003,21.069237926654317,1093.9296776018834,902.8126011144232,0.5475829836793623,0.0,-0.9662312433343807,-0.2576765111617604,LAND
67890,0,-4096,-3.6864000000000003,21.558993125328254,1186.8622440061654,908.0618762559086,0.5662715708704952,0.0,-0.9656318566816342,-0.2599136729023308,MAJOR_OCEAN
67890,4096,-4096,-3.6864000000000003,20.91078755138692,652.8090582982611,898.9270624078111,0.42042498373864756,0.24653211795002442,-0.9687283751337235,-0.24812362888442507,LAND
67890,8192,-4096,-3.6864000000000003,20.523107648564178,697.1215273591419,918.4797151476434,0.431226643298968,0.37310653110159464,-0.9724821958824313,-0.23297720637797253,LAND
67890,12288,-4096,-3.6864000000000003,21.148664425611294,914.7411855022356,905.6882700105714,0.5022106031796321,0.24042240349284363,-0.9735455692017126,-0.22849294231488507,LAND
67890,16384,-4096,-3.6864000000000003,21.57142015343012,1189.3518498053982,908.2855627617422,0.5667257443726468,0.15480932916642867,-0.9710483279583026,-0.23888311947348795,MAJOR_OCEAN
67890,20480,-4096,-3.6864000000000003,20.96271530281844,615.78386598575,899.8617619335785,0.406016972356646,0.2746803751610726,-0.9670912102882226,-0.2544299333475934,LAND
67890,24576,-4096,-3.6864000000000003,20.75867351799146,731.3417166745423,926.7646563692076,0.4408045973163513,0.39503640636349563,-0.9653698610827242,-0.26088509216343103,LAND
67890,28672,-4096,-3.6864000000000003,21.16504264911286,1081.7216294465195,903.5036541668779,0.5446117509281831,0.0,-0.9676115340600573,-0.2524438930811013,LAND
67890,32768,-4096,-3.6864000000000003,21.75734482736415,1261.3781099817988,911.6322068925547,0.58020796874383,0.1724829884660242,-0.9715802252419731,-0.23671051079062136,MAJOR_OCEAN
67890,-32768,0,0.0,22.470244579930878,1118.5297526506474,924.4644024387558,0.5472274712066012,0.0,-0.973458404290228,0.22886401009490986,MAJOR_OCEAN
67890,-28672,0,0.0,22.575841606981403,1199.1147866928811,926.3651489256653,0.5638965910788549,0.0,-0.9762306302643124,0.21673429939385083,MAJOR_OCEAN
67890,-24576,0,0.0,22.593875061769168,1328.194340125572,926.689751111845,0.5887688757080685,0.06587468348149043,-0.9757349110200123,0.21895520869979035,MAJOR_OCEAN
67890,-20480,0,0.0,22.66807779358714,1446.432694193585,928.0254002845686,0.608906845191618,0.09793488494730282,-0.9723708670585969,0.23344142069417023,MAJOR_OCEAN
67890,-16384,0,0.0,22.39310661351357,1406.801678041598,923.0759190432443,0.6035502163653047,0.1119950099375255,-0.969079179891019,0.24674996069249938,MAJOR_OCEAN
67890,-12288,0,0.0,22.331993081989044,1200.1438203144755,921.9758754758028,0.5652737444309526,0.0,-0.9690682494672277,0.24679288457028672,MAJOR_OCEAN
67890,-8192,0,0.0,22.505847119458384,1277.8151377591416,925.1052481502509,0.5797918772060741,0.06746679855241282,-0.9723492032854941,0.23353163997639564,MAJOR_OCEAN
67890,-4096,0,0.0,22.345393453412914,1464.9021409162679,922.2170821614325,0.6134124824088003,0.09633559932483991,-0.9757226360898835,0.21900990256563432,MAJOR_OCEAN
67890,0,0,0.0,22.375513859371953,1209.9258152885477,922.7592494686951,0.5670592325330849,0.0,-0.9762377579685457,0.21670219176682812,MAJOR_OCEAN
67890,4096,0,0.0,22.578766698196723,1170.667011846156,926.417800567541,0.5579693465772658,0.0,-0.9734792575960629,0.2287752937496055,MAJOR_OCEAN
67890,8192,0,0.0,22.64550687268144,1339.8271170701655,927.619123708266,0.5906364863248403,0.06471215711221719,-0.9697828311400335,0.24396979408529493,MAJOR_OCEAN
67890,12288,0,0.0,22.598976573563924,1346.0432880877022,926.7815783241506,0.5919731585184874,0.10681336628818261,-0.9686570817704473,0.24840180743295928,MAJOR_OCEAN
67890,16384,0,0.0,22.304204843786742,1170.8289460938036,921.4756871881614,0.5593208592187235,0.0,-0.9712439107477605,0.23808667714804257,MAJOR_OCEAN
67890,20480,0,0.0,22.483071168583535,1328.2049639248573,924.6952810345036,0.5892918139989846,0.0,-0.974968104253763,0.22234476761962152,MAJOR_OCEAN
67890,24576,0,0.0,22.686201240018423,1350.9012046083967,928.3516223203317,0.5924348338284596,0.07001009864919971,-0.976460198752373,0.21569765935789878,MAJOR_OCEAN
67890,28672,0,0.0,22.407136873816004,1333.3837015353486,923.3284637286881,0.5905906528077777,0.11357025589436476,-0.9745025015752115,0.22437663519995815,MAJOR_OCEAN
67890,32768,0,0.0,22.580342256724194,1331.724235871297,926.4461606210355,0.5894748965987598,0.13468703783789193,-0.9707093097180058,0.24025702076483121,MAJOR_OCEAN
67890,-32768,4096,3.6864000000000003,21.552781957677464,1290.596486584098,907.9500752381944,0.5867557018274064,0.37425354185786225,-0.9731557118722967,0.2301476926895499,MAJOR_OCEAN
67890,-28672,4096,3.6864000000000003,23.105003884239476,654.2815669265475,935.8900699163105,0.4111948401900552,0.25037524323509297,-0.9759422885310293,0.21802901058532834,COASTAL_WATER
67890,-24576,4096,3.6864000000000003,20.639450907382045,841.113652704402,924.6186493782382,0.4760843800234419,0.5012098444229763,-0.975443921297976,0.22024794301611098,LAND
67890,-20480,4096,3.6864000000000003,22.926195904093206,1008.8571657699457,932.6715262736777,0.5193525171093276,0.0,-0.972062831619825,0.23472079452670508,COASTAL_WATER
67890,-16384,4096,3.6864000000000003,21.595353790206772,1104.8936620346258,908.7163682237219,0.5484404651221445,0.14623889794213243,-0.9687558455980588,0.24801635353256463,MAJOR_OCEAN
67890,-12288,4096,3.6864000000000003,21.121272737085633,687.1926618912197,907.2095575770214,0.4307331740583048,0.26076322504066274,-0.9687448664126679,0.24805923445641412,LAND
67890,-8192,4096,3.6864000000000003,20.55389691429849,606.8802948659252,926.4719443423833,0.39552866633743883,0.38924942454217043,-0.9720410629466738,0.23481092807938184,LAND
67890,-4096,4096,3.6864000000000003,20.796898965357475,818.6641768762848,904.4484347737781,0.4748321956144047,0.2672116856661739,-0.9754315812702089,0.2203025879573363,LAND
67890,0,4096,3.6864000000000003,21.688687580467302,1283.8128926254965,910.3963764484115,0.5848248322890409,0.1718114561487464,-0.9759494545830899,0.2179969313980574,MAJOR_OCEAN
67890,4096,4096,3.6864000000000003,20.984098897053784,660.4751992212604,908.0979194006604,0.4207992551510789,0.28918940569320534,-0.9731766691325134,0.23005905906124752,LAND
67890,8192,4096,3.6864000000000003,20.774241783671023,738.4968967298674,925.1890659333202,0.44362535234478095,0.3734877292867689,-0.9694626632011768,0.2452389542036126,LAND
67890,12288,4096,3.6864000000000003,20.760200350072143,832.2462828795631,904.6031027471618,0.47889436781049244,0.2713098140981363,-0.9683318737291059,0.24966654225241897,LAND
67890,16384,4096,3.6864000000000003,21.700584587930276,1314.829107780748,910.610522582745,0.5905523284123748,0.22346067052239718,-0.9709304949916815,0.23936159653379713,MAJOR_OCEAN
67890,20480,4096,3.6864000000000003,23.141174941605627,705.5648308385057,936.5411489489013,0.42940920398195803,0.2593382452644432,-0.9746730906423445,0.22363444810158398,COASTAL_WATER
67890,24576,4096,3.6864000000000003,20.53580756729942,666.9154990670893,923.4756339982671,0.419077048508162,0.380194853423901,-0.9761730960770795,0.2169932867516617,LAND
67890,28672,4096,3.6864000000000003,20.83249314957934,864.8525629615924,907.125848915835,0.48779644307444786,0.26797430803306527,-0.9742050860893977,0.22566446383413852,LAND
67890,32768,4096,3.6864000000000003,21.571658496969015,1159.193188355861,908.2898529454422,0.5604073928624529,0.0,-0.9703933948852638,0.24152983079332546,MAJOR_OCEAN
67890,-32768,8192,7.372800000000001,20.739990166312033,1001.5734079239742,893.3198229936165,0.5282857660920199,0.37804961957280153,-0.970855662553753,0.23966493795988023,MAJOR_OCEAN
67890,-28672,8192,7.372800000000001,19.92596644848108,491.745348520884,912.498493859537,0.34993595680013023,0.3983053795999657,-0.9737477219081567,0.22762990594092666,LAND
67890,-24576,8192,7.372800000000001,18.84919832372237,641.1139325289415,930.757437409207,0.40760735097756445,0.6770992943708299,-0.9732298850441935,0.22983383314226352,LAND
67890,-20480,8192,7.372800000000001,19.680970308546335,923.689166333909,905.2406691009766,0.504767531764076,0.56142236579478,-0.9697235297506787,0.24420539684430523,LAND
67890,-16384,8192,7.372800000000001,20.60178939567276,1092.1616401479284,890.8322091221097,0.5504864042546113,0.2712125868143798,-0.9663042145623002,0.25740272904368366,MAJOR_OCEAN
67890,-12288,8192,7.372800000000001,19.628227759079817,640.920967734337,911.2307115374222,0.4126583232584545,0.48861279910382827,-0.9662928775085255,0.2574452852089033,LAND
67890,-8192,8192,7.372800000000001,19.025961461359522,624.833066216179,933.693929150166,0.4006554987971855,0.6902330617519331,-0.969700990542336,0.24429488111954425,LAND
67890,-4096,8192,7.372800000000001,19.883055856056508,983.8914826830221,904.410894370749,0.5207697267693745,0.5262467063018669,-0.9732170664124286,0.22988810679020905,LAND
67890,0,8192,7.372800000000001,20.624743952969258,942.8983464657684,891.2453911534467,0.5138008141471346,0.26963156617985745,-0.9737551699364225,0.22759804265873837,MAJOR_OCEAN
67890,4096,8192,7.372800000000001,19.540862633374967,505.1552774296991,911.7249847241487,0.3562749908531324,0.4200807840323853,-0.9708773836280423,0.23957693119239837,LAND
67890,8192,8192,7.372800000000001,19.011026624076592,634.1695367704694,935.5320622697902,0.4037492144643921,0.6907266369194502,-0.9670342726326401,0.25464625572323035,LAND
67890,12288,8192,7.372800000000001,19.87634376840698,971.4720190537035,907.1341937541015,0.5168486954522741,0.525749241692157,-0.9658664917078219,0.25904038333052254,LAND
67890,16384,8192,7.372800000000001,20.669145410543344,1014.4854300939485,892.0446173897801,0.5318319527559642,0.2572652653848566,-0.9685516781413639,0.2488124730988136,MAJOR_OCEAN
67890,20480,8192,7.372800000000001,19.58951166474339,522.0767438985598,909.3215929190015,0.36447734577693425,0.41320270361329464,-0.9724294734226971,0.23319716811928887,LAND
67890,24576,8192,7.372800000000001,18.83319456148635,596.4306081598342,932.7101751575234,0.3897880604598799,0.7139382522699042,-0.9739876406786362,0.22660113813761798,LAND
67890,28672,8192,7.372800000000001,19.60168233289683,844.586730478694,907.1877411819689,0.4818570467189038,0.5819852583577656,-0.9719438148545617,0.235213139016428,LAND
67890,32768,8192,7.372800000000001,20.818735208931326,1257.3069842970892,894.7372337607638,0.5839670981914339,0.24837877053384824,-0.9679962279229293,0.25096474399202046,MAJOR_OCEAN
67890,-32768,12288,11.0592,19.756923299780322,1169.9719544286563,875.6246193960458,0.5716671128019138,0.2259921552464085,-0.9686042805754542,0.24860761784568636,MAJOR_OCEAN
67890,-28672,12288,11.0592,19.058355470913988,543.5917129775506,876.6922468748693,0.3824652415228797,0.2924013017739179,-0.9715939436026403,0.23665419657100825,LAND
67890,-24576,12288,11.0592,18.669783923493878,744.4411024663522,888.980100600884,0.4554768997546636,0.4757035736295848,-0.9710580818181516,0.23884346701480483,LAND
67890,-20480,12288,11.0592,19.029234121255865,1092.2298251612533,868.1161603127799,0.5568776917741389,0.4250330569627704,-0.9674358602181352,0.2531162901987873,LAND
67890,-16384,12288,11.0592,19.871582164535184,1297.8966106654946,877.6884789616333,0.5962995046005016,0.23083894697560184,-0.9639128035326975,0.2662181571300789,MAJOR_OCEAN
67890,-12288,12288,11.0592,19.33934347319078,519.3451808666896,870.6410690002805,0.3733647122078729,0.2923267175450385,-0.9639011362189804,0.26626039809885077,LAND
67890,-8192,12288,11.0592,18.711003152180197,762.4287877571533,886.522243937331,0.462091767035138,0.4521123331573859,-0.9674126088610178,0.2532051425558324,LAND
67890,-4096,12288,11.0592,19.349496462072466,1035.6696685989173,871.8572547519498,0.5426539473598602,0.427727147065052,-0.9710448201503376,0.2388973780919303,LAND
67890,0,12288,11.0592,19.81019916118435,1158.7393839391461,876.5835849013183,0.5690351686201146,0.2398816870226995,-0.971601652714953,0.23662254423780482,MAJOR_OCEAN
67890,4096,12288,11.0592,19.17866006940845,510.91038635537404,870.8058273795265,0.36949764621283865,0.31397380568451355,-0.9686267079483277,0.24852022181139533,LAND
67890,8192,12288,11.0592,18.90860079661435,739.9362600482465,897.6794963792137,0.45156178753063436,0.455947401309126,-0.964664312575519,0.263481999467139,LAND
67890,12288,12288,11.0592,19.13763935564181,1123.0645855817306,870.0674545317269,0.5631846653032229,0.43906324182320905,-0.9634623916995579,0.2678436480123574,LAND
67890,16384,12288,11.0592,19.975114919933723,1300.53361143602,879.552068558807,0.5962780936873165,0.23519677608417414,-0.9662274970184,0.2576905586271212,MAJOR_OCEAN
67890,20480,12288,11.0592,19.047475071026508,513.1456742476419,866.4208697131226,0.3716920973439332,0.3112467584058352,-0.9702302924674977,0.24218418523601812,LAND
67890,24576,12288,11.0592,18.70939457762576,697.051758313051,893.323231937448,0.4380185453356457,0.4705225328360075,-0.9718422989813449,0.23563222595955408,LAND
67890,28672,12288,11.0592,19.194005985073403,913.619419616169,881.4928881375497,0.5086649736055613,0.4869962849067421,-0.9697282995553238,0.24418645548338727,LAND
67890,32768,12288,11.0592,19.83841730324745,1220.6531798911537,877.0915114584541,0.5816110863423826,0.22812507491457243,-0.9656550978414685,0.2598273119069354,MAJOR_OCEAN
67890,-32768,16384,14.745600000000001,18.96744318566729,1395.14955118011,861.4139773420112,0.617989054816731,0.12497182869017585,-0.9685497891048536,0.2488198264305796,MAJOR_OCEAN
67890,-28672,16384,14.745600000000001,19.15402575129094,1111.5919143661035,864.7724635232369,0.5621583592765176,0.0,-0.9715417499842701,0.23686837703142657,MAJOR_OCEAN
67890,-24576,16384,14.745600000000001,18.92717706413435,1472.3585896661357,860.6891871544183,0.6308176740374126,0.06201604833886286,-0.9710054637313292,0.23905729314100913,MAJOR_OCEAN
67890,-20480,16384,14.745600000000001,18.974621461315536,1461.4632703592297,861.5431863036797,0.6288550817788071,0.10834243545571173,-0.9673805148326245,0.2533277314511111,MAJOR_OCEAN
67890,-16384,16384,14.745600000000001,19.217322561794898,1426.1548050506178,865.9118061123081,0.6219421616920866,0.12062082973844272,-0.9638550181309788,0.26642729594343467,MAJOR_OCEAN
67890,-12288,16384,14.745600000000001,19.162628025952543,1209.303598545603,864.9273044671457,0.5827320693759801,0.0,-0.9638433430524509,0.26646952931522105,MAJOR_OCEAN
67890,-8192,16384,14.745600000000001,18.874973048092265,1288.8846810047105,859.7495148656608,0.5995832609477308,0.06442676071136835,-0.9673572467194664,0.25341656855725375,MAJOR_OCEAN
67890,-4096,16384,14.745600000000001,19.223460243454504,1440.4648946176885,866.022284382181,0.6242569439722854,0.112971387714921,-0.9709921916311086,0.23911119545394874,MAJOR_OCEAN
67890,0,16384,14.745600000000001,18.84694618045994,1339.875037026576,859.245031248279,0.6090008706102984,0.1250522927617641,-0.9715494652452173,0.23683672979867856,MAJOR_OCEAN
67890,4096,16384,14.745600000000001,19.187317822973718,1175.4310949921617,865.371720813527,0.5756829630623956,0.0,-0.9685722331004089,0.24873244514314405,MAJOR_OCEAN
67890,8192,16384,14.745600000000001,19.0603256699663,1459.3355757468146,863.0858620593933,0.6280976632137518,0.12744729649942327,-0.964607031552901,0.26369162800267426,MAJOR_OCEAN
67890,12288,16384,14.745600000000001,19.09555292409428,1261.18063449843,863.7199526336971,0.5932453484100977,0.11926503312447276,-0.9634043079783686,0.2680524936812204,MAJOR_OCEAN
67890,16384,16384,14.745600000000001,19.11798842468529,1409.389407248943,864.1237916443351,0.6196444179504946,0.12940497180065344,-0.9661712926661751,0.25790120827125323,MAJOR_OCEAN
67890,20480,16384,14.745600000000001,19.051397087003938,1281.6416264327286,862.9251475660709,0.597344087335986,0.0,-0.9701770297606951,0.2423974647654453,MAJOR_OCEAN
67890,24576,16384,14.745600000000001,19.16806837487434,1226.1620903079945,865.0252307477381,0.5860670686452992,0.047117208558676224,-0.971790304053855,0.23584657077624865,MAJOR_OCEAN
67890,28672,16384,14.745600000000001,19.22372117456342,1366.185664082126,866.0269811421415,0.6117579832819408,0.12870951986553741,-0.969674652306183,0.24439940399862492,MAJOR_OCEAN
67890,32768,16384,14.745600000000001,18.98261494108204,1412.1587882614183,861.6870689394767,0.6207711980973613,0.11940931743517351,-0.9655984948265829,0.26003758726122206,MAJOR_OCEAN
67890,-32768,20480,18.432000000000002,18.183629419786914,1184.3147573745812,847.3053295561645,0.5826542623431884,0.14705816278210276,-0.9707458081857223,0.24010950812045892,MAJOR_OCEAN
67890,-28672,20480,18.432000000000002,17.466107300972016,586.331817690361,836.9228179003428,0.4116762572074637,0.25759291891256236,-0.9736427548265699,0.22807846451107108,LAND
67890,-24576,20480,18.432000000000002,17.11398556267181,659.9648419212069,863.7533956649798,0.43284380395817335,0.3869998514822952,-0.9731240156264027,0.23028167580410022,LAND
67890,-20480,20480,18.432000000000002,17.62841347968919,1122.7725923417763,839.844329117252,0.5717880000277862,0.0,-0.9696118575999603,0.24464841221956554,LAND
67890,-16384,20480,18.432000000000002,18.060316999930247,1164.6883513280634,845.0857059987445,0.5792238800198368,0.17195110465422037,-0.9661873432239891,0.25784107080480684,MAJOR_OCEAN
67890,-12288,20480,18.432000000000002,17.422646296163542,660.8213243164028,848.7537394479585,0.4374634138800308,0.2928379952473316,-0.9661759896128856,0.25788361152962225,LAND
67890,-8192,20480,18.432000000000002,16.95249015815581,697.7538016380946,860.0724722382937,0.4476148582631762,0.3867992316749739,-0.9695892827131192,0.24473786557837557,LAND
67890,-4096,20480,18.432000000000002,17.594008478045954,1065.6546523244579,839.2250390876737,0.5591405675427905,0.0,-0.9731111748147913,0.23033593174009273,LAND
67890,0,20480,18.432000000000002,18.40575481224656,1155.145317147092,851.3035866204381,0.5754294990916801,0.17292775933276985,-0.9736502159241026,0.22804661153138947,MAJOR_OCEAN
67890,4096,20480,18.432000000000002,17.478577012488035,685.7348501847197,843.4985400547322,0.44812435446688004,0.27848050119765777,-0.9707675646370404,0.24002153121890876,LAND
67890,8192,20480,18.432000000000002,17.02567291697609,694.6760057564285,862.96391239058,0.445693708770333,0.4017555494119243,-0.9669184766427259,0.25508559255063845,LAND
67890,12288,20480,18.432000000000002,17.57993878601048,903.4150644529448,842.028844278363,0.5172883365657157,0.25955873747835273,-0.9657489841903876,0.2594781292040517,LAND
67890,16384,20480,18.432000000000002,18.328813192090742,1326.5011667363742,849.9186374576334,0.609207817519319,0.20946354321299834,-0.968438176555127,0.24925388300000584,MAJOR_OCEAN
67890,20480,20480,18.432000000000002,19.359968009114294,642.3272996117929,868.4794241640573,0.4248739534690867,0.2572580426153219,-0.9723222332721697,0.2336439057296818,COASTAL_WATER
67890,24576,20480,18.432000000000002,17.048038169549468,705.2587476971357,861.7923364433796,0.4497677115434694,0.3935318234985132,-0.9738830959037952,0.22705002865632765,LAND
67890,28672,20480,18.432000000000002,17.71220235634218,1038.1008390060383,842.3859608488046,0.5517449493061168,0.0,-0.9718357567748699,0.2356592070211048,LAND
67890,32768,20480,18.432000000000002,18.168730097462458,1253.1093588547785,847.0371417543242,0.5963931398841127,0.17595712546135805,-0.9678818769498961,0.2514053942777405,MAJOR_OCEAN
67890,-32768,24576,22.1184,17.303140915680256,1279.0315097138566,831.4565364822446,0.6057488755468278,0.2486874540871077,-0.9730921378701564,0.2304163432035336,MAJOR_OCEAN
67890,-28672,24576,22.1184,16.41426749333089,485.9058303658635,844.8168208027319,0.3648701401447801,0.38319106197388747,-0.9758817142017792,0.21829997683599722,LAND
67890,-24576,24576,22.1184,15.106572988232582,698.6449252451584,864.7171983710136,0.44660051192633976,0.7256306997119629,-0.9753827934447158,0.22051849412687105,LAND
67890,-20480,24576,22.1184,16.139471040779824,861.7548270050372,846.5891391681573,0.5041436036623435,0.5982604283752092,-0.9719981408687457,0.23498854046038511,LAND
67890,-16384,24576,22.1184,17.427457872828075,1228.7362338047506,833.6942417109053,0.5954822555859007,0.3660341142346952,-0.9686879574824095,0.2482813747113494,MAJOR_OCEAN
67890,-12288,24576,22.1184,16.218678998731292,717.2243124436814,843.9769647567903,0.45911133405867943,0.5410358802446915,-0.9686769681067826,0.2483242466201221,LAND
67890,-8192,24576,22.1184,18.129750896160182,688.6540816860776,862.3362965371116,0.44372316436297093,0.4960492842095501,-0.9719763502708181,0.2350786560158534,LAND
67890,-4096,24576,22.1184,16.17163023325402,850.8047724859814,844.5019273355215,0.5015630561239361,0.5720752552082412,-0.9753704398093593,0.22057312879427743,LAND
67890,0,24576,22.1184,17.39706392049476,1129.2610574341065,833.1471505689057,0.5751534769138411,0.2503296062930034,-0.9758888882699819,0.21826790362116638,MAJOR_OCEAN
67890,4096,24576,22.1184,16.415450241515398,527.3422356898826,844.5418818207654,0.3841127076668891,0.37694335910501553,-0.9731131168584166,0.23032772694162892,LAND
67890,8192,24576,22.1184,18.324269603214457,752.1655897677874,861.9778250812672,0.4656958526732947,0.5455486883479664,-0.9693954368013319,0.24550455618736466,LAND
67890,12288,24576,22.1184,15.956714198135328,873.5663464105677,847.165349676244,0.5073765839335059,0.5856490165739855,-0.9682635940390464,0.24993121545455033,LAND
67890,16384,24576,22.1184,17.40509211098543,1027.9384263894688,833.2916579977377,0.5519932445553454,0.241031827847414,-0.9708646797434402,0.23962840738666083,MAJOR_OCEAN
67890,20480,24576,22.1184,16.29759060643299,520.4853437005543,848.5638635518045,0.37990266403962997,0.3763523950556963,-0.9746111216736949,0.22390435795210029,LAND
67890,24576,24576,22.1184,15.022120116322768,685.5794476367977,863.5624591487954,0.4422688301217723,0.7213692900352385,-0.976112780758822,0.21726444540991946,LAND
67890,28672,24576,22.1184,16.393858912164145,954.8908340499069,851.168120853075,0.5284226236554487,0.5909816047622262,-0.9741426150679809,0.22593398484627197,LAND
67890,32768,24576,22.1184,17.621218061796686,1177.6507991052815,837.1819251123404,0.5842006556185595,0.269686665436067,-0.9703270573412803,0.241796198877095,MAJOR_OCEAN
67890,-32768,28672,25.804799999999997,16.90060553538402,1201.6295110395163,824.2108996369124,0.5928584730745968,0.27492071551433406,-0.9734954516563237,0.22870637421036238,MAJOR_OCEAN
67890,-28672,28672,25.804799999999997,16.178940308888187,561.5741392055609,818.2475738694674,0.40669561746314115,0.3171197614159999,-0.9762659133844646,0.21657531337527192,LAND
67890,-24576,28672,25.804799999999997,15.54624860774822,719.8685777472323,827.6644767633198,0.4648713023273259,0.4421827100589514,-0.9757705196656403,0.2187964646685278,LAND
67890,-20480,28672,25.804799999999997,15.865994009106664,962.2179247265213,809.1542105985653,0.5428983595197587,0.42023659124993945,-0.9724085713312391,0.23328431237770433,LAND
67890,-16384,28672,25.804799999999997,16.94999783891283,1240.0049201576521,825.0999611004308,0.6001655247058872,0.230054731252884,-0.9691187652488501,0.24659444203498224,MAJOR_OCEAN
67890,-12288,28672,25.804799999999997,15.795820304404591,575.5267827156066,815.2442619251458,0.4135211642258035,0.2880594082748816,-0.9691078408209326,0.24663737117353082,LAND
67890,-8192,28672,25.804799999999997,15.486826135642806,755.9442312130914,830.3475834857002,0.4762477977980005,0.449854463679387,-0.9723869204554999,0.23337454215717146,LAND
67890,-4096,28672,25.804799999999997,17.88048408159598,1428.0909607592953,841.8487134687276,0.6288546441660793,0.24765322163791018,-0.9757582527382408,0.21885116452332476,COASTAL_WATER
67890,0,28672,25.804799999999997,16.76957042206287,1121.2074323444087,821.8522675971317,0.5767350829699954,0.3234163088691853,-0.9762730363745238,0.21654320226704815,MAJOR_OCEAN
67890,4096,28672,25.804799999999997,15.979527337999814,505.79305647919443,819.7724643074035,0.38128011662724376,0.30675799635747986,-0.9735162921815643,0.22861764773756854,LAND
67890,8192,28672,25.804799999999997,15.877853209456722,705.9274513253363,834.8651352437092,0.45786149023860484,0.43605906823140417,-0.9698220271581439,0.24381393651485223,LAND
67890,12288,28672,25.804799999999997,16.12905541589446,960.411225281327,817.3496457955804,0.5399327368269966,0.45682677829724716,-0.9686968975316534,0.24824649184338782,LAND
67890,16384,28672,25.804799999999997,16.85048125949084,1225.6028413944991,823.3086626708351,0.5978808543509871,0.2257015929613777,-0.9712822765381285,0.23793011428339741,MAJOR_OCEAN
67890,20480,28672,25.804799999999997,15.934396411066343,552.9763190556323,818.9601076226012,0.40276906367291676,0.2786516643242592,-0.9750042075799861,0.22218639742640275,LAND
67890,24576,28672,25.804799999999997,15.482145526853,727.2716206988943,831.7871525287153,0.4661821933761125,0.45016296211800877,-0.9764953295533086,0.21553856119166995,LAND
67890,28672,28672,25.804799999999997,15.937801133184106,911.8740352235678,822.2021288277963,0.5255527417853302,0.47445055915259343,-0.974538900184705,0.22421849171463445,LAND
67890,32768,28672,25.804799999999997,16.634189069466682,1207.0990386958313,819.4154032504002,0.5953590335648237,0.23953723512267025,-0.9707479827823292,0.24010071620892504,MAJOR_OCEAN
67890,-32768,32768,29.491200000000003,15.9543384751054,1230.2014623880752,807.1780925518972,0.6035193295609281,0.09619812701406336,-0.9716132631330877,0.23657486532570035,MAJOR_OCEAN
67890,-28672,32768,29.491200000000003,16.038303462643483,1304.1325465678005,808.6894623275828,0.6169547582907887,0.0,-0.9744712527754396,0.22451231038467676,MAJOR_OCEAN
67890,-24576,32768,29.491200000000003,16.063834626091435,1222.6003736165862,809.1490232696458,0.6014515982586771,0.06450570633860078,-0.9739597055388367,0.22672117674955417,MAJOR_OCEAN
67890,-20480,32768,29.491200000000003,16.134329830871824,1369.2990653843765,810.4179369556928,0.6279123168733118,0.1544169541648894,-0.9704938044618946,0.2411260572834837,MAJOR_OCEAN
67890,-16384,32768,29.491200000000003,15.932293627714085,1225.3568519048024,806.7812852988535,0.60269237465101,0.11070431804739504,-0.9671107464494871,0.2543556645760339,MAJOR_OCEAN
67890,-12288,32768,29.491200000000003,16.17384058815565,1267.990685608737,811.1291305868017,0.6095757925751818,0.0,-0.9670995248769396,0.25439832739779894,MAJOR_OCEAN
67890,-8192,32768,29.491200000000003,15.932056879714354,1368.684461460033,806.7770238348584,0.6288576529874078,0.04010083577689981,-0.9704715140270823,0.2412157550036536,MAJOR_OCEAN
67890,-4096,32768,29.491200000000003,16.17787173256752,1356.4395240273627,811.2016911862154,0.6254789932569709,0.10378874960414039,-0.9739470415126597,0.2267755726014985,MAJOR_OCEAN
67890,0,32768,29.491200000000003,15.958727843241247,1329.1640778686126,807.2571011783425,0.6218540785963707,0.10373849533274006,-0.9744786097080295,0.2244803760276296,MAJOR_OCEAN
67890,4096,32768,29.491200000000003,16.222734980443924,1140.511029534126,812.0092296479907,0.583823497183298,0.0,-0.9716347375600539,0.23648665240686428,MAJOR_OCEAN
67890,8192,32768,29.491200000000003,16.008160817905523,1431.297420231877,808.1468947222994,0.6388453445053158,0.05107770101646,-0.9678333045934385,0.25159231808571686,MAJOR_OCEAN
67890,12288,32768,29.491200000000003,16.23834977744217,1519.718564935503,812.290295993959,0.651398539622371,0.11106251841587914,-0.9666774607860474,0.2559974351594947,MAJOR_OCEAN
67890,16384,32768,29.491200000000003,16.208223222925636,1489.3430623423014,811.7480180126614,0.6469522752821133,0.12410308152201002,-0.9693347094724107,0.24574421867469667,MAJOR_OCEAN
67890,20480,32768,29.491200000000003,16.062874023435008,1151.2654115537005,809.1317324218301,0.5869619088055851,0.0,-0.9731688489966761,0.23009213663766231,MAJOR_OCEAN
67890,24576,32768,29.491200000000003,16.168316174001912,1299.0599409714016,811.0296911320345,0.6153504433049825,0.06061534358500639,-0.9747082280047945,0.22348125259124857,MAJOR_OCEAN
67890,28672,32768,29.491200000000003,15.93258648063714,1438.0629966029746,806.7865566514686,0.6403202719073897,0.1001508946311674,-0.9726888923532435,0.23211272841578545,MAJOR_OCEAN
67890,32768,32768,29.491200000000003,16.14191682506011,1421.567503167126,810.554502851082,0.6365829987506446,0.18385584436369756,-0.9687851824419249,0.24790173513101188,MAJOR_OCEAN
314159,-32768,-32768,-29.491200000000003,16.086578086846277,1268.066382453763,809.558405563233,0.6100506400982045,0.0,-0.9701828321494891,-0.242374239972808,MAJOR_OCEAN
314159,-28672,-32768,-29.491200000000003,16.094295553160126,1247.34682174492,809.6973199568822,0.6060836094183508,0.0,-0.9727828792331948,-0.23171851430296952,MAJOR_OCEAN
314159,-24576,-32768,-29.491200000000003,15.939540076930736,1348.1414054865427,806.9117213847533,0.6252820900767253,0.04869452795363437,-0.9717976556321127,-0.2358162770207553,MAJOR_OCEAN
314159,-20480,-32768,-29.491200000000003,15.998378007694745,1435.395189970446,807.9708041385054,0.6395548648206641,0.11026426242993047,-0.968034583372609,-0.25081675660653024,MAJOR_OCEAN
314159,-16384,-32768,-29.491200000000003,16.066098700943446,1347.6406312747702,809.189776616982,0.6245350081017,0.12621486440697322,-0.9648427180941569,-0.2628279462703297,MAJOR_OCEAN
314159,-12288,-32768,-29.491200000000003,16.005935305161312,1274.8464030369232,808.1068354929037,0.6117442462078914,0.0,-0.9653453709775022,-0.2609756975894665,MAJOR_OCEAN
314159,-8192,-32768,-29.491200000000003,16.181033437234746,1476.9095372282877,811.2586018702254,0.6451730268314423,0.06834846477499024,-0.9690354655837677,-0.24692157953660185,MAJOR_OCEAN
314159,-4096,-32768,-29.491200000000003,16.16464909522953,1498.9034249325216,810.9636837141315,0.6486324632533051,0.10402201278062455,-0.9723679676347129,-0.23345349754916492,MAJOR_OCEAN
314159,0,-32768,-29.491200000000003,16.10330211772537,1223.5970296685234,809.8594381190567,0.6014368206163458,0.0,-0.9724514044735606,-0.23310569692180283,MAJOR_OCEAN
314159,4096,-32768,-29.491200000000003,16.124433322056177,1231.403890995983,810.2397997970112,0.6028481112718821,0.0,-0.9692177131700763,-0.24620524867956756,MAJOR_OCEAN
314159,8192,-32768,-29.491200000000003,15.976996265437755,1337.804498565087,807.5859327778796,0.6232810578306769,0.06742891119181615,-0.9654601252339502,-0.2605508522021087,MAJOR_OCEAN
314159,12288,-32768,-29.491200000000003,16.05969214873536,1345.385602852293,809.0744586772364,0.6241756119097832,0.11901522158260665,-0.9647749758493108,-0.2630765021338121,MAJOR_OCEAN
314159,16384,-32768,-29.491200000000003,15.943371714962144,1291.4647239422593,806.9806908693186,0.6151456545766714,0.12468682041700523,-0.9678530930239289,-0.2515161830260912,MAJOR_OCEAN
314159,20480,-32768,-29.491200000000003,16.162273194573903,1280.6242848854286,810.9209175023302,0.6119936063623073,0.0,-0.9716735694785363,-0.23632704960888412,MAJOR_OCEAN
314159,24576,-32768,-29.491200000000003,16.02691041887014,1450.104399599368,808.4843875396625,0.6417558840143706,0.06677119058250867,-0.9728200845371912,-0.23156226618568967,MAJOR_OCEAN
314159,28672,-32768,-29.491200000000003,16.18162208198342,1402.8584594843296,811.2691974757015,0.6333081775564875,0.11537416462335007,-0.970351459219134,-0.241698253182139,MAJOR_OCEAN
314159,32768,-32768,-29.491200000000003,15.916734529252956,1294.4410077604057,806.5012215265532,0.6158309156762688,0.13926543949641437,-0.9663447684647644,-0.2572504391848164,MAJOR_OCEAN
314159,-32768,-28672,-25.804799999999997,16.930078349090476,1249.5526125742383,824.7414102836285,0.6021087126986912,0.22109675859463612,-0.9687368723406564,-0.24809045158498685,MAJOR_OCEAN
314159,-28672,-28672,-25.804799999999997,15.984603290754864,486.8797027171308,817.5381194740538,0.37296848138620325,0.2946916139342639,-0.9713921024003374,-0.2374813327279694,LAND
314159,-24576,-28672,-25.804799999999997,15.641897536698915,658.2180020708288,830.6179331340687,0.4418056958602653,0.4217510065164028,-0.9703855364470568,-0.24156140141661228,LAND
314159,-20480,-28672,-25.804799999999997,15.8607362841222,972.7373182734713,815.8773923678921,0.5435456651587655,0.47668182811126236,-0.9665456443490743,-0.2564946732192169,LAND
314159,-16384,-28672,-25.804799999999997,16.707717091063778,1137.1975732969354,820.738907639148,0.580517839329595,0.22899522719277057,-0.963293810545796,-0.26844931470234784,MAJOR_OCEAN
314159,-12288,-28672,-25.804799999999997,15.828539056868804,464.9056539689883,815.0179564209819,0.36294565124570566,0.2963013613940875,-0.9638056187916021,-0.2666059436429297,LAND
314159,-8192,-28672,-25.804799999999997,15.322207576106527,780.3795807064538,828.4125257074088,0.4847704107860903,0.46385340718093954,-0.9675662729532543,-0.2526173142192527,LAND
314159,-4096,-28672,-25.804799999999997,16.046403102816534,1098.4573545997603,821.2038307927379,0.5719162562111568,0.4804540963859901,-0.9709681362365015,-0.2392088593957478,LAND
314159,0,-28672,-25.804799999999997,16.731185798541215,1191.6159905875184,821.1613443737419,0.5917317520163876,0.23327930767238336,-0.9710533860429462,-0.23886255766555148,MAJOR_OCEAN
314159,4096,-28672,-25.804799999999997,16.042918525215867,511.95978589186683,819.6920298997488,0.3841662014228036,0.2995358113774855,-0.9677521675351959,-0.2519042322608536,LAND
314159,8192,-28672,-25.804799999999997,15.528218478170322,816.5841635738113,831.5486753866928,0.4951597253308762,0.46751353822257863,-0.9639224777979952,-0.2661831264294817,LAND
314159,12288,-28672,-25.804799999999997,17.50194778746619,1330.714060415337,835.0350601743914,0.6141523482207085,0.25176866159515227,-0.963224842333591,-0.2686966749169571,COASTAL_WATER
314159,16384,-28672,-25.804799999999997,16.68415087815555,1374.1444138884635,820.3147158067999,0.6259029809765573,0.32803587433207104,-0.9663606235715242,-0.2571908731087768,MAJOR_OCEAN
314159,20480,-28672,-25.804799999999997,16.18762746458714,549.7680526224824,813.9101808454151,0.4028554417735682,0.29931227939084165,-0.9702588005683749,-0.24206994840256085,LAND
314159,24576,-28672,-25.804799999999997,15.536773430266386,742.7822287573075,831.2466347889246,0.47159912173603447,0.41917406550504177,-0.9714301244438269,-0.2373257536026186,LAND
314159,28672,-28672,-25.804799999999997,17.703869478760858,1286.1815217045616,838.6696506176954,0.6050195509686365,0.18236846797220152,-0.9689089694815444,-0.2474174788858132,COASTAL_WATER
314159,32768,-28672,-25.804799999999997,16.57752040185909,1324.1131399172193,818.3953672334636,0.6177316933896068,0.23504517147611878,-0.9648235324761706,-0.2628983666366221,MAJOR_OCEAN
314159,-32768,-24576,-22.1184,17.676618510630266,1100.4040487930736,838.1791331913448,0.5673404775902587,0.2639640172401863,-0.9698290481013506,-0.2437860075123842,MAJOR_OCEAN
314159,-28672,-24576,-22.1184,15.987739001698609,595.1665255905544,844.4896849841955,0.4131218268604921,0.4390504395466166,-0.9724427747337557,-0.2331416948298054,LAND
314159,-24576,-24576,-22.1184,15.246003736047895,672.604983757764,868.1296794411826,0.43626507194316777,0.7094859287720932,-0.971452260926872,-0.237235125434807,LAND
314159,-20480,-24576,-22.1184,16.098067878595455,976.0457276158055,842.6273373658753,0.5363852146845025,0.5625681170924863,-0.9676701423804155,-0.2522191419093057,LAND
314159,-16384,-24576,-22.1184,17.386245580169376,1129.0520784929508,832.9524204430488,0.5751653035461339,0.25696468377080234,-0.9644634035303208,-0.2642164704379907,MAJOR_OCEAN
314159,-12288,-24576,-22.1184,16.389170736981402,631.4953576202738,844.3650791884411,0.4275931170482469,0.4556760599143547,-0.9649683274658543,-0.26236639835876824,LAND
314159,-8192,-24576,-22.1184,14.973138753999164,647.681781186926,863.3504666801482,0.4283518305251549,0.7109224141076584,-0.9686759211164093,-0.24832833074233804,LAND
314159,-4096,-24576,-22.1184,15.933887911765213,889.9378799773187,845.5060040933697,0.5125059831424362,0.6151288985378982,-0.9720256188149878,-0.2348748525648074,LAND
314159,0,-24576,-22.1184,17.333715230222722,1131.1940158615384,832.006874144009,0.5759054593740377,0.27287640068401764,-0.9721095050350762,-0.23452741890972834,MAJOR_OCEAN
314159,4096,-24576,-22.1184,16.232159420633607,511.3577484090725,846.0099673582824,0.37645016329043246,0.44849365788717693,-0.968859072995649,-0.24761279586081905,LAND
314159,8192,-24576,-22.1184,15.473785450143339,745.4841424533006,870.2908994055869,0.46109330188334674,0.6947159764539769,-0.9650836038042331,-0.2619420502100302,LAND
314159,12288,-24576,-22.1184,16.38232976023292,931.2786001071457,847.3057723400356,0.5233124175093229,0.6278123239564881,-0.9643953571669358,-0.2644647331400886,LAND
314159,16384,-24576,-22.1184,17.496385083344094,990.0583734645288,834.9349315001937,0.5422026306299389,0.26080847756166387,-0.9674877765360614,-0.25291777765374274,MAJOR_OCEAN
314159,20480,-24576,-22.1184,16.244822752847565,528.2555597180808,848.9086094362666,0.38330379757458266,0.36800185760528303,-0.9713275179376829,-0.23774535305031805,LAND
314159,24576,-24576,-22.1184,18.43064377629631,660.9911768442272,862.6710844191967,0.4335328509387328,0.4686788534622359,-0.9724801824749646,-0.2329856104858401,LAND
314159,28672,-24576,-22.1184,16.321102934508474,870.3117508249944,842.8436302946408,0.5077204554563384,0.544336047352966,-0.9699985354930024,-0.24311075899974174,LAND
314159,32768,-24576,-22.1184,17.38156196493051,1003.8049703626921,832.8681153687492,0.5462369657349321,0.26960645461450045,-0.96597231767943,-0.25864547449555386,MAJOR_OCEAN
314159,-32768,-20480,-18.432000000000002,18.25451548544816,1165.2193427757627,848.5812787380669,0.5783298507721671,0.16801351807509307,-0.9723897847343979,-0.23336260742499312,MAJOR_OCEAN
314159,-28672,-20480,-18.432000000000002,17.639488291935017,661.281415004536,841.0771076894757,0.4398694024227319,0.2862712938203915,-0.9749017453645681,-0.2226355472181359,LAND
314159,-24576,-20480,-18.432000000000002,17.12522872757957,619.314893094725,864.91253628626,0.4169832046212908,0.39875341356891464,-0.9739505800167882,-0.22676037503268018,LAND
314159,-20480,-20480,-18.432000000000002,17.416341474998568,870.044614104048,839.0840926801485,0.5087597270617832,0.241038114393051,-0.9703101999264288,-0.2418638375589331,LAND
314159,-16384,-20480,-18.432000000000002,18.25991526350458,1264.0108423870133,848.6784747430825,0.5980116529629101,0.1451893276187785,-0.9672142293555205,-0.2539618761393264,MAJOR_OCEAN
314159,-12288,-20480,-18.432000000000002,17.599597122496533,605.9367046261634,839.3256346877841,0.41896735340117963,0.2741041095410987,-0.9677022351952064,-0.2520959817176813,LAND
314159,-8192,-20480,-18.432000000000002,17.051327116075317,631.0044879831254,863.4256879743662,0.421955165896734,0.39167944543497757,-0.971279528700295,-0.2379413312725066,LAND
314159,-4096,-20480,-18.432000000000002,17.744433905397255,982.5047191276807,841.9326967799971,0.5382297473283364,0.0,-0.9745012816153447,-0.22438193360885952,LAND
314159,0,-20480,-18.432000000000002,18.21364029891168,1290.5702479550414,847.8455253804102,0.6032348943295771,0.1742312896332232,-0.9745818254319703,-0.22403184045507596,MAJOR_OCEAN
314159,4096,-20480,-18.432000000000002,17.246598829092076,594.1829950831328,845.7604873541397,0.4123569052674479,0.2892566555538812,-0.9714559498290675,-0.23722001926840897,LAND
314159,8192,-20480,-18.432000000000002,17.123818695671172,735.2457652078068,862.9301051537742,0.45976541969806256,0.39350931586953874,-0.9678136225590613,-0.25166801940077094,LAND
314159,12288,-20480,-18.432000000000002,17.570652248465894,1063.7497128440891,838.8046269552326,0.5588228770796386,0.0,-0.9671484486436511,-0.25421227013301084,LAND
314159,16384,-20480,-18.432000000000002,18.315932243226566,1122.4884545631517,849.6867803780782,0.5688741854681673,0.0,-0.9701343521369541,-0.24256821474342483,MAJOR_OCEAN
314159,20480,-20480,-18.432000000000002,17.4063947441282,602.9030983029633,846.956953792725,0.41554876187548384,0.2775877590576116,-0.9738307231592793,-0.2272745534173922,LAND
314159,24576,-20480,-18.432000000000002,17.098231192510404,711.5814420096725,859.352874509317,0.4526788648430632,0.37494862181469507,-0.9749376475510174,-0.22247827621520289,LAND
314159,28672,-20480,-18.432000000000002,17.43088454801379,851.3383787205394,839.3458679944225,0.5032489841846854,0.24102961308707582,-0.9725528702299607,-0.23268200318775217,LAND
314159,32768,-20480,-18.432000000000002,18.274577014487424,1157.4496115167178,848.9423862607737,0.5765937160246739,0.14191565841580375,-0.9686720174916261,-0.2483435574535866,MAJOR_OCEAN
314159,-32768,-16384,-14.745600000000001,19.204363667791227,1205.9283506207628,865.678546020242,0.5818413287030768,0.08808614783292895,-0.9740383952573418,-0.2263828716235006,MAJOR_OCEAN
314159,-28672,-16384,-14.745600000000001,19.03603681037433,1217.0981198546965,862.6486625867379,0.5849333182323224,0.0,-0.976481242704381,-0.21560237161614867,MAJOR_OCEAN
314159,-24576,-16384,-14.745600000000001,19.020536471837662,1263.7937036830615,862.3696564930779,0.5941216021972159,0.05643359996507501,-0.9755567915258413,-0.21974746075394397,MAJOR_OCEAN
314159,-20480,-16384,-14.745600000000001,19.081292098869014,1444.2662508942485,863.4632577796423,0.6255675450364124,0.09470902319849017,-0.9720127332043299,-0.23492817304156652,MAJOR_OCEAN
314159,-16384,-16384,-14.745600000000001,18.913458762061772,1293.5493399814352,860.4422577171119,0.6002572545354232,0.0,-0.9689921442653027,-0.2470915303124147,MAJOR_OCEAN
314159,-12288,-16384,-14.745600000000001,18.981554294197398,1129.3976817259388,861.6679772955531,0.5669480203181164,0.0,-0.9694686305038903,-0.24521536344387454,MAJOR_OCEAN
314159,-8192,-16384,-14.745600000000001,19.19856876948358,1273.839719399833,865.5742378507044,0.5951370832192386,0.061094944142577996,-0.9729572772429211,-0.23098514380808435,MAJOR_OCEAN
314159,-4096,-16384,-14.745600000000001,19.03642186537847,1450.6724417241435,862.6555935768124,0.6268223085045495,0.10083297269522991,-0.9760921101297525,-0.21735729236086643,MAJOR_OCEAN
314159,0,-16384,-14.745600000000001,19.071122168080493,1271.130074256289,863.2801990254488,0.5952626950243116,0.0,-0.9761703848578535,-0.21700548317144028,MAJOR_OCEAN
314159,4096,-16384,-14.745600000000001,18.930403223250185,1297.6426795620932,860.7472580185033,0.60093022430955,0.0,-0.9731291227871096,-0.23026009290276614,MAJOR_OCEAN
314159,8192,-16384,-14.745600000000001,19.084718272164434,1300.183186316659,863.5249288989598,0.6006274828360184,0.05884025091528501,-0.9695773701722211,-0.24478505520133326,MAJOR_OCEAN
314159,12288,-16384,-14.745600000000001,19.041803465198438,1366.3321092825217,862.7524623735719,0.6126817460863664,0.10122306736553678,-0.9689279064191457,-0.2473433083028753,MAJOR_OCEAN
314159,16384,-16384,-14.745600000000001,19.03621221496964,1160.536993602931,862.6518198694536,0.5733343578814141,0.0,-0.9718413185352517,-0.23563626967778872,MAJOR_OCEAN
314159,20480,-16384,-14.745600000000001,18.839111147388998,1346.8672209789625,859.104000653002,0.610278560851831,0.024233723155651487,-0.9754402527003917,-0.22026419003504877,MAJOR_OCEAN
314159,24576,-16384,-14.745600000000001,19.213023203991956,1461.5453259818114,865.8344176718551,0.6277091741437208,0.17483288764584298,-0.9765161229698803,-0.2154443352234481,MAJOR_OCEAN
314159,28672,-16384,-14.745600000000001,19.138030166273044,1476.9139221236637,864.4845429929148,0.6305135288116573,0.10707464408610201,-0.9741971307584927,-0.22569880465328201,MAJOR_OCEAN
314159,32768,-16384,-14.745600000000001,19.12016023819092,1444.358614554024,864.1628842874366,0.6253930155136319,0.2058470445026287,-0.9704151274412842,-0.24144249922728228,MAJOR_OCEAN
314159,-32768,-12288,-11.0592,19.82275501565584,1170.2189904188879,876.8095902818052,0.5713880174555573,0.228223187401061,-0.9733473112251718,-0.22933602362195182,MAJOR_OCEAN
314159,-28672,-12288,-11.0592,19.31750863846225,534.9027681347818,877.819408889664,0.37836484199507064,0.28587044182004145,-0.9758194934749597,-0.21857794068540654,LAND
314159,-24576,-12288,-11.0592,19.116021629665426,744.2492906383362,888.0483481064895,0.4556727891985964,0.429810649560201,-0.9748837044405729,-0.22271453211729506,LAND
314159,-20480,-12288,-11.0592,21.2371125944066,1294.5835441742313,902.2680266993189,0.5890222803624954,0.1726949336846249,-0.97129875674408,-0.2378628284272359,COASTAL_WATER
314159,-16384,-12288,-11.0592,19.944060005934492,1180.5512413447439,878.9930801068208,0.5729317389849186,0.21217845465997823,-0.9682461573530603,-0.24999875753897827,MAJOR_OCEAN
314159,-12288,-12288,-11.0592,19.367049855553716,519.8283020556148,873.619207749535,0.3727844170543586,0.2740786563788965,-0.9687275359424864,-0.2481269052456803,LAND
314159,-8192,-12288,-11.0592,19.028920286435728,763.6184381328416,891.5843426293313,0.4610657867519276,0.4314970100686889,-0.9722538234923221,-0.23392841363237699,LAND
314159,-4096,-12288,-11.0592,19.15561463007542,1070.2579879726832,871.8277116508376,0.5508032858149536,0.4501120219215944,-0.9754255519274247,-0.22032928231871232,LAND
314159,0,-12288,-11.0592,19.990107110180897,1161.859806017589,879.8219279832562,0.5687914013613579,0.2915762199218062,-0.9755047896766271,-0.21997819282365144,MAJOR_OCEAN
314159,4096,-12288,-11.0592,19.114071161034957,574.9764995034842,880.0540613048577,0.3948931533307073,0.3782801347441728,-0.972427611559118,-0.2332049319320435,LAND
314159,8192,-12288,-11.0592,18.66673993081758,699.9628318064201,886.8484265242593,0.44083503510506356,0.45360441108944355,-0.9688374000502894,-0.24769758227281025,LAND
314159,12288,-12288,-11.0592,19.100018977444797,1024.8951757847701,872.6844954239539,0.539822052941436,0.4537370262404893,-0.9681812642381087,-0.2502499542023887,LAND
314159,16384,-12288,-11.0592,19.86514123720926,1300.0923517033427,877.5725422697667,0.5967381010727341,0.21763817536266553,-0.9711254598277151,-0.2385693636542816,MAJOR_OCEAN
314159,20480,-12288,-11.0592,19.3229480159139,493.01648228906623,877.6283245269166,0.35943451237460805,0.2838125191898281,-0.9747657573219874,-0.22323019140002628,LAND
314159,24576,-12288,-11.0592,18.819396036982617,787.0168523054624,886.896462872004,0.4698851249039558,0.4418772887135116,-0.975854807436266,-0.2184202252620583,LAND
314159,28672,-12288,-11.0592,19.04838273296804,1027.0818925211754,866.4372076280702,0.5421333004456194,0.4153502801067649,-0.9735078932792104,-0.2286534096029917,LAND
314159,32768,-12288,-11.0592,19.938789738171618,1074.0741230086228,878.8982152870891,0.5496874761008381,0.23391247212091595,-0.9696839214493921,-0.2443626249706145,MAJOR_OCEAN
314159,-32768,-8192,-7.372800000000001,20.600576710796346,1154.5147915470984,890.8103807943343,0.5641893122128225,0.2749502232777876,-0.9709041726950094,-0.23946834330119562,MAJOR_OCEAN
314159,-28672,-8192,-7.372800000000001,19.838581399313977,530.9239733691356,911.4519243774777,0.36783486145085964,0.40169701312270384,-0.9734759592908863,-0.2287893281660855,LAND
314159,-24576,-8192,-7.372800000000001,19.019048240914294,689.801681730652,933.1213839321166,0.42477485314190333,0.6996802683580273,-0.9725016637756722,-0.23289592944821855,LAND
314159,-20480,-8192,-7.372800000000001,19.77954911011245,974.4570826178602,905.3918899047999,0.5180942738378853,0.5598525170917911,-0.9687779454774683,-0.24793001503742015,LAND
314159,-16384,-8192,-7.372800000000001,20.62752843649139,968.9453700315707,891.295511856845,0.5205910634460589,0.2733490097569173,-0.9656168233412231,-0.2599695183678371,MAJOR_OCEAN
314159,-12288,-8192,-7.372800000000001,19.630459802106174,560.5431113445544,912.3745680165504,0.38030828939342903,0.4529350280269955,-0.9661147813963594,-0.25811282255530155,LAND
314159,-8192,-8192,-7.372800000000001,19.090022500710926,614.6572780659478,936.3616627861369,0.39603722730889523,0.7188683773849484,-0.9697687088819211,-0.2440259233636699,LAND
314159,-4096,-8192,-7.372800000000001,19.66925714008767,966.5954200059892,901.8786303454299,0.5170413677709467,0.554840507648933,-0.973065683691188,-0.23052803565423666,LAND
314159,0,-8192,-7.372800000000001,20.722463520165217,975.502546884762,893.0043433629739,0.5217967111934496,0.27523656816784026,-0.973148192245568,-0.2301794863344321,MAJOR_OCEAN
314159,4096,-8192,-7.372800000000001,19.561500890230086,520.524765061263,911.551048467566,0.3632220711195414,0.47006247695112835,-0.9699490878344299,-0.24330796741816219,LAND
314159,8192,-8192,-7.372800000000001,18.884666567712422,624.5638342389402,934.247494313895,0.4004098590682754,0.7113263666716084,-0.9662284564132584,-0.257686961286853,LAND
314159,12288,-8192,-7.372800000000001,19.709633169796824,890.7908336991251,907.6973870343372,0.4950245427758584,0.5788659728339072,-0.9655497098027886,-0.2602186732341678,LAND
314159,16384,-8192,-7.372800000000001,20.854362984303005,1246.524139281609,895.378533717454,0.5816989054090158,0.3591099447148144,-0.9685982644750047,-0.24863105609719927,MAJOR_OCEAN
314159,20480,-8192,-7.372800000000001,19.96003704469395,751.1473705758526,910.5333806317329,0.45176884981094717,0.5617610056530739,-0.9723789345407045,-0.23340781405403818,LAND
314159,24576,-8192,-7.372800000000001,22.047419038897214,798.0123832099172,929.8771449476592,0.4615751152477244,0.49400330093251554,-0.9735127464388218,-0.22863274595110442,LAND
314159,28672,-8192,-7.372800000000001,19.597085126204437,817.9785415348662,905.3603216091711,0.4743722704500333,0.5672849778834782,-0.9710710222021701,-0.23879084957182178,LAND
314159,32768,-8192,-7.372800000000001,20.65826590641809,961.733123457368,891.8487863155256,0.5185713925006089,0.2653002792160137,-0.9671046852955167,-0.25437870917091204,MAJOR_OCEAN
314159,-32768,-4096,-3.6864000000000003,21.663046491621206,1116.630084667291,909.9348368491817,0.5507247007568724,0.1663662388307034,-0.9689074161863955,-0.2474235616488511,MAJOR_OCEAN
314159,-28672,-4096,-3.6864000000000003,20.848442914959534,647.2584862343003,904.1561262992192,0.41693661023841,0.2926821929053183,-0.9715562364713578,-0.2368089512109099,LAND
314159,-24576,-4096,-3.6864000000000003,20.82732773826867,634.7143515247004,930.7559168036493,0.4051876147014475,0.39171267214949573,-0.9705521497825892,-0.24089110517492027,LAND
314159,-20480,-4096,-3.6864000000000003,23.107057728024525,1086.0151564446737,935.9270391044415,0.5368493271009563,0.012683541063580267,-0.966721178982636,-0.25583229293117465,COASTAL_WATER
314159,-16384,-4096,-3.6864000000000003,21.588051889592045,1276.3521725056546,908.5849340126567,0.5838924499244108,0.15775233931692811,-0.9634763065530567,-0.2677935897494194,MAJOR_OCEAN
314159,-12288,-4096,-3.6864000000000003,20.853815141584274,609.7929961800027,902.395320857997,0.4029855301643129,0.29752333739071196,-0.9639870521822411,-0.2659491741385809,LAND
314159,-8192,-4096,-3.6864000000000003,20.55585688574035,658.9394508130674,928.3180359366673,0.4148820051599719,0.39802506544305627,-0.9677395147786235,-0.25195283593568535,LAND
314159,-4096,-4096,-3.6864000000000003,20.98573313144889,908.548614224495,903.3331424962543,0.501162643871453,0.24356014479416754,-0.9711333221812384,-0.2385373567163665,LAND
314159,0,-4096,-3.6864000000000003,21.750880445135138,1255.163236889872,911.5158480124325,0.5790355434215213,0.1814775251925185,-0.9712183613786549,-0.23819087833282032,MAJOR_OCEAN
314159,4096,-4096,-3.6864000000000003,21.059183340360608,624.6466449512949,911.2062723498979,0.40644529994985623,0.2991707099983487,-0.9679249858675534,-0.25123937138373936,LAND
314159,8192,-4096,-3.6864000000000003,20.599675531910513,598.6283682771385,930.55792443143,0.3912127373834411,0.4081480815607107,-0.964103666892032,-0.2655261182733967,LAND
314159,12288,-4096,-3.6864000000000003,21.102325249514298,844.509638644907,905.4318006214318,0.4823174663104464,0.23535296469065647,-0.9634074806278747,-0.2680410906377065,LAND
314159,16384,-4096,-3.6864000000000003,21.594951998321044,1163.9606694908427,908.7091359697788,0.5613047296275281,0.15003500954556268,-0.9665365681035405,-0.25652887268030883,MAJOR_OCEAN
314159,20480,-4096,-3.6864000000000003,21.037864489057856,629.6837785080517,904.2715069332157,0.4102293952667363,0.27680862187265376,-0.9704257216915618,-0.24139991441467287,LAND
314159,24576,-4096,-3.6864000000000003,20.517782672683538,608.6316500794366,923.1511858951812,0.3970762431538053,0.3882189194152793,-0.971594163631091,-0.23665329323295042,LAND
314159,28672,-4096,-3.6864000000000003,22.922207102146285,1160.6369469021515,932.599727838633,0.5542052438012098,0.0,-0.9690791103227546,-0.2467502339128749,COASTAL_WATER
314159,32768,-4096,-3.6864000000000003,21.780170591111787,1304.4284896943404,912.0430706400122,0.5882503807614369,0.13859375713409175,-0.9650028165935461,-0.26223951640918425,MAJOR_OCEAN
314159,-32768,0,0.0,22.604365456681805,1240.7165371063031,926.8785782202725,0.572129176321353,0.13460149271379201,-0.9709946011103199,0.23910141073320923,MAJOR_OCEAN
314159,-28672,0,0.0,22.583588010335323,1255.565382444958,926.5045841860358,0.575137490614925,0.0,-0.9683239584395057,0.24969723969649027,MAJOR_OCEAN
314159,-24576,0,0.0,22.683140344184807,1378.2696261922586,928.2965261953266,0.5972828231884901,0.06604557811416478,-0.9693603850712968,0.24564291940625332,MAJOR_OCEAN
314159,-20480,0,0.0,22.479296227933936,1279.5247168988358,924.6273321028109,0.580243306795159,0.11767025196329538,-0.9730527839532146,0.23058247904144574,MAJOR_OCEAN
314159,-16384,0,0.0,22.66599855664572,1423.1692775818706,927.9879740196229,0.6050485258215152,0.25122636092331563,-0.9758885767072722,0.21826929663206043,MAJOR_OCEAN
314159,-12288,0,0.0,22.373119474430787,1197.9558234872522,922.7161505397542,0.564628198021342,0.0,-0.9754585534227049,0.22018312958645098,MAJOR_OCEAN
314159,-8192,0,0.0,22.690236228331717,1400.5854352195665,928.4242521099709,0.6011071296552422,0.0655506566051028,-0.9721096835661264,0.23452667890234918,MAJOR_OCEAN
314159,-4096,0,0.0,22.52131075411828,1509.267474490593,925.383593574129,0.6196566882175782,0.12246904214158204,-0.968764194113252,0.24798374181405794,MAJOR_OCEAN
314159,0,0,0.0,22.387156255650673,1246.4217655014647,922.9688126017121,0.5742845449461824,0.1392518212455707,-0.9686761088202177,0.2483275985486145,MAJOR_OCEAN
314159,4096,0,0.0,22.6674605684166,1260.2652930415131,928.0142902314988,0.5756529694381903,0.0,-0.9719350267300528,0.23524945019117774,MAJOR_OCEAN
314159,8192,0,0.0,22.504666469446768,1366.3857517518184,925.0839964500418,0.5960321844262362,0.0700618778696391,-0.9753595398225715,0.22062132280697985,MAJOR_OCEAN
314159,12288,0,0.0,22.519470249424746,1427.3679151814306,925.3504644896454,0.6064310528861572,0.1049864259853898,-0.9759460760518391,0.21801205617813402,MAJOR_OCEAN
314159,16384,0,0.0,22.322260565183747,1224.5090707032916,921.8006901733074,0.5702526449669788,0.0,-0.9732209335603598,0.22987173484337256,MAJOR_OCEAN
314159,20480,0,0.0,22.59262762891444,1261.850922056349,926.66729732046,0.5763144197153578,0.0,-0.9694887560881651,0.24513578241175318,MAJOR_OCEAN
314159,24576,0,0.0,22.43568976325886,1436.3095038380172,923.8424157386595,0.6083088055153725,0.07164209849389086,-0.968284210613974,0.24985133074625282,MAJOR_OCEAN
314159,28672,0,0.0,22.37050583884893,1351.529170662459,922.6691050992808,0.5940269843998387,0.10424449530731589,-0.9708275612985252,0.23977874431057952,MAJOR_OCEAN
314159,32768,0,0.0,22.42209533380611,1352.7475315143558,923.5977160085099,0.5940019559993278,0.0,-0.9745855613930975,0.22401558768108323,MAJOR_OCEAN
314159,-32768,4096,3.6864000000000003,21.692024411144697,1319.9337139459933,910.4564394006045,0.5915297743724383,0.157015984213968,-0.9685964387637794,0.24863816845795028,MAJOR_OCEAN
314159,-28672,4096,3.6864000000000003,20.910283502011524,680.3166812181088,904.2135056242145,0.42907835301010544,0.27022665541446067,-0.9658359848443343,0.2591541054657918,LAND
314159,-24576,4096,3.6864000000000003,20.794066486420743,629.1259992107139,934.3275302165624,0.4021378630792745,0.42057916748042673,-0.9669065686480296,0.2551307263057378,LAND
314159,-20480,4096,3.6864000000000003,20.971517283727533,769.5030285334049,915.9046278468592,0.4562971625645249,0.30815822968254925,-0.9707280786513771,0.24018117602719358,LAND
314159,-16384,4096,3.6864000000000003,21.711125433291066,1279.053201628611,910.8002577992393,0.5838150407205421,0.17129475923908202,-0.9736719318433259,0.22795387502844908,MAJOR_OCEAN
314159,-12288,4096,3.6864000000000003,21.013524365843804,607.2043569933952,910.3844108085954,0.3998477862260659,0.29272620349734774,-0.9732249702581547,0.22985464377735318,LAND
314159,-8192,4096,3.6864000000000003,20.609416539356886,721.4939012436022,927.9378928827799,0.43715463057078846,0.5449042858810402,-0.9697508325290041,0.24409695370754514,LAND
314159,-4096,4096,3.6864000000000003,21.152118649619396,1096.2564646907313,904.3044541277945,0.547700774122741,0.013042943311720586,-0.966290624771349,0.25745374046417735,LAND
314159,0,4096,3.6864000000000003,21.55443090889527,1171.6680878223317,907.9797563601148,0.5631265718984357,0.14713092860078245,-0.9661996451575245,0.25779496833234283,MAJOR_OCEAN
314159,4096,4096,3.6864000000000003,20.998931303046007,665.9392077935455,902.9930738043962,0.42418339669767485,0.2704452795924299,-0.9695699437491919,0.24481446889060446,LAND
314159,8192,4096,3.6864000000000003,20.57553423167351,676.4421270733324,929.292033130066,0.42100438506124793,0.41344804958135906,-0.9731220857215573,0.2302898310410733,LAND
314159,12288,4096,3.6864000000000003,20.73553286372965,748.9913994278472,910.0423321807581,0.4511904699081385,0.3080146938104163,-0.973731711811228,0.22769838254404817,LAND
314159,16384,4096,3.6864000000000003,21.55040242889785,1120.5292803322704,907.9072437201613,0.5521381265449823,0.0,-0.9709024058823802,0.2394755065801218,MAJOR_OCEAN
314159,20480,4096,3.6864000000000003,21.145083456937567,653.019828131329,903.1443887077227,0.4193647793017742,0.260800778557345,-0.9670392304872186,0.2546274272318047,LAND
314159,24576,4096,3.6864000000000003,20.836968960697035,670.1967586841232,927.678230630038,0.4191677042691153,0.3918845591992716,-0.9657949439677946,0.25930701148685603,LAND
314159,28672,4096,3.6864000000000003,22.871510343027108,1091.590798884432,931.6871861744879,0.5392494543444137,0.0,-0.9684236056159219,0.24931048932176378,COASTAL_WATER
314159,32768,4096,3.6864000000000003,21.76881190912737,1020.2607387270682,911.8386143642927,0.5277849465396046,0.0,-0.9723182154242311,0.23366062559669415,MAJOR_OCEAN
314159,-32768,8192,7.372800000000001,20.65370175145738,1221.8021775274449,891.7666315262329,0.5778020428071252,0.28861933979381493,-0.9663013289813223,0.2574135614316588,MAJOR_OCEAN
314159,-28672,8192,7.372800000000001,19.558635575676245,602.737948535129,908.5572402471829,0.3985583985230085,0.4595031579248068,-0.9634596546020973,0.2678534934511913,LAND
314159,-24576,8192,7.372800000000001,18.851810107732412,709.339655657568,933.5590240133737,0.4314984034171474,0.7262581718207114,-0.9645611168696838,0.26385953047617633,LAND
314159,-20480,8192,7.372800000000001,19.738864820031154,852.2693430911607,911.001222297448,0.4830717917143479,0.5970481740468832,-0.9684994702467438,0.2490156142328763,LAND
314159,-16384,8192,7.372800000000001,20.563171753661607,1114.8063705465083,890.1370915659089,0.5557516408625639,0.2709783340979625,-0.9715412628988054,0.2368703748572081,MAJOR_OCEAN
314159,-12288,8192,7.372800000000001,19.580669390398192,543.5535951841404,905.0648383646588,0.3749632197029057,0.4088359845949267,-0.9710789408963946,0.2387586449692171,LAND
314159,-8192,8192,7.372800000000001,18.963800579989194,610.9662981812733,935.1823795479688,0.3948982453825909,0.7025994995990553,-0.9674913038891053,0.2529042840660451,LAND
314159,-4096,8192,7.372800000000001,19.87027588801821,881.1875855371654,914.3233851741554,0.49049941798477464,0.5862843455504299,-0.9639273144008079,0.2661656111372129,LAND
314159,0,8192,7.372800000000001,20.77636913783251,1013.1956194784386,893.9746444809853,0.5309775750178988,0.26198920620009264,-0.9638337184333665,0.2665043399476074,MAJOR_OCEAN
314159,4096,8192,7.372800000000001,19.649274045538327,538.9772840986432,908.388301451383,0.3721279278352662,0.45755488848071807,-0.9673047733013893,0.25361678877461535,LAND
314159,8192,8192,7.372800000000001,19.19777808015892,604.2874696562035,939.0281108348408,0.39129791688306276,0.7205273887722682,-0.9709725464613753,0.23919095722521022,LAND
314159,12288,8192,7.372800000000001,19.544037639947565,901.0084712674002,904.7166674970505,0.4986970358333338,0.5698566059040402,-0.9716031112788617,0.23661655511235058,LAND
314159,16384,8192,7.372800000000001,20.589372802547754,1150.0813536548571,890.6087104458595,0.5632986974256655,0.2530443487167299,-0.9686793929715165,0.24831478738152957,MAJOR_OCEAN
314159,20480,8192,7.372800000000001,19.87747909470998,601.4699626431006,909.0473375320214,0.3979246301536974,0.43046339206372647,-0.9646976586613561,0.2633598818599706,LAND
314159,24576,8192,7.372800000000001,18.931605899259484,677.1164571265033,932.3502885202995,0.42044733860962574,0.6852145105158625,-0.9634174450730791,0.2680052733228594,LAND
314159,28672,8192,7.372800000000001,19.86113563195666,840.7882597400801,910.7919268073347,0.4797431045916558,0.5589539473825152,-0.966123253744815,0.2580811085173259,LAND
314159,32768,8192,7.372800000000001,20.854725161805177,1137.770296031782,895.3850529124932,0.5593330404299179,0.25777348303569575,-0.9701415778506076,0.242539314185419,MAJOR_OCEAN
314159,-32768,12288,11.0592,19.864400993391357,1214.697445744289,877.5592178810444,0.5802907339802954,0.2260415469445506,-0.9662973295360917,0.25742857442680617,MAJOR_OCEAN
314159,-28672,12288,11.0592,20.89246118959162,497.7808107728297,896.0643014126492,0.3568717461345181,0.29634681005983693,-0.9634555173985357,0.2678683743824938,COASTAL_WATER
314159,-24576,12288,11.0592,18.98056999459691,691.3354224534503,894.9417453348592,0.43554801674413784,0.46430409922455074,-0.9645570320297235,0.26387446250444707,LAND
314159,-20480,12288,11.0592,19.260794899243837,938.6385799805089,880.3361565848065,0.5157426425335564,0.471771841790908,-0.9684955836533955,0.2490307299187567,LAND
314159,-16384,12288,11.0592,19.882822409250377,1057.0080960901762,877.8908033665068,0.5460037693016042,0.21599698945522927,-0.971537542599483,0.2368856334178115,MAJOR_OCEAN
314159,-12288,12288,11.0592,19.12645920332151,532.8122643092647,874.6604049134796,0.3782908081583815,0.28425093450736044,-0.9710751945091223,0.23877388175650702,LAND
314159,-8192,12288,11.0592,18.736337860810213,740.4073198615987,888.3049944094942,0.4543178040553459,0.42479055210528555,-0.9674873648181307,0.25291935259538606,LAND
314159,-4096,12288,11.0592,19.30911699156471,1222.4475194509582,870.0969923310113,0.583912839001662,0.1762961209429268,-0.9639231992748674,0.26618051374904284,LAND
314159,0,12288,11.0592,19.91660743744273,1202.026912427021,878.4989338739692,0.5774739307528189,0.23095678889810428,-0.9638295988707415,0.26651923821868023,MAJOR_OCEAN
314159,4096,12288,11.0592,21.036436409329575,540.405478078257,898.6558553679324,0.37526559843463103,0.2969085480879071,-0.967300824656374,0.2536318485898386,COASTAL_WATER
314159,8192,12288,11.0592,18.81129133581201,709.0737372742253,887.963249967392,0.4437154727552098,0.46837891609103166,-0.970968794113299,0.23920618900472887,LAND
314159,12288,12288,11.0592,19.239725158713487,1008.6281431597391,878.4560250802498,0.5342071927333355,0.4724797588588425,-0.9715993944927042,0.23663181658731058,LAND
314159,16384,12288,11.0592,19.846718559550585,1111.4175242218264,877.2409340719105,0.5585971399206576,0.23741073407382207,-0.9686755158759844,0.248329911493552,MAJOR_OCEAN
314159,20480,12288,11.0592,19.206749015181288,525.1774860336843,879.3633306716806,0.3736479793341883,0.28889764865884004,-0.9646935804018366,0.2633748202305703,LAND
314159,24576,12288,11.0592,18.914311982772666,629.5508240224025,896.5362761240284,0.4122560029234976,0.47038676467186685,-0.9634133058879524,0.2680201522983799,LAND
314159,28672,12288,11.0592,19.326165993240657,1021.0060788197914,878.2551271320242,0.5372977544465436,0.46277130427178315,-0.9661192454060498,0.2580961132137503,LAND
314159,32768,12288,11.0592,19.672647401773943,1207.4673369567872,874.107653231931,0.5797953699844293,0.25665080703116444,-0.9701377794865105,0.2425545068906839,MAJOR_OCEAN
314159,-32768,16384,14.745600000000001,19.21656780234539,1242.8912710384807,865.898220442217,0.5891067692095631,0.12208275611003355,-0.9685883627090506,0.2486696274670484,MAJOR_OCEAN
314159,-28672,16384,14.745600000000001,18.898019924495006,1213.1174328790642,860.1643586409101,0.5848373339815737,0.0,-0.9658276151596831,0.2591852962553224,MAJOR_OCEAN
314159,-24576,16384,14.745600000000001,18.980531095223114,1303.6732209692395,861.649559714016,0.6017908469568245,0.05026287547807765,-0.9668983106156956,0.25516202093672524,MAJOR_OCEAN
314159,-20480,16384,14.745600000000001,19.008056256896893,1320.3930610049886,862.1450126241441,0.6047034750396816,0.10704266571561041,-0.9707202428910938,0.2402128432067192,MAJOR_OCEAN
314159,-16384,16384,14.745600000000001,19.03621221496964,1160.541459708404,862.6518198694536,0.5733352992607669,0.0,-0.9736644497822255,0.22798583120509044,MAJOR_OCEAN
314159,-12288,16384,14.745600000000001,18.86678969258303,1128.0774223333892,859.6022144664946,0.5672494460438351,0.0,-0.9732174327391729,0.22988655596309526,MAJOR_OCEAN
314159,-8192,16384,14.745600000000001,19.127684382593515,1423.7862553376638,864.2983188866833,0.6219893626342362,0.05309637094967226,-0.9697428850557616,0.244128525338044,MAJOR_OCEAN
314159,-4096,16384,14.745600000000001,19.011749097982804,1474.3864700697416,862.2114837636905,0.6307271392207936,0.11029628017840246,-0.9662823021677862,0.25748497532346043,MAJOR_OCEAN
314159,0,16384,14.745600000000001,18.86991519794574,1277.0727668778095,859.6584735630233,0.5973963156446446,0.11705485339469965,-0.9661913130933328,0.2578261943693489,MAJOR_OCEAN
314159,4096,16384,14.745600000000001,18.866966168541357,1322.8655667279158,859.6053910337444,0.6058544364995923,0.0,-0.9695619758899247,0.24484602285604953,MAJOR_OCEAN
314159,8192,16384,14.745600000000001,18.966032443991455,1339.763859752424,861.3885839918462,0.6083883354934564,0.054415457237173954,-0.9731145355295294,0.23032173310642723,MAJOR_OCEAN
314159,12288,16384,14.745600000000001,19.202397443985642,1255.8108115241182,865.6431539917415,0.5916787039566698,0.10788468183969532,-0.9737242372175929,0.22773034460742536,MAJOR_OCEAN
314159,16384,16384,14.745600000000001,18.913458762061772,1413.5889489261804,860.4422577171119,0.6213492565721189,0.12174223844790186,-0.9708945903358118,0.23950719082452648,MAJOR_OCEAN
314159,20480,16384,14.745600000000001,18.900941136637634,1159.193884807756,860.2169404594774,0.5737416718970673,0.0,-0.9670309864825275,0.2546587347463851,MAJOR_OCEAN
314159,24576,16384,14.745600000000001,19.225055251114792,1421.5780469327185,866.0509945200663,0.6211483037156269,0.0574707148840822,-0.9657865700569694,0.2593381983002012,MAJOR_OCEAN
314159,28672,16384,14.745600000000001,19.06330338652804,1535.1120550902906,863.1394609575048,0.6398295655217624,0.1126637950170841,-0.9684155106149245,0.24934193149254905,MAJOR_OCEAN
314159,32768,16384,14.745600000000001,19.184183214772077,1429.3924803292184,865.3152978658974,0.6226369461765757,0.12067582531000166,-0.9723105673797918,0.233692448661884,MAJOR_OCEAN
314159,-32768,20480,18.432000000000002,18.17701450182579,1215.1045221454438,847.1862610328642,0.5889157902763895,0.17787854993884106,-0.9709899185214385,0.23912042599855474,MAJOR_OCEAN
314159,-28672,20480,18.432000000000002,17.336696116282813,626.7963833979388,842.9800265389538,0.42616700890982684,0.29803732488583135,-0.9683190952140767,0.24971609848744641,LAND
314159,-24576,20480,18.432000000000002,17.082989401193338,649.469010446929,861.8512684113061,0.4294520278054211,0.3833155168630602,-0.9693555905588827,0.24566183881962605,LAND
314159,-20480,20480,18.432000000000002,17.482348790691162,786.9273616384822,845.6017746783041,0.48173451219414026,0.27066504802030766,-0.9730482490274073,0.23060161548587838,LAND
314159,-16384,20480,18.432000000000002,18.156750575229157,1146.9302310985215,846.8215103541248,0.5749739214481335,0.168174997642215,-0.9758842588777947,0.21828860088089175,MAJOR_OCEAN
314159,-12288,20480,18.432000000000002,17.427904548926975,653.8339603886192,844.6217783265487,0.43604752278241105,0.28939114548014083,-0.9754542015734439,0.22020240832632842,LAND
314159,-8192,20480,18.432000000000002,17.113763943290767,724.9906633826843,857.111528452722,0.4579556942828495,0.3482042220609765,-0.9721050800095139,0.2345457597563782,LAND
314159,-4096,20480,18.432000000000002,17.47076095927475,989.5081390510603,837.006583749792,0.541450159993534,0.0,-0.9687593598664216,0.2480026263393212,LAND
314159,0,20480,18.432000000000002,18.1440489921603,1013.6064738578344,846.5928818588854,0.5445985518663098,0.0,-0.9686712687507998,0.24834647792291298,MAJOR_OCEAN
314159,4096,20480,18.432000000000002,19.474089891640713,794.4926044816466,870.5336180495328,0.4768788112317829,0.23095647070498654,-0.971930410645975,0.2352685207620146,COASTAL_WATER
314159,8192,20480,18.432000000000002,16.85626361482124,657.289242338076,856.0255344042737,0.4340506032385559,0.3815749546810303,-0.9753551801982143,0.2206405956765635,LAND
314159,12288,20480,18.432000000000002,17.516734379804056,779.9266409573193,844.1853726664206,0.4799217742647829,0.2637213722666557,-0.9759417628026148,0.21803136383952818,LAND
314159,16384,20480,18.432000000000002,18.261074735684513,1140.830528349116,848.6993452423212,0.5731290665287826,0.15971982268489193,-0.9732164110495739,0.22989088121060114,MAJOR_OCEAN
314159,20480,20480,18.432000000000002,17.356162186991185,638.4308802752272,842.5151727631849,0.4308057496197394,0.276932910981642,-0.9694839702063384,0.2451547093428061,LAND
314159,24576,20480,18.432000000000002,16.982645970320746,630.6092320979968,864.1447794765014,0.4215995592979818,0.40669513647240224,-0.9682793447870324,0.24987018721487206,LAND
314159,28672,20480,18.432000000000002,17.48411406800413,855.36828959047,848.7501917264965,0.5016474215503295,0.2931935849003963,-0.9708228670608633,0.2397977497636816,LAND
314159,32768,20480,18.432000000000002,18.149002727233068,1260.5528202960504,846.6820490901953,0.5979185899069326,0.15530231307757664,-0.974581141722129,0.22403481470430348,MAJOR_OCEAN
314159,-32768,24576,22.1184,17.423706973417715,1144.9817600589206,833.6267255215189,0.5783879834820982,0.2762004372245722,-0.9713586828806375,0.23761799004366876,MAJOR_OCEAN
314159,-28672,24576,22.1184,16.259106980542395,538.8989075744562,843.5110334193058,0.3895439027909126,0.48166950673676384,-0.9687021510104211,0.24822599103998597,LAND
314159,-24576,24576,22.1184,15.107810233662965,598.3906679375589,866.2640803010048,0.4082753244969253,0.7146720914188719,-0.9697332098221536,0.24416695470112865,LAND
314159,-20480,24576,22.1184,15.9307584420347,880.070799222385,846.1976844000492,0.5095159250382992,0.6399815229882154,-0.9734053317013891,0.22908963358325207,LAND
314159,-16384,24576,22.1184,17.650845672719303,1142.203222994281,837.7152221089475,0.5766028509743919,0.27565432725987393,-0.9762241685245236,0.21676340278885284,MAJOR_OCEAN
314159,-12288,24576,22.1184,16.126610527418176,479.10021523218325,842.8917788310185,0.3621338733583416,0.4073384090280002,-0.9757968021766157,0.21867921909017973,LAND
314159,-8192,24576,22.1184,15.341899321715838,720.2737097981995,868.9530723737123,0.45293773056347264,0.6831073524019261,-0.9724675919858016,0.2330381568270239,LAND
314159,-4096,24576,22.1184,16.444181949077155,812.0676037142373,848.8573906345459,0.4886307182788606,0.5783831715264568,-0.969140122868997,0.24651049114685875,LAND
314159,0,24576,22.1184,17.431056214035962,1107.3970143388012,833.7590118526473,0.5701895210295732,0.3654148813808306,-0.9690524924350685,0.2468547485979993,MAJOR_OCEAN
314159,4096,24576,22.1184,16.329125169405025,685.6748349781369,846.7863686004475,0.4471419514090097,0.5288392305221776,-0.972293913675525,0.23376172789729868,LAND
314159,8192,24576,22.1184,18.379068248445478,717.1177862432836,857.8498767814987,0.45503331259152036,0.44439719917023957,-0.9756983958157047,0.21911786874342412,LAND
314159,12288,24576,22.1184,16.108783962057917,800.9127985971711,842.8202268681996,0.4869561115370417,0.5685064369933941,-0.976281310155793,0.2165058970108856,LAND
314159,16384,24576,22.1184,17.501733410551832,989.547761347277,835.0312013899329,0.5420459928304516,0.27532677615451207,-0.9735725116056657,0.22837811770359218,MAJOR_OCEAN
314159,20480,24576,22.1184,16.124359231850896,480.59442521731205,850.7607528539545,0.36071044202569646,0.42124665872782524,-0.9698609066365909,0.2436592329013003,LAND
314159,24576,24576,22.1184,15.200268606792951,667.8200545613713,867.3064471145935,0.43474287686122043,0.6933615520873013,-0.9686626064174041,0.24838026275982839,LAND
314159,28672,24576,22.1184,16.162718818349717,919.3259903035434,842.5136517744246,0.5215029026802898,0.5591618814544138,-0.9711925529970832,0.23829608683947762,LAND
314159,32768,24576,22.1184,17.65476627811053,1025.332467250258,837.7857930059895,0.5500361694377226,0.26684924478017563,-0.9749291071368762,0.22251569845135266,MAJOR_OCEAN
314159,-32768,28672,25.804799999999997,16.855560020413876,1314.6392906057729,823.4000803674497,0.6145933115796914,0.23900772106049645,-0.9693801913203902,0.24556474640233605,MAJOR_OCEAN
314159,-28672,28672,25.804799999999997,16.099376583268008,516.3385089536777,813.3550969334694,0.3880220861281174,0.30809474433499423,-0.9666485080160336,0.2561067393693032,LAND
314159,-24576,28672,25.804799999999997,15.60947235792591,664.3899108320036,837.5246319828508,0.4420676571454605,0.4942902717238961,-0.9677081511518919,0.25207327147912206,LAND
314159,-20480,28672,25.804799999999997,16.189781328071994,1092.7652190303006,813.9489503881424,0.5728139133984755,0.4127742693621992,-0.9714882907863169,0.2370875384010734,LAND
314159,-16384,28672,25.804799999999997,16.601442828060552,1193.1042155576042,818.8259709050899,0.5927201169625443,0.2675386748278436,-0.9743975005450857,0.22483218393168206,MAJOR_OCEAN
314159,-12288,28672,25.804799999999997,15.793055744283889,596.729741334957,814.6591426508023,0.42249676990588214,0.3906794953369971,-0.9739559703265159,0.226737222055257,LAND
314159,-8192,28672,25.804799999999997,15.30309796475353,708.0358190187046,832.780445405719,0.4592219159674139,0.4604699281762718,-0.9705219881472057,0.2410125941165632,LAND
314159,-4096,28672,25.804799999999997,16.191961483043624,1221.5106706313402,815.0216251294306,0.5995049370126692,0.17151556998724213,-0.9670985344233364,0.25440209259405655,LAND
314159,0,28672,25.804799999999997,16.61481266892871,1124.7571948862937,819.0666280407168,0.578333719294689,0.21176668150194486,-0.967008481853126,0.25474417760591206,MAJOR_OCEAN
314159,4096,28672,25.804799999999997,16.20244957634193,565.5202170125416,817.2340385043291,0.40868544017687886,0.2847846377979172,-0.9703430964841796,0.24173182476764243,LAND
314159,8192,28672,25.804799999999997,15.587215138165012,726.3187123010149,831.6207854018805,0.4659056450691312,0.4650303616991637,-0.9738543269737768,0.2271733915634757,LAND
314159,12288,28672,25.804799999999997,15.71384429952547,919.3577182154478,816.8853358938807,0.5292050044700254,0.4741842193019166,-0.9744565491878028,0.2245761201575077,LAND
314159,16384,28672,25.804799999999997,16.792325190748596,1123.6160277221375,822.2618534334747,0.5771373944909121,0.22692697760056293,-0.9716606379524286,0.23638021206073784,MAJOR_OCEAN
314159,20480,28672,25.804799999999997,15.91004868809741,498.93598668763207,814.2092789737604,0.37966577951831226,0.29996604950475064,-0.9678394385003839,0.25156872079664755,LAND
314159,24576,28672,25.804799999999997,15.593004514414625,659.6723374434602,835.3754498911563,0.4409433595826129,0.46114953152822613,-0.9666078812736626,0.2562600317248888,LAND
314159,28672,28672,25.804799999999997,15.935744789248343,939.6114449885412,818.9843784298771,0.5339927683865097,0.4526730481642119,-0.9692092144022408,0.24623870272114248,LAND
314159,32768,28672,25.804799999999997,16.911992921311217,1277.2412158249244,824.4158725836019,0.60744151905038,0.2219622124597544,-0.9730600405651495,0.23055185415725804,MAJOR_OCEAN
314159,-32768,32768,29.491200000000003,15.916734529252956,1282.6621601358274,806.5012215265532,0.6136659800803136,0.12579453383989248,-0.966787970500915,0.2555797724678576,MAJOR_OCEAN
314159,-28672,32768,29.491200000000003,15.960872242077428,1128.8681296964817,807.2957003573937,0.582742725309447,0.0,-0.9639631538008139,0.2660357835224212,MAJOR_OCEAN
314159,-24576,32768,29.491200000000003,15.974597393011454,1402.6911529932736,807.5427530742062,0.6343477047563271,0.045789311588216974,-0.9650582080166618,0.262035598993094,MAJOR_OCEAN
314159,-20480,32768,29.491200000000003,16.048871237641706,1531.7498726331803,808.8796822775507,0.6541384265589245,0.11906121852029738,-0.968972303438748,0.24716932489410343,MAJOR_OCEAN
314159,-16384,32768,29.491200000000003,16.26910518913024,1326.3760886437512,812.8438934043443,0.6197382043758269,0.130517040646954,-0.9719937510708181,0.23500669752005046,MAJOR_OCEAN
314159,-12288,32768,29.491200000000003,16.10996479027588,1153.9282481179798,809.9793662249658,0.5872684495163133,0.0,-0.9715346205807833,0.23689761715338858,MAJOR_OCEAN
314159,-8192,32768,29.491200000000003,16.22656176054285,1405.6521849859,812.0781116897713,0.6335390052103186,0.05535168263134483,-0.9679705579710555,0.25106373473921606,MAJOR_OCEAN
314159,-4096,32768,29.491200000000003,15.935471175523789,1510.5648245642137,806.8384811594283,0.6515539469922909,0.11407522412254853,-0.9644281117899427,0.26434526133313957,MAJOR_OCEAN
314159,0,32768,29.491200000000003,16.159964211388065,1442.3064770545072,810.8793558049852,0.6398347713972208,0.1278181595365025,-0.9643350587695924,0.26468451867807985,MAJOR_OCEAN
314159,4096,32768,29.491200000000003,16.1418078586315,1348.028023652317,810.552541455367,0.6242082585074106,0.0,-0.9677851988442415,0.25177730020399364,MAJOR_OCEAN
314159,8192,32768,29.491200000000003,16.084150305877,1256.6253424043343,809.514705505786,0.6079052765074061,0.062278672255952794,-0.9714289553800058,0.23733053880466096,MAJOR_OCEAN
314159,12288,32768,29.491200000000003,16.060571107178035,1427.6710054766631,809.0902799292046,0.6379907520912014,0.10868729084292639,-0.9720551696671658,0.23475252314583897,MAJOR_OCEAN
314159,16384,32768,29.491200000000003,16.183701382058363,1223.2538581294,811.3066248770506,0.60094203456077,0.1230881045565691,-0.9691510640904881,0.24646747244266237,MAJOR_OCEAN
314159,20480,32768,29.491200000000003,16.08430471138765,1150.0901604534827,809.5174848049777,0.5865988349249093,0.0,-0.9651939445412895,0.26153517817078864,MAJOR_OCEAN
314159,24576,32768,29.491200000000003,15.988140275921854,1326.7155863334274,807.7865249665933,0.6212663426147438,0.05510856681060717,-0.9639211867739477,0.26618780153925975,MAJOR_OCEAN
314159,28672,32768,29.491200000000003,15.88130066770826,1395.6139883134135,805.8634120187487,0.633656439835858,0.10401465637378275,-0.9666109835164692,0.25624832983909196,MAJOR_OCEAN
314159,32768,32768,29.491200000000003,16.086578086846277,1375.933510993581,809.558405563233,0.6292881764504016,0.10314817677101928,-0.9706036164068411,0.2406836509153906,MAJOR_OCEAN
271828,-32768,-32768,-29.491200000000003,15.910255211661834,1256.6695447200646,806.384593809913,0.6088355539041561,0.1814583944536334,-0.9654436855302496,-0.26061176118849366,MAJOR_OCEAN
271828,-28672,-32768,-29.491200000000003,16.1057045516218,1341.290032206081,809.9026819291923,0.6232202271649246,0.0,-0.9632321919776006,-0.2686703264933193,MAJOR_OCEAN
271828,-24576,-32768,-29.491200000000003,16.09400279463899,1269.9531404339134,809.6920503035018,0.610365066608892,0.03492596409569657,-0.9650927883956301,-0.26190820870440024,MAJOR_OCEAN
271828,-20480,-32768,-29.491200000000003,16.071096696877024,1324.4896769864167,809.2797405437864,0.6204368800255579,0.111599478177844,-0.969167234839526,-0.24640387763488394,MAJOR_OCEAN
271828,-16384,-32768,-29.491200000000003,16.236585197120196,1297.306274834139,812.2585335481635,0.6146725604832259,0.12407715496150523,-0.9716622118300839,-0.23637374241118445,MAJOR_OCEAN
271828,-12288,-32768,-29.491200000000003,16.05845001710274,1306.55454034967,809.0521003078493,0.6172873670772344,0.0,-0.9704736690151811,-0.24120708478030414,MAJOR_OCEAN
271828,-8192,-32768,-29.491200000000003,15.923253164457183,1199.868009255297,806.6185569602293,0.5976966568285756,0.04803501315215452,-0.9665809906885996,-0.25636144101530817,MAJOR_OCEAN
271828,-4096,-32768,-29.491200000000003,15.892947466970451,1398.5979017456875,806.0730544054682,0.6340918158464616,0.10435230835109217,-0.9634700435178262,-0.2678161220758716,MAJOR_OCEAN
271828,0,-32768,-29.491200000000003,16.213441972657535,1161.3816092603038,811.8419555078356,0.5882725897847851,0.0,-0.9641896629297069,-0.2652136759284826,MAJOR_OCEAN
271828,4096,-32768,-29.491200000000003,15.978721367450023,1203.2273981155424,807.6169846141004,0.5980718033882024,0.0,-0.9680161014156241,-0.25088807743712366,MAJOR_OCEAN
271828,8192,-32768,-29.491200000000003,15.976934089480801,1408.537844997478,807.5848136106545,0.6352999188063557,0.0457504770925614,-0.9712929414837267,-0.237886573441819,MAJOR_OCEAN
271828,12288,-32768,-29.491200000000003,15.882258663643736,1462.157574677938,805.8806559455873,0.644395301473674,0.09702970168194903,-0.9711858881743098,-0.23832324815484712,MAJOR_OCEAN
271828,16384,-32768,-29.491200000000003,16.26262042048004,1370.4694734234333,812.7271675686407,0.627447844073672,0.19743910284873667,-0.9677826014763713,-0.2517872837925441,MAJOR_OCEAN
271828,20480,-32768,-29.491200000000003,16.05544214350998,1191.6134880361099,808.9979585831796,0.5953270751167707,0.0,-0.9640428402989658,-0.2657468759332885,MAJOR_OCEAN
271828,24576,-32768,-29.491200000000003,15.964865142232632,1201.108692684926,807.3675725601875,0.5977222590078297,0.03447275406702958,-0.9635566989925018,-0.2675041828208918,MAJOR_OCEAN
271828,28672,-32768,-29.491200000000003,15.931345332632127,1289.590948585789,806.7642159873783,0.6148653172188095,0.10192666041712568,-0.96681341285486,-0.25548351164789074,MAJOR_OCEAN
271828,32768,-32768,-29.491200000000003,16.064312943317507,1163.4613444663507,809.1576329797151,0.5895065652296836,0.0,-0.9706328279257649,-0.24056581916979075,MAJOR_OCEAN
271828,-32768,-28672,-25.804799999999997,16.740100109908695,1124.1517676296285,821.3218019783565,0.5775325106808565,0.2196149420983256,-0.9676407720446223,-0.2523317979900419,MAJOR_OCEAN
271828,-28672,-28672,-25.804799999999997,15.948567180473887,570.9872963977966,809.6070957313765,0.41328142300711634,0.26592932144614223,-0.9654883309036633,-0.2604463147922396,LAND
271828,-24576,-28672,-25.804799999999997,15.591609846951792,782.5784136199688,831.6321807922749,0.4845054981234444,0.45591085060989606,-0.9672994377993512,-0.2536371377244648,LAND
271828,-20480,-28672,-25.804799999999997,15.885687767674835,1021.8659330197353,816.3265190718394,0.555605767008039,0.4464827667230644,-0.9712579926794228,-0.23802922437452562,LAND
271828,-16384,-28672,-25.804799999999997,16.948175678862953,1200.6797640367142,825.0671622195332,0.5924172122735509,0.2277785563767119,-0.9736762779761859,-0.2279353103545854,MAJOR_OCEAN
271828,-12288,-28672,-25.804799999999997,16.01772929019939,485.4964062436517,818.7032664772814,0.3719709837434632,0.2902789190357428,-0.9725248551944385,-0.23279906792991317,LAND
271828,-8192,-28672,-25.804799999999997,15.568390992963273,755.6210578258828,837.5557199134943,0.4739882479641884,0.48389087266927566,-0.9687465601397041,-0.24805261985613214,LAND
271828,-4096,-28672,-25.804799999999997,15.807475401678047,959.4278230680723,823.496534322879,0.5378186687642224,0.5090959194088456,-0.9657199672284381,-0.25958610304926644,LAND
271828,0,-28672,-25.804799999999997,16.83497551077641,1219.7526563554347,823.0295591939754,0.596811464096012,0.22598379365472468,-0.9664205860030886,-0.25696546645307594,MAJOR_OCEAN
271828,4096,-28672,-25.804799999999997,15.955562064932279,547.8281456540557,812.7900632989553,0.40233608955281025,0.2681391889877201,-0.9701407159975477,-0.24254276151591395,LAND
271828,8192,-28672,-25.804799999999997,15.651333649121648,832.7067522253516,826.3577583833641,0.5016110801139969,0.41722223040469403,-0.9733186584954537,-0.22945759744364613,LAND
271828,12288,-28672,-25.804799999999997,16.26511629309963,1138.048050925356,815.3049797586399,0.582314470854355,0.41065552277370676,-0.9732149627211467,-0.22989701245487515,LAND
271828,16384,-28672,-25.804799999999997,16.704142120108347,1217.4817726801489,820.6745581619502,0.5970517092121976,0.21322978925102423,-0.9699139725919805,-0.2434479118227198,MAJOR_OCEAN
271828,20480,-28672,-25.804799999999997,17.677514121934088,475.32623563272773,838.1952541948135,0.36159639786116254,0.277434271558906,-0.9662776642643266,-0.25750237968585316,COASTAL_WATER
271828,24576,-28672,-25.804799999999997,15.67617680244912,774.2561985889453,832.394343013753,0.48160727630339,0.4283106449487297,-0.9658043503813453,-0.2592719745450086,LAND
271828,28672,-28672,-25.804799999999997,15.874736835275833,997.6109543145176,816.1294022886573,0.5497265494121939,0.4680605153186914,-0.9689724408845373,-0.2471687860678647,LAND
271828,32768,-28672,-25.804799999999997,16.84655977502,1222.2280808714336,823.2380759503601,0.5972383549061864,0.21578012397834886,-0.9726791065610358,-0.23215373281432525,MAJOR_OCEAN
271828,-32768,-24576,-22.1184,17.44538120908348,1088.3659183437385,834.0168617635027,0.5658602799194526,0.2745067441217255,-0.9701500100536311,-0.2425055834263192,MAJOR_OCEAN
271828,-28672,-24576,-22.1184,16.74997390832156,682.6925750148025,850.6377809263129,0.4449449705347568,0.5444299389725614,-0.9680688759554592,-0.2506843660987532,LAND
271828,-24576,-24576,-22.1184,18.350468885360232,771.6333954159652,862.4494121598912,0.47192312942240194,0.4804209429862882,-0.9698202187741999,-0.24382112963556507,LAND
271828,-20480,-24576,-22.1184,16.28326924507286,982.6883402340491,842.4588523340873,0.5381211023039609,0.5517185125483762,-0.9736389973549887,-0.22809450416345467,LAND
271828,-16384,-24576,-22.1184,17.580030658665706,1003.8817698004462,836.4405518559827,0.5451961115082599,0.26336434359894256,-0.9759649145131092,-0.21792770736971329,MAJOR_OCEAN
271828,-12288,-24576,-22.1184,16.000268857262128,452.35783087109877,845.7794511529751,0.34819863699571385,0.37955680448070245,-0.9748581868999663,-0.22282620006208953,LAND
271828,-8192,-24576,-22.1184,14.967687133735295,673.7114481098228,863.6879970861019,0.43793011640355956,0.7271577959897516,-0.9712177671043293,-0.23819330146097917,LAND
271828,-4096,-24576,-22.1184,16.301055579202732,820.8418951346687,846.0317897631405,0.4921487175960581,0.5768706958151053,-0.968293004176491,-0.24981724933011726,LAND
271828,0,-24576,-22.1184,17.554597852225463,1033.2087919170906,835.9827613400583,0.5524614792092507,0.27416959866654866,-0.96897067435682,-0.24717571125919593,MAJOR_OCEAN
271828,4096,-24576,-22.1184,16.379883286906292,511.590047985121,850.9165595984338,0.37520173729981066,0.40050345261539655,-0.9725625303295616,-0.23264162267092386,LAND
271828,8192,-24576,-22.1184,15.475090829005751,722.5230813442839,869.7659239427162,0.45347898526051483,0.7029614784184579,-0.9756213210038117,-0.21946078921478723,LAND
271828,12288,-24576,-22.1184,16.394853625192802,859.2036103142145,847.7201545909618,0.50306906430447,0.5721645289681924,-0.9755216676436724,-0.21990333321190988,LAND
271828,16384,-24576,-22.1184,17.559309408916945,1164.2921210535144,836.067569360505,0.5817505601967322,0.2552996018563459,-0.9723439334152905,-0.23355358089843364,MAJOR_OCEAN
271828,20480,-24576,-22.1184,16.16899963548797,502.4312827820581,844.873091225661,0.37263936279359844,0.3983400964163894,-0.9688324634810971,-0.2477168902298525,LAND
271828,24576,-24576,-22.1184,15.043148251163455,715.5139787820219,863.2509407154772,0.4529243370017463,0.7125083016630923,-0.9683746425034775,-0.24950060472123542,LAND
271828,28672,-24576,-22.1184,16.299779560158456,885.693805655733,846.2581476340093,0.5110896490663689,0.5802762217652232,-0.9714357567050486,-0.2373026982461214,LAND
271828,32768,-24576,-22.1184,17.578758837769332,1042.5803461905712,836.4176590798479,0.5545646023388234,0.2706476832144861,-0.9750065278959676,-0.2221762151092001,MAJOR_OCEAN
271828,-32768,-20480,-18.432000000000002,18.136285611606326,1289.531267122982,846.4531410089139,0.6034350378111842,0.15467200112958848,-0.9707191758549826,-0.24021715514805222,MAJOR_OCEAN
271828,-28672,-20480,-18.432000000000002,17.724248447043564,634.4592827316957,842.6027904814296,0.42925076979511373,0.2681534118583569,-0.9686548346537677,-0.24841057002849554,LAND
271828,-24576,-20480,-18.432000000000002,16.976513200590258,595.600264463606,862.2356568004524,0.40827090681145806,0.39601667893343484,-0.9703921022737154,-0.2415350240540675,LAND
271828,-20480,-20480,-18.432000000000002,17.297889260117714,904.6705400982984,840.2461605120664,0.5181636327678345,0.26584943638836533,-0.974177988908569,-0.2257814118258098,LAND
271828,-16384,-20480,-18.432000000000002,18.419781338164764,1229.7573057017137,851.5560640869658,0.5905726407675679,0.15649027355783576,-0.9764821901474794,-0.2155980805220257,MAJOR_OCEAN
271828,-12288,-20480,-18.432000000000002,17.396422743600397,571.633304756929,836.7019278194525,0.4056049203509487,0.27268939592465186,-0.975385968512412,-0.22050444990771517,LAND
271828,-8192,-20480,-18.432000000000002,17.109762687162636,598.8688705581189,863.1829610049381,0.4093285402734605,0.3920193297752614,-0.9717779806424977,-0.23589734279637295,LAND
271828,-4096,-20480,-18.432000000000002,17.52090002561749,797.397470621485,845.4804538584584,0.4850709768328748,0.2713958955385624,-0.96887719422771,-0.24754188030602078,LAND
271828,0,-20480,-18.432000000000002,18.13096582276658,1192.4438950291396,846.3573848097984,0.5845882669135762,0.17566421935174695,-0.969549459224533,-0.24489558207002374,MAJOR_OCEAN
271828,4096,-20480,-18.432000000000002,17.431523840640057,643.8179059016214,841.5958317195282,0.43313506166323845,0.29496916303235904,-0.9731111213106037,-0.23033615778166358,LAND
271828,8192,-20480,-18.432000000000002,16.721405026584787,583.2451454728788,861.6824998892238,0.4033709067972189,0.4135848409928667,-0.9761418931742308,-0.21713360953622207,LAND
271828,12288,-20480,-18.432000000000002,17.68489322047993,903.4314798832938,846.1564805566458,0.5160731710140705,0.2541271530116504,-0.9760431899717008,-0.21757686299298112,LAND
271828,16384,-20480,-18.432000000000002,18.300763035962962,1303.2348875742666,849.4137346473333,0.6051288376977264,0.15466055734647893,-0.9728944410240976,-0.2312496629714487,MAJOR_OCEAN
271828,20480,-20480,-18.432000000000002,19.177494632687953,784.8645138735843,865.1949033883832,0.4753702414751151,0.2683177766459897,-0.9694123578329522,-0.24543773239002234,COASTAL_WATER
271828,24576,-20480,-18.432000000000002,16.926182892268777,688.3063578982778,859.598941452327,0.44438246688603733,0.3933894803021027,-0.9689581859979897,-0.2472246625793737,LAND
271828,28672,-20480,-18.432000000000002,17.618497992908672,1009.7743591467324,849.273936095763,0.5428753445431843,0.457310458438455,-0.9719941130691325,-0.23500520028065422,LAND
271828,32768,-20480,-18.432000000000002,18.430149922676062,1323.5401733779902,851.7426986081691,0.6081655056955334,0.1881727125750568,-0.9755329200186479,-0.21985341016206747,MAJOR_OCEAN
271828,-32768,-16384,-14.745600000000001,18.85929261618023,1508.3677284015344,859.4672670912441,0.6367550847870496,0.1856784378232582,-0.9688616970424454,-0.24760252826664098,MAJOR_OCEAN
271828,-28672,-16384,-14.745600000000001,19.181885201184137,1298.393151516622,865.2739336213144,0.5998119343297937,0.0,-0.9667434118916682,-0.255748266004007,MAJOR_OCEAN
271828,-24576,-16384,-14.745600000000001,19.16885864115235,1432.421248574092,865.0394555407423,0.6232089354452267,0.049778627424180336,-0.9685258924574941,-0.24891282739026235,MAJOR_OCEAN
271828,-20480,-16384,-14.745600000000001,19.023382110408157,1310.6073786828333,862.4208779873468,0.6028474444440786,0.10811660627320913,-0.9724174725165692,-0.23324720608077484,MAJOR_OCEAN
271828,-16384,-16384,-14.745600000000001,19.071753488941983,1368.570786800532,863.2915628009557,0.6129221476840204,0.0,-0.9747914816089481,-0.22311783295521634,MAJOR_OCEAN
271828,-12288,-16384,-14.745600000000001,18.945228056104686,1175.1738632507877,861.0141050098844,0.5768607912278894,0.0,-0.9736614849126827,-0.22799849297227803,MAJOR_OCEAN
271828,-8192,-16384,-14.745600000000001,19.04189376430868,1343.1588470960648,862.7540877575561,0.608614334477655,0.051892306647351345,-0.9699492647635115,-0.24330726208792733,MAJOR_OCEAN
271828,-4096,-16384,-14.745600000000001,19.038541227436603,1366.8925694421694,862.6937420938589,0.6127951930723088,0.11421442704957228,-0.9669714522588361,-0.2548847004361728,MAJOR_OCEAN
271828,0,-16384,-14.745600000000001,18.850768888406268,1236.4582097085386,859.3138399913128,0.589696056796224,0.12775373758372552,-0.9676610793430638,-0.25225391082125326,MAJOR_OCEAN
271828,4096,-16384,-14.745600000000001,18.85252402037402,1185.0889701564045,859.3454323667323,0.5793825354137698,0.0,-0.9713197534026504,-0.23777707343184792,MAJOR_OCEAN
271828,8192,-16384,-14.745600000000001,18.87021715805983,1458.167507948478,859.663908845077,0.6288372226579585,0.06097368561393414,-0.9744405862705362,-0.22464537348615415,MAJOR_OCEAN
271828,12288,-16384,-14.745600000000001,19.216169097012042,1270.3011536011848,865.8910437462167,0.5943785286030112,0.10877831974876494,-0.9743388283991459,-0.2250863111648057,MAJOR_OCEAN
271828,16384,-16384,-14.745600000000001,18.965297838755898,1312.423868361432,861.3753610976062,0.6034689780021145,0.11849514459788418,-0.9710969137869434,-0.23868553377503604,MAJOR_OCEAN
271828,20480,-16384,-14.745600000000001,19.095098417382598,1255.155865679335,863.7117715128868,0.5920916210324324,0.0,-0.9675204140414894,-0.25279289628663426,MAJOR_OCEAN
271828,24576,-16384,-14.745600000000001,18.943879003222364,1197.705777794851,860.9898220580026,0.5814964977739506,0.051195775085903575,-0.9670545207705245,-0.2545693497994038,MAJOR_OCEAN
271828,28672,-16384,-14.745600000000001,19.15486840544751,1332.1080859033946,864.7876312980552,0.6060833894337577,0.10523616356696608,-0.9701713646195965,-0.24242013792618355,MAJOR_OCEAN
271828,32768,-16384,-14.745600000000001,19.22768670450781,1380.033993801886,866.0983606811405,0.6141311574499472,0.11025421186786379,-0.973812903130084,-0.2273508955279431,MAJOR_OCEAN
271828,-32768,-12288,-11.0592,19.741823618788082,1172.3849377989702,875.3528251381855,0.572247438890466,0.2393898460492972,-0.9661994675628932,-0.25779563394514965,MAJOR_OCEAN
271828,-28672,-12288,-11.0592,19.166133813827802,477.24658502943345,875.3745479025929,0.35257028234753407,0.3086850412335967,-0.9640079503617023,-0.26587341281036325,LAND
271828,-24576,-12288,-11.0592,18.864102882187765,796.5265613684707,892.4159674305369,0.47133352039760706,0.44927175079296783,-0.9658518057589995,-0.2590951356395557,LAND
271828,-20480,-12288,-11.0592,19.30274419857894,1064.7698716252478,871.0157140090663,0.5497613569219777,0.4211364030460786,-0.9698870340148152,-0.24355521191291415,LAND
271828,-16384,-12288,-11.0592,19.774746973804174,1256.7504774988417,875.9454455284751,0.5890016772941793,0.23772822297373922,-0.9723560470996032,-0.23350314273866682,MAJOR_OCEAN
271828,-12288,-12288,-11.0592,19.00884938099253,503.9163470336717,874.3002610812724,0.3653641814264429,0.2922804302821415,-0.971180072315685,-0.23834694698464426,LAND
271828,-8192,-12288,-11.0592,18.856892014299664,715.2953013390202,890.6767700846357,0.4451199333572254,0.44132608730368555,-0.9673261088010314,-0.2535354003524066,LAND
271828,-4096,-12288,-11.0592,19.07737604537307,1084.994592753123,876.4163710642247,0.5528885706195582,0.47882092220276823,-0.9642436996742035,-0.26501714593324793,LAND
271828,0,-12288,-11.0592,19.710119949965552,1267.7935259772405,874.7821590993799,0.5914386577546593,0.24687068656409453,-0.9649568919403233,-0.2624084539355988,MAJOR_OCEAN
271828,4096,-12288,-11.0592,19.18723767745181,498.7246634642222,882.1730188277571,0.3608984006956655,0.31801932963573326,-0.9687473599848253,-0.2480494961140444,LAND
271828,8192,-12288,-11.0592,18.639905230090324,676.8002155903622,889.5849224548483,0.4318021137003024,0.4402248844015242,-0.9719907216965342,-0.2350192267365599,LAND
271828,12288,-12288,-11.0592,19.157226787612252,1034.5938573577039,876.9710544004275,0.5409457482970604,0.47584614070607884,-0.9718848052006295,-0.2354568440715505,LAND
271828,16384,-12288,-11.0592,19.789033996526218,1250.3152308361055,876.2026119374719,0.5876873066343403,0.22729071312911464,-0.9685161467023714,-0.24895074528265762,MAJOR_OCEAN
271828,20480,-12288,-11.0592,19.03178204865035,490.50050424934204,881.5340539683804,0.35723828021199977,0.3198911040238129,-0.9648113888711332,-0.2629429289875563,LAND
271828,24576,-12288,-11.0592,18.862185901569294,769.2174087294381,895.5980066623678,0.4617662927248848,0.484766500486243,-0.9643295865454434,-0.2647044550306892,LAND
271828,28672,-12288,-11.0592,19.15224946083133,1149.2263538005373,875.1246295486565,0.5674208387822909,0.5289023709567029,-0.967556317457484,-0.25265544234809645,LAND
271828,32768,-12288,-11.0592,19.797094358658065,1163.1134893802534,876.3476984558451,0.5700248043501043,0.33472430636225975,-0.971337569754245,-0.2377042817955057,MAJOR_OCEAN
271828,-32768,-8192,-7.372800000000001,20.780854227716013,1209.5497672833683,894.0553760988882,0.5747157708355364,0.2628824262568683,-0.9652155183932338,-0.26145554699199053,MAJOR_OCEAN
271828,-28672,-8192,-7.372800000000001,19.68608551571224,621.2279081080032,903.4133167563086,0.40719134878074253,0.46599514124415214,-0.9629980613582154,-0.26950831864771596,LAND
271828,-24576,-8192,-7.372800000000001,18.935399248503163,707.2115864388603,933.8651425225082,0.43068120628332596,0.7227386094156142,-0.9648636553483427,-0.2627510734285107,LAND
271828,-20480,-8192,-7.372800000000001,19.668916009198757,803.3587112278315,908.9681375570668,0.4688881819587304,0.5919368085508891,-0.9689498123357423,-0.24725747951180332,LAND
271828,-16384,-8192,-7.372800000000001,20.818710800351944,1219.588762402345,894.736794406335,0.5765489659389816,0.2676535096096863,-0.9714525443773312,-0.2372339647327283,MAJOR_OCEAN
271828,-12288,-8192,-7.372800000000001,19.715047097381095,589.5428819722074,911.5812307064803,0.39247281699039854,0.4583538809040612,-0.9702602474533181,-0.2420641489602004,LAND
271828,-8192,-8192,-7.372800000000001,18.88248322652759,682.866940747629,933.2295210193839,0.4222796579503089,0.7123616686286657,-0.9663560074776578,-0.2572082168435543,LAND
271828,-4096,-8192,-7.372800000000001,19.66151591421399,958.40978219784,905.4919994999815,0.5139197096617582,0.5683992143133713,-0.9632365404169483,-0.26865473605650186,LAND
271828,0,-8192,-7.372800000000001,20.642792460081377,1161.2331552761739,891.5702642814648,0.5654061845540639,0.2618368882981331,-0.9639580784211649,-0.2660541731425675,MAJOR_OCEAN
271828,4096,-8192,-7.372800000000001,19.794141928639046,644.6213647197385,913.2629498898589,0.41351456209961013,0.4784221349577722,-0.9677952567108195,-0.25173863646258005,LAND
271828,8192,-8192,-7.372800000000001,19.096229059007122,668.5537063768063,935.494884365135,0.4165317550092139,0.7092046496292196,-0.9710820956211901,-0.238745813709807,LAND
271828,12288,-8192,-7.372800000000001,19.726458629577518,967.3449763329797,906.6609683765249,0.5159156849941886,0.5616435737476037,-0.9709747027369761,-0.2391822038631657,LAND
271828,16384,-8192,-7.372800000000001,20.60052101921241,1046.6440550147709,890.8093783458235,0.5399376827950204,0.2678553882767624,-0.9675610739325613,-0.25263722649377834,MAJOR_OCEAN
271828,20480,-8192,-7.372800000000001,19.73334233774018,617.8570636407085,911.8585812691509,0.40363934718723854,0.47025394885134086,-0.9638108618733499,-0.266586988682776,LAND
271828,24576,-8192,-7.372800000000001,19.223499656018724,709.6320944033944,937.8699083612372,0.4304708718662768,0.6950045485019062,-0.963323425324213,-0.2683430234264072,LAND
271828,28672,-8192,-7.372800000000001,19.77949154672011,953.0137540220882,910.7322164726551,0.5110689440284675,0.5760588019174502,-0.9665890905705107,-0.256330899405579,LAND
271828,32768,-8192,-7.372800000000001,20.93517382688249,977.5084279743232,896.8331288838848,0.521242876743989,0.24745842736848195,-0.9704199026275543,-0.2414233058019213,MAJOR_OCEAN
271828,-32768,-4096,-3.6864000000000003,21.542106807087723,1468.232283362607,907.757922527579,0.6176854577374045,0.3172814967611016,-0.9668701729753679,-0.25526862049727556,MAJOR_OCEAN
271828,-28672,-4096,-3.6864000000000003,20.946056394776377,648.0409000198079,902.6189612361492,0.4176436577377631,0.26813653818193967,-0.9646966765515493,-0.26336347934061666,LAND
271828,-24576,-4096,-3.6864000000000003,20.514542688253613,730.5121557676667,922.3703014339264,0.44169532882264795,0.3815923522316715,-0.966525429446409,-0.25657083667758257,LAND
271828,-20480,-4096,-3.6864000000000003,22.939544629284214,1169.9847697415216,932.9118033271159,0.5561037480255223,0.0,-0.9705252912602343,-0.24099929258036693,COASTAL_WATER
271828,-16384,-4096,-3.6864000000000003,21.48720544004635,1339.6746893509148,906.7696979208342,0.5960880264437566,0.16054862702024206,-0.9729709002315091,-0.23092775342666533,MAJOR_OCEAN
271828,-12288,-4096,-3.6864000000000003,21.18402859170123,636.680010549606,904.8788330852676,0.41274277034990653,0.28708323169918115,-0.971806253443487,-0.23578084266566904,LAND
271828,-8192,-4096,-3.6864000000000003,20.645059193263,728.3371177974626,926.5387148702231,0.43985008019839317,0.38843698219547557,-0.9679871962353156,-0.25099957753847424,LAND
271828,-4096,-4096,-3.6864000000000003,22.848593560419875,1036.7611344334787,931.2746840875577,0.5265323894474407,0.00964933254997175,-0.9649305291983687,-0.26250537865147816,COASTAL_WATER
271828,0,-4096,-3.6864000000000003,21.58799402146958,1109.6852223397864,908.5838923864524,0.5495479598271532,0.150156170020529,-0.9656379231284367,-0.25989113377758666,MAJOR_OCEAN
271828,4096,-4096,-3.6864000000000003,20.84146016169845,604.9680083757714,900.7362290407465,0.40151742681303165,0.28101302049039517,-0.9693959492824289,-0.24550253260367522,LAND
271828,8192,-4096,-3.6864000000000003,20.60524481391787,633.1845045132711,923.818396628516,0.40640778271288197,0.38047841383569714,-0.9726091303512469,-0.2324467241270382,LAND
271828,12288,-4096,-3.6864000000000003,22.828660246047182,994.0787743530759,930.9158844288493,0.5161378666448486,0.0,-0.9725042384816833,-0.23288517800659034,COASTAL_WATER
271828,16384,-4096,-3.6864000000000003,21.487573699194567,1179.0445486540848,906.7763265855021,0.5649955694058885,0.15511645156761278,-0.9691667978850567,-0.24640559627822106,MAJOR_OCEAN
271828,20480,-4096,-3.6864000000000003,21.114882077472267,619.1843245800025,907.0945257039808,0.40541668239881073,0.28413240519358873,-0.9654936104773095,-0.2604267423431956,LAND
271828,24576,-4096,-3.6864000000000003,20.864464166479983,748.8551052113169,928.173144334131,0.4462708571289966,0.39120355433890336,-0.965015722636401,-0.2621920194524324,LAND
271828,28672,-4096,-3.6864000000000003,22.948720693910793,1134.3178997779976,933.0769724903943,0.5484049080696088,0.0,-0.9682154086595375,-0.25011781710674846,COASTAL_WATER
271828,32768,-4096,-3.6864000000000003,21.59571076599851,1281.6727114382597,908.7227937879732,0.5848659944686452,0.24998345903566677,-0.9719622532392812,-0.23513693516336254,MAJOR_OCEAN
271828,-32768,0,0.0,22.322406264982426,1322.8798208546782,921.8033127696837,0.5890767940709652,0.0,-0.9707189595181641,0.24021802936493522,MAJOR_OCEAN
271828,-28672,0,0.0,22.308259443316338,1341.0811206541794,921.5486699796941,0.5924471952980628,0.0,-0.9727222357023956,0.2319729556869359,MAJOR_OCEAN
271828,-24576,0,0.0,22.622577903036127,1449.036458320936,927.2064022546504,0.609544982699029,0.06731605135602527,-0.9710444625210273,0.23889883174107257,MAJOR_OCEAN
271828,-20480,0,0.0,22.514395154916382,1420.2003093757846,925.2591127884948,0.6052524479907048,0.11910387180098166,-0.9670737901505445,0.2544961382886988,MAJOR_OCEAN
271828,-16384,0,0.0,22.35503314487951,1406.3670436443324,922.3905966078312,0.6036537961485612,0.13284536972479044,-0.9644179886867863,0.2643821913392308,MAJOR_OCEAN
271828,-12288,0,0.0,22.655608318683445,1104.2884555810697,927.8009497363021,0.543157842784925,0.0,-0.9657060218836461,0.25963797737939454,MAJOR_OCEAN
271828,-8192,0,0.0,22.604595755132397,1221.1652201986606,926.8827235923832,0.5682354475742665,0.06702413335514754,-0.9696433375124156,0.24452361443791812,MAJOR_OCEAN
271828,-4096,0,0.0,22.68430172205684,1489.2004063026209,928.3174309970232,0.6157491928880553,0.10815186773329666,-0.9725121718238476,0.232852046704475,MAJOR_OCEAN
271828,0,0,0.0,22.382252839233757,1255.915346996266,922.8805511062076,0.5761619003364252,0.0,-0.9718688222937506,0.2355228062276733,MAJOR_OCEAN
271828,4096,0,0.0,22.503148213904247,1164.91632215414,925.0566678502764,0.5571168674692826,0.0,-0.9682394036679447,0.25002491312815756,MAJOR_OCEAN
271828,8192,0,0.0,22.44693492825142,1241.5917557376667,924.0448287085255,0.573050305090748,0.05680975888008945,-0.9648227686508165,0.26290116982047257,MAJOR_OCEAN
271828,12288,0,0.0,22.499951371114,1288.9234064647678,924.9991246800521,0.5819270824783953,0.11782851522267285,-0.9649393329173876,0.26247301535385886,MAJOR_OCEAN
271828,16384,0,0.0,22.614730346782707,1335.9265916618522,927.0651462420888,0.5900757362739698,0.11756933953009184,-0.9684714842905908,0.24912443500383494,MAJOR_OCEAN
271828,20480,0,0.0,22.58267716464603,1126.4266134164827,926.4881889636285,0.5484290838700614,0.0,-0.9720010447855231,0.23497652847859415,MAJOR_OCEAN
271828,24576,0,0.0,22.315824421386786,1245.6695478894367,921.6848395849622,0.5744769190336715,0.06802068504293356,-0.9724353239928119,0.2331727699603773,MAJOR_OCEAN
271828,28672,0,0.0,22.539921624859595,1319.4217373606732,925.7185892474727,0.5874173228317872,0.10772576026334642,-0.9694195588847266,0.24540928843819665,MAJOR_OCEAN
271828,32768,0,0.0,22.366627539347796,1246.7444905585837,922.5992957082603,0.574445623982493,0.11678094548827095,-0.9655360060597108,0.2602695160833517,MAJOR_OCEAN
271828,-32768,4096,3.6864000000000003,21.55708331538353,1290.203729843201,908.0274996769035,0.5866612444043626,0.15870593318653473,-0.9694528702352796,0.24527766386807057,MAJOR_OCEAN
271828,-28672,4096,3.6864000000000003,20.961960150289087,675.8622233904724,904.3419310146836,0.42743514270915234,0.2721473386882639,-0.9714939622923658,0.23706429766938614,LAND
271828,-24576,4096,3.6864000000000003,20.702149137731315,613.7036407218976,925.5008000303208,0.3984559610944711,0.3685184380787343,-0.9697843873019668,0.2439636082397306,LAND
271828,-20480,4096,3.6864000000000003,21.092681565528043,825.1622689916779,911.8092404029118,0.47478469268988044,0.2755412488079298,-0.9657435236361803,0.25949845193136384,LAND
271828,-16384,4096,3.6864000000000003,21.56542859106169,1326.4411936239242,908.1777146391104,0.5933216921369231,0.14165277791308242,-0.9630443011282087,0.2693430416113995,MAJOR_OCEAN
271828,-12288,4096,3.6864000000000003,20.86475748710853,584.8537476761759,899.1319532025989,0.39384469987157117,0.27049734009838894,-0.9643530654165974,0.26461890563905627,LAND
271828,-8192,4096,3.6864000000000003,20.688375550930232,667.1879942389276,932.1545247737849,0.4169032480937462,0.4062304659334601,-0.9683577177601174,0.24956628469089506,LAND
271828,-4096,4096,3.6864000000000003,20.740740425355135,755.1110043791986,907.3694661588146,0.4539343970386234,0.282606230569893,-0.9712798408886418,0.23794005691210265,LAND
271828,0,4096,3.6864000000000003,21.49723330919829,1266.3729673641296,906.9501995655692,0.5824216871829313,0.1476394631967294,-0.970624201448034,0.24060062253320633,MAJOR_OCEAN
271828,4096,4096,3.6864000000000003,20.877325811786715,607.2696595148933,899.3581830468063,0.4027981192513966,0.2742908649980083,-0.9669290515910657,0.25504550415406685,LAND
271828,8192,4096,3.6864000000000003,20.59330042466064,631.6026111102203,927.3378268337192,0.40488892764565837,0.40008263207785044,-0.963455531540261,0.2678683235182414,LAND
271828,12288,4096,3.6864000000000003,21.150226459003,1058.7769836289165,904.2703946966994,0.5390791461107939,0.0,-0.9635739642022451,0.26744198531937846,LAND
271828,16384,4096,3.6864000000000003,21.677947965272207,1321.837451845323,910.2030633748998,0.5919451272091958,0.16576028959270248,-0.9671651632662394,0.254148670986469,MAJOR_OCEAN
271828,20480,4096,3.6864000000000003,20.861565863691677,710.4676748681,909.1500339448677,0.43839313306559313,0.29922393161340394,-0.9707589331450079,0.24005643861218576,LAND
271828,24576,4096,3.6864000000000003,20.69608979904671,624.9601634602313,921.8896223056166,0.40376021575699117,0.3642074309992796,-0.9712015142359568,0.2382595617090418,LAND
271828,28672,4096,3.6864000000000003,20.99766139681131,1037.1982422965386,900.49079162545,0.534999798393802,0.0,-0.9681299404487854,0.2504484346260347,LAND
271828,32768,4096,3.6864000000000003,21.70744393067849,1104.891900735145,910.7339907522128,0.5478913592249054,0.0,-0.9641802785269006,0.2652477907538317,MAJOR_OCEAN
271828,-32768,8192,7.372800000000001,20.917418611916908,1154.6056238150256,896.5135350145043,0.5626406336333702,0.25121660953833314,-0.97070723706339,0.2402653947466418,MAJOR_OCEAN
271828,-28672,8192,7.372800000000001,19.73815406627468,589.525635925797,902.3897369378745,0.39488215249266556,0.49601115954652836,-0.9727108687785222,0.2320206149464579,LAND
271828,-24576,8192,7.372800000000001,22.629229251937822,768.2007783122017,932.3384368844489,0.45147403683165716,0.47826326651733103,-0.9710327966141187,0.23894624479109008,LAND
271828,-20480,8192,7.372800000000001,19.46371425668827,914.3526572807357,911.4328892401301,0.5005254497563388,0.6029043165873234,-0.9670614641206006,0.2545429720360012,LAND
271828,-16384,8192,7.372800000000001,20.580544625607974,1203.4054865604155,890.4498032609436,0.5744575734694481,0.26087737248944537,-0.9644052541371995,0.26442864026531565,MAJOR_OCEAN
271828,-12288,8192,7.372800000000001,19.620538295141962,574.5632211889634,906.0936792905496,0.3877842576125524,0.4410734079927412,-0.9656934823948791,0.2596846126747819,LAND
271828,-8192,8192,7.372800000000001,18.982603746192254,637.4006641987972,934.0323388506686,0.40535950527791476,0.6968657513072295,-0.9696314314048355,0.2445708225275652,LAND
271828,-4096,8192,7.372800000000001,19.7340203270513,849.0863740616211,913.4765946253777,0.48146076388402487,0.5879176760899769,-0.9725007667567783,0.23289967509096748,LAND
271828,0,8192,7.372800000000001,20.879445181666,1136.308590197995,895.8300132699881,0.5588938148435925,0.2657262044556084,-0.9718573016880069,0.23557034014431116,MAJOR_OCEAN
271828,4096,8192,7.372800000000001,19.758919277022652,620.94922433598,912.3709299400283,0.40470642493058046,0.47518267784504165,-0.9682272649578721,0.2500719164404482,LAND
271828,8192,8192,7.372800000000001,18.876974839214398,682.9100814913357,932.1662189880986,0.42257292015775477,0.7176196514198392,-0.9648100947972463,0.2629476772617105,LAND
271828,12288,8192,7.372800000000001,19.989323485685322,904.4904081994785,907.2382468607215,0.49896624388576283,0.5502876094186121,-0.9649266766441049,0.2625195396547901,LAND
271828,16384,8192,7.372800000000001,20.60625849520825,1243.0408764434476,890.9126529137485,0.5822332239792167,0.36379663921221345,-0.968459383494416,0.24917147212635693,MAJOR_OCEAN
271828,20480,8192,7.372800000000001,19.651125492484887,682.9363477938564,908.6479082562171,0.42882274215599414,0.5333370644807751,-0.9719895477698115,0.23502408180064732,LAND
271828,24576,8192,7.372800000000001,22.385709903144374,773.3958341414896,931.8269320865463,0.4532795186241968,0.4640821009529805,-0.9724239050236761,0.23322038705590134,LAND
271828,28672,8192,7.372800000000001,19.815031485961846,954.1711606537892,912.7492271814336,0.5108200364789641,0.573471573564559,-0.9694076151729748,0.24545646384775782,LAND
271828,32768,8192,7.372800000000001,20.7910562331195,1033.232667231981,894.239012196151,0.5357779832879761,0.25769944973648773,-0.9655234404994085,0.2603161267501212,MAJOR_OCEAN
271828,-32768,12288,11.0592,19.67836101363897,1333.7024582212728,874.2104982455014,0.6037822605534316,0.22711781714585777,-0.9732549576756021,0.22972763734444746,MAJOR_OCEAN
271828,-28672,12288,11.0592,19.17827247917222,556.967981026996,870.2212149746681,0.3899819313759512,0.2839192829654457,-0.9751787993236434,0.2214188550004208,LAND
271828,-24576,12288,11.0592,18.7438807079609,685.6887300319313,894.7145347834515,0.4335951147236188,0.4565756055857779,-0.9735678237315242,0.2283981011187789,LAND
271828,-20480,12288,11.0592,19.203910808575024,986.9505203312166,871.2603406845247,0.5308437794904106,0.44359339727082536,-0.969744737662525,0.2441211661774548,LAND
271828,-16384,12288,11.0592,19.808958003382493,1257.8752522335196,876.5612440608849,0.5890483067121379,0.2100542778845025,-0.9671803456817014,0.25409088713888317,MAJOR_OCEAN
271828,-12288,12288,11.0592,19.266500951834185,520.1550743902767,870.3633355676607,0.37380394730530364,0.27597307471417537,-0.9684247251027234,0.2493061407380788,LAND
271828,-8192,12288,11.0592,18.78643802273369,723.4320070686249,885.4232832188412,0.4493770411745792,0.43994341617243,-0.9722203844435412,0.2340673494369792,LAND
271828,-4096,12288,11.0592,19.240132554543994,962.5763341770192,880.3585244842142,0.5220229606570191,0.4816867208304404,-0.9749772556513109,0.22230463549516546,LAND
271828,0,12288,11.0592,19.77855462041927,1262.267227280989,876.0139831675469,0.5900426840173731,0.2592415664098619,-0.9743597173130958,0.22499586946773964,MAJOR_OCEAN
271828,4096,12288,11.0592,19.13039776907248,662.4206924119987,871.3738081527847,0.43160220613784905,0.3669391306415948,-0.9708684564006387,0.23961310558114562,LAND
271828,8192,12288,11.0592,18.973814420004786,746.1509505749002,890.5924370335744,0.45559698559642603,0.4553090274317409,-0.9675715406727778,0.25259713711779674,LAND
271828,12288,12288,11.0592,19.077482926138696,1015.1464671905904,872.278846500444,0.537562412360608,0.4390723177029594,-0.9676841703702843,0.25216531564585654,LAND
271828,16384,12288,11.0592,19.953636489263193,1207.5779489576578,879.1654568067374,0.5784130107289319,0.22782120924887386,-0.9710920589012139,0.23870528510906772,MAJOR_OCEAN
271828,20480,12288,11.0592,19.146592381009146,508.0591061358761,881.4414034917892,0.3653785831922631,0.3193470997015197,-0.9744866694746641,0.22444538537509898,LAND
271828,24576,12288,11.0592,18.53611875716102,653.3534598902617,895.5363397809004,0.421548332035531,0.5113618554568932,-0.9749035132984036,0.22262780544763364,LAND
271828,28672,12288,11.0592,19.178085254120656,953.2613449935919,872.6449346304843,0.5217899547587878,0.4494215813960505,-0.9720050122123437,0.23496011626248725,LAND
271828,32768,12288,11.0592,19.70139313876294,1307.4236282868521,874.6250764977328,0.598898057300038,0.23095450849919577,-0.968260543188687,0.24994303451776506,MAJOR_OCEAN
271828,-32768,16384,14.745600000000001,18.83694926967874,1276.6560644280212,859.0650868542173,0.5974837023829265,0.12035968600747891,-0.9747399320885239,0.22334293092027704,MAJOR_OCEAN
271828,-28672,16384,14.745600000000001,18.906351372539355,1278.384042076256,860.3143247057084,0.5974599326347588,0.0,-0.9766147699534053,0.2149967234840037,MAJOR_OCEAN
271828,-24576,16384,14.745600000000001,18.904263499731165,1430.5468129384637,860.2767429951609,0.6241958763512662,0.05503140746719614,-0.9750449996534475,0.22200731666052942,MAJOR_OCEAN
271828,-20480,16384,14.745600000000001,19.006561090280737,1365.7845564168226,862.1180996250532,0.6127609712853976,0.10431320968401837,-0.9713130563640255,0.23780442917821223,MAJOR_OCEAN
271828,-16384,16384,14.745600000000001,18.965297838755898,1318.3368539757262,861.3753610976062,0.6045441690394685,0.11085200214586718,-0.968805188000265,0.24782354146402474,MAJOR_OCEAN
271828,-12288,16384,14.745600000000001,19.14673984832621,1288.3564573522292,864.6413172698717,0.5981233929446651,0.0,-0.9700225666545305,0.24301485588530786,MAJOR_OCEAN
271828,-8192,16384,14.745600000000001,19.216602211379133,1456.7826064217802,865.8988398048243,0.626928707800043,0.060128339955496886,-0.9737306978589821,0.22770271857634844,MAJOR_OCEAN
271828,-4096,16384,14.745600000000001,19.097386006256006,1336.457472910106,863.7529481126081,0.607146622670071,0.09350367348901363,-0.9764184805723873,0.21588643032092217,MAJOR_OCEAN
271828,0,16384,14.745600000000001,18.974108382166794,1182.773363295707,861.5339508790023,0.5782863802904658,0.0,-0.9758168623896043,0.218589686573059,MAJOR_OCEAN
271828,4096,16384,14.745600000000001,18.97124618214028,1268.0915638048514,861.482431278525,0.5951877600736541,0.0,-0.9724108881959947,0.23327465468386543,MAJOR_OCEAN
271828,8192,16384,14.745600000000001,18.926253094091564,1264.7848725615445,860.6725556936482,0.5947849487865504,0.047653219735009356,-0.9691879789783078,0.24632227143306235,MAJOR_OCEAN
271828,12288,16384,14.745600000000001,19.075775260933565,1320.7463318084274,863.3639546968042,0.6044300555285794,0.12491116409005314,-0.969298174891886,0.24588828388367526,MAJOR_OCEAN
271828,16384,16384,14.745600000000001,19.071753488941983,1481.9660527312749,863.2915628009557,0.6316297251080429,0.1411431971487815,-0.9726292534619194,0.23236250840036418,MAJOR_OCEAN
271828,20480,16384,14.745600000000001,18.976236420830606,1297.3787980587888,861.572255574951,0.6006519434207437,0.0,-0.9759405635118665,0.21803673197913345,MAJOR_OCEAN
271828,24576,16384,14.745600000000001,19.021943523917464,1227.568007618547,862.3949834305143,0.5870826087661463,0.0604893469034838,-0.9763466534361482,0.2162110365453943,MAJOR_OCEAN
271828,28672,16384,14.745600000000001,18.952953737022643,1520.4652197909468,861.1531672664075,0.6381488651520032,0.10882180550374941,-0.9735205161550669,0.22859966015979155,MAJOR_OCEAN
271828,32768,16384,14.745600000000001,18.964832886768775,1481.6347533383605,861.3669919618379,0.6320962671248379,0.13230113276347785,-0.9698619923680578,0.24365491121637844,MAJOR_OCEAN
271828,-32768,20480,18.432000000000002,18.142236204952084,1100.911538846915,846.5602516891375,0.565012818863566,0.16792440553966853,-0.9738830011259829,0.2270504351853323,MAJOR_OCEAN
271828,-28672,20480,18.432000000000002,17.685565813954753,637.8289450057716,847.2243384811331,0.4292100102286758,0.2786604583770028,-0.9757863541821822,0.2187258352180758,LAND
271828,-24576,20480,18.432000000000002,17.16910079375371,632.162427323782,862.1523473329281,0.4227621087131383,0.3727276485149774,-0.9741926068585098,0.22571833054101034,LAND
271828,-20480,20480,18.432000000000002,17.353784474570137,914.3549934096877,841.25227437221,0.5205232895138033,0.25628751939973926,-0.9704076190438308,0.24147267526923932,LAND
271828,-16384,20480,18.432000000000002,18.07340369660619,1241.954995556558,845.3212665389115,0.5947273443171379,0.14697397213596008,-0.9678668476032075,0.2514632484293271,MAJOR_OCEAN
271828,-12288,20480,18.432000000000002,17.72772031101119,677.9504697193324,844.6889117283757,0.44495467757939405,0.2745483547853217,-0.9690999443844391,0.24666839642337032,LAND
271828,-8192,20480,18.432000000000002,16.819162088960574,604.4757788354898,861.0091463397447,0.4121936533123648,0.3960373893866651,-0.9728590207527243,0.23139862951204002,LAND
271828,-4096,20480,18.432000000000002,17.520171237610644,1109.198106613884,837.8959687598381,0.5693760484339524,0.0,-0.9755870075136509,0.21961327548798043,LAND
271828,0,20480,18.432000000000002,18.128683413170563,1291.4375943069394,846.3163014370701,0.6038271148806891,0.17597025291080315,-0.9749761256996882,0.22230959114627935,MAJOR_OCEAN
271828,4096,20480,18.432000000000002,17.525910330996428,608.9174533065038,845.8505252116281,0.418279191665102,0.29660830113810893,-0.9715205182213746,0.2369554444929927,LAND
271828,8192,20480,18.432000000000002,17.149306450750995,659.0965963944183,861.7960491588792,0.4330769310964099,0.3811968361571357,-0.9682545309925777,0.2499663241565619,LAND
271828,12288,20480,18.432000000000002,17.183335623988846,735.438547419637,842.9418896302167,0.46565002969985664,0.28791370731180704,-0.9683661437158083,0.2495335883302578,LAND
271828,16384,20480,18.432000000000002,18.065481829167446,1118.5622647833354,845.1786729250141,0.5693179407601763,0.1668054610636515,-0.9717419316639416,0.23604579692515493,MAJOR_OCEAN
271828,20480,20480,18.432000000000002,17.22945491405009,682.6381201096243,843.7720368513191,0.44692521979024635,0.29685992286717594,-0.9751017185698776,0.2217580628569594,LAND
271828,24576,20480,18.432000000000002,17.236725011846186,632.9344570715526,864.3276785264538,0.42244574032362325,0.38362592231997844,-0.9755140659698806,0.219937052573939,LAND
271828,28672,20480,18.432000000000002,17.592952918983055,821.3259673572435,848.814124765102,0.4914764305092823,0.27302401862967546,-0.9726458182760405,0.23229316001581193,LAND
271828,32768,20480,18.432000000000002,18.10472198116603,1045.2157985822405,845.8849956609886,0.5524102107891606,0.0,-0.9689372700369447,0.24730662492815025,MAJOR_OCEAN
271828,-32768,24576,22.1184,17.335720054516173,1146.8048177556134,832.0429609812911,0.5792388839546277,0.27560684239768196,-0.971413276962196,0.23739470369316987,MAJOR_OCEAN
271828,-28672,24576,22.1184,16.41429466477399,558.5471218582404,842.560267710862,0.3983625833609606,0.4049463453700871,-0.9733953095626362,0.22913221362667363,LAND
271828,-24576,24576,22.1184,15.10934985061595,704.3153537452619,864.9962533605384,0.4485194852780633,0.7290581337861949,-0.9717354009329704,0.23607268070159937,LAND
271828,-20480,24576,22.1184,16.19172830509747,788.9670057874754,851.0783900997894,0.48077098157355,0.6030008151781379,-0.9678041792278673,0.25170433184407875,LAND
271828,-16384,24576,22.1184,17.330128382811875,1215.6328016067696,831.9423108906137,0.5934040661681242,0.2737857362479933,-0.9651727974463368,0.2616132088974344,MAJOR_OCEAN
271828,-12288,24576,22.1184,16.341161036672574,569.7862196606275,847.5534817970555,0.4017276108643338,0.4543712789271778,-0.9664491701426756,0.25685794036886167,LAND
271828,-8192,24576,22.1184,15.31085676749872,722.5366091751171,868.8388739183807,0.4537476348049832,0.7134614276665605,-0.9703486297060173,0.2417096126091275,LAND
271828,-4096,24576,22.1184,16.43601949212717,830.4708287405341,849.2609339952381,0.4941126520919403,0.585454499789329,-0.9731875246638334,0.23001313405690701,LAND
271828,0,24576,22.1184,17.515708414916954,1156.8670167240678,835.2827514685052,0.5804215193387787,0.2713963905202951,-0.9725510785456242,0.232689491855011,MAJOR_OCEAN
271828,4096,24576,22.1184,16.4233761343517,531.7243276060416,846.6716833332409,0.3854761963853807,0.4500013303390216,-0.9689585969323894,0.24722305198103042,LAND
271828,8192,24576,22.1184,15.142748057972511,653.8896420652876,865.4602538132599,0.4300915492136971,0.7147731002138413,-0.9655739489687671,0.26012871635569307,LAND
271828,12288,24576,22.1184,16.331061822416974,888.2709574641386,850.460912688516,0.5105792293074428,0.5840273631267585,-0.9656894622940949,0.25969956182893705,LAND
271828,16384,24576,22.1184,17.452531114230883,1072.8313470739686,834.1455600561559,0.5622873856936054,0.27537497496928376,-0.9691884116079513,0.24632056918750486,MAJOR_OCEAN
271828,20480,24576,22.1184,16.045805740506996,540.564459989663,850.710705481128,0.388259787573582,0.4365625542897113,-0.9726818915124813,0.23214206409804664,LAND
271828,24576,24576,22.1184,15.153017826123687,694.5097042156405,865.7480637107386,0.4448398710855221,0.6900953203167731,-0.9731115074618919,0.23033452638552562,LAND
271828,28672,24576,22.1184,16.546466771476503,867.4655973958579,847.1964078093529,0.5056156718304782,0.5397496595100544,-0.9701270983343,0.24259722396901284,LAND
271828,32768,24576,22.1184,17.639859042705254,1157.8182655084138,837.5174627686946,0.5799717197405679,0.24428775590793972,-0.9662807127861267,0.25749093983582216,MAJOR_OCEAN
271828,-32768,28672,25.804799999999997,16.658380698000318,1131.770957812466,819.8508525640057,0.5796160586745965,0.23383432933143564,-0.9695649426084522,0.24483427469345215,MAJOR_OCEAN
271828,-28672,28672,25.804799999999997,15.942711233437235,506.67126408277153,811.9811125514383,0.3839429785100248,0.2973005741687046,-0.9716027339549488,0.2366181044875242,LAND
271828,-24576,28672,25.804799999999997,15.543450261090282,655.9439026527496,835.3748457373227,0.4395467813832588,0.48657541941976323,-0.9698959347955561,0.24351976442797046,LAND
271828,-20480,28672,25.804799999999997,16.081387174251056,968.8365192016478,811.9978556193655,0.5437298398168844,0.4348741447802998,-0.9658611958785512,0.2590601287270098,LAND
271828,-16384,28672,25.804799999999997,16.94115932831428,1108.2308042507352,824.9408679096571,0.5729743746132347,0.23156529287435176,-0.9631657608183407,0.2689083806563621,MAJOR_OCEAN
271828,-12288,28672,25.804799999999997,16.128553647250175,569.9934854232324,820.1292258909695,0.409736309232387,0.2991320742189381,-0.9644727169507002,0.2641824715187108,LAND
271828,-8192,28672,25.804799999999997,15.560680429518268,691.0676277631718,828.4727555444593,0.4544881775911091,0.41525098026405205,-0.9684714945285161,0.2491243952038868,LAND
271828,-4096,28672,25.804799999999997,15.99804650362512,1067.1182596648248,813.5547831954265,0.5671114138100972,0.4148167121672989,-0.9713889667429693,0.23749415843347949,LAND
271828,0,28672,25.804799999999997,16.619019467763497,1340.7157964752791,819.142350419743,0.6204552568162695,0.21847303660615225,-0.9707344000678688,0.24015562563653323,MAJOR_OCEAN
271828,4096,28672,25.804799999999997,17.698037962699598,494.2283278012196,838.5646833285928,0.37054349788695845,0.29226418886028205,-0.9670449864155682,0.2546055660202924,COASTAL_WATER
271828,8192,28672,25.804799999999997,15.408419494436416,641.9321750830128,832.2792002913446,0.4351458955636867,0.46250916316601504,-0.9635764286523215,0.2674331059267672,LAND
271828,12288,28672,25.804799999999997,16.17417551509351,1030.0403141693246,813.6680457545297,0.5583756958806445,0.43783985627014105,-0.9636946983569794,0.2670066073314489,LAND
271828,16384,28672,25.804799999999997,16.9115911414997,1092.1334965643393,824.4086405469945,0.5695486296898671,0.24706743361158276,-0.9672807463781444,0.25370841075167344,MAJOR_OCEAN
271828,20480,28672,25.804799999999997,15.88426812385556,567.7911261284413,812.9434745388801,0.41092632829359654,0.34813681946976555,-0.9708689127469634,0.23961125654177656,LAND
271828,24576,28672,25.804799999999997,15.523417749881013,863.7862025673035,836.1319024514788,0.5078352685050438,0.5716111757665078,-0.9713107691782852,0.23781377100220233,LAND
271828,28672,28672,25.804799999999997,15.898778728939782,1186.4738603575072,811.1903274704842,0.5936334215538649,0.4688100880789675,-0.9682440661510043,0.2500068566327121,LAND
271828,32768,28672,25.804799999999997,16.560522353635196,1293.0863022235171,818.0894023654336,0.6122058403636282,0.2375203256879181,-0.9643001717665625,0.26481159100571516,MAJOR_OCEAN
271828,-32768,32768,29.491200000000003,16.064312943317507,1266.0266408216146,809.1576329797151,0.6097852954562745,0.12269367676408409,-0.9701257588574129,0.2426025803682406,MAJOR_OCEAN
271828,-28672,32768,29.491200000000003,16.19986926212057,1205.213664103757,811.5976467181702,0.5972875945535413,0.0,-0.9721468982439665,0.23437237088580887,MAJOR_OCEAN
271828,-24576,32768,29.491200000000003,16.089995553306885,1432.5365992558445,809.6199199595239,0.638625342005528,0.057237876466820985,-0.9704541028995648,0.24128579354243132,MAJOR_OCEAN
271828,-20480,32768,29.491200000000003,16.274600362665446,1506.1804729591006,812.9428065279781,0.6491812250994179,0.10860201596843262,-0.966450268401525,0.25685380804383695,MAJOR_OCEAN
271828,-16384,32768,29.491200000000003,16.161768992437523,1404.475935455583,810.9118418638755,0.6336778923921801,0.11934929524072935,-0.963773948193523,0.2667204093868116,MAJOR_OCEAN
271828,-12288,32768,29.491200000000003,16.026142606278604,1117.3579526241697,808.4705669130149,0.5798948589844175,0.0,-0.9650717783538637,0.2619856153015103,MAJOR_OCEAN
271828,-8192,32768,29.491200000000003,16.168311012870603,1325.2390549106344,811.0295982316709,0.6200619903175066,0.05031395099751907,-0.9690409102558607,0.24690021111876959,MAJOR_OCEAN
271828,-4096,32768,29.491200000000003,16.13972653276121,1381.6970529420869,810.5150775897018,0.6299878765521265,0.10918698793118017,-0.9719349178112111,0.2352499001898075,MAJOR_OCEAN
271828,0,32768,29.491200000000003,16.170290674685692,1387.3551156706033,811.0652321443424,0.6307821590579066,0.11494790295967962,-0.9712857630329962,0.2379158812047029,MAJOR_OCEAN
271828,4096,32768,29.491200000000003,15.981229616761777,1220.790566548258,807.662133101712,0.6015368413162888,0.0,-0.9676252914244519,0.2523911555418389,MAJOR_OCEAN
271828,8192,32768,29.491200000000003,16.089419742784614,1325.012646114072,809.6095553701231,0.6204340099073828,0.062070613423522845,-0.9641817765521741,0.2652423453460882,MAJOR_OCEAN
271828,12288,32768,29.491200000000003,16.20123060004396,1399.7018599777148,811.6221508007914,0.6326839347032023,0.11947571347377695,-0.9642992237829264,0.2648150430237026,MAJOR_OCEAN
271828,16384,32768,29.491200000000003,15.883207804009073,1320.9683963502805,805.8977404721634,0.6207948768445044,0.20027770095259378,-0.9678592766220683,0.25149238687603803,MAJOR_OCEAN
271828,20480,32768,29.491200000000003,16.256903557394573,1297.1425429167805,812.6242640331022,0.6145361669729816,0.0,-0.971419170790042,0.2373705849965139,MAJOR_OCEAN
271828,24576,32768,29.491200000000003,15.931307545543374,1393.2476742771196,806.7635358197807,0.6330034430927688,0.041335174253539664,-0.9718573714586439,0.23557005230184813,MAJOR_OCEAN
271828,28672,32768,29.491200000000003,16.075962254055785,1531.4983826683745,809.3673205730041,0.6539650760283249,0.11131025743999819,-0.9688152424884684,0.24778423259362214,MAJOR_OCEAN
271828,32768,32768,29.491200000000003,15.910255211661834,1209.6806796589883,806.384593809913,0.5997231203026999,0.12781246170677474,-0.9649004530430904,0.26261590910917587,MAJOR_OCEAN
20260908,-32768,-32768,-29.491200000000003,16.223081264566837,1248.460215837762,812.015462762203,0.6056148169963586,0.12533704951041524,-0.967439727653016,-0.2531015080134022,MAJOR_OCEAN
20260908,-28672,-32768,-29.491200000000003,16.213764967899856,1336.4256707390211,811.8477694221974,0.6218034642622182,0.0,-0.9637301435268364,-0.2668786436898677,MAJOR_OCEAN
20260908,-24576,-32768,-29.491200000000003,15.915384129627904,1467.3139790662879,806.4769143333023,0.6450324657636738,0.06396739857337491,-0.9633447450691995,-0.26826647600391457,MAJOR_OCEAN
20260908,-20480,-32768,-29.491200000000003,15.968191665114578,1480.060564868985,807.4274499720624,0.646741671912049,0.10663713787753082,-0.9666712762707693,-0.25602078750180013,MAJOR_OCEAN
20260908,-16384,-32768,-29.491200000000003,16.083606478944564,1286.390648686378,809.5049166210022,0.6134738753657522,0.11414770802256266,-0.970467726812592,-0.2412309914069921,MAJOR_OCEAN
20260908,-12288,-32768,-29.491200000000003,16.01411843035182,1138.0391546135988,808.2541317463329,0.5844210333313126,0.0,-0.9713618540652192,-0.2376050261820649,MAJOR_OCEAN
20260908,-8192,-32768,-29.491200000000003,16.016233810876425,1243.2419111669892,808.2922085957757,0.6057107159371777,0.05935240215421485,-0.9686184319136506,-0.24855247606318576,MAJOR_OCEAN
20260908,-4096,-32768,-29.491200000000003,16.154965606880616,1355.8595607521654,810.789380923851,0.6254977615073688,0.10327230333562315,-0.9645673443216186,-0.26383676443653553,MAJOR_OCEAN
20260908,0,-32768,-29.491200000000003,16.02308291954698,1322.6706582062768,808.4154925518457,0.6203645465901856,0.09827378081609738,-0.9630087032513608,-0.2694702904999593,MAJOR_OCEAN
20260908,4096,-32768,-29.491200000000003,15.886843765518293,1145.0469370820372,805.9631877793292,0.5865988718492736,0.0,-0.9655025128435117,-0.2603937358940579,MAJOR_OCEAN
20260908,8192,-32768,-29.491200000000003,15.92123236050033,1452.969644945482,806.582182489006,0.6427499813594032,0.05165700899483168,-0.9695774522438512,-0.2447847301208197,MAJOR_OCEAN
20260908,12288,-32768,-29.491200000000003,16.164891454944435,1327.0676894062553,810.9680461889998,0.6204046371562635,0.10338229338183037,-0.9715057349724557,-0.23701604780189153,MAJOR_OCEAN
20260908,16384,-32768,-29.491200000000003,15.964593367175134,1511.6538400690017,807.3626806091524,0.6515702912439334,0.3098342583018767,-0.9696804639165261,-0.24437634480168227,MAJOR_OCEAN
20260908,20480,-32768,-29.491200000000003,16.00155090258255,1112.4459554332896,808.0279162464859,0.5789545056164495,0.0,-0.965619934126983,-0.2599579635568048,MAJOR_OCEAN
20260908,24576,-32768,-29.491200000000003,16.049236292347793,1388.460130027119,808.8862532622602,0.631592973965081,0.05689715229389061,-0.9630274760286319,-0.269403193028447,MAJOR_OCEAN
20260908,28672,-32768,-29.491200000000003,15.887835379867594,1267.100170881083,805.9810368376167,0.6109211954505762,0.12617356831754542,-0.9644683865061254,-0.26419828052103395,MAJOR_OCEAN
20260908,32768,-32768,-29.491200000000003,15.920083275154054,1322.2756677554653,806.561498952773,0.620834159730203,0.14017470709356009,-0.9684992874836849,-0.24901632505439245,MAJOR_OCEAN
20260908,-32768,-28672,-25.804799999999997,16.732964427950236,1356.8700975760548,821.1933597031043,0.6226849856269361,0.22923853208641978,-0.9689089098679363,-0.247417712337915,MAJOR_OCEAN
20260908,-28672,-28672,-25.804799999999997,17.830456193670816,490.0749355759237,840.9482114860747,0.367917732253277,0.30296352068722804,-0.9652686488912563,-0.2612593260874119,COASTAL_WATER
20260908,-24576,-28672,-25.804799999999997,15.434810802244174,782.4632112182697,831.8932227536177,0.4843904383965126,0.4695721599153086,-0.9648901308362322,-0.26265383190587316,LAND
20260908,-20480,-28672,-25.804799999999997,16.151822418392364,1173.3484111818111,813.265690013909,0.590330089968642,0.1773485999720118,-0.968155299977468,-0.25035038471218507,LAND
20260908,-16384,-28672,-25.804799999999997,16.743016050912026,1118.985105249683,821.3742889164164,0.5763925569950108,0.226998488255859,-0.9718757443436881,-0.23549424102597993,MAJOR_OCEAN
20260908,-12288,-28672,-25.804799999999997,17.73952930953837,510.5900688346916,839.3115275716907,0.3779624438915048,0.2974598950722382,-0.9727509338169144,-0.2318525841096473,COASTAL_WATER
20260908,-8192,-28672,-25.804799999999997,15.656643197584431,708.4059040390279,833.0722913837616,0.4592647767347243,0.4832738951811942,-0.9700643276583535,-0.24284810109355742,LAND
20260908,-4096,-28672,-25.804799999999997,17.730391349410485,1231.8193914550448,839.1470442893888,0.5945170588694726,0.19064411304079038,-0.9660907023259309,-0.25820293352204504,COASTAL_WATER
20260908,0,-28672,-25.804799999999997,16.84760487455462,1082.8146487938495,823.2568877419832,0.5677892140117441,0.23986697413946445,-0.9645600415555777,-0.2638634613475353,MAJOR_OCEAN
20260908,4096,-28672,-25.804799999999997,16.02492917233112,488.07213078848173,818.8328643556526,0.373170935657062,0.2917468604723801,-0.9670086164288041,-0.2547436667563104,LAND
20260908,8192,-28672,-25.804799999999997,15.653557365237017,752.4652628274125,828.2799215359983,0.47571838388763593,0.4380532726666739,-0.9710039161432743,-0.23906357906302902,LAND
20260908,12288,-28672,-25.804799999999997,16.139533348077435,1121.3605806147266,814.0779187000392,0.579084014809422,0.4217622006593955,-0.9728917276061493,-0.231261078341173,LAND
20260908,16384,-28672,-25.804799999999997,16.601961972307127,1315.5885109125134,818.8353155015283,0.6160784077799416,0.2657978226811803,-0.9711048138166745,-0.2386533900494231,MAJOR_OCEAN
20260908,20480,-28672,-25.804799999999997,15.90490361403692,655.4754030711786,815.1724188826121,0.4454023532620431,0.3741586033679473,-0.9671238456648831,-0.2543058535432626,LAND
20260908,24576,-28672,-25.804799999999997,15.339557648790175,803.4855334694462,829.5246208151723,0.491726156880107,0.5182026093917717,-0.9645784829357928,-0.2637960391235706,LAND
20260908,28672,-28672,-25.804799999999997,15.81066405884621,977.9701269250594,818.2338014576493,0.5441620238417395,0.4827830080129136,-0.9659935494933999,-0.25856616626531453,LAND
20260908,32768,-28672,-25.804799999999997,16.880557030207687,1064.4350001910138,823.8500265437383,0.5634062542858739,0.22276870566509913,-0.9699475664745293,-0.24331403225079,MAJOR_OCEAN
20260908,-32768,-24576,-22.1184,17.48493296095185,1238.762910728802,834.7287932971333,0.5971404505136141,0.2689519502538396,-0.9715318514178215,-0.23690897340679204,MAJOR_OCEAN
20260908,-28672,-24576,-22.1184,16.255274457951458,537.6665181848799,844.179653287256,0.38881151734505404,0.4236276478428548,-0.968021735564365,-0.25086633786730855,LAND
20260908,-24576,-24576,-22.1184,15.02692490338568,648.2962112701085,862.7241949616765,0.4287615488509009,0.6989017798657038,-0.9676561445314178,-0.25227284029516905,LAND
20260908,-20480,-24576,-22.1184,16.38373176643616,887.1248014113611,847.769287347008,0.5110477690755281,0.5735101979809736,-0.970806089384923,-0.23986566409795487,LAND
20260908,-16384,-24576,-22.1184,17.381512202391285,1215.2053956436293,832.8672196430432,0.5930514060740681,0.2736561433157114,-0.9743840031548332,-0.22489067209638117,MAJOR_OCEAN
20260908,-12288,-24576,-22.1184,16.16515387699891,563.1294757853087,842.5574828301101,0.40032323633652556,0.43591438242460573,-0.9752237112673449,-0.22122095963526223,LAND
20260908,-8192,-24576,-22.1184,15.213438022873355,709.6692952977254,865.6887989646206,0.4501954840596127,0.7199359110050269,-0.9726435917507932,-0.23230248260859462,LAND
20260908,-4096,-24576,-22.1184,16.091177925107996,836.5404241427855,842.9326880840587,0.49780054084546543,0.569071367061234,-0.9688153363179947,-0.2477838657278777,LAND
20260908,0,-24576,-22.1184,17.45385467961079,1176.204593564832,834.1693842329942,0.5847766783045547,0.269478474984996,-0.9673372404717362,-0.25349292533821627,MAJOR_OCEAN
20260908,4096,-24576,-22.1184,16.0323818008284,610.6581843286825,846.8471011533655,0.4186876732002071,0.4666979318229275,-0.9697008505307882,-0.2442954368789269,LAND
20260908,8192,-24576,-22.1184,15.115129738389504,641.6168690113385,864.3118819917453,0.4257778402490812,0.7025771612741123,-0.9735467476044056,-0.2284879214069834,LAND
20260908,12288,-24576,-22.1184,16.377209952602982,978.4350730286808,843.8535566203419,0.5366320269419035,0.5423648062145238,-0.97535872227781,-0.220624937114094,LAND
20260908,16384,-24576,-22.1184,17.387022610014913,1092.2670893043437,832.9664069802684,0.5670481234030804,0.26281604867351793,-0.9736436825615791,-0.22807450407252242,MAJOR_OCEAN
20260908,20480,-24576,-22.1184,16.30383744463582,550.7726278652684,845.8929106592878,0.39406611430563765,0.4160850989218207,-0.9698119644038994,-0.24385395977726054,LAND
20260908,24576,-24576,-22.1184,14.924055829125118,708.8040282433889,860.1900969921847,0.451469223260332,0.6910934686132426,-0.9673550590979622,-0.2534249191330207,LAND
20260908,28672,-24576,-22.1184,16.277684902765685,945.2873916886858,846.1068612951437,0.5273880956240792,0.5745551582719004,-0.9687215734887071,-0.24815018246530324,LAND
20260908,32768,-24576,-22.1184,17.43624760845228,1197.6000568168024,833.852456952141,0.5892388868638285,0.38700365495498124,-0.9725312998246008,-0.23277214365441637,MAJOR_OCEAN
20260908,-32768,-20480,-18.432000000000002,18.061106308231704,1096.4359061555033,845.0999135481707,0.5644353607455024,0.0,-0.9728970968469293,-0.23123848932826216,MAJOR_OCEAN
20260908,-28672,-20480,-18.432000000000002,17.336797278537436,712.6427460707163,837.6522971438482,0.45938569145040997,0.25201687999053024,-0.9694582415183836,-0.24525643304933617,LAND
20260908,-24576,-20480,-18.432000000000002,17.342127158933916,660.0209344460335,858.6741778225423,0.434311414913196,0.349697677229737,-0.9690997339836613,-0.2466692230352155,LAND
20260908,-20480,-20480,-18.432000000000002,17.570404090924725,933.0309529144198,843.2939219461251,0.524963649646567,0.24898555923504914,-0.9721865747135628,-0.23420773673538206,LAND
20260908,-16384,-20480,-18.432000000000002,18.146814375453953,1180.9079361910808,846.6426587581711,0.5821436936950658,0.16433171871648475,-0.9756865327168162,-0.21917068662354725,MAJOR_OCEAN
20260908,-12288,-20480,-18.432000000000002,17.28922855655252,703.0917516906156,844.8479624163627,0.4539180868610979,0.42918545850306183,-0.9765068516526395,-0.2154863538033209,LAND
20260908,-8192,-20480,-18.432000000000002,16.925399824784304,613.3053039353604,857.7657298914788,0.41662751989691277,0.3944223436746808,-0.973984943107816,-0.2266127326503617,LAND
20260908,-4096,-20480,-18.432000000000002,17.62350649268503,773.6589615663662,847.607256122023,0.4769001247333953,0.27324765327943057,-0.9702362547837845,-0.2421602979497985,LAND
20260908,0,-20480,-18.432000000000002,18.377556860497247,1217.618301023423,850.7960234889504,0.5883878769952637,0.16792015051591508,-0.9687869597827733,-0.2478947892853965,MAJOR_OCEAN
20260908,4096,-20480,-18.432000000000002,17.535792178384625,583.4161339977146,841.2342053410975,0.40922806799056444,0.28377723682811373,-0.971104024799926,-0.23865660061558058,LAND
20260908,8192,-20480,-18.432000000000002,17.028875391520195,620.3320803186323,863.021556932374,0.417913942305201,0.39812041787773683,-0.974868176203732,-0.22278249263622404,LAND
20260908,12288,-20480,-18.432000000000002,19.203733046888892,1020.4031898465893,865.667194844,0.5407340383935377,0.0,-0.9766387032287085,-0.21488797862083087,COASTAL_WATER
20260908,16384,-20480,-18.432000000000002,18.384116217402834,1382.233086159228,850.914091913251,0.6186848833082502,0.25652321458798394,-0.9749629446287584,-0.2223673910464852,MAJOR_OCEAN
20260908,20480,-20480,-18.432000000000002,19.11153252730567,784.1928452591885,864.007585491502,0.4754988118104214,0.2519666780315503,-0.9712128852763054,-0.23821320591703987,COASTAL_WATER
20260908,24576,-20480,-18.432000000000002,17.0299529915282,745.1499091648395,858.9629905033506,0.4642352007256794,0.376961100881844,-0.9688044371003407,-0.24782647690408713,LAND
20260908,28672,-20480,-18.432000000000002,19.340560624265223,1093.2864895772975,868.130091236774,0.5571123380560555,0.0,-0.9701443488823471,-0.24252822996848597,COASTAL_WATER
20260908,32768,-20480,-18.432000000000002,18.053208981651615,1305.0622634507292,844.957761669729,0.6067178586018255,0.13721259220357038,-0.973875095639968,-0.2270843413629466,MAJOR_OCEAN
20260908,-32768,-16384,-14.745600000000001,18.97509555040609,1297.4387915928426,861.5517199073096,0.6006687458509936,0.18943590331017465,-0.9718291560828527,-0.2356864259716507,MAJOR_OCEAN
20260908,-28672,-16384,-14.745600000000001,19.029590841759312,1352.4289707727182,862.5326351516676,0.6103124562975242,0.0,-0.9683343435068894,-0.24965696302142576,MAJOR_OCEAN
20260908,-24576,-16384,-14.745600000000001,19.215822875962182,1461.2904899521168,865.8848117673192,0.627654837190698,0.054926131828948975,-0.9679702733487177,-0.2510648320916509,MAJOR_OCEAN
20260908,-20480,-16384,-14.745600000000001,19.11093169866218,1283.7070166412348,863.9967705759193,0.5974332173090268,0.10484717713537627,-0.9711066673113762,-0.2386458478653926,MAJOR_OCEAN
20260908,-16384,-16384,-14.745600000000001,18.86891799203294,1141.9129607935365,859.640523856593,0.570228445605308,0.0,-0.9746678349192631,-0.22365735305103682,MAJOR_OCEAN
20260908,-12288,-16384,-14.745600000000001,18.8700246306963,1125.682461840361,859.6604433525333,0.5667110441492708,0.0,-0.9755033769220306,-0.21998445766397826,MAJOR_OCEAN
20260908,-8192,-16384,-14.745600000000001,19.056200737667076,1394.9984350186767,863.0116132780074,0.6175264408719737,0.066106143366061,-0.9729357638816011,-0.231075743772741,MAJOR_OCEAN
20260908,-4096,-16384,-14.745600000000001,18.904103532841983,1303.0118352183629,860.2738635911558,0.6020516773432889,0.11131718082933009,-0.9691245973187128,-0.24657152080449762,MAJOR_OCEAN
20260908,0,-16384,-14.745600000000001,19.11099295389383,1242.1196863787143,863.997873170089,0.5894876063036033,0.12781006631494132,-0.967652685364088,-0.2522861084318146,MAJOR_OCEAN
20260908,4096,-16384,-14.745600000000001,18.951733841669242,1118.1815597272719,861.1312091500463,0.5646489672240982,0.0,-0.970006301165457,-0.24307977229565753,MAJOR_OCEAN
20260908,8192,-16384,-14.745600000000001,19.047924833639986,1480.6907799200392,862.8626470055198,0.631544908687232,0.06149744743769366,-0.9738346397848734,-0.2272577707253722,MAJOR_OCEAN
20260908,12288,-16384,-14.745600000000001,19.132911417848412,1328.1148855523618,864.3924055212715,0.6054754825557489,0.11428516295244484,-0.9756377090348328,-0.21938792288834622,MAJOR_OCEAN
20260908,16384,-16384,-14.745600000000001,18.90271833287065,1463.3105183894884,860.2489299916717,0.6295001486877646,0.12735271749285565,-0.9739311092865568,-0.22684398683645332,MAJOR_OCEAN
20260908,20480,-16384,-14.745600000000001,19.036428709884778,1178.5540555313487,862.655716777926,0.5770974517464346,0.0,-0.970116931121653,-0.24263787822824787,MAJOR_OCEAN
20260908,24576,-16384,-14.745600000000001,18.845089678726016,1476.279912694817,859.2116142170682,0.6318361935795246,0.11251637792801288,-0.967670430712807,-0.25221803568359397,MAJOR_OCEAN
20260908,28672,-16384,-14.745600000000001,19.07561237151413,1350.1983069195187,863.3610226872543,0.6096916388143306,0.11427597001159401,-0.9690312332231094,-0.24693818869931766,MAJOR_OCEAN
20260908,32768,-16384,-14.745600000000001,19.11256372656643,1380.5149365838026,864.0261470781958,0.6147805295695046,0.12251589992255017,-0.9728239970623301,-0.2315458285948409,MAJOR_OCEAN
20260908,-32768,-12288,-11.0592,20.02489733981697,1064.2839691281558,880.4481521167054,0.546983810108062,0.2265889447811834,-0.9692426102113031,-0.24610721759180482,MAJOR_OCEAN
20260908,-28672,-12288,-11.0592,19.338710265845958,491.2187997140949,876.9809386151748,0.3587634338241197,0.286027924742234,-0.965618440426269,-0.25996351187953287,LAND
20260908,-24576,-12288,-11.0592,18.854989014816976,730.0435460444306,894.0911708983987,0.44922032520342303,0.4784301665046928,-0.9652415199751548,-0.2613595380238737,LAND
20260908,-20480,-12288,-11.0592,19.177470510355743,1001.7681746626093,880.5161776168858,0.5319261392737036,0.5895070763630835,-0.9684924444972657,-0.24904293796795518,LAND
20260908,-16384,-12288,-11.0592,19.956442459662675,1200.3271713087076,879.2159642739282,0.5769297212732711,0.3318930983467587,-0.9721952550550064,-0.23417170206609297,MAJOR_OCEAN
20260908,-12288,-12288,-11.0592,19.170062231041673,483.35158216925277,872.8895227467572,0.35612801617820433,0.30300949189417,-0.9730660525714319,-0.2305264785942201,LAND
20260908,-8192,-12288,-11.0592,19.006503465810372,738.813398854007,891.1808398580749,0.45298345102519344,0.40685827835680516,-0.9703926249158312,-0.24153292427526898,LAND
20260908,-4096,-12288,-11.0592,19.09599921049106,1036.2854166335328,870.7546340983191,0.5431151281316412,0.4456047931831197,-0.9664369770459222,-0.2569038135145908,LAND
20260908,0,-12288,-11.0592,19.973168441756638,1321.437305035276,879.5170319516194,0.6001202126850192,0.23162251176073756,-0.9649128129313363,-0.26257049232717644,MAJOR_OCEAN
20260908,4096,-12288,-11.0592,21.096838070376936,504.09770062948115,899.7430852667849,0.35882906140703685,0.29257577142655244,-0.9673508857029863,-0.2534408489759452,COASTAL_WATER
20260908,8192,-12288,-11.0592,18.698237059144986,805.6489838354751,891.4959164560988,0.47442888041953546,0.5001917802187535,-0.9713277054888986,-0.23774458679362506,LAND
20260908,12288,-12288,-11.0592,19.113825519390428,963.9528531294517,867.6151777836731,0.5260120425920215,0.4247873837075886,-0.9732061304742148,-0.22993439848662423,LAND
20260908,16384,-12288,-11.0592,19.9467844345345,1159.883591250136,879.042119821621,0.5685910937613236,0.2383962258181773,-0.9714281127877807,-0.237333987632557,MAJOR_OCEAN
20260908,20480,-12288,-11.0592,19.06672960497771,467.49723453591713,868.7910790197731,0.349585971698876,0.31501806347565076,-0.9674656061197459,-0.2530025710844708,LAND
20260908,24576,-12288,-11.0592,18.743426123554578,766.1645830679352,897.3711275473818,0.46028726099526734,0.48549282084110307,-0.9649311773559885,-0.26250299610935085,LAND
20260908,28672,-12288,-11.0592,18.93579339292002,1142.360829596738,869.7284349025078,0.5674665548827013,0.45627050598012897,-0.9663402432577362,-0.2572674372332795,LAND
20260908,32768,-12288,-11.0592,19.73715896438637,1131.1812669079827,875.2688613589546,0.5634915911383308,0.23465633817462025,-0.9702764166609146,-0.241999329072738,MAJOR_OCEAN
20260908,-32768,-8192,-7.372800000000001,20.755472150544136,1198.764464031847,893.5984987097945,0.5726500780647451,0.2524271629717514,-0.9674926497698809,-0.2528991353114014,MAJOR_OCEAN
20260908,-28672,-8192,-7.372800000000001,19.896965700103735,598.7098808429715,913.0730319933564,0.39576721535044707,0.5825607960763003,-0.9637855207785543,-0.26667858919982834,LAND
20260908,-24576,-8192,-7.372800000000001,22.060506549997896,880.817101988144,929.2300901233691,0.48635789604200924,0.5868259801006886,-0.9634003659314105,-0.26806666134233137,LAND
20260908,-20480,-8192,-7.372800000000001,20.02376908384001,801.6065710392018,912.0125565532499,0.4675129060089057,0.5787491405463435,-0.9667247241086191,-0.2558188964816991,LAND
20260908,-16384,-8192,-7.372800000000001,20.84299990277317,1067.8987953841581,895.1739982499171,0.5437165052361687,0.24813121580318545,-0.9705184817888503,-0.2410267132627939,MAJOR_OCEAN
20260908,-12288,-8192,-7.372800000000001,19.502518051966643,491.87050128903417,910.9898190452077,0.3503699721151217,0.3738869843155228,-0.9714119378799033,-0.23740018311789676,LAND
20260908,-8192,-8192,-7.372800000000001,22.237726947493332,716.5652431543887,932.4200572782869,0.43428583452621294,0.45407344877002626,-0.9686705290637732,-0.2483493630418847,LAND
20260908,-4096,-8192,-7.372800000000001,19.798150943002753,958.9332130397055,900.3266757465614,0.515483464875096,0.5186600904077806,-0.9646221852177008,-0.2636361883084863,LAND
20260908,0,-8192,-7.372800000000001,20.865994060297524,1049.9475125234592,895.5878930853554,0.5393929694256288,0.26493301846581135,-0.9630645348620354,-0.26927068479686295,MAJOR_OCEAN
20260908,4096,-8192,-7.372800000000001,19.691949602643724,542.2277830664331,910.9568927325975,0.3728740868270361,0.45882034974030994,-0.965556742705691,-0.2601925760193324,LAND
20260908,8192,-8192,-7.372800000000001,19.060764615808857,675.117131689236,936.258060139545,0.4187096992750847,0.7057887485018365,-0.9696288608882924,-0.24458101343414307,LAND
20260908,12288,-8192,-7.372800000000001,19.558634916177603,893.037798607585,908.7658114448174,0.4953605559851453,0.583004823326005,-0.9715557093710121,-0.23681111373537664,LAND
20260908,16384,-8192,-7.372800000000001,20.725012478503526,1150.4184340202705,893.0502246130634,0.5626980042772046,0.30123690940651876,-0.9697317976529019,-0.24417256320248482,MAJOR_OCEAN
20260908,20480,-8192,-7.372800000000001,19.495137339441406,502.5119000580936,909.8448890698882,0.3555449720294161,0.4209571774806672,-0.9656740863565761,-0.25975673030624613,LAND
20260908,24576,-8192,-7.372800000000001,18.755791110146994,679.1604054571845,931.7765771102835,0.42133185900073367,0.6940671756833895,-0.9630832959064916,-0.26920357565583936,LAND
20260908,28672,-8192,-7.372800000000001,19.706337545855163,907.6127416660262,905.6972793725355,0.5002522893780211,0.5489967268531408,-0.964523291318169,-0.26399776609806064,LAND
20260908,32768,-8192,-7.372800000000001,20.749535460685085,1101.6468648090174,893.4916382923316,0.5518889912185037,0.2785469678385617,-0.9685514690705656,-0.24881328694675697,MAJOR_OCEAN
20260908,-32768,-4096,-3.6864000000000003,21.494464909571178,1157.00311301859,906.9003683722813,0.5603182538291134,0.15412759005449966,-0.968273686051406,-0.24989211452229398,MAJOR_OCEAN
20260908,-28672,-4096,-3.6864000000000003,23.034661295960706,670.036289562572,934.6239033272927,0.41729644449654174,0.2637527597153347,-0.9646031520641436,-0.263705819101359,COASTAL_WATER
20260908,-24576,-4096,-3.6864000000000003,20.513633548798445,751.4800435115814,924.8381449160697,0.44802473895309786,0.4064134277898767,-0.9642216289156014,-0.2650974355427536,LAND
20260908,-20480,-4096,-3.6864000000000003,20.812010178455218,865.8510244741852,901.6428315216739,0.48959798279118966,0.24914209973081314,-0.9675135956692326,-0.2528189909702054,LAND
20260908,-16384,-4096,-3.6864000000000003,21.527504646935984,1119.7299657819156,907.4950836448477,0.5520738273587463,0.15352803535279727,-0.9712672240137207,-0.23799155354062662,MAJOR_OCEAN
20260908,-12288,-4096,-3.6864000000000003,20.882394384200367,611.1473059328745,901.473045045781,0.403765254304177,0.27374418359519553,-0.9721506801703531,-0.23435668337881838,LAND
20260908,-8192,-4096,-3.6864000000000003,20.844327643383796,625.7410767584224,928.1218875589027,0.40244130262190597,0.380733979726574,-0.9694392710581388,-0.24533140795720487,LAND
20260908,-4096,-4096,-3.6864000000000003,20.82344261681065,1063.4228510790163,897.3548535854381,0.5420710249436267,0.009867862549643511,-0.9654318209804273,-0.2606557097752054,LAND
20260908,0,-4096,-3.6864000000000003,21.66084492999614,1188.9661112789618,909.8952087399305,0.5662117302433405,0.15851640222913702,-0.9638889397281004,-0.26630454721960417,MAJOR_OCEAN
20260908,4096,-4096,-3.6864000000000003,20.923222664836864,678.7823360574921,911.9397163975459,0.42644526725664994,0.2840076347869697,-0.9663572703101344,-0.25720347221362677,LAND
20260908,8192,-4096,-3.6864000000000003,20.711067129508614,636.9699046302882,927.7268577226442,0.4068283973922565,0.3817035213125806,-0.9703873430834031,-0.24155414379292633,LAND
20260908,12288,-4096,-3.6864000000000003,20.935670406618765,744.3122860878101,913.6448079527622,0.44866277058133897,0.30046898013678963,-0.9722928214881406,-0.23376627062651875,LAND
20260908,16384,-4096,-3.6864000000000003,21.495657073472916,1213.578235758907,906.9218273225125,0.5720378032872733,0.0,-0.9704891636475929,-0.24114473505054126,MAJOR_OCEAN
20260908,20480,-4096,-3.6864000000000003,21.128246686716455,696.476107936291,907.3350886703762,0.43399255277441495,0.2617761627224033,-0.9664734568041655,-0.2567665423940722,LAND
20260908,24576,-4096,-3.6864000000000003,20.852472593370514,714.1898011144718,925.5676672503381,0.4352805426058723,0.36636285058229795,-0.9639075258552542,-0.2662372656102117,LAND
20260908,28672,-4096,-3.6864000000000003,21.13037374426537,802.7168210976956,909.2308812267243,0.46861723799765304,0.2575279470473846,-0.9653338798582735,-0.2610181993612178,LAND
20260908,32768,-4096,-3.6864000000000003,21.7179542614778,1347.1532644445356,910.9231767066004,0.5963292077704461,0.4171541552809735,-0.9693214693555403,-0.24579643822971944,MAJOR_OCEAN
20260908,-32768,0,0.0,22.53728893809326,1398.852373035966,925.6712008856787,0.601521476162468,0.128038021200736,-0.9694582203580485,0.24525651669263646,MAJOR_OCEAN
20260908,-28672,0,0.0,22.331636612376226,1284.0504348707614,921.9694590227721,0.5818028366774223,0.0,-0.9728970767542494,0.23123857386482044,MAJOR_OCEAN
20260908,-24576,0,0.0,22.698006254036716,1326.3601237225482,928.5641125726609,0.5879453318435741,0.06651414969749218,-0.9732357119242645,0.2298091578577102,MAJOR_OCEAN
20260908,-20480,0,0.0,22.697343216943036,1270.8876410837968,928.5521779049747,0.5775607358659064,0.10812093056568765,-0.9701983655096227,0.2423120541006092,MAJOR_OCEAN
20260908,-16384,0,0.0,22.41640386458309,1354.6413989146247,923.4952695624957,0.5943660236135697,0.1195243573906271,-0.9663876809368054,0.257089187119146,MAJOR_OCEAN
20260908,-12288,0,0.0,22.503094701145212,1143.1462348502293,925.0557046206138,0.5524575504421604,0.0,-0.9654308355024915,0.2606593598184442,MAJOR_OCEAN
20260908,-8192,0,0.0,22.534711603271056,1302.8777489766996,925.6248088588791,0.5843804683684889,0.044219193563310194,-0.968292941303279,0.24981749302689893,MAJOR_OCEAN
20260908,-4096,0,0.0,22.436480751261232,1346.7494214570088,923.8566535227021,0.5928622203869733,0.1113116654744049,-0.972149781746218,0.2343604101608901,MAJOR_OCEAN
20260908,0,0,0.0,22.318096277425028,1464.4983429350932,921.7257329936505,0.6134733465962275,0.12425982589712264,-0.9735282618321939,0.22856667170431325,MAJOR_OCEAN
20260908,4096,0,0.0,22.47050677504093,1325.2683608314999,924.4691219507367,0.5888151643492766,0.0,-0.9712956490986872,0.23787551795416018,MAJOR_OCEAN
20260908,8192,0,0.0,22.547226594735488,1279.9840828006058,925.8500787052387,0.5800091847079267,0.05936375132130826,-0.9673169929030759,0.25357017813802657,MAJOR_OCEAN
20260908,12288,0,0.0,22.402527379438364,1505.2394995414843,923.2454928298905,0.6195714335622416,0.11012472202677948,-0.9652745976233413,0.26123734645547225,MAJOR_OCEAN
20260908,16384,0,0.0,22.55521018969311,1386.4751635536663,925.993783414476,0.5993057159339337,0.11643809466213928,-0.9672106304175232,0.2539755823053416,MAJOR_OCEAN
20260908,20480,0,0.0,22.582766939801807,1216.1451989846034,926.4898049164326,0.5673284849199769,0.0,-0.9711869242278653,0.23831902611587377,MAJOR_OCEAN
20260908,24576,0,0.0,22.47872187281843,1269.667401728165,924.6169937107318,0.5783612384646519,0.052952302656241707,-0.9735119849418236,0.22863598836279184,MAJOR_OCEAN
20260908,28672,0,0.0,22.610801580349268,1324.3670850132105,926.9944284462867,0.5879904611667152,0.10916218913637685,-0.9722389569453411,0.23399019337962662,MAJOR_OCEAN
20260908,32768,0,0.0,22.55417482073496,1323.1199276461602,925.9751467732293,0.5880284538588111,0.1242736822825498,-0.9684124186054247,0.24935394019504017,MAJOR_OCEAN
20260908,-32768,4096,3.6864000000000003,21.703017801200506,1059.5841262376766,910.6543204216091,0.5375220476413618,0.0,-0.9674393489465454,0.2531029555534357,MAJOR_OCEAN
20260908,-28672,4096,3.6864000000000003,21.157408321706804,639.5421617294326,903.3662362735689,0.41423582030945677,0.2601556021227679,-0.9709776803351757,0.2391701157981937,LAND
20260908,-24576,4096,3.6864000000000003,20.702889192840974,666.294422066491,921.7157829446257,0.419314123952923,0.35360738510554185,-0.9713265961066676,0.23774911923251058,LAND
20260908,-20480,4096,3.6864000000000003,21.145275279565315,903.4284410942142,906.20490116235,0.4989571438954534,0.24811692151664821,-0.9682001828847979,0.2501767492430979,LAND
20260908,-16384,4096,3.6864000000000003,21.50826948889164,1105.0753965922117,907.1488508000496,0.5489082490555243,0.17683603615719456,-0.9642868116150446,0.26486023662545416,MAJOR_OCEAN
20260908,-12288,4096,3.6864000000000003,20.916485448479346,592.3922068657942,911.6428441896429,0.3936069172942961,0.3127489185994056,-0.9633055934684963,0.2684070296998724,LAND
20260908,-8192,4096,3.6864000000000003,20.74862423864075,701.0759773590241,925.5159790751604,0.43074431191892765,0.3767847841814146,-0.9662422444858393,0.2576352556832385,LAND
20260908,-4096,4096,3.6864000000000003,20.99635990161539,913.1949881390058,906.8186320590246,0.501476198755558,0.26400012543414064,-0.9702080194547269,0.2422733971894898,LAND
20260908,0,4096,3.6864000000000003,21.461493447871437,1360.567039623878,906.3068820616859,0.5999306339801538,0.2271642797532964,-0.971628102326739,0.2365139124215317,MAJOR_OCEAN
20260908,4096,4096,3.6864000000000003,20.826912369472392,630.5155088620056,897.4173091333495,0.4123892831921155,0.257467953715649,-0.9693288476927647,0.24576733922679184,LAND
20260908,8192,4096,3.6864000000000003,20.589233972513043,686.3237142735304,925.8134441412454,0.42545899503547374,0.39548594837748713,-0.9652403156358268,0.261363985796149,LAND
20260908,12288,4096,3.6864000000000003,22.888341965559118,1007.3900269683311,931.9901553800642,0.5191714675982267,0.0,-0.9631454261749473,0.2689812038754368,COASTAL_WATER
20260908,16384,4096,3.6864000000000003,21.73058840513213,1404.0167216115722,911.1505912923783,0.6061810447757561,0.23420829135497737,-0.9651311576663668,0.2617667826550546,MAJOR_OCEAN
20260908,20480,4096,3.6864000000000003,20.8620906657201,654.1413863554747,899.0839504176072,0.4208793737165667,0.26728095356227916,-0.9692169745505881,0.2462081563291612,LAND
20260908,24576,4096,3.6864000000000003,20.56803787435612,666.2994827587164,925.1523311298993,0.41841107966191865,0.3731037128877084,-0.9716113252839772,0.23658282393257843,LAND
20260908,28672,4096,3.6864000000000003,20.98193686425363,874.1816800612198,904.7015118660454,0.491145533609232,0.2586234121761866,-0.9702998407431287,0.24190539277547954,LAND
20260908,32768,4096,3.6864000000000003,21.476035911953396,1148.3098378653258,906.5686464151611,0.5585494700418587,0.1689039217307487,-0.9663649439431042,0.2571746393364652,MAJOR_OCEAN
20260908,-32768,8192,7.372800000000001,20.84995248459074,1053.3208152065765,895.2991447226334,0.5402698150694057,0.2612155662873649,-0.9678476844294183,0.2515369947832988,MAJOR_OCEAN
20260908,-28672,8192,7.372800000000001,19.676315406373227,562.2141836482706,913.0590088933268,0.3808334300783078,0.43385902713501906,-0.9713662725974096,0.2375869618901993,LAND
20260908,-24576,8192,7.372800000000001,18.83156119986696,691.9148462631089,931.4423737921403,0.42596224384656894,0.715407161395925,-0.9717131473413586,0.23616426335064125,LAND
20260908,-20480,8192,7.372800000000001,19.782357149585124,937.0062504853481,903.5128528109178,0.5088224438226755,0.5531937572466807,-0.9686044130479557,0.24860710171679565,LAND
20260908,-16384,8192,7.372800000000001,20.804783538445204,1154.5777886404996,894.4861036920137,0.5631911244126391,0.28020754783038104,-0.9647114134582907,0.26330949231523515,MAJOR_OCEAN
20260908,-12288,8192,7.372800000000001,19.859173554205782,519.5808151473773,912.1664926073971,0.36264651298602024,0.46075418420665976,-0.9637350287836554,0.26686100182560785,LAND
20260908,-8192,8192,7.372800000000001,19.148941899315624,738.2079705294258,936.6714238929874,0.44048991412287575,0.7425314162186385,-0.966656894236016,0.25607508435218734,LAND
20260908,-4096,8192,7.372800000000001,19.89756753208487,970.2879308880008,911.0183311286848,0.515478246270319,0.5667283304693264,-0.9706010516778659,0.24069399344773978,LAND
20260908,0,8192,7.372800000000001,20.71363504167887,1153.1998132281626,892.8454307502196,0.5633484734255053,0.2669975094461778,-0.9720128753588704,0.2349275848779388,MAJOR_OCEAN
20260908,4096,8192,7.372800000000001,19.769779345072934,507.29364426955607,912.3578280963233,0.35708522050431946,0.42525353052198694,-0.9697268499336134,0.24419221223829246,LAND
20260908,8192,8192,7.372800000000001,19.172380447789124,639.9976774479309,936.3171370808169,0.40575138935669103,0.6819605693706405,-0.9656601191589447,0.25980864932856385,LAND
20260908,12288,8192,7.372800000000001,19.982560615643994,880.5844981273856,908.7498685550802,0.49185476998865335,0.5485894200894935,-0.963575640686855,0.2674359449941555,LAND
20260908,16384,8192,7.372800000000001,20.594450532755662,1026.940259938118,890.7001095896019,0.5352437466907376,0.2741154246789977,-0.965551515687669,0.26021197234801696,MAJOR_OCEAN
20260908,20480,8192,7.372800000000001,19.871988707208555,617.0029842737316,913.7744571638744,0.402801978657331,0.46083448895644213,-0.9696156016454001,0.2446335730144759,LAND
20260908,24576,8192,7.372800000000001,18.748428940674636,663.6583224456516,929.9459931266784,0.41618997011647596,0.7016541489466812,-0.9719961976194481,0.23499657830133333,LAND
20260908,28672,8192,7.372800000000001,20.008374538256767,957.0412322812297,907.253705433552,0.5130776977573982,0.5488677383558879,-0.9706923477050869,0.24032554193590544,LAND
20260908,32768,8192,7.372800000000001,20.81288801199431,1038.4134834887368,894.6319842158975,0.5369126532072421,0.26455196705744444,-0.9667789544578639,0.255613875244204,MAJOR_OCEAN
20260908,-32768,12288,11.0592,19.87868485902074,1187.8606106343664,877.8163274623734,0.5747684065842918,0.24077455869757663,-0.9702822798088239,0.24197582005025067,MAJOR_OCEAN
20260908,-28672,12288,11.0592,19.01314067305272,579.311359957792,869.263180424429,0.3996423390583559,0.31043826165223803,-0.973679143156932,0.22792307075235402,LAND
20260908,-24576,12288,11.0592,18.70524086386182,754.3486442958688,892.7729959836332,0.4577020444728461,0.4763132346870287,-0.974013440615262,0.22649021502223773,LAND
20260908,-20480,12288,11.0592,19.04334277524106,951.568783320358,869.8068182638191,0.5221584301793585,0.4287694146223001,-0.9710136880093225,0.2390238852050858,LAND
20260908,-16384,12288,11.0592,19.804638893510717,1102.9449511942375,876.4835000831929,0.5569223924665433,0.2427297616132409,-0.9672463857776393,0.25383937677219065,MAJOR_OCEAN
20260908,-12288,12288,11.0592,19.106564448582265,472.50735059267157,869.5081062046551,0.35182569805968905,0.3013491686482112,-0.9662998436832109,0.25741913700772556,LAND
20260908,-8192,12288,11.0592,18.679098441461747,778.7515023999931,889.5758926120368,0.4665061537520512,0.4911316252686404,-0.9691304441532553,0.24654853926826284,LAND
20260908,-4096,12288,11.0592,21.096838070376936,1245.4683950533336,899.7430852667849,0.5803101914577242,0.18107629630293665,-0.972941286430682,0.23105249005065862,COASTAL_WATER
20260908,0,12288,11.0592,19.83107120879396,1176.4642274149803,876.9592817582914,0.5726493209223475,0.22979870945226072,-0.9743022119017598,0.22524475550684495,MAJOR_OCEAN
20260908,4096,12288,11.0592,19.037065163749094,524.7909667393018,876.3090213459012,0.3742892598237518,0.2992912653895706,-0.972097722476562,0.23457625190091397,LAND
20260908,8192,12288,11.0592,19.01719688744098,746.8228805079088,892.0337311720252,0.4554196233918488,0.4694925305023388,-0.9681654732941417,0.2503110391515534,LAND
20260908,12288,12288,11.0592,19.202318688284734,988.1343222166297,869.2080548237706,0.5317288861433244,0.4165137942346513,-0.9661452671690339,0.25799868745184745,LAND
20260908,16384,12288,11.0592,19.740795328312036,1167.5002326731988,875.3343159096166,0.5712303050570985,0.22841478140144839,-0.9680602921556827,0.25071751185638047,MAJOR_OCEAN
20260908,20480,12288,11.0592,19.369013702534616,522.7446092491265,871.1751331284696,0.37474887864023276,0.29154646069186635,-0.9719903266260786,0.23502086065991865,LAND
20260908,24576,12288,11.0592,18.85902155782009,824.314366909577,890.513300955672,0.4804179244499243,0.4615015987303727,-0.974286146014988,0.2253142376399272,LAND
20260908,28672,12288,11.0592,19.380130463867744,1034.2218130911997,872.4086667842648,0.5421499729647413,0.4089166570216511,-0.9730293448925238,0.23068136894432092,LAND
20260908,32768,12288,11.0592,19.700277423074002,1255.9913925523242,874.604993615332,0.5892257092865688,0.22605668527664316,-0.9692485601918326,0.24608378363081848,MAJOR_OCEAN
20260908,-32768,16384,14.745600000000001,18.99913284354193,1441.1343572738701,861.9843911837547,0.6254601062721113,0.12809569546023652,-0.9724397041931223,0.23315450179825573,MAJOR_OCEAN
20260908,-28672,16384,14.745600000000001,19.068166374604086,1140.9627203956989,863.2269947428736,0.5690048735946416,0.0,-0.9757225144792109,0.21901044435909012,MAJOR_OCEAN
20260908,-24576,16384,14.745600000000001,19.14477561675676,1416.1483757680141,864.6059611016217,0.6206401595847709,0.07149377133524953,-0.976045037178081,0.21756857631569498,MAJOR_OCEAN
20260908,-20480,16384,14.745600000000001,19.156961050236163,1479.7691412153624,864.825298904251,0.6308716954239973,0.10940729987843492,-0.9731473733596772,0.23018294837620154,MAJOR_OCEAN
20260908,-16384,16384,14.745600000000001,18.90271833287065,1446.200621160024,860.2489299916717,0.62675286679104,0.12352559418762686,-0.9694979953824301,0.24509923898178382,MAJOR_OCEAN
20260908,-12288,16384,14.745600000000001,18.890663188966112,1139.9185679774719,860.03193740139,0.5696885379789235,0.0,-0.9685794794783019,0.24870422580555743,MAJOR_OCEAN
20260908,-8192,16384,14.745600000000001,19.014041914410928,1251.1120873420227,862.2527544593968,0.5917200582450504,0.06563597876160221,-0.971324405361823,0.23775806936569172,MAJOR_OCEAN
20260908,-4096,16384,14.745600000000001,18.982728987517557,1453.577548015369,861.689121775316,0.6275518993444417,0.10063813958467283,-0.9750102821817648,0.2221597390164011,MAJOR_OCEAN
20260908,0,16384,14.745600000000001,19.150859348149417,1362.7353483228158,864.7154682666895,0.6115169059052382,0.0,-0.9763235523268089,0.2163153281021961,MAJOR_OCEAN
20260908,4096,16384,14.745600000000001,18.837271723203415,1130.4479072600348,859.0708910176614,0.5679162177409021,0.0,-0.9741954184353941,0.22570619552747634,MAJOR_OCEAN
20260908,8192,16384,14.745600000000001,19.1951835634527,1252.1509729571687,865.5133041421486,0.5910096217185953,0.064479576980706,-0.9703892786569506,0.2415463679454593,MAJOR_OCEAN
20260908,12288,16384,14.745600000000001,19.172405854190274,1438.326278963933,865.103305375425,0.6241571835124125,0.10445100081348703,-0.9684294227599176,0.24928789207037863,MAJOR_OCEAN
20260908,16384,16384,14.745600000000001,18.86891799203294,1297.1002381358535,859.640523856593,0.6011381260361036,0.176848118998811,-0.9702873096881626,0.24195565018843376,MAJOR_OCEAN
20260908,20480,16384,14.745600000000001,19.227677884072545,1218.1260530604693,866.0982019133057,0.5841702877543927,0.0,-0.9740916321663025,0.2261536914215393,MAJOR_OCEAN
20260908,24576,16384,14.745600000000001,19.102905509326707,1448.3336009546265,863.8522991678808,0.6261207112138812,0.06828723845184292,-0.9763080591337314,0.21638524365244138,MAJOR_OCEAN
20260908,28672,16384,14.745600000000001,18.881130194507328,1497.5458172755461,859.8603435011319,0.6349821511585475,0.1135340424610959,-0.9750953084655745,0.22178624711290393,MAJOR_OCEAN
20260908,32768,16384,14.745600000000001,18.860251772206503,1280.9894571715263,859.484531899717,0.5981811890823343,0.12182258511890093,-0.9714388211671081,0.2372901530393945,MAJOR_OCEAN
20260908,-32768,20480,18.432000000000002,18.265743723603155,1229.4197390656652,848.7833870248568,0.5912937142304682,0.16161009659321188,-0.9724163883839065,0.2332517258294125,MAJOR_OCEAN
20260908,-28672,20480,18.432000000000002,17.506677727973173,644.5475804705753,844.9354593439833,0.4324420763290054,0.27210563463203596,-0.9757004645994198,0.2191086565621638,LAND
20260908,-24576,20480,18.432000000000002,16.81368387244427,622.4120341475594,859.2004392441812,0.4198076336992369,0.40379863948100725,-0.9760231179408999,0.21766688596321734,LAND
20260908,-20480,20480,18.432000000000002,19.11153252730567,1130.9291467483426,864.007585491502,0.566615729086368,0.0,-0.9731243211163572,0.2302803848612141,COASTAL_WATER
20260908,-16384,20480,18.432000000000002,18.091551314267264,1328.1684192171613,845.6479236568107,0.6107037146235603,0.1583726894878443,-0.9694736334673663,0.24519558318122847,MAJOR_OCEAN
20260908,-12288,20480,18.432000000000002,17.3861520478779,600.812168712598,843.0549902591457,0.41582519540424245,0.2749062216723245,-0.968554806152284,0.24880029638107673,LAND
20260908,-8192,20480,18.432000000000002,16.99192144848177,603.4572027770848,865.8440433960712,0.4104309945650527,0.4125797776059295,-0.9713006838186257,0.23785495919461114,LAND
20260908,-4096,20480,18.432000000000002,17.47939235860341,748.9803936310681,848.2709108532788,0.4686249224571827,0.28532937499114125,-0.974987947962724,0.22225773626003795,LAND
20260908,0,20480,18.432000000000002,18.137228200932714,1142.8217072320717,846.4701076167889,0.5741980641762603,0.1651882128982482,-0.9763017468752779,0.21641372195006678,MAJOR_OCEAN
20260908,4096,20480,18.432000000000002,17.64680688494695,611.8576093032418,846.5266777589927,0.41925736403186964,0.28431070109821166,-0.9741727656934306,0.22580394722239108,LAND
20260908,8192,20480,18.432000000000002,17.18579097701269,757.1790558568065,857.724745399359,0.4685792899727034,0.3520702951908574,-0.9703652256285333,0.24164297815348507,LAND
20260908,12288,20480,18.432000000000002,17.40346149961948,836.5395675892556,841.0907095811576,0.4983465263115416,0.2624574083325372,-0.9684046992069517,0.24938391799370985,LAND
20260908,16384,20480,18.432000000000002,18.204025476796488,1320.4900823833489,847.6724585823367,0.6087557098397441,0.15610671798812134,-0.9702632209776073,0.24205222993841366,MAJOR_OCEAN
20260908,20480,20480,18.432000000000002,17.629491130564492,673.49446178058,840.8971587848063,0.44443591520540543,0.2830845632832077,-0.9740689393601564,0.22625141187135148,LAND
20260908,24576,20480,18.432000000000002,16.864860099969626,786.8776770932075,862.4528133780619,0.47680006013129295,0.5329794276036477,-0.9762862473286968,0.21648363281516353,LAND
20260908,28672,20480,18.432000000000002,17.277244808363818,901.945856647376,839.8745603804963,0.5175208230492927,0.2648955264811298,-0.9750730078951767,0.2218842700018471,LAND
20260908,32768,20480,18.432000000000002,18.057733780745796,1162.275804800981,845.0392080534243,0.5787318211344972,0.0,-0.971415140718637,0.23738707711792303,MAJOR_OCEAN
20260908,-32768,24576,22.1184,17.60402938909717,1092.646537144794,836.8725290037492,0.5659858824003557,0.2685190220962601,-0.970232147608616,0.24217675310973333,MAJOR_OCEAN
20260908,-28672,24576,22.1184,16.159546790167546,491.7587390436401,847.3736421080263,0.3669478821346281,0.38664099927066525,-0.9736315896034149,0.2281261224111074,LAND
20260908,-24576,24576,22.1184,15.07329468455917,708.6980791919408,864.2100930918198,0.450279178717022,0.6745870616269134,-0.9739661533881941,0.22669347598509484,LAND
20260908,-20480,24576,22.1184,16.262649416899666,943.325204155851,847.0851486940201,0.5265824229803958,0.5717669219050205,-0.9709640923695982,0.23922527318174852,LAND
20260908,-16384,24576,22.1184,17.62762855682267,1190.322177539813,837.2973140228081,0.5867646359953499,0.3049263352075083,-0.9671941256145316,0.2540384289369262,MAJOR_OCEAN
20260908,-12288,24576,22.1184,16.011076337491854,560.236162201935,848.5895992686856,0.3973797170634336,0.5043163831866257,-0.9662469505835531,0.25761760515924476,LAND
20260908,-8192,24576,22.1184,14.94012617940151,628.6402153290184,863.2457673242985,0.4210905739845796,0.7103174312647347,-0.9690794862989102,0.24674875731123844,LAND
20260908,-4096,24576,22.1184,16.41363550908519,813.0738118378264,846.2925469330761,0.4896954262791194,0.5650541582258196,-0.9728931533625351,0.23125508024755398,LAND
20260908,0,24576,22.1184,17.625523533288725,1036.196988002585,837.259423599197,0.5527986575676743,0.28444659364760216,-0.9742551566685871,0.2254481973861555,MAJOR_OCEAN
20260908,4096,24576,22.1184,16.411787504386584,475.9507671266711,850.1135437106516,0.358649361029358,0.393984822864897,-0.9720489404469087,0.23477831538718014,LAND
20260908,8192,24576,22.1184,15.33070597158513,688.7165109680943,868.5782653157922,0.44196805472870654,0.7037390128039457,-0.9681138411788792,0.2505106594895232,LAND
20260908,12288,24576,22.1184,16.387404554478902,821.4801340696283,849.9009313721093,0.4912039193965911,0.5767782697534916,-0.9660922720072752,0.25819706033923207,LAND
20260908,16384,24576,22.1184,17.40780107482411,1114.6797295649035,833.340419346834,0.5719180123341979,0.25540546851331186,-0.968008587477043,0.2509170671172051,MAJOR_OCEAN
20260908,20480,24576,22.1184,16.412375297520946,538.1415259090107,846.4059589025196,0.38839630673661946,0.4335211055904412,-0.9719414629861273,0.23522285715547842,LAND
20260908,24576,24576,22.1184,14.982804357274098,636.8797425989501,861.1745397017012,0.4248543565890812,0.6944018677707087,-0.9742390778270824,0.2255176694510565,LAND
20260908,28672,24576,22.1184,15.995157273771266,878.8624715396112,846.939122506522,0.5089539380608954,0.5900414957532868,-0.9729812803942453,0.23088401417676185,LAND
20260908,32768,24576,22.1184,17.299533116143767,1023.1864438324919,831.3915960905879,0.5514111623539728,0.25759534092573605,-0.9691976859455077,0.24628407491730586,MAJOR_OCEAN
20260908,-32768,28672,25.804799999999997,16.59045921983822,1136.7679084602387,818.6282659570879,0.5810519992448883,0.23789724185226604,-0.9678165795017575,0.25165664791838566,MAJOR_OCEAN
20260908,-28672,28672,25.804799999999997,15.760982020631776,504.9020226630072,819.6984567776003,0.3808855160312492,0.3011402461243533,-0.9713366781709604,0.2377079250673065,LAND
20260908,-24576,28672,25.804799999999997,15.650137498142668,772.1037817913636,836.403843598261,0.4797142738633843,0.461683581613287,-0.9716837090580208,0.23628535619298874,LAND
20260908,-20480,28672,25.804799999999997,15.878158039054403,1133.4360047240057,814.6909985329269,0.581509569581699,0.4400525489577023,-0.9685736222227345,0.24872703579291816,LAND
20260908,-16384,28672,25.804799999999997,16.797788574736714,1154.1685816566828,822.3601943452609,0.5836418643627103,0.23503437629764434,-0.9646790638916597,0.2634279857743119,MAJOR_OCEAN
20260908,-12288,28672,25.804799999999997,16.111891645376193,551.1054912884467,817.0406979262515,0.40251763882463465,0.29777910162986926,-0.9637023093524707,0.26697913579288335,LAND
20260908,-8192,28672,25.804799999999997,15.584408418468895,736.906776037024,833.8108369645549,0.4688544366629069,0.45854082844862887,-0.9666253061808022,0.25619429628871593,LAND
20260908,-4096,28672,25.804799999999997,16.0165508958301,948.198846169287,817.1820699548894,0.5368031535631858,0.4678404290847946,-0.9705711175779288,0.24081467090592765,LAND
20260908,0,28672,25.804799999999997,16.64854378734649,1223.2951883237367,819.6737881722368,0.5984900956867075,0.24995366466313979,-0.9719835731103874,0.23504878983641708,MAJOR_OCEAN
20260908,4096,28672,25.804799999999997,16.05277032013851,502.171408314212,817.8340195924407,0.3801433345432835,0.32054577539147705,-0.9696965355979057,0.24431256383866048,LAND
20260908,8192,28672,25.804799999999997,15.211819970574757,723.882814247761,833.5765243273863,0.4644861731904955,0.4799691651941745,-0.9656281367550795,0.25992749278772603,LAND
20260908,12288,28672,25.804799999999997,16.072326001290968,1008.581195797647,814.8918141534117,0.5528068600064969,0.43746916175339823,-0.9635428616292198,0.2675540203461241,LAND
20260908,16384,28672,25.804799999999997,16.67849477143341,1255.0979615457695,820.2129058858013,0.6044846083661574,0.22021671792127423,-0.9655194908547456,0.26033077570581775,MAJOR_OCEAN
20260908,20480,28672,25.804799999999997,16.11058209285473,477.31498345690505,813.5567961060306,0.3694755091084888,0.27043610230500514,-0.9695852395038385,0.24475388318938734,LAND
20260908,24576,28672,25.804799999999997,15.828161638266552,682.1814605235984,830.8166700289202,0.45058276279023085,0.43234691761420485,-0.9719668877741663,0.23511777701952094,LAND
20260908,28672,28672,25.804799999999997,16.09927446438897,973.1974079258596,820.1710796126938,0.5423620703799,0.4581765120636697,-0.9706624537900596,0.2404462534585652,LAND
20260908,32768,28672,25.804799999999997,16.81065967023677,1310.4616266825983,822.5918740642619,0.6140715901564664,0.2287380938275797,-0.966747415313776,0.2557331323550657,MAJOR_OCEAN
20260908,-32768,32768,29.491200000000003,15.920083275154054,1303.8163779775557,806.561498952773,0.6175192002452619,0.12844825146406125,-0.9674576725838059,0.2530329064740899,MAJOR_OCEAN
20260908,-28672,32768,29.491200000000003,15.95714534273088,1168.6986654967789,807.2286161691559,0.5911692738196872,0.0,-0.9709951219927323,0.23909929541159014,MAJOR_OCEAN
20260908,-24576,32768,29.491200000000003,16.149013330675658,1385.6376578857862,810.6822399521618,0.6306035180627018,0.06066511790277984,-0.9713439465800162,0.2376782224823271,MAJOR_OCEAN
20260908,-20480,32768,29.491200000000003,15.953328476811135,1270.2877235008343,807.1599125826004,0.6111713864942622,0.10781126733398694,-0.9682183231363203,0.2501065347868626,MAJOR_OCEAN
20260908,-16384,32768,29.491200000000003,16.219207830090667,1313.0010805821257,811.945740941632,0.6176076782772212,0.13028416120229994,-0.9643058618252713,0.2647908700265564,MAJOR_OCEAN
20260908,-12288,32768,29.491200000000003,16.089145784563573,1275.88567613673,809.6046241221443,0.6114984938959115,0.0,-0.9633248595607165,0.26833787461393893,MAJOR_OCEAN
20260908,-8192,32768,29.491200000000003,16.166169953383438,1402.965386968048,810.9910591609018,0.6334054059708452,0.048266998678835306,-0.966260850173349,0.25756546628435445,MAJOR_OCEAN
20260908,-4096,32768,29.491200000000003,16.10555739968529,1467.4257290468274,809.9000331943353,0.644080733917233,0.11820095669049786,-0.9702256594663279,0.24220274505696485,MAJOR_OCEAN
20260908,0,32768,29.491200000000003,16.2033753478689,1356.0195293445752,811.6607562616402,0.6252740610705207,0.13627718188175184,-0.9716453733568062,0.23644294963968066,MAJOR_OCEAN
20260908,4096,32768,29.491200000000003,16.226163413720535,1228.1839326157512,812.0709414469696,0.6016808328159874,0.0,-0.9693467097319152,0.24569687896249348,MAJOR_OCEAN
20260908,8192,32768,29.491200000000003,16.23204215687476,1236.3564860734282,812.1767588237457,0.60323807342557,0.041056176547233925,-0.9652591515268653,0.26129441324612407,MAJOR_OCEAN
20260908,12288,32768,29.491200000000003,15.880667383282965,1439.9692085864915,805.8520128990933,0.6408917606868572,0.17997349313937927,-0.9631647270684888,0.2689120832745965,MAJOR_OCEAN
20260908,16384,32768,29.491200000000003,16.011367959860138,1352.061947029198,808.2046232774825,0.6255877759851449,0.10860359222609468,-0.9651500183246867,0.2616972337031036,MAJOR_OCEAN
20260908,20480,32768,29.491200000000003,16.203971785985196,1290.4791800720457,811.6714921477335,0.6135933088949846,0.0,-0.969234864503584,0.24613772045486906,MAJOR_OCEAN
20260908,24576,32768,29.491200000000003,16.200579192884984,1276.6552650681047,811.6104254719297,0.6110545302345506,0.11422618765891963,-0.9716286007505606,0.23651186482607553,MAJOR_OCEAN
20260908,28672,32768,29.491200000000003,16.001770937559414,1400.1307985769042,808.0318768760694,0.633783475583036,0.11721600028918268,-0.9703174572891199,0.24183472058407363,MAJOR_OCEAN
20260908,32768,32768,29.491200000000003,16.223081264566837,1256.1787451076843,812.015462762203,0.6070859566153752,0.13558974841087004,-0.9663835210773292,0.2571048233506777,MAJOR_OCEAN
-424242,-32768,-32768,-29.491200000000003,16.139138875041862,1360.4831347082277,810.5044997507534,0.6263770166661696,0.1341070694421172,-0.964764950635454,-0.2631132646321165,MAJOR_OCEAN
-424242,-28672,-32768,-29.491200000000003,16.226655888558874,1249.0153447736818,812.0798059940597,0.6057020910546534,0.0,-0.9688432409266945,-0.24767473530955667,MAJOR_OCEAN
-424242,-24576,-32768,-29.491200000000003,15.944803165705974,1431.5101930922342,807.0064569827075,0.6392049789155758,0.06299817189474757,-0.9714225974476258,-0.23735656124933213,MAJOR_OCEAN
-424242,-20480,-32768,-29.491200000000003,15.90750021242007,1294.9368252941435,806.3350038235612,0.6159702124903662,0.11410388712414048,-0.9703224175723558,-0.24181481748755318,MAJOR_OCEAN
-424242,-16384,-32768,-29.491200000000003,16.116575724996164,1443.7363683526896,810.0983630499309,0.6402847837342887,0.13447015923527797,-0.9664489996576456,-0.25685858183198,MAJOR_OCEAN
-424242,-12288,-32768,-29.491200000000003,16.086461272037862,1171.6143043306372,809.5563028966815,0.5910764189816656,0.0,-0.9632625536037848,-0.2685614507421265,MAJOR_OCEAN
-424242,-8192,-32768,-29.491200000000003,16.13636455709253,1387.5946704746834,810.4545620276656,0.6309975465604777,0.051170892991130534,-0.9638799494497324,-0.2663370853801275,MAJOR_OCEAN
-424242,-4096,-32768,-29.491200000000003,16.000659041786992,1473.8572836516253,808.0118627521658,0.645616191349993,0.11307382817728065,-0.9676803390208045,-0.2521800179883028,MAJOR_OCEAN
-424242,0,-32768,-29.491200000000003,16.09319880547711,1222.6444920665147,809.677578498588,0.601303900530975,0.11519235473740763,-0.9710254103362347,-0.23897625924209917,MAJOR_OCEAN
-424242,4096,-32768,-29.491200000000003,16.001900349482817,1251.1853606378968,808.0342062906907,0.6073068039554573,0.0,-0.9710138745772963,-0.2390231272876891,MAJOR_OCEAN
-424242,8192,-32768,-29.491200000000003,15.97753799660041,1184.7520832239218,807.5956839388074,0.5943529286463957,0.040419191885728976,-0.9676551837692513,-0.2522765255121778,MAJOR_OCEAN
-424242,12288,-32768,-29.491200000000003,16.12726038309745,1324.1011998074116,810.2906868957541,0.620074098835176,0.10467217150761708,-0.9638641357810073,-0.26639430878893033,MAJOR_OCEAN
-424242,16384,-32768,-29.491200000000003,16.02575821336685,1251.505615055663,808.4636478406032,0.6072412808801091,0.16654370312880595,-0.9632718865899311,-0.26852797341333884,MAJOR_OCEAN
-424242,20480,-32768,-29.491200000000003,16.22369178950413,1324.8800899881282,812.0264522110743,0.6197090770044899,0.10457533527012847,-0.9664740368330047,-0.25676435914611656,MAJOR_OCEAN
-424242,24576,-32768,-29.491200000000003,15.904663671086622,1336.7190202617087,806.2839460795592,0.6234688296830178,0.06401921144026566,-0.9703395671875744,-0.24174599138399533,MAJOR_OCEAN
-424242,28672,-32768,-29.491200000000003,16.217692329915902,1382.3535039657563,811.9184619384862,0.6296957850488283,0.11639061988317696,-0.9714174524283524,-0.23737761713693586,MAJOR_OCEAN
-424242,32768,-32768,-29.491200000000003,16.0998250532752,1262.5804287906524,809.7968509589537,0.6089487143136485,0.12292168402717839,-0.9688199529046647,-0.2477658145382513,MAJOR_OCEAN
-424242,-32768,-28672,-25.804799999999997,16.708604464121482,1123.396383169427,820.7548803541868,0.5775367727106274,0.22359089983023145,-0.9663608078074267,-0.25719018086578965,MAJOR_OCEAN
-424242,-28672,-28672,-25.804799999999997,15.941780987406814,541.593476918693,809.4849442561691,0.4005636569867641,0.2975268241390112,-0.970356741794434,-0.24167704411898566,LAND
-424242,-24576,-28672,-25.804799999999997,15.437048062813762,772.7702434270935,834.8352603050038,0.48039761248746377,0.4978134616867116,-0.9728797641681404,-0.23131140151783167,LAND
-424242,-20480,-28672,-25.804799999999997,16.12669943701212,987.7838867279743,817.3072381756982,0.5469180780015501,0.45542650322999995,-0.9718040483512551,-0.23578993109993346,LAND
-424242,-16384,-28672,-25.804799999999997,16.638009752738522,1264.0129234366325,819.4841755492935,0.6063874706525398,0.2506194798877093,-0.968011778217322,-0.2509047572935561,MAJOR_OCEAN
-424242,-12288,-28672,-25.804799999999997,16.17956120564426,480.2951871707394,818.2587500110767,0.36958465010871105,0.31079416582758734,-0.9648868969233739,-0.2626657117813104,LAND
-424242,-8192,-28672,-25.804799999999997,15.201471044368493,688.329769857654,832.6527703772721,0.45225865058307874,0.4790835473657875,-0.9654926998054373,-0.2604301185009288,LAND
-424242,-4096,-28672,-25.804799999999997,16.045563670061526,1066.0732759044354,815.8467943705875,0.5661808447071908,0.44388814003810606,-0.9692181175413781,-0.24620365681595247,LAND
-424242,0,-28672,-25.804799999999997,16.61891107690525,1207.427241602528,819.1403993842945,0.5955052828791794,0.2243601018964055,-0.9724914863572808,-0.23293842311350624,MAJOR_OCEAN
-424242,4096,-28672,-25.804799999999997,17.520074956616053,633.2904790150787,835.3613492190889,0.43091191182063643,0.282592284462303,-0.97248020803773,-0.23298550378702396,COASTAL_WATER
-424242,8192,-28672,-25.804799999999997,15.409693096653724,738.2454154472769,830.7265964054924,0.47022839252787196,0.4783507863173507,-0.9691934801695136,-0.2463006252466825,LAND
-424242,12288,-28672,-25.804799999999997,16.030692272574132,1230.4055185629477,811.0853473891808,0.6024044166236119,0.2488469814216851,-0.9654771850210984,-0.26048762965587424,LAND
-424242,16384,-28672,-25.804799999999997,16.575899847754076,1338.2061120685278,818.3661972595734,0.6202369701737895,0.32025700497847986,-0.9648960558158367,-0.2626320648189054,MAJOR_OCEAN
-424242,20480,-28672,-25.804799999999997,16.075909897932505,480.9168760523586,812.9326965974304,0.37140752579329117,0.30078480325320783,-0.9680363140622514,-0.25081007686448753,LAND
-424242,24576,-28672,-25.804799999999997,15.61648062934549,760.60065466259,829.4771591413494,0.47804114171144807,0.4343573691583103,-0.9718208217068522,-0.23572078927625073,LAND
-424242,28672,-28672,-25.804799999999997,15.884485211395015,1029.6772902910152,811.5106799352847,0.5589425763998049,0.4504827902323685,-0.9728747351246791,-0.23133255230530234,LAND
-424242,32768,-28672,-25.804799999999997,16.93428012899495,1149.2992248065618,824.8170423219091,0.5818894026312051,0.2407705053036966,-0.9703339465251911,-0.24176855093425084,MAJOR_OCEAN
-424242,-32768,-24576,-22.1184,17.640446619814696,1205.045727353834,837.5280391566646,0.5896756687239669,0.26974550173012124,-0.9690740887887124,-0.2467699544886428,MAJOR_OCEAN
-424242,-28672,-24576,-22.1184,16.40924040800391,517.5224535721844,844.5045779205952,0.3796861262578165,0.38110095843614433,-0.9729229739881169,-0.23112958851284696,LAND
-424242,-24576,-24576,-22.1184,15.002348931723342,689.3386212512303,863.0360236115324,0.44376842607221256,0.7102738537755,-0.9753455398229242,-0.22068320721688062,LAND
-424242,-20480,-24576,-22.1184,16.1093302037516,780.8816494442377,851.5205619490621,0.4780706454279513,0.6084888524905415,-0.9743134364321719,-0.22519619798684865,LAND
-424242,-16384,-24576,-22.1184,17.31816708581324,1098.3761663084283,831.7270075446384,0.5687817104649434,0.2651304690063478,-0.9706659690046247,-0.24043206237170836,MAJOR_OCEAN
-424242,-12288,-24576,-22.1184,16.19475954186313,555.886491425354,851.4501658633445,0.39471137000405543,0.4030586792181759,-0.9676510950283551,-0.25229220814449516,LAND
-424242,-8192,-24576,-22.1184,15.147820886026885,717.7398742497604,865.1350481430189,0.45315438997257557,0.6748074526920503,-0.968236172767872,-0.2500374246864328,LAND
-424242,-4096,-24576,-22.1184,16.448828364734347,871.2425575856133,844.2262447715351,0.5075784403358661,0.5278797019716812,-0.9718276741664578,-0.23569253642025476,LAND
-424242,0,-24576,-22.1184,17.49471616260219,1121.4527120453897,834.9048909268395,0.5729421697611485,0.2584993574645643,-0.9749731425471053,-0.2223226738590146,MAJOR_OCEAN
-424242,4096,-24576,-22.1184,16.28714443801488,470.80031103520133,842.2323773577561,0.3582866051916739,0.39570336959710994,-0.9749623231421612,-0.2223701159176746,LAND
-424242,8192,-24576,-22.1184,15.040752231363177,667.7443339544423,862.496301467544,0.4360805992915818,0.7194745118526159,-0.971803961184779,-0.2357902903547401,LAND
-424242,12288,-24576,-22.1184,16.033762506397178,927.677208202372,844.2004661528468,0.5232606973517,0.584960274794403,-0.9682211922492263,-0.25009542754614034,LAND
-424242,16384,-24576,-22.1184,17.43320146221663,1065.9277023116324,833.7976263198993,0.5608004935037458,0.25613302038484326,-0.967659942651911,-0.2522582711962095,MAJOR_OCEAN
-424242,20480,-24576,-22.1184,16.233190254061363,602.3483701298372,851.6414570165291,0.4139880285700742,0.4641993195757124,-0.970689609584363,-0.24033660113465202,LAND
-424242,24576,-24576,-22.1184,18.467914834907607,829.0134556304741,859.449115337817,0.4906965504156372,0.4500283061296562,-0.9743295388798384,-0.22512651924240626,LAND
-424242,28672,-24576,-22.1184,16.459311093699334,807.8899023351554,847.8523127307177,0.4876376632335847,0.5693698746104823,-0.9753407174864163,-0.22070451924027928,LAND
-424242,32768,-24576,-22.1184,17.520147550856716,1191.0453164791072,835.3626559154209,0.5874719507353959,0.26692818423031645,-0.9729010578621261,-0.23122182338775019,MAJOR_OCEAN
-424242,-32768,-20480,-18.432000000000002,18.054549797426937,1160.2284229008446,844.9818963536849,0.5783184403776589,0.0,-0.9704158779993959,-0.24143948253477865,MAJOR_OCEAN
-424242,-28672,-20480,-18.432000000000002,17.610024272022937,640.7162049349535,844.8088394844199,0.43101608502345334,0.2574342368786842,-0.9741885062940521,-0.22573602770617637,LAND
-424242,-24576,-20480,-18.432000000000002,17.334704116441067,642.6975215304572,860.4051819090697,0.42729630101771643,0.35067753850501077,-0.9765590404700051,-0.21524971655336292,LAND
-424242,-20480,-20480,-18.432000000000002,17.440910278452847,871.0002807915596,846.0773572355582,0.5069621194719327,0.2728065415785573,-0.9755495200733625,-0.2197797394771233,LAND
-424242,-16384,-20480,-18.432000000000002,18.280141004430494,1069.8114568496753,849.042538079749,0.5572358417229549,0.0,-0.9719771015043737,-0.23507554987951554,MAJOR_OCEAN
-424242,-12288,-20480,-18.432000000000002,17.62995238842807,698.7789673717486,845.1675455797124,0.45229977964531826,0.26037189570083574,-0.9690193157245287,-0.24698495045805144,LAND
-424242,-8192,-20480,-18.432000000000002,16.976923805886695,716.620709394245,856.6355414208708,0.4552122369043758,0.3791406461694373,-0.9695936331714051,-0.24472062952165421,LAND
-424242,-4096,-20480,-18.432000000000002,17.329839996376315,856.547660346611,838.9637682442536,0.5048876452651228,0.2553298196240984,-0.9731156620897189,-0.2303169733121899,LAND
-424242,0,-20480,-18.432000000000002,18.12451043401879,1286.5236515710596,846.2411878123382,0.6029360067357897,0.3284143619056391,-0.9761948652295338,-0.21689533212932968,MAJOR_OCEAN
-424242,4096,-20480,-18.432000000000002,17.473117837567283,611.9246936606437,841.5427693856911,0.42072078558497783,0.2707923699739135,-0.9761842834427348,-0.21694295277651765,LAND
-424242,8192,-20480,-18.432000000000002,17.164302164455304,711.2917107584044,859.1805995298644,0.45262758121899455,0.37294089977723094,-0.9730924283362054,-0.2304151165065935,LAND
-424242,12288,-20480,-18.432000000000002,17.599282361997208,822.8459448969418,848.9280547393568,0.49190503025265125,0.2763438788426557,-0.9695789300087713,-0.24477887670925833,LAND
-424242,16384,-20480,-18.432000000000002,18.368457177166597,1105.4070113335558,850.6322291889987,0.5648364061613798,0.17309541987007276,-0.9690280017228345,-0.2469508693587659,MAJOR_OCEAN
-424242,20480,-20480,-18.432000000000002,17.370791294493095,678.9956536100822,838.2641894310501,0.44721966185315687,0.2846585966105625,-0.9720002777516957,-0.2349797013587053,LAND
-424242,24576,-20480,-18.432000000000002,17.016330786291043,689.9468875739817,866.2834114766381,0.44306027695108063,0.41492762266116284,-0.9755652750466063,-0.21970979523735285,LAND
-424242,28672,-20480,-18.432000000000002,17.574215086761438,904.4305498258062,847.255368007569,0.516025455915022,0.26752063410093974,-0.9765543251466622,-0.21527110822715412,LAND
-424242,32768,-20480,-18.432000000000002,18.37201642030017,1308.782480221923,850.696295565403,0.6057835396901661,0.15584458381137295,-0.9741670457445143,-0.22582862304279636,MAJOR_OCEAN
-424242,-32768,-16384,-14.745600000000001,19.228653698101,1394.5322765847136,866.1157665658179,0.6166000411992025,0.127168678438591,-0.9692276528857402,-0.24616611643684647,MAJOR_OCEAN
-424242,-28672,-16384,-14.745600000000001,19.00351687825215,1139.8872157649646,862.0633038085386,0.5691040315901991,0.0,-0.9730679342648273,-0.23051853570934766,MAJOR_OCEAN
-424242,-24576,-16384,-14.745600000000001,19.16129643127876,1494.0047762744705,864.9033357630177,0.6330775205415021,0.07098834471785358,-0.9754846274018589,-0.22006758439774007,MAJOR_OCEAN
-424242,-20480,-16384,-14.745600000000001,18.859084292247772,1403.8364925237809,859.4635172604599,0.6199869657102324,0.1168038201430279,-0.97445507311078,-0.22458252489600478,MAJOR_OCEAN
-424242,-16384,-16384,-14.745600000000001,18.956776505889675,1482.694374659554,861.2219771060142,0.6323016057878493,0.13657098556757283,-0.970816074661615,-0.23982524716679332,MAJOR_OCEAN
-424242,-12288,-16384,-14.745600000000001,19.18514657258968,1161.6018275591146,865.3326383066142,0.5728004761057329,0.0,-0.9678076404023985,-0.25169102323829834,MAJOR_OCEAN
-424242,-8192,-16384,-14.745600000000001,19.09129704713851,1374.5313984868756,863.6433468484931,0.6138562438462155,0.0593535424538602,-0.968391504517554,-0.24943514984506168,MAJOR_OCEAN
-424242,-4096,-16384,-14.745600000000001,19.13406883575197,1268.3113581620403,864.4132390435354,0.5944119310538386,0.10219914953664182,-0.9719751684311609,-0.2350835424975903,MAJOR_OCEAN
-424242,0,-16384,-14.745600000000001,18.980730921161957,1222.897559006377,861.6531565809153,0.5863667327130947,0.10838893898169052,-0.9751131582408189,-0.22170775499656203,MAJOR_OCEAN
-424242,4096,-16384,-14.745600000000001,19.22578383002397,1317.066475586327,866.0641089404314,0.6030163603389581,0.0,-0.9751023656579227,-0.22175521749966268,MAJOR_OCEAN
-424242,8192,-16384,-14.745600000000001,18.928031940376975,1436.4720475779832,860.7045749267855,0.6250485856967691,0.060315760026751604,-0.9719515095241106,-0.2351813409558734,MAJOR_OCEAN
-424242,12288,-16384,-14.745600000000001,18.86315673475226,1321.6916105217713,859.5368212255407,0.6056614382315108,0.10659280734321135,-0.9683765552821392,-0.2494931806280444,MAJOR_OCEAN
-424242,16384,-16384,-14.745600000000001,18.89682569784781,1256.9969984775637,860.1428625612606,0.5934438143575089,0.0,-0.9678164697972668,-0.2516570698175521,MAJOR_OCEAN
-424242,20480,-16384,-14.745600000000001,19.019805146647258,1249.1261557510866,862.3564926396507,0.5913071791158404,0.0,-0.9708396628543724,-0.23972974164422842,MAJOR_OCEAN
-424242,24576,-16384,-14.745600000000001,18.95922052091729,1233.3231035477468,861.2659693765113,0.5885328948708082,0.06573090262451008,-0.9744711363389825,-0.2245128157638491,MAJOR_OCEAN
-424242,28672,-16384,-14.745600000000001,18.976258649353394,1529.7708138527705,861.572655688361,0.6394444749800878,0.10257202425228765,-0.9754798171454127,-0.22008890554035743,MAJOR_OCEAN
-424242,32768,-16384,-14.745600000000001,18.868197468128145,1423.5170934389362,859.6275544263066,0.6232167016083471,0.11416422036209467,-0.9730460695512346,-0.23061081182566842,MAJOR_OCEAN
-424242,-32768,-12288,-11.0592,19.81619351460581,1311.0801411833772,876.6914832629045,0.5990027130012049,0.2410385892890718,-0.9665327873349907,-0.2565431172463095,MAJOR_OCEAN
-424242,-28672,-12288,-11.0592,19.404320988506154,522.2946051388218,871.8106642759573,0.3743764836885139,0.2977632966363562,-0.9705196696279583,-0.24102193025788865,LAND
-424242,-24576,-12288,-11.0592,18.8738268946529,695.9365200530691,896.4392670573727,0.4367686051732576,0.47144679634803044,-0.9730365035870585,-0.23065117100737287,LAND
-424242,-20480,-12288,-11.0592,19.036146621452822,1039.6596273092578,868.2405853163251,0.5446380174473686,0.43835743412366523,-0.9719634748825425,-0.23513188532024556,LAND
-424242,-16384,-12288,-11.0592,19.875113243887046,1191.9989198057337,877.7520383899669,0.5756360585458106,0.24300057857646232,-0.9681801214214861,-0.250254375554707,MAJOR_OCEAN
-424242,-12288,-12288,-11.0592,19.35809322490032,547.1867844100274,876.2740806362128,0.38413606006105677,0.31701831158364113,-0.9650620086890338,-0.26202160098947436,LAND
-424242,-8192,-12288,-11.0592,18.870703013252047,746.8269276780862,900.062879432369,0.45320198259350464,0.4802181174681191,-0.9656665367625125,-0.25978479512299263,LAND
-424242,-4096,-12288,-11.0592,19.19071584624805,1160.594143679416,872.459533541945,0.570581866484889,0.43009490206663836,-0.9693837131145572,-0.24555084350951425,LAND
-424242,0,-12288,-11.0592,19.853032286242815,1182.541443178255,877.3545811523707,0.573799662485322,0.22294756562816526,-0.9726492043117848,-0.23227898172596656,MAJOR_OCEAN
-424242,4096,-12288,-11.0592,20.91429511875645,629.661326054746,896.4573121376161,0.4123198488364146,0.2810865949824812,-0.9726379542685148,-0.23232608531191312,COASTAL_WATER
-424242,8192,-12288,-11.0592,19.030630220839864,730.3964664777425,894.9751806309606,0.44909567119926824,0.4807978171193156,-0.9693591326549896,-0.24564786166047994,LAND
-424242,12288,-12288,-11.0592,19.15419580910349,1001.044828450011,868.3418429985082,0.5352074219363169,0.42423943235326245,-0.9656510548431961,-0.259842337351369,LAND
-424242,16384,-12288,-11.0592,19.841355577879465,1225.4983874388865,877.1444004018304,0.5825601164429627,0.24837101157638206,-0.9650711484365755,-0.2619879357056528,MAJOR_OCEAN
-424242,20480,-12288,-11.0592,19.211822714047777,498.02230931492954,877.9537810762669,0.36167825482971333,0.31230113057025616,-0.9682046021624895,-0.25015964572923327,LAND
-424242,24576,-12288,-11.0592,18.71065127188981,711.3532372725665,885.8555003675049,0.4450940734581121,0.40852648892116966,-0.9719802069064928,-0.23506270946709426,LAND
-424242,28672,-12288,-11.0592,19.349679968807244,1130.8738777261729,871.8605578731758,0.5643831126692748,0.4116782742262834,-0.9730314872811726,-0.23067233201966217,LAND
-424242,32768,-12288,-11.0592,19.751433734116482,1285.5090152833307,875.5258072140966,0.5945829372897903,0.22799117548140965,-0.9704969284998349,-0.2411134831824761,MAJOR_OCEAN
-424242,-32768,-8192,-7.372800000000001,20.62561095046168,1108.1148127579459,891.2609971083102,0.5539533158182081,0.2504507635269972,-0.9647921908985401,-0.2630133616020202,MAJOR_OCEAN
-424242,-28672,-8192,-7.372800000000001,19.57970299224546,514.0658377985307,910.504306077866,0.3606036784697859,0.41745927182651393,-0.9688690996648138,-0.24757356020927004,LAND
-424242,-24576,-8192,-7.372800000000001,18.79980525274883,646.4448649472478,932.2744109119838,0.4092150262556221,0.6942405104966334,-0.9714475107435391,-0.23725457607848494,LAND
-424242,-20480,-8192,-7.372800000000001,19.84793958199308,897.9604145540636,908.2461160230181,0.496877583918051,0.5741314792877049,-0.9703477414850987,-0.24171317836387826,LAND
-424242,-16384,-8192,-7.372800000000001,20.78131743460134,1175.9784624489987,894.0637138228242,0.5678196590693922,0.27056696508884986,-0.9664756851217289,-0.2567581548237266,MAJOR_OCEAN
-424242,-12288,-8192,-7.372800000000001,19.56173137330016,548.2587907846863,906.8125333510959,0.37653292232102215,0.425359759175714,-0.9632902715363165,-0.2684620136322634,LAND
-424242,-8192,-8192,-7.372800000000001,18.854656132687197,607.9446844982128,933.3493646739794,0.39418208533224897,0.7034501042793292,-0.9639074729976531,-0.26623745698019025,LAND
-424242,-4096,-8192,-7.372800000000001,19.62304882061838,962.5819924902984,908.4221114071414,0.5141986550596979,0.5832765637082094,-0.9677066050966461,-0.25207920670361494,LAND
-424242,0,-8192,-7.372800000000001,20.796408836113052,1138.5879570199388,894.3353590500349,0.5597988616502824,0.2663217050393817,-0.9710504731777211,-0.23887439909149752,MAJOR_OCEAN
-424242,4096,-8192,-7.372800000000001,19.988284469216136,561.0449582340891,906.8920841908206,0.38193941743610776,0.4502609834887909,-0.9710389417398615,-0.23892127076660588,LAND
-424242,8192,-8192,-7.372800000000001,19.174850794356587,695.017912435997,936.9100756014253,0.425626798932709,0.714267631360224,-0.9676814585335092,-0.2521757220877146,LAND
-424242,12288,-8192,-7.372800000000001,19.503221432777114,939.4093072393451,909.3222145284424,0.5078625174433705,0.6217292184309969,-0.9638916643406655,-0.2662946852916554,LAND
-424242,16384,-8192,-7.372800000000001,20.577187830771994,1096.4277285573555,890.3893809538959,0.5515737455479174,0.256873510164038,-0.963299601603474,-0.2684285334136223,MAJOR_OCEAN
-424242,20480,-8192,-7.372800000000001,19.617077777497418,572.6691943993525,908.0350493864427,0.38649359128254024,0.45172814581841575,-0.9665007138877232,-0.2566639243339849,LAND
-424242,24576,-8192,-7.372800000000001,19.078216265532408,609.3563313892216,935.7298685420234,0.3941283037235051,0.6968049506611744,-0.9703648847854808,-0.2416443468721347,LAND
-424242,28672,-8192,-7.372800000000001,19.70159267446632,919.5131319320849,905.8813819676355,0.5034581110127948,0.5635325957840694,-0.971442367671013,-0.23727563358620812,LAND
-424242,32768,-8192,-7.372800000000001,20.59339528379834,1270.2175988827216,890.6811151083701,0.5875472290456044,0.27044302925693375,-0.9688458199109946,-0.24766464673221464,MAJOR_OCEAN
-424242,-32768,-4096,-3.6864000000000003,21.796069742005464,1150.5165803817915,912.3292553560984,0.5574624618075921,0.0,-0.9656883106562257,-0.2597038441416007,MAJOR_OCEAN
-424242,-28672,-4096,-3.6864000000000003,20.93192865458342,646.6555102538886,907.1588550361939,0.4159052840582944,0.27427206711134133,-0.9697193061705103,-0.24422216779028086,LAND
-424242,-24576,-4096,-3.6864000000000003,20.735365998716144,703.0432242051548,926.0987035280477,0.4312773091989439,0.37089583781153146,-0.9722663051997749,-0.23387653104400685,LAND
-424242,-20480,-4096,-3.6864000000000003,20.834138577631254,828.536690782959,907.1554666207695,0.4770774643340254,0.2721450438578844,-0.9711801777410771,-0.23834651741279936,LAND
-424242,-16384,-4096,-3.6864000000000003,21.641006278992126,1162.4744070084703,909.5381130218583,0.5607657434656801,0.0,-0.9673533650002324,-0.2534313856307605,MAJOR_OCEAN
-424242,-12288,-4096,-3.6864000000000003,20.837965290407816,679.1620700455368,906.0028716732038,0.42817871722067485,0.26738660147375,-0.9642022696429938,-0.265167839707796,LAND
-424242,-8192,-4096,-3.6864000000000003,20.717721493175297,634.4204974476472,922.6431740752428,0.4071852190915593,0.3698167013345768,-0.9648130092791509,-0.26293698318363085,LAND
-424242,-4096,-4096,-3.6864000000000003,20.805203239555638,807.917072113385,904.8777975656938,0.4714199385278086,0.26579920937284074,-0.9685703473893904,-0.24873978804766161,LAND
-424242,0,-4096,-3.6864000000000003,21.815346933642367,1395.6752218636566,912.6762448055626,0.6043580814819154,0.2401953821495856,-0.9718742357960964,-0.23550046665718855,MAJOR_OCEAN
-424242,4096,-4096,-3.6864000000000003,20.84759133368254,662.9774652958218,908.2802462537952,0.4216722617581512,0.27247520366555406,-0.9718628479144086,-0.23554745773133498,LAND
-424242,8192,-4096,-3.6864000000000003,20.51799670583167,605.1347192055772,922.4324737503314,0.3958836235621291,0.37073967704417243,-0.9685454895554607,-0.24883656214827624,LAND
-424242,12288,-4096,-3.6864000000000003,20.796464457759946,870.420620413539,909.6580686701615,0.4887041913130399,0.30993669084142333,-0.9647973672207353,-0.26299437295109124,LAND
-424242,16384,-4096,-3.6864000000000003,21.729987457170168,1297.2152841349598,911.139774229063,0.5871465879710246,0.15664593886615008,-0.9642115026733871,-0.26513426431211956,MAJOR_OCEAN
-424242,20480,-4096,-3.6864000000000003,20.80587891201667,642.9932668776607,900.0957665464745,0.41642240373391815,0.27986353984727164,-0.9673781142829343,-0.25333689823315125,LAND
-424242,24576,-4096,-3.6864000000000003,20.595499018318023,628.4222422354684,925.6466317212136,0.40411216040645526,0.3886215803158453,-0.9711971112359855,-0.23827750864669717,LAND
-424242,28672,-4096,-3.6864000000000003,23.06250506132339,1040.9864846706473,935.125091103821,0.5265188355709642,0.0,-0.9722612268004899,-0.23389764184447537,COASTAL_WATER
-424242,32768,-4096,-3.6864000000000003,21.513749549509413,1105.0363409021509,907.2474918911694,0.5488726044995722,0.0,-0.9696963011556093,-0.24431349435741337,MAJOR_OCEAN
-424242,-32768,0,0.0,22.300778386543612,1481.156704860806,921.414010957785,0.6162317984292649,0.11534305009069656,-0.9718931814260886,0.23542226720825715,MAJOR_OCEAN
-424242,-28672,0,0.0,22.53055248603458,1121.0686377192499,925.5499447486225,0.5474987613992508,0.0,-0.9679841133889387,0.25101146632500687,MAJOR_OCEAN
-424242,-24576,0,0.0,22.375992187531637,1264.4818439791645,922.7678593755695,0.5778508010491804,0.04910364878196393,-0.9652797441956446,0.2612183290766384,MAJOR_OCEAN
-424242,-20480,0,0.0,22.682261270896987,1488.225976798929,928.2807028761458,0.6156036669147711,0.10869800085466626,-0.9664569526477099,0.2568286562650323,MAJOR_OCEAN
-424242,-16384,0,0.0,22.573247555162375,1375.9838916040599,926.3184559929227,0.5973961225887748,0.11271973550872007,-0.9703299648690485,0.24178453068223973,MAJOR_OCEAN
-424242,-12288,0,0.0,22.621453975133747,1215.6839986383188,927.1861715524075,0.5670511281614443,0.0,-0.9732312973373259,0.22982785271395068,MAJOR_OCEAN
-424242,-8192,0,0.0,22.559738875467627,1218.284870374713,926.0752997584173,0.5678696227026124,0.046816856593437324,-0.9726876652045223,0.23211787083069468,MAJOR_OCEAN
-424242,-4096,0,0.0,22.340356665162943,1431.483823348022,922.126419972933,0.6079493739605283,0.10947823350083136,-0.9691422890143396,0.24650197492930198,MAJOR_OCEAN
-424242,0,0,0.0,22.52574253669124,1331.6918871074045,925.4633656604424,0.5897255671305746,0.12963341334868192,-0.9657089387093037,0.2596271281991737,MAJOR_OCEAN
-424242,4096,0,0.0,22.585331164909835,1244.4061896341861,926.535960968377,0.5729462864786475,0.0,-0.9657213324493142,0.25958102406054473,MAJOR_OCEAN
-424242,8192,0,0.0,22.38529930161423,1462.0609507961547,922.9353874290562,0.6127674746909662,0.06437722555137523,-0.9691669439276934,0.24640502186005692,MAJOR_OCEAN
-424242,12288,0,0.0,22.43151363339971,1396.6268070219717,923.7672454011947,0.6016328014470939,0.11085058754695812,-0.9727016972897915,0.23205906164069273,MAJOR_OCEAN
-424242,16384,0,0.0,22.55121344710077,1251.9343479294419,925.9218420478139,0.5745832853440916,0.0,-0.9732231432712323,0.22986237926477335,MAJOR_OCEAN
-424242,20480,0,0.0,22.62681083772147,1238.7584897494908,927.2825950789866,0.5716359041007935,0.0,-0.9703061995213939,0.2418798858325121,MAJOR_OCEAN
-424242,24576,0,0.0,22.334153460381017,1316.6436544353091,922.0147622868583,0.5878769925827669,0.04229547943724101,-0.9664388787693853,0.25689665938461215,MAJOR_OCEAN
-424242,28672,0,0.0,22.688364638940836,1448.5196288069408,928.3905635009351,0.6091565751695117,0.10721452737874287,-0.9652853346585765,0.261197669769621,MAJOR_OCEAN
-424242,32768,0,0.0,22.443274499937733,1219.4868732378216,923.9789409988791,0.5686669683153166,0.11633959357093861,-0.9680076658586297,0.2509206225859631,MAJOR_OCEAN
-424242,-32768,4096,3.6864000000000003,21.529467785199493,1305.665060755653,907.530420133591,0.5896792184903585,0.17524610274514843,-0.9700026238053899,0.24309444627687246,MAJOR_OCEAN
-424242,-28672,4096,3.6864000000000003,21.011946026648918,637.1908990302899,911.23863072719,0.4112422583878496,0.2988733159658542,-0.9659871431989865,0.2585900987552708,LAND
-424242,-24576,4096,3.6864000000000003,20.707847115632077,696.99773199555,921.8050255548657,0.4302979043260804,0.35386137584689226,-0.9632147763508929,0.26873275687809145,LAND
-424242,-20480,4096,3.6864000000000003,20.815271289782107,838.6799541421274,901.7015315255579,0.48161758985312647,0.2519896891089219,-0.9644210616765246,0.26437098137792103,LAND
-424242,-16384,4096,3.6864000000000003,21.77289148202407,1122.2016283762766,911.9120466764333,0.5514196293468527,0.16553552583058814,-0.9683956141139523,0.24941919445957092,MAJOR_OCEAN
-424242,-12288,4096,3.6864000000000003,20.859566791298544,649.0772396556645,904.3563560733213,0.4175651127453054,0.2862198361661842,-0.9713796506929319,0.23753225932423924,LAND
-424242,-8192,4096,3.6864000000000003,20.633558503318454,605.8259485652305,926.3317024512213,0.3951491538809335,0.39381317798894544,-0.9708200457327192,0.2398091716417892,LAND
-424242,-4096,4096,3.6864000000000003,20.765220888511486,820.5077219456989,912.7359530858809,0.4731213576031972,0.3263450320175562,-0.9671757890367654,0.25410823107705566,LAND
-424242,0,4096,3.6864000000000003,21.752969882954716,1183.4273223286,911.5534578931849,0.5646174494994064,0.14514287849032864,-0.9636544814392592,0.26715171794699816,MAJOR_OCEAN
-424242,4096,4096,3.6864000000000003,20.823484744804325,628.2954488047452,902.6511279944849,0.4101288245426111,0.28559486120775607,-0.9636671802176915,0.2671059074061884,LAND
-424242,8192,4096,3.6864000000000003,20.560191763718638,620.9134909458731,925.0111011384246,0.4013857521711939,0.38234936523994056,-0.967201101880161,0.25401186689169186,LAND
-424242,12288,4096,3.6864000000000003,22.899550229418757,1109.4293189297273,932.1919041295376,0.543140013628233,0.0,-0.9708344872340678,0.23975070051402267,COASTAL_WATER
-424242,16384,4096,3.6864000000000003,21.812510458456227,1318.2065192047594,912.6251882522121,0.5906388527416213,0.15848519354834759,-0.9713712553452957,0.23756658916797274,MAJOR_OCEAN
-424242,20480,4096,3.6864000000000003,20.907646235934504,627.118327135472,899.9039506814664,0.410411769670941,0.2655057921384831,-0.9683711961839763,0.24951398037227288,LAND
-424242,24576,4096,3.6864000000000003,20.56036820997513,652.5150378293265,928.971959358161,0.4123351654636179,0.4131723802857428,-0.9644025354151172,0.2644385555944773,LAND
-424242,28672,4096,3.6864000000000003,20.85604010448458,822.1044005414931,910.7304303112048,0.4741538155264669,0.29282402441442756,-0.9632205030619795,0.26871222986873355,LAND
-424242,32768,4096,3.6864000000000003,21.819461537669678,1227.2854336398498,912.7503076780542,0.5732204325017014,0.0,-0.9660113069353832,0.258499816001855,MAJOR_OCEAN
-424242,-32768,8192,7.372800000000001,20.911162699860714,999.1135996377882,896.4009285974928,0.5268156846483374,0.266470913901595,-0.9704823827193312,0.24117202331823154,MAJOR_OCEAN
-424242,-28672,8192,7.372800000000001,19.54875798273807,563.8307592898801,908.3794435742957,0.38272254576685355,0.44234739944162277,-0.9664934256260945,0.25669136764125305,LAND
-424242,-24576,8192,7.372800000000001,19.174059465777837,637.6653907988036,937.1949815426806,0.4046458696409325,0.6945969631270186,-0.9637379995641346,0.26685027299240316,LAND
-424242,-20480,8192,7.372800000000001,19.814871298751807,921.1646009747357,903.8530426939369,0.5044664295378951,0.5538282222656165,-0.9649370415033518,0.26248143921953554,LAND
-424242,-16384,8192,7.372800000000001,20.702751582886656,1127.4383292632983,892.6495284919598,0.557837367107583,0.28730861969552124,-0.9688862902842466,0.24750627567645772,MAJOR_OCEAN
-424242,-12288,8192,7.372800000000001,19.70808747645041,529.0746413081301,909.4469432078005,0.36753505261683356,0.426298366672369,-0.9718497074409151,0.23560166838757227,LAND
-424242,-8192,8192,7.372800000000001,19.144541946803702,684.4548974327903,937.5726586489978,0.4217148962554638,0.7095701789284818,-0.9712940854116624,0.23788190272553786,LAND
-424242,-4096,8192,7.372800000000001,19.701088411175366,932.3931571685458,912.883820139611,0.5050126111240149,0.5997632665097259,-0.9676744781922884,0.252202506441317,LAND
-424242,0,8192,7.372800000000001,20.741626261410342,1056.6459804325377,893.3492727053862,0.5415933117894874,0.2526973914759008,-0.9641750864795188,0.26526666321310033,MAJOR_OCEAN
-424242,4096,8192,7.372800000000001,19.58978131666347,607.1240871746925,904.2007767440722,0.4014508401333171,0.3843733506235963,-0.9641877092709457,0.2652207783919774,LAND
-424242,8192,8192,7.372800000000001,22.001560836512034,688.453369472354,930.4456895598594,0.42499769700691176,0.45892622603876615,-0.9676996270641733,0.2521059931454623,LAND
-424242,12288,8192,7.372800000000001,19.67559072107184,924.2495436809343,910.8190521691207,0.50338508363465,0.5817000354010888,-0.9713084248262598,0.23782334591357923,LAND
-424242,16384,8192,7.372800000000001,20.871485546758777,1150.4532121657285,895.686739841658,0.5619807336755926,0.26179061818685034,-0.9718413722607427,0.2356360480961189,MAJOR_OCEAN
-424242,20480,8192,7.372800000000001,19.85867107170399,610.4247129668111,910.0688686281632,0.4012009780066938,0.4487489454181186,-0.9688620350192825,0.24760120576906472,LAND
-424242,24576,8192,7.372800000000001,18.900046573524776,647.2204239454464,933.1945811639582,0.40926665160905734,0.6989957208425073,-0.9649186279446109,0.26254912196670854,LAND
-424242,28672,8192,7.372800000000001,19.940253922889003,970.9420498933802,911.8485605899964,0.5154193064186887,0.569598606544766,-0.963743692336921,0.266829712514926,LAND
-424242,32768,8192,7.372800000000001,20.755793830884084,1115.0071983245255,893.6042889559135,0.5548371938465774,0.25070046687516784,-0.966517437044857,0.2566009428826029,MAJOR_OCEAN
-424242,-32768,12288,11.0592,19.71545432039623,1268.5073976237113,874.8781777671321,0.5915481861943175,0.23028714013513893,-0.9728596453552765,0.2313960035074195,MAJOR_OCEAN
-424242,-28672,12288,11.0592,19.394063210847154,571.3505586678976,871.6260242780953,0.3956785486799456,0.3063560834444692,-0.9690070118128642,0.247033218530431,LAND
-424242,-24576,12288,11.0592,18.671716500931574,686.2487076991551,887.6756100608981,0.4357344032094044,0.4029965645261912,-0.9663387374372828,0.2572730932843894,LAND
-424242,-20480,12288,11.0592,21.154400542251626,1188.7991234387684,900.7792097605293,0.5686460557636701,0.18130106574983465,-0.9675005079106125,0.2528690712457868,COASTAL_WATER
-424242,-16384,12288,11.0592,19.730598081188614,1247.0528051860383,875.150765461395,0.5873449076791876,0.22840936206682316,-0.9713196464422069,0.237777510365018,MAJOR_OCEAN
-424242,-12288,12288,11.0592,21.01012170326012,476.30335282265366,898.1821906586822,0.3462801590899576,0.3019768372499023,-0.9741771404965258,0.22578507243396795,COASTAL_WATER
-424242,-8192,12288,11.0592,18.67288795735376,746.4579742633587,894.4245952257087,0.45463542164020093,0.4800679860940253,-0.9736419721637898,0.2280818055895865,LAND
-424242,-4096,12288,11.0592,18.943454674126805,1061.4291647270593,871.366323387975,0.5488838769407237,0.5455757478936423,-0.9701490216266284,0.24250953762047303,LAND
-424242,0,12288,11.0592,19.74697403040611,1323.1792868132002,875.44553254731,0.601547716304585,0.3407228131744659,-0.96676235093129,0.25567666460161215,MAJOR_OCEAN
-424242,4096,12288,11.0592,19.078342513416704,545.0120057326777,880.5207379907775,0.3820536248681668,0.3254743180487008,-0.9667745827083478,0.255630409437336,LAND
-424242,8192,12288,11.0592,19.267845360595206,663.1320561009854,891.9210864302223,0.42616285907965756,0.39576629895872234,-0.9701733275355947,0.24241228215276464,LAND
-424242,12288,12288,11.0592,19.362188805029515,1100.7691274502442,877.4035523204789,0.5561763956734501,0.44096864684508036,-0.9736557872880444,0.22802282315702196,LAND
-424242,16384,12288,11.0592,20.02434048687987,1349.4181614248255,880.4381287638377,0.6048879828609245,0.22140501540508695,-0.9741691142726264,0.225819699754664,MAJOR_OCEAN
-424242,20480,12288,11.0592,20.938202535708633,525.7848388936806,896.8876456427554,0.3693158676624154,0.2773715207354612,-0.9712962271496887,0.2378731576382261,COASTAL_WATER
-424242,24576,12288,11.0592,18.863878773002245,683.501053400815,887.930325727171,0.43467782599191074,0.43641333437204205,-0.9674826741813917,0.2529372949148133,LAND
-424242,28672,12288,11.0592,19.33680832991767,1056.0873119717269,878.4466891922104,0.545630979014911,0.4548040059662605,-0.9663442555495263,0.2572523659102706,LAND
-424242,32768,12288,11.0592,19.905509010600802,1218.4058598993006,878.2991621908145,0.5808280225621537,0.22377680946697315,-0.9690302399271272,0.2469420865441416,MAJOR_OCEAN
-424242,-32768,16384,14.745600000000001,18.839431327337973,1216.2868384636918,859.1097638920835,0.5857680739237167,0.0,-0.9748860683983332,0.2227041841610532,MAJOR_OCEAN
-424242,-28672,16384,14.745600000000001,18.948703107812936,1121.4741395343888,861.0766559406329,0.5653871542350987,0.0,-0.971156613349629,0.23844251371615605,MAJOR_OCEAN
-424242,-24576,16384,14.745600000000001,19.212670540062387,1438.508557106364,865.828069721123,0.6239906746660173,0.04510040664929122,-0.9685672002549407,0.2487520423841894,MAJOR_OCEAN
-424242,-20480,16384,14.745600000000001,19.16169452703096,1465.7887425555798,864.9105014865572,0.6286354238441786,0.11545851853294915,-0.9696952336130047,0.24431773146503336,MAJOR_OCEAN
-424242,-16384,16384,14.745600000000001,18.89682569784781,1369.8416034085828,860.1428625612606,0.6140076832911033,0.12734339871224892,-0.9733967286881958,0.22912618483953087,MAJOR_OCEAN
-424242,-12288,16384,14.745600000000001,19.177049717732647,1129.3557637274128,865.1868949191876,0.5659391739053851,0.0,-0.9761585904997455,0.2170585317225523,MAJOR_OCEAN
-424242,-8192,16384,14.745600000000001,19.105686939033365,1299.5855300030223,863.9023649026005,0.6004124731128088,0.057408837454861326,-0.9756418791154907,0.21936937734331594,MAJOR_OCEAN
-424242,-4096,16384,14.745600000000001,18.852377458108958,1461.3947364733192,859.3427942459612,0.6294401141978245,0.1046461100615498,-0.9722633234877103,0.2338889262035124,MAJOR_OCEAN
-424242,0,16384,14.745600000000001,19.13938544015492,1347.8066384771103,864.5089379227886,0.6089536679037,0.12630000544527376,-0.968978616029037,0.24714457646983104,MAJOR_OCEAN
-424242,4096,16384,14.745600000000001,18.990293364224435,1111.321929873846,861.8252805560398,0.5629377201469424,0.0,-0.968990493847105,0.24709800248877686,MAJOR_OCEAN
-424242,8192,16384,14.745600000000001,18.94542870503619,1326.0539657444647,861.0177166906515,0.6060377164009053,0.05760444771129146,-0.9722868674440558,0.23379103360870168,MAJOR_OCEAN
-424242,12288,16384,14.745600000000001,19.07148012365215,1276.7965922111914,863.2866422257387,0.596332067654048,0.09750208084896425,-0.9756552210754971,0.21931003075126965,MAJOR_OCEAN
-424242,16384,16384,14.745600000000001,18.956776505889675,1362.2540747077883,861.2219771060142,0.6123932301258214,0.0,-0.9761508430372934,0.21709337078220825,MAJOR_OCEAN
-424242,20480,16384,14.745600000000001,19.19438198035643,1222.98230609027,865.4988756464157,0.5853042931326045,0.0,-0.973374064645613,0.22922244714529558,MAJOR_OCEAN
-424242,24576,16384,14.745600000000001,19.221034549441832,1391.8154111523866,865.978621889953,0.6161763271871976,0.04912978814890161,-0.969677924601067,0.2443864205338898,MAJOR_OCEAN
-424242,28672,16384,14.745600000000001,19.15139908405138,1303.9696854667563,864.7251835129248,0.6009921966953631,0.1090557624789807,-0.9685725602298033,0.24873117128716296,MAJOR_OCEAN
-424242,32768,16384,14.745600000000001,18.963812582168085,1358.0441806797019,861.3486264790256,0.6116233921769413,0.11511723620218711,-0.97117913308139,0.23835077400184748,MAJOR_OCEAN
-424242,-32768,20480,18.432000000000002,18.099667716868943,1223.217523989202,845.794018903641,0.5909230449409738,0.45141951759483373,-0.9747828203138252,0.22315567037614054,MAJOR_OCEAN
-424242,-28672,20480,18.432000000000002,17.64247702925545,690.4241346542029,842.5768968761662,0.4500806195452251,0.25704038320882255,-0.9710469222610518,0.23888883349235632,LAND
-424242,-24576,20480,18.432000000000002,17.123338626193664,638.3346508949768,864.7742248116703,0.4243939127046771,0.40003010489430224,-0.9684533816229821,0.24919479854726223,LAND
-424242,-20480,20480,18.432000000000002,17.406482513958274,945.0125436527092,838.9066313814233,0.5294427651799068,0.24500018602025875,-0.9695831810138362,0.2447620376918987,LAND
-424242,-16384,20480,18.432000000000002,18.10039918193399,1234.8089367696086,845.8071852748119,0.5931972392473902,0.1769799588560213,-0.9732908313973091,0.22957560305471233,MAJOR_OCEAN
-424242,-12288,20480,18.432000000000002,17.54451076084259,616.325947307278,848.824795942676,0.4203701086977554,0.27765611005767,-0.9760576935967689,0.2175117899575929,LAND
-424242,-8192,20480,18.432000000000002,16.96332228718039,780.5091127364697,863.6040299077014,0.474440992843791,0.539153192856007,-0.9755400173621892,0.21982191547927984,LAND
-424242,-4096,20480,18.432000000000002,17.526151920195584,819.4398713203909,842.4973828730006,0.4927665606468481,0.2521026910698292,-0.9721554792903542,0.23433677493245014,LAND
-424242,0,20480,18.432000000000002,18.249881181277686,1146.9039348198544,848.4978612629984,0.5744855254439255,0.16716299612997193,-0.96886543595442,0.24758789754923727,MAJOR_OCEAN
-424242,4096,20480,18.432000000000002,17.28785497802216,655.1465539813903,841.5655288580913,0.4374315741242545,0.2941004982565291,-0.9688773323016763,0.24754133988485072,LAND
-424242,8192,20480,18.432000000000002,17.089477596145084,691.8575799442115,859.6513395102385,0.4456383929744697,0.37422932310891033,-0.9721790631078525,0.23423891490257984,LAND
-424242,12288,20480,18.432000000000002,17.547015958014672,855.6201024354899,851.8470676504925,0.5008115563569354,0.29813121366412176,-0.975553384058502,0.21976258747112726,LAND
-424242,16384,20480,18.432000000000002,18.378389255420913,1298.0151037848411,850.8110065975765,0.6037767880463347,0.1747442787547012,-0.9760499315626349,0.21754661821452406,MAJOR_OCEAN
-424242,20480,20480,18.432000000000002,17.463939733156334,661.7850806192182,845.2704116426771,0.4388333745110553,0.28526652283408566,-0.9732681278530532,0.22967183394010882,LAND
-424242,24576,20480,18.432000000000002,17.16700396344957,700.0842521988965,863.9337207335814,0.4473330430110667,0.3823489252986962,-0.9695658445375411,0.2448307029483936,LAND
-424242,28672,20480,18.432000000000002,17.671149284456767,1067.9264638937464,841.6470055548672,0.5589559789092785,0.0,-0.9684587498767496,0.24917393480692004,LAND
-424242,32768,20480,18.432000000000002,18.13411363289396,1325.2296141217141,846.4140453920913,0.609961789324566,0.14372897869356666,-0.9710694790596407,0.2387971248546305,MAJOR_OCEAN
-424242,-32768,24576,22.1184,17.590001151264012,999.9755563972082,836.6200207227522,0.544176079246151,0.26793389204451024,-0.9726371743430654,0.23232935046166128,MAJOR_OCEAN
-424242,-28672,24576,22.1184,16.096567785948068,563.3418482954625,851.4164909873878,0.39790819708738023,0.43013482950549986,-0.968771422776892,0.24795550086827362,LAND
-424242,-24576,24576,22.1184,14.968986494007941,712.2123516397721,863.4946105751295,0.4517087630787662,0.7114608260910692,-0.9660947562501843,0.2581877649035622,LAND
-424242,-20480,24576,22.1184,16.258231879764807,875.9431259986932,843.6313773829091,0.5090992132436707,0.5657384978977789,-0.9672601162977821,0.2537870513237447,LAND
-424242,-16384,24576,22.1184,17.55000363218547,1154.6508120185579,835.9000653793385,0.5797746997692531,0.2644435729524274,-0.9710917790155302,0.23870642372682935,MAJOR_OCEAN
-424242,-12288,24576,22.1184,16.444974236217323,504.5494436995698,847.5942492960415,0.37287203591999174,0.41603090440766344,-0.9739594617949806,0.2267222238335529,LAND
-424242,-8192,24576,22.1184,14.926832595964568,653.6775184190435,863.3693971959474,0.43060429272320994,0.6887662660108408,-0.9734223265155904,0.2290174103446622,LAND
-424242,-4096,24576,22.1184,16.150563204843216,944.3969943548298,848.0348197273332,0.5265865069077914,0.5970235709242014,-0.969917190670051,0.24343509040957106,LAND
-424242,0,24576,22.1184,17.636506541837083,1086.076368877454,837.4571177530675,0.5643322791846868,0.30800391201172655,-0.9665196674542792,0.2565925416376509,MAJOR_OCEAN
-424242,4096,24576,22.1184,16.034944646663675,533.9017630308211,846.6986558573939,0.3864371751279984,0.4610233015491187,-0.9665319368907038,0.2565463212955986,LAND
-424242,8192,24576,22.1184,15.060271860906115,712.654231603438,865.3545221751767,0.45133013347648343,0.7271376643931743,-0.9699415777088798,0.24333790463388383,LAND
-424242,12288,24576,22.1184,16.281896677167882,941.139969177656,848.001789580511,0.5257348836052688,0.5949730904078473,-0.9734361920615588,0.22895846781609072,LAND
-424242,16384,24576,22.1184,17.379326954839765,1068.230402179759,832.8278851871157,0.5616181214186501,0.27134150440167365,-0.9739514058617678,0.22675682794545818,MAJOR_OCEAN
-424242,20480,24576,22.1184,16.401047716784674,516.7573530022627,846.4715727293659,0.378790790354433,0.44994618829344896,-0.9710682792855931,0.23880200368781945,LAND
-424242,24576,24576,22.1184,15.071262033099831,704.8463248021756,864.1735053655516,0.44894103326508683,0.7090447904734439,-0.9672422267323909,0.25385522414511397,LAND
-424242,28672,24576,22.1184,16.323894147637585,946.0647231939398,849.9087550915971,0.5264767313630944,0.5752788044592009,-0.9661002911858109,0.25816705322463496,LAND
-424242,32768,24576,22.1184,17.414728364626463,1052.9917270385956,833.4651105632763,0.5578891692042534,0.31257541807344325,-0.968794726297439,0.24786443532356595,MAJOR_OCEAN
-424242,-32768,28672,25.804799999999997,16.63588773690449,1254.7408659006667,819.4459792642808,0.6046399478794561,0.24099815725877777,-0.9703440530596787,0.2417279849163421,MAJOR_OCEAN
-424242,-28672,28672,25.804799999999997,15.81189636105588,514.3069747811168,816.7551067224127,0.3860983522634369,0.29625623222171144,-0.9663474156842783,0.25724049486874456,LAND
-424242,-24576,28672,25.804799999999997,15.432412085895594,658.8804982791562,832.4847861778138,0.44150082097286547,0.48269691702510287,-0.9635870836294946,0.26739471248026825,LAND
-424242,-20480,28672,25.804799999999997,15.885783129153838,950.5460736868479,818.0850685481761,0.5371436176729569,0.44952925875698324,-0.9647882232807513,0.26302791528423564,LAND
-424242,-16384,28672,25.804799999999997,16.669144493749034,1288.2663428385886,820.0446008874826,0.6107522206104342,0.21769796715783393,-0.968744799488909,0.2480594958133905,MAJOR_OCEAN
-424242,-12288,28672,25.804799999999997,15.899450434847015,480.04274855101056,816.2943612245898,0.3700215964947178,0.29216756910242503,-0.9717141869455275,0.23615998579097291,LAND
-424242,-8192,28672,25.804799999999997,15.690602708382732,674.7870903612076,836.2619465377668,0.4462732847243582,0.42179643167709596,-0.9711574117142172,0.23843926201979093,LAND
-424242,-4096,28672,25.804799999999997,15.908210634540243,1299.091979136462,808.8806779045709,0.6159833200299222,0.19095306477763685,-0.967530667098443,0.2527536512575869,LAND
-424242,0,28672,25.804799999999997,16.604700342388917,1130.6524426361154,818.8846061630005,0.5796621209180428,0.2516480094554768,-0.9640249287868231,0.26581184450200984,MAJOR_OCEAN
-424242,4096,28672,25.804799999999997,16.126719119922864,529.0908376283647,813.8472625932569,0.3936869097922852,0.320708167025566,-0.9640375735844838,0.26576598111372535,LAND
-424242,8192,28672,25.804799999999997,15.4108895865711,705.8618231927825,837.1597774153206,0.4571579976049449,0.4972840605174296,-0.967555863452031,0.252657180977693,LAND
-424242,12288,28672,25.804799999999997,16.145540895467626,937.6575917304866,819.5038899483648,0.5333171051131926,0.44387122015485186,-0.9711717806868753,0.23838072992061227,LAND
-424242,16384,28672,25.804799999999997,16.886467492535697,1114.0715080396697,823.9564148656425,0.5745515548690078,0.22192239476573733,-0.9717058343448645,0.2361943511182068,MAJOR_OCEAN
-424242,20480,28672,25.804799999999997,16.146313064379115,495.09720985555947,821.0177744125165,0.37589520715284114,0.2891140322277089,-0.9687204971223788,0.24815438431543227,LAND
-424242,24576,28672,25.804799999999997,15.420871011205014,762.8248625351283,829.1603912458199,0.4788649868067294,0.41720381155344105,-0.9647697770834988,0.2630955667172218,LAND
-424242,28672,28672,25.804799999999997,17.537720681920717,1391.8313376382857,835.678972274573,0.6245568312819295,0.19004954261866547,-0.9635927862311267,0.2673741616598998,COASTAL_WATER
-424242,32768,28672,25.804799999999997,16.74484476321007,1319.7293777458544,821.4072057377813,0.6160808736106141,0.24414140673768497,-0.96637147121177,0.25715011107911107,MAJOR_OCEAN
-424242,-32768,32768,29.491200000000003,16.0998250532752,1271.4356677891617,809.7968509589537,0.6106117622990429,0.1250727901862328,-0.9700841385257244,0.2427689522587332,MAJOR_OCEAN
-424242,-28672,32768,29.491200000000003,15.90729211280304,1226.1444141273557,806.3312580304547,0.6029796328107727,0.0,-0.9660731420708698,0.2582686279231704,MAJOR_OCEAN
-424242,-24576,32768,29.491200000000003,16.07967315885223,1198.0386003915635,809.4341168593402,0.5964923447062693,0.03489689980765593,-0.9633036389225101,0.26841404441394306,MAJOR_OCEAN
-424242,-20480,32768,29.491200000000003,16.190496964464103,1261.4670576321325,811.4289453603539,0.6082595539081632,0.108339691962653,-0.9645086998494933,0.26405107065611394,MAJOR_OCEAN
-424242,-16384,32768,29.491200000000003,16.252159964514213,1542.7254555991717,812.5388793612558,0.6547336106180468,0.19363370092049184,-0.9684789746233402,0.2490953145133878,MAJOR_OCEAN
-424242,-12288,32768,29.491200000000003,15.899393815411882,1163.235463432572,806.1890886774138,0.590347629492815,0.0,-0.971459524966744,0.2372053779984509,MAJOR_OCEAN
-424242,-8192,32768,29.491200000000003,16.265814056340698,1215.8795228212384,812.7846530141326,0.5990545319256106,0.05870207752062519,-0.9709005934528074,0.23948285456998022,MAJOR_OCEAN
-424242,-4096,32768,29.491200000000003,15.886303382594951,1498.5037253477258,805.9534608867091,0.649981155275875,0.11996150315369025,-0.9672605042351532,0.2537855727711036,MAJOR_OCEAN
-424242,0,32768,29.491200000000003,16.230849954248722,1369.3333163788714,812.155299176477,0.6274183089062462,0.1423564426489913,-0.9637429014496399,0.26683256904926284,MAJOR_OCEAN
-424242,4096,32768,29.491200000000003,16.22083002335344,1227.3944396851355,811.9749404203619,0.6015550182495255,0.0,-0.9637555873835497,0.26678674589827167,MAJOR_OCEAN
-424242,8192,32768,29.491200000000003,16.094022269468685,1189.1843402365348,809.6924008504363,0.5946288167690726,0.049257644736874405,-0.9672857893578704,0.25368918326629886,MAJOR_OCEAN
-424242,12288,32768,29.491200000000003,16.20340469857205,1278.5412810275325,811.6612845742969,0.6113904516273294,0.10643782331698017,-0.9709150176931953,0.239424368888846,MAJOR_OCEAN
-424242,16384,32768,29.491200000000003,16.19084200382925,1308.442286714855,811.4351560689265,0.6169344160676462,0.0,-0.9714511397925171,0.2372397163120447,MAJOR_OCEAN
-424242,20480,32768,29.491200000000003,16.0793840315288,1286.345299621331,809.4289125675184,0.6134877528269954,0.0,-0.9684545841944067,0.24919012491035603,MAJOR_OCEAN
-424242,24576,32768,29.491200000000003,16.03913367867495,1264.3150466508685,808.7044062161491,0.6095965227824379,0.05273115878373357,-0.9644901926393951,0.26411866329818984,MAJOR_OCEAN
-424242,28672,32768,29.491200000000003,16.261109196850178,1505.1932123384254,812.6999655433033,0.6490998493140572,0.11610708021696331,-0.9633093598969031,0.26839351172302733,MAJOR_OCEAN
-424242,32768,32768,29.491200000000003,16.139138875041862,1353.2623588423444,810.5044997507534,0.6251307633755269,0.13111774890712724,-0.966097280057912,0.2581783210587297,MAJOR_OCEAN
987654321012345,-32768,-32768,-29.491200000000003,15.906875409677236,1400.6665277819156,806.3237573741902,0.634362631574209,0.12668332582097894,-0.9652383324569426,-0.2613713097410287,MAJOR_OCEAN
987654321012345,-28672,-32768,-29.491200000000003,16.04660848670284,1112.593265596485,808.8389527606512,0.5787425194877769,0.0,-0.9688574212220332,-0.24761925882893637,MAJOR_OCEAN
987654321012345,-24576,-32768,-29.491200000000003,16.098201893275423,1351.3280409316699,809.7676340789576,0.625008438132613,0.06285172869337106,-0.9722786321152969,-0.23382527992500576,MAJOR_OCEAN
987654321012345,-20480,-32768,-29.491200000000003,16.17777221786278,1488.121541108588,811.19989992153,0.6469189542667503,0.12397894107464748,-0.9725206630358918,-0.23281658009735753,MAJOR_OCEAN
987654321012345,-16384,-32768,-29.491200000000003,16.06690259814314,1232.1656272344812,809.2042467665765,0.6033019008553213,0.13472961264429262,-0.9693860281324443,-0.2455417041188803,MAJOR_OCEAN
987654321012345,-12288,-32768,-29.491200000000003,16.13098253987938,1137.4513361196375,810.3576857178289,0.5836648554957802,0.0,-0.9655711469665241,-0.2601391169081478,MAJOR_OCEAN
987654321012345,-8192,-32768,-29.491200000000003,16.101104175062854,1419.244183544455,809.8198751511313,0.6364140877525296,0.03788050272956572,-0.9647137805506185,-0.26330081962601853,MAJOR_OCEAN
987654321012345,-4096,-32768,-29.491200000000003,15.93087734267843,1470.3383445973118,806.7557921682118,0.6454247525894268,0.12481008017752485,-0.967677851254298,-0.2521895640026858,MAJOR_OCEAN
987654321012345,0,-32768,-29.491200000000003,16.155526683569768,1479.401282963677,810.7994803042559,0.6456881940164908,0.1350517833264441,-0.9715465909680604,-0.23684852032119663,MAJOR_OCEAN
987654321012345,4096,-32768,-29.491200000000003,15.945184480275742,1133.0732638832496,807.0133206449634,0.5837314383163626,0.0,-0.9728448530610906,-0.231458186013252,MAJOR_OCEAN
987654321012345,8192,-32768,-29.491200000000003,15.968424463141842,1467.1015107283233,807.4316403365531,0.6447286914021739,0.06818066048860112,-0.9705049386054203,-0.24108123971493367,MAJOR_OCEAN
987654321012345,12288,-32768,-29.491200000000003,15.962945776363076,1464.55491228533,807.3330239745353,0.6443586104360771,0.10978506866855438,-0.9664890136129707,-0.25670797916197874,MAJOR_OCEAN
987654321012345,16384,-32768,-29.491200000000003,16.034349707122164,1374.3929997442744,808.618294728199,0.6292975696704195,0.12049159389932552,-0.9645235799617016,-0.263996711528502,MAJOR_OCEAN
987654321012345,20480,-32768,-29.491200000000003,16.218972730344618,1203.0987983510352,811.9415091462031,0.5967632660304255,0.0,-0.9665733470840949,-0.25639025860326625,MAJOR_OCEAN
987654321012345,24576,-32768,-29.491200000000003,16.181241945515335,1313.5269143819346,811.262355019276,0.617900811378132,0.04096897976720821,-0.9705912262924008,-0.2407336109566209,MAJOR_OCEAN
987654321012345,28672,-32768,-29.491200000000003,16.017260969381685,1281.3721337968361,808.3106974488703,0.6128964731744351,0.0979556643625169,-0.9728577789867721,-0.23140385015147205,MAJOR_OCEAN
987654321012345,32768,-32768,-29.491200000000003,16.135801681375703,1447.6583720494843,810.4444302647627,0.6408111975101305,0.18271061102421307,-0.9714758007278601,-0.23713871172831114,MAJOR_OCEAN
987654321012345,-32768,-28672,-25.804799999999997,16.79462275200298,1065.4148301298364,822.3032095360536,0.5640941674482581,0.24100998003030474,-0.9637004500941672,-0.2669858469812579,MAJOR_OCEAN
987654321012345,-28672,-28672,-25.804799999999997,15.905121230461575,488.3154232024309,814.1205847363154,0.37463705178334983,0.28741834052036086,-0.9673883409230166,-0.2532978441404769,LAND
987654321012345,-24576,-28672,-25.804799999999997,15.487182327938154,716.9700503986619,835.4796648565073,0.46153412199820876,0.45425195072144986,-0.9708803502850976,-0.2395649085953247,LAND
987654321012345,-20480,-28672,-25.804799999999997,15.812626822391525,1054.9692183717023,816.7682550264544,0.5633300093351679,0.4794031769138054,-0.9711276259989224,-0.23856054581949865,LAND
987654321012345,-16384,-28672,-25.804799999999997,16.767177944845056,1133.9521115494272,821.809203007211,0.5795045635427218,0.2378482656463237,-0.967927498936471,-0.2512296893334621,MAJOR_OCEAN
987654321012345,-12288,-28672,-25.804799999999997,15.798687887183952,537.3902295639351,820.3771623755395,0.395498326462542,0.30642795291871316,-0.9640393542718382,-0.2657595217769954,LAND
987654321012345,-8192,-28672,-25.804799999999997,15.324882420153394,631.8878452662943,836.9339161825023,0.4299078036805261,0.4680009031846867,-0.9631663925473111,-0.2689061179434174,LAND
987654321012345,-4096,-28672,-25.804799999999997,15.788479534895611,1062.19891167874,811.2192799376011,0.5666819263863357,0.4501790850535291,-0.9661857034662447,-0.2578472152601963,LAND
987654321012345,0,-28672,-25.804799999999997,16.771083895063857,1255.8902364984554,821.8795101111494,0.6041507187348503,0.2365229774838889,-0.9701326439817568,-0.24257504628664053,MAJOR_OCEAN
987654321012345,4096,-28672,-25.804799999999997,15.969041137306055,513.66936340013,813.0326866016834,0.38688602115167964,0.31102083611368336,-0.9714588933047676,-0.23720796491491616,LAND
987654321012345,8192,-28672,-25.804799999999997,15.35463294351237,766.216011309033,836.7736181770548,0.4776938686034558,0.5715371093482492,-0.9690691979782092,-0.2467891600736758,LAND
987654321012345,12288,-28672,-25.804799999999997,15.966354858611982,1153.20915098778,819.5353596784227,0.5842747856958116,0.5197704603597554,-0.9649742568069938,-0.2623445896140991,LAND
987654321012345,16384,-28672,-25.804799999999997,16.888235245431986,1278.8431615259,823.9882344177757,0.6078639020178105,0.2371160244032745,-0.9629727727866944,-0.269598662592205,MAJOR_OCEAN
987654321012345,20480,-28672,-25.804799999999997,17.892431424237675,529.218645653577,842.0637656362782,0.38564849428926684,0.2915064497476996,-0.9650601736116153,-0.26202835974130506,COASTAL_WATER
987654321012345,24576,-28672,-25.804799999999997,15.336658152203663,791.9874574361536,828.483683395509,0.4884375907115672,0.44802563769556014,-0.9691572694046405,-0.24644307083004202,LAND
987654321012345,28672,-28672,-25.804799999999997,17.87952800186652,1263.641677422616,841.8315040335974,0.5998850061547213,0.1694539651499127,-0.9714721026607954,-0.23715386092537688,COASTAL_WATER
987654321012345,32768,-28672,-25.804799999999997,16.711710127141945,1307.4297260991996,820.810782288555,0.6140357188156146,0.2076427973793571,-0.9700603544055993,-0.2428639718247293,MAJOR_OCEAN
987654321012345,-32768,-24576,-22.1184,17.547863959575455,934.5000528786605,835.8615512723582,0.5275602963780789,0.26430937060757814,-0.9648686831831444,-0.26273260972407836,MAJOR_OCEAN
987654321012345,-28672,-24576,-22.1184,16.265513694403413,518.7162822491273,853.1694716930937,0.37782916805687666,0.45795739902388033,-0.9685045215658543,-0.24899596724946316,LAND
987654321012345,-24576,-24576,-22.1184,15.374054382672226,654.832909931547,870.7094635581932,0.42896477772482094,0.6900781372840469,-0.9719429618388394,-0.2352166638058289,LAND
987654321012345,-20480,-24576,-22.1184,16.350833671762935,826.4748241243049,843.378783565221,0.4946422716632626,0.5511296199402106,-0.9721862688793184,-0.23420900623697155,LAND
987654321012345,-16384,-24576,-22.1184,17.558313935306913,1040.0681265755127,836.0496508355244,0.5540771810333596,0.27986872354150977,-0.9690356965661927,-0.24692067305204277,MAJOR_OCEAN
987654321012345,-12288,-24576,-22.1184,16.32469344887617,565.7374333277176,847.6755798666486,0.39998036503498635,0.46226226708215423,-0.965202980451637,-0.26150182891765184,LAND
987654321012345,-8192,-24576,-22.1184,15.065087627861386,597.066880646298,865.9002983019199,0.4078417120493498,0.675137986794532,-0.9643418166711513,-0.2646598961297001,LAND
987654321012345,-4096,-24576,-22.1184,16.316923548565466,829.8244746501175,851.9688526126328,0.4931232262490124,0.6007279259616073,-0.9673193365850529,-0.25356123731488045,LAND
987654321012345,0,-24576,-22.1184,17.448495618500253,1097.8174612903342,834.0729211330046,0.5679667462124564,0.30225322105572844,-0.9712071089780674,-0.23823675507877504,MAJOR_OCEAN
987654321012345,4096,-24576,-22.1184,16.155333314851617,492.05114057906474,843.9045327126905,0.3680384850513197,0.3988194503416741,-0.9725121808381008,-0.23285200905622708,LAND
987654321012345,8192,-24576,-22.1184,15.009529814096112,595.2033408654133,864.3438737813677,0.40752078049688895,0.6928838346657773,-0.9701601531968247,-0.2424650019056641,LAND
987654321012345,12288,-24576,-22.1184,15.903965580542081,804.1298045502886,846.3057139107466,0.4869277640943882,0.6159179829949836,-0.9661249948641187,-0.2580745905718083,LAND
987654321012345,16384,-24576,-22.1184,17.618184435678874,1216.8052298768907,837.1273198422198,0.5921387687606663,0.25850410457413636,-0.9641507834904337,-0.26535498241936734,MAJOR_OCEAN
987654321012345,20480,-24576,-22.1184,16.474135389965696,594.0623069514514,843.6374007643127,0.412916124028863,0.41497533465861325,-0.9662097138135186,-0.2577572286714738,LAND
987654321012345,24576,-24576,-22.1184,18.206056394382568,816.7261330051665,862.1266096015289,0.4861891237786829,0.5702543923112386,-0.9702468749734331,-0.2421177432661375,LAND
987654321012345,28672,-24576,-22.1184,16.520530566820273,972.8153490958595,844.4725139476951,0.5350172372967971,0.5640520201520067,-0.9725251757223937,-0.2327977289110165,LAND
987654321012345,32768,-24576,-22.1184,17.53051162464831,1139.4253051697783,835.5492092436696,0.5766396767055508,0.2542476720300327,-0.9711359538974113,-0.23852664221794004,MAJOR_OCEAN
987654321012345,-32768,-20480,-18.432000000000002,18.231419760240748,1302.3008377949388,848.1655556843334,0.6053084732078504,0.15371267369948383,-0.9676065803909255,-0.25246287961634944,MAJOR_OCEAN
987654321012345,-28672,-20480,-18.432000000000002,17.496702306716,671.2949001340352,842.7690441088951,0.44308024270848706,0.27258855526417813,-0.9711150070078757,-0.2386119090994696,LAND
987654321012345,-24576,-20480,-18.432000000000002,16.976553194882378,784.7543804760785,860.7851901438934,0.4766082725728813,0.5169840002179555,-0.9744224850967306,-0.22472387620791834,LAND
987654321012345,-20480,-20480,-18.432000000000002,17.6547927155729,838.2327839889155,846.6704227102598,0.49720101406657197,0.25804789677615114,-0.974656096072995,-0.22370850316371244,LAND
987654321012345,-16384,-20480,-18.432000000000002,18.37497760607774,1248.9177890262627,850.7495969093993,0.5945338121532172,0.40495147899583234,-0.9716266554729265,-0.23651985619498195,MAJOR_OCEAN
987654321012345,-12288,-20480,-18.432000000000002,17.599180164855166,639.5799176460476,848.9262151908,0.42939059030789756,0.27547400455054155,-0.9679295945659468,-0.2512216152392183,LAND
987654321012345,-8192,-20480,-18.432000000000002,17.20300619857655,677.6420237306271,862.5781015523722,0.4396789352891419,0.3943565479973712,-0.9670973285118757,-0.2544066767700744,LAND
987654321012345,-4096,-20480,-18.432000000000002,17.498815909132077,1149.8733087844237,838.5450047990228,0.5779947339045103,0.0,-0.9699725237167766,-0.24321452101901186,LAND
987654321012345,0,-20480,-18.432000000000002,18.039121250440832,1238.5324019855116,844.704182507935,0.5942379148317871,0.14907462312837233,-0.9737155970659517,-0.2277672848117071,MAJOR_OCEAN
987654321012345,4096,-20480,-18.432000000000002,17.473072962057557,679.9273242347176,846.656285540443,0.4450999080402503,0.26838682656332313,-0.9749689254621975,-0.22234116664056636,LAND
987654321012345,8192,-20480,-18.432000000000002,16.92063705136994,620.1120999296712,855.8241807519007,0.41986381405940126,0.37632489912301575,-0.972708949280623,-0.23202866199973324,LAND
987654321012345,12288,-20480,-18.432000000000002,17.38075906245782,825.7717771805615,846.8898016266629,0.49339232473094574,0.2881990975787994,-0.9688200505973757,-0.2477654325375079,LAND
987654321012345,16384,-20480,-18.432000000000002,18.15901794236543,1143.0535402902049,846.8623229625778,0.5741345284288759,0.0,-0.9669126320024142,-0.25510774600972796,MAJOR_OCEAN
987654321012345,20480,-20480,-18.432000000000002,17.538468479706424,667.609072345288,844.5765864646631,0.4411944221506374,0.26507476699814975,-0.9689018369343511,-0.24744540889909494,LAND
987654321012345,24576,-20480,-18.432000000000002,17.261031560460157,700.422979968686,861.5456758578256,0.4481362933016057,0.37102638285776357,-0.9727923714649549,-0.23167866112266192,LAND
987654321012345,28672,-20480,-18.432000000000002,17.63660183504271,819.9267109923978,846.3429868607163,0.4917780920796373,0.25580917806282255,-0.9749813964459157,-0.22228647413725386,LAND
987654321012345,32768,-20480,-18.432000000000002,18.383043536564998,1186.827848223534,850.8947836581699,0.5821428720434194,0.1534621695800593,-0.9736472146175885,-0.2280594252983451,MAJOR_OCEAN
987654321012345,-32768,-16384,-14.745600000000001,18.965354902539634,1411.5303269289323,861.3763882457134,0.620751202109239,0.11510236269187325,-0.9693720431979976,-0.24559690931715591,MAJOR_OCEAN
987654321012345,-28672,-16384,-14.745600000000001,18.94796920571355,1282.2492719325558,861.0634457028439,0.5979768069213953,0.0,-0.9727939637109729,-0.2316719753606254,MAJOR_OCEAN
987654321012345,-24576,-16384,-14.745600000000001,18.946852508233555,1257.2475746042444,861.043345148204,0.5932397307449898,0.05004371416553513,-0.9760126523210302,-0.21771380872436144,MAJOR_OCEAN
987654321012345,-20480,-16384,-14.745600000000001,18.908283614240705,1288.1450362387748,860.3491050563327,0.5992782262075137,0.09316587954986812,-0.9762396945187816,-0.21669346747393206,MAJOR_OCEAN
987654321012345,-16384,-16384,-14.745600000000001,19.095909293330976,1345.8473056802309,863.7263672799576,0.6088226428020383,0.10391657232358598,-0.9732923656061592,-0.2295690986451937,MAJOR_OCEAN
987654321012345,-12288,-16384,-14.745600000000001,18.972495890135974,1278.25308058072,861.5049260224475,0.5971030245538956,0.0,-0.9696873916217194,-0.24434885416114868,MAJOR_OCEAN
987654321012345,-8192,-16384,-14.745600000000001,19.111649446977292,1300.80893488542,864.0096900455912,0.60060843503313,0.05721332010860601,-0.9688747607565772,-0.24755140469988293,MAJOR_OCEAN
987654321012345,-4096,-16384,-14.745600000000001,19.208252030609348,1273.4338609502902,865.7485365509683,0.5950118375130414,0.10848715343356878,-0.9716804587573107,-0.2362987221065368,MAJOR_OCEAN
987654321012345,0,-16384,-14.745600000000001,19.14443523197424,1241.7740110999855,864.5998341755362,0.5892518851763741,0.1187729706081093,-0.9753253910535062,-0.22077223912060373,MAJOR_OCEAN
987654321012345,4096,-16384,-14.745600000000001,19.08687007136279,1152.1029965111577,863.5636612845302,0.5712907445846607,0.0,-0.9765436619367317,-0.2153194750392966,MAJOR_OCEAN
987654321012345,8192,-16384,-14.745600000000001,19.062092984157353,1448.9568495935507,863.1176737148323,0.626420305525268,0.06059036829901899,-0.9743460663176027,-0.22505497784189063,MAJOR_OCEAN
987654321012345,12288,-16384,-14.745600000000001,18.953750576323273,1441.8915652857381,861.1675103738189,0.6258049459400186,0.0999806375863406,-0.9705564121761228,-0.2408739313080849,MAJOR_OCEAN
987654321012345,16384,-16384,-14.745600000000001,19.055350580094306,1398.505162320761,862.9963104416975,0.6181234262858714,0.10033904144052729,-0.9686943707294939,-0.24825635161459558,MAJOR_OCEAN
987654321012345,20480,-16384,-14.745600000000001,18.955170349417084,1169.327806627071,861.1930662895074,0.5755923171728533,0.0,-0.9706362069838912,-0.24055218496601657,MAJOR_OCEAN
987654321012345,24576,-16384,-14.745600000000001,19.12968331885849,1372.4615688782824,864.3342997394528,0.6133095462929952,0.07519185996314354,-0.9744272514061788,-0.2247032080701112,MAJOR_OCEAN
987654321012345,28672,-16384,-14.745600000000001,19.063008650354593,1435.903135453942,863.1341557063827,0.624295589020453,0.10823304442846171,-0.9765557780619013,-0.21526451712698616,MAJOR_OCEAN
987654321012345,32768,-16384,-14.745600000000001,19.168861212490494,1293.0095490164606,865.0395018248289,0.598879191055261,0.126201402752787,-0.9752588876755459,-0.22106583184621015,MAJOR_OCEAN
987654321012345,-32768,-12288,-11.0592,19.674140246840288,1094.4077450178386,874.1345244431252,0.5556660357014641,0.2295953842089684,-0.9686258305591814,-0.2485236414781016,MAJOR_OCEAN
987654321012345,-28672,-12288,-11.0592,19.206080500542082,468.44301146571723,875.813702407101,0.34821830408646026,0.29361440795088284,-0.9720847528013352,-0.23462999248000452,LAND
987654321012345,-24576,-12288,-11.0592,18.80178789965119,760.0560870263638,891.5407152390827,0.45991622759069134,0.4444386186062485,-0.9753414074732206,-0.22070147001811546,LAND
987654321012345,-20480,-12288,-11.0592,19.363736572390035,946.0759121199823,874.1372044331949,0.5194756744946593,0.42171126479817567,-0.9755712579770056,-0.21968322787405242,LAND
987654321012345,-16384,-12288,-11.0592,19.822328453963596,1105.4939032537857,876.8019121713447,0.5574024281480253,0.21817142098279568,-0.9725888196606184,-0.2325316921866031,MAJOR_OCEAN
987654321012345,-12288,-12288,-11.0592,21.09864457476693,594.2951561328271,899.7756023458047,0.3975030297145103,0.2751840382856102,-0.9689444583925245,-0.24727845953583832,COASTAL_WATER
987654321012345,-8192,-12288,-11.0592,18.87233743279562,651.9667197661823,890.7529867052316,0.42233490771224746,0.43324038496708916,-0.9681234273934892,-0.2504736100508062,LAND
987654321012345,-4096,-12288,-11.0592,19.094385680757757,1084.6601278213388,875.8399144770466,0.5529748174516426,0.47402717931736693,-0.9709588541383543,-0.23924653303722954,LAND
987654321012345,0,-12288,-11.0592,19.976119555283553,1191.9484448084665,879.570151995104,0.5751207475999489,0.22721043340607056,-0.9746457549174689,-0.22375355286867998,MAJOR_OCEAN
987654321012345,4096,-12288,-11.0592,20.93991371990194,497.3431205002956,896.9184469582349,0.356451530021146,0.2806466467090389,-0.9758790139914997,-0.21831204742518998,COASTAL_WATER
987654321012345,8192,-12288,-11.0592,18.71108629856421,802.6647981466463,891.727202765645,0.4734390617124134,0.5068990241152175,-0.9736547474187427,-0.2280272633457332,LAND
987654321012345,12288,-12288,-11.0592,19.33867988852245,993.228355859886,873.6861841235784,0.53173115503918,0.419087953639225,-0.9698226485293404,-0.2438114648648325,LAND
987654321012345,16384,-12288,-11.0592,19.889390610895497,1136.4410016799602,878.009030996119,0.5638646373043611,0.22402816488486071,-0.9679411949226442,-0.25117691608052645,MAJOR_OCEAN
987654321012345,20480,-12288,-11.0592,19.353614818333956,560.7601769574865,870.8979532128577,0.39141241385396786,0.27988772424705544,-0.9699032952270008,-0.24349044726191077,LAND
987654321012345,24576,-12288,-11.0592,18.72304426039221,725.7910737526797,890.1233297324211,0.4488741470719217,0.44236008008376876,-0.9737368890857643,-0.22767624125845437,LAND
987654321012345,28672,-12288,-11.0592,19.229135094569823,956.8999551766441,871.7143778324311,0.523006372388261,0.4257883203619487,-0.9758912818204029,-0.21825720163818443,LAND
987654321012345,32768,-12288,-11.0592,19.751419683921192,1078.081485994939,875.5255543105815,0.5515591951548615,0.23821542203964508,-0.9745784481250891,-0.22404653188588544,MAJOR_OCEAN
987654321012345,-32768,-8192,-7.372800000000001,20.894767040996822,1190.237518935252,896.1058067379428,0.5702164585461212,0.26909460325438755,-0.9660082947693742,-0.2585110721744153,MAJOR_OCEAN
987654321012345,-28672,-8192,-7.372800000000001,19.85977774383894,456.9605217152523,908.7287132163427,0.33435583601280355,0.40490079132436546,-0.9695920508429233,-0.24472689868956773,LAND
987654321012345,-24576,-8192,-7.372800000000001,18.933247381949307,646.1584390414962,934.577367899929,0.40851224092281346,0.6967258765777228,-0.9729769300451669,-0.23090234645815613,LAND
987654321012345,-20480,-8192,-7.372800000000001,19.752885553722574,850.092441953893,916.7235030311941,0.4808715773638212,0.6159609797228384,-0.9732162705110055,-0.22989147616353584,LAND
987654321012345,-16384,-8192,-7.372800000000001,20.859665512862968,1066.797822726862,895.4739792315333,0.5433775505066155,0.2563634304517986,-0.9701152415865864,-0.24264463324252464,MAJOR_OCEAN
987654321012345,-12288,-8192,-7.372800000000001,19.63463234311911,512.0190947364,909.9251820611545,0.35983074185360114,0.4014176745507123,-0.9663379809313946,-0.25727593476544947,LAND
987654321012345,-8192,-8192,-7.372800000000001,18.91851050583997,600.5789049184115,932.2959504081261,0.3915436144173298,0.6828215616540093,-0.9654886264615623,-0.2604452191409277,LAND
987654321012345,-4096,-8192,-7.372800000000001,19.726391261938936,848.1898016655857,911.6291722550852,0.48170187522286356,0.5895864866625199,-0.9684243241067555,-0.24930769839371966,LAND
987654321012345,0,-8192,-7.372800000000001,20.70872952450917,1065.654138336855,892.757131441165,0.5438644529474316,0.3011180838854297,-0.9722529255773651,-0.23393214551714472,MAJOR_OCEAN
987654321012345,4096,-8192,-7.372800000000001,19.67916886154187,533.4066107567173,908.9831994466809,0.3695513207769918,0.3996084632466207,-0.9735368302770123,-0.22853017326862507,LAND
987654321012345,8192,-8192,-7.372800000000001,18.960731044478724,683.4369153424265,934.4574558556026,0.42216275965964545,0.7126197505118718,-0.9712224560630616,-0.23817418172176927,LAND
987654321012345,12288,-8192,-7.372800000000001,19.866933969382252,906.4501386122397,913.1975524865783,0.4978723467719164,0.5798752090497465,-0.9672470971041388,-0.25383666627108187,LAND
987654321012345,16384,-8192,-7.372800000000001,20.79554448519317,1159.4846576244024,894.319800733477,0.5642798042938927,0.2629942585663538,-0.9653001826247382,-0.26114279125537254,MAJOR_OCEAN
987654321012345,20480,-8192,-7.372800000000001,19.439780755021363,563.9214011032552,908.8013851689932,0.382650934325093,0.4268190163910229,-0.967330617378714,-0.2535181979300817,LAND
987654321012345,24576,-8192,-7.372800000000001,18.77136461843624,694.7046800357215,930.2652350140918,0.4272555559642311,0.6931819875502276,-0.9713078283781664,-0.2378257818893706,LAND
987654321012345,28672,-8192,-7.372800000000001,19.721852679666018,952.2728803095201,902.0963119789186,0.513252502125991,0.5423464825504883,-0.9735496108235809,-0.2284757213912544,LAND
987654321012345,32768,-8192,-7.372800000000001,20.867166257962126,1170.9247553267812,895.6089926433183,0.5663388839366675,0.2752597994916637,-0.9721829046051887,-0.23422297067840828,MAJOR_OCEAN
987654321012345,-32768,-4096,-3.6864000000000003,21.713978016633938,1176.8606860244172,910.8516042994108,0.563438388080706,0.2713173639979486,-0.963880793699982,-0.2663340300004726,MAJOR_OCEAN
987654321012345,-28672,-4096,-3.6864000000000003,20.798101764398428,593.7811682176525,908.0076801575891,0.3951194932406014,0.2865350641380217,-0.9675607350929163,-0.25263852419307625,LAND
987654321012345,-24576,-4096,-3.6864000000000003,20.66377551494421,605.6788191671219,930.2605712623367,0.3940811348441531,0.40647695172502907,-0.9710445608636368,-0.23889843201064906,LAND
987654321012345,-20480,-4096,-3.6864000000000003,20.976030038088588,864.8365924298298,907.952679939287,0.48756445080690597,0.26790957187630765,-0.9712912301965463,-0.23789356053344457,LAND
987654321012345,-16384,-4096,-3.6864000000000003,21.654838309536036,1336.8945685889396,909.7870895716487,0.594788218222593,0.160235100480455,-0.9680986737245443,-0.25056926773405086,MAJOR_OCEAN
987654321012345,-12288,-4096,-3.6864000000000003,20.88186278964209,576.8881620362354,901.4634763437319,0.3899601332567445,0.28263465631679235,-0.9642189944133096,-0.26510701766001216,LAND
987654321012345,-8192,-4096,-3.6864000000000003,20.691581247291268,680.2556855254977,931.8924948946674,0.42169448150033956,0.4075679071734026,-0.9633478341670887,-0.26825538280821026,LAND
987654321012345,-4096,-4096,-3.6864000000000003,20.693802577786602,819.6751793215172,912.3581386738763,0.47297139114996284,0.3179413161153268,-0.9663607632511848,-0.2571903482803887,LAND
987654321012345,0,-4096,-3.6864000000000003,21.441032450205444,1290.0773096385087,905.9385841036981,0.5871952557617154,0.25011343070468006,-0.9702986655899081,-0.2419101063503627,MAJOR_OCEAN
987654321012345,4096,-4096,-3.6864000000000003,20.92936627896105,653.6790696677903,908.8695652447059,0.4180740240960738,0.2699111211447326,-0.9716216792279591,-0.23654029773854832,LAND
987654321012345,8192,-4096,-3.6864000000000003,20.552049035007204,683.4591987327974,923.0454156754911,0.4251677989642189,0.36888011847893043,-0.9692377388461225,-0.24612640166478586,LAND
987654321012345,12288,-4096,-3.6864000000000003,20.754941940297613,874.1044822085645,908.9106633558395,0.4899647205248509,0.2899945444388575,-0.9651519288557904,-0.2616901874850248,LAND
987654321012345,16384,-4096,-3.6864000000000003,21.78280008735092,1190.9503102680135,912.0904015723165,0.5660300694592223,0.14528375376085592,-0.96315460934459,-0.2689483193817546,MAJOR_OCEAN
987654321012345,20480,-4096,-3.6864000000000003,21.11180830771363,589.2058584733965,905.0248598884135,0.3940568176120247,0.27060424828228935,-0.965237662732933,-0.26137378300408154,LAND
987654321012345,24576,-4096,-3.6864000000000003,20.844493291748766,716.2732227053601,929.9022478831708,0.4348493742742768,0.3888728219634633,-0.9693256040914378,-0.24578013193252485,LAND
987654321012345,28672,-4096,-3.6864000000000003,20.885176737929044,824.0898741127088,901.5231274128971,0.47728696203755966,0.2395566646365789,-0.9716348558131078,-0.23648616654899965,LAND
987654321012345,32768,-4096,-3.6864000000000003,21.48014178748783,1312.3114623695437,906.642552174781,0.591143534402857,0.16093667720217877,-0.9702265493414808,-0.24219918033082433,MAJOR_OCEAN
987654321012345,-32768,0,0.0,22.512332751453346,1236.119252452258,925.2219895261603,0.5716578070357109,0.12672562431374282,-0.9755446919613847,0.21980116920973594,MAJOR_OCEAN
987654321012345,-28672,0,0.0,22.591005558175052,1139.9210073160502,926.6381000471509,0.5513365994018976,0.0,-0.9722731588405613,0.23384803740505647,MAJOR_OCEAN
987654321012345,-24576,0,0.0,22.667686379581433,1432.4748397000585,928.0183548324658,0.6065970645253661,0.05330190720783475,-0.9688516658031102,0.2476417769087809,MAJOR_OCEAN
987654321012345,-20480,0,0.0,22.683991863156557,1424.765373735347,928.311853536818,0.6052330642467167,0.1225680982835437,-0.9685962044811425,0.24863908112910346,MAJOR_OCEAN
987654321012345,-16384,0,0.0,22.69794828505005,1333.5035814184907,928.5630691309009,0.5892462694789672,0.1363429461311136,-0.9717665839044978,0.2359442866580639,MAJOR_OCEAN
987654321012345,-12288,0,0.0,22.612672715365978,1173.8693564952582,927.0281088765876,0.5584807897789579,0.0,-0.9752574812791233,0.22107203624407262,MAJOR_OCEAN
987654321012345,-8192,0,0.0,22.49331977220024,1321.9322494054002,924.8797558996043,0.5880973347795729,0.05795885402952796,-0.975992039979426,0.217806193430762,MAJOR_OCEAN
987654321012345,-4096,0,0.0,22.413133945082436,1495.7397019474045,923.4364110114839,0.6180292805711254,0.10768115513125225,-0.9733763134348546,0.22921289763879263,MAJOR_OCEAN
987654321012345,0,0,0.0,22.45689574429506,1273.787672391895,924.2241233973111,0.5792545882796157,0.12367941588670212,-0.9696131022803507,0.2446434791411251,MAJOR_OCEAN
987654321012345,4096,0,0.0,22.641820608391072,1239.4840193198356,927.5527709510393,0.5717080193851204,0.0,-0.9682510754175392,0.2499797090821148,MAJOR_OCEAN
987654321012345,8192,0,0.0,22.490177870840135,1417.5314086280887,924.8232016751224,0.6049154500114993,0.06679165647885665,-0.9706683814246959,0.24042232280377163,MAJOR_OCEAN
987654321012345,12288,0,0.0,22.663083177639255,1350.7773354408216,927.9354971975066,0.5925208281069143,0.1036083484135991,-0.9744514918037255,0.2245980634856274,MAJOR_OCEAN
987654321012345,16384,0,0.0,22.325026595889323,1412.2419490211887,921.8504787260079,0.6047905993955293,0.10232982541748778,-0.9761526562867056,0.2170852174248832,MAJOR_OCEAN
987654321012345,20480,0,0.0,22.495172519683468,1115.616013151282,924.9131053543024,0.5464609850717789,0.0,-0.9743763977855425,0.2249236213439359,MAJOR_OCEAN
987654321012345,24576,0,0.0,22.510597434655875,1207.9887926117474,925.1907538238057,0.5660202275995458,0.05366294905092478,-0.9705821915087237,0.24077003452698,MAJOR_OCEAN
987654321012345,28672,0,0.0,22.424258119194672,1345.4578035178977,923.6366461455041,0.5926880283405809,0.11364130568696738,-0.9682372439517409,0.2500332766348052,MAJOR_OCEAN
987654321012345,32768,0,0.0,22.620288838278103,1362.5233151446662,927.1651990890059,0.5948095110611253,0.12015026717865109,-0.9696858548145981,0.2443549528298578,MAJOR_OCEAN
987654321012345,-32768,4096,3.6864000000000003,21.454092836909428,1270.4273767953653,906.1736710643697,0.5834068540901973,0.1347317330840651,-0.9733128175797686,0.22948237216599454,MAJOR_OCEAN
987654321012345,-28672,4096,3.6864000000000003,22.863051425113724,694.2710049285938,931.534925652047,0.42676940861704016,0.2439132413239289,-0.9699184097347087,0.24343023324495638,COASTAL_WATER
987654321012345,-24576,4096,3.6864000000000003,20.479668044336087,668.1951922729988,921.9255102301643,0.419952547422574,0.38572878110008624,-0.9663791347741998,0.25712130964404534,LAND
987654321012345,-20480,4096,3.6864000000000003,21.151409230355593,970.4478421659666,904.2916845810461,0.517368125119674,0.0,-0.9661152725953318,0.25811098399341265,LAND
987654321012345,-16384,4096,3.6864000000000003,21.754216074305184,1157.829255060462,911.5758893374933,0.5592283511240707,0.0,-0.9693937475045306,0.24551122642177192,MAJOR_OCEAN
987654321012345,-12288,4096,3.6864000000000003,20.874322016165312,718.0734549997122,898.2706827738222,0.44398309440081524,0.2544194177637653,-0.9730143727187136,0.23074451344031638,LAND
987654321012345,-8192,4096,3.6864000000000003,20.737746570806227,702.0795832403354,922.3432157480004,0.4319365913147707,0.3666528531116329,-0.9737778467313641,0.22750100047082855,LAND
987654321012345,-4096,4096,3.6864000000000003,20.99365534362354,888.9162725032655,903.4757423153981,0.4956619998071906,0.24587780150626629,-0.9710617913527931,0.23882838477598167,LAND
987654321012345,0,4096,3.6864000000000003,21.535296958042192,1218.9612620856826,907.6353452447595,0.5729287487514605,0.12285836250481802,-0.9671659222601209,0.2541457826105518,MAJOR_OCEAN
987654321012345,4096,4096,3.6864000000000003,20.87459505539856,687.333990712866,898.2755974800206,0.4332092758217378,0.26048658033217914,-0.9657588755996254,0.25944131166903095,LAND
987654321012345,8192,4096,3.6864000000000003,20.7084380636054,723.9541213856943,926.1644682818463,0.438462825090877,0.37455245461556813,-0.968257130062608,0.24995625633882745,LAND
987654321012345,12288,4096,3.6864000000000003,20.901033403448828,789.5346773176722,901.8085473922532,0.46653342288352984,0.2453620947347142,-0.9721773345401346,0.23424608898856605,LAND
987654321012345,16384,4096,3.6864000000000003,21.47279226072875,1107.6060703138385,906.5102606931175,0.5496486993186971,0.16651932985518378,-0.9739448666713107,0.22678491282402952,MAJOR_OCEAN
987654321012345,20480,4096,3.6864000000000003,20.986414575571008,658.7170004971089,908.6749588061414,0.4199951399838472,0.28332776262379594,-0.9720993828025386,0.23456937130606706,LAND
987654321012345,24576,4096,3.6864000000000003,20.71496467761717,735.7380403745188,927.7970135885981,0.4420081383223435,0.3747764533419651,-0.9681679701411473,0.250301381523895,LAND
987654321012345,28672,4096,3.6864000000000003,20.863308265634824,1001.789189927111,899.1058672160723,0.5267321065715834,0.0,-0.9657445944963404,0.2594944666097892,LAND
987654321012345,32768,4096,3.6864000000000003,21.482594973233642,1040.29959715626,906.6867095182056,0.5340384547837111,0.0,-0.9672411217741034,0.25385943423314816,MAJOR_OCEAN
987654321012345,-32768,8192,7.372800000000001,20.717843957366863,1173.9482051501923,892.9211912326035,0.5677090667349263,0.2565345025303683,-0.9711720266013005,0.2383797280540498,MAJOR_OCEAN
987654321012345,-28672,8192,7.372800000000001,19.935623130784826,616.6829619161164,913.5425849858199,0.40273816170571664,0.46614573142126303,-0.9676664768247598,0.25223320485129735,LAND
987654321012345,-24576,8192,7.372800000000001,21.967642604659105,788.1997807553116,929.0594152822813,0.45871995480830063,0.44770782814400256,-0.9640208295245445,0.26582671092801996,LAND
987654321012345,-20480,8192,7.372800000000001,19.595520472805067,837.6416582359974,905.5814840616483,0.48023767024016284,0.5488377824461009,-0.9637493866120159,0.2668091449050482,LAND
987654321012345,-16384,8192,7.372800000000001,20.904708209188673,1093.7883578957787,896.2847477653961,0.5493461564951252,0.250244208231563,-0.9671254688372078,0.2542996805472057,MAJOR_OCEAN
987654321012345,-12288,8192,7.372800000000001,19.549467390238913,605.7512712883997,911.9247464852895,0.39886800357617014,0.42677244481680476,-0.9708634132793444,0.23963353846150356,LAND
987654321012345,-8192,8192,7.372800000000001,18.920924875041685,687.2529768468589,933.2022055780103,0.4238495052444677,0.6969499697490776,-0.9716530623814557,0.23641134990676532,LAND
987654321012345,-4096,8192,7.372800000000001,19.80948877100657,831.5525662318215,905.6345753516065,0.47840220787406473,0.543853686455313,-0.9688462256576441,0.24766305947584777,LAND
987654321012345,0,8192,7.372800000000001,20.67624347628341,1085.8741051038037,892.1723825731015,0.5486854967103133,0.25795096873007367,-0.9648304983414622,0.26287280093262944,MAJOR_OCEAN
987654321012345,4096,8192,7.372800000000001,19.519672320946697,562.4245219194689,909.1287134992973,0.38193832887781887,0.4637227154467121,-0.963382823054561,0.26812970041273737,LAND
987654321012345,8192,8192,7.372800000000001,18.926327656337982,634.6160820304499,932.80702725405,0.40462046132433993,0.6980253120418517,-0.9659541478460314,0.2587133244714066,LAND
987654321012345,12288,8192,7.372800000000001,19.82054720153471,939.334824118439,903.2857385893567,0.509505504071186,0.5493713691631209,-0.9699982790335852,0.24311178225639984,LAND
987654321012345,16384,8192,7.372800000000001,20.78032535636242,1182.2397226153528,894.0458564145235,0.5691271987588132,0.27190646837774474,-0.9718258803330021,0.2356999327852801,MAJOR_OCEAN
987654321012345,20480,8192,7.372800000000001,19.89285484109774,619.35775006585,909.656100183889,0.4048053224908745,0.44893098220318106,-0.969917741874036,0.24343289423981063,LAND
987654321012345,24576,8192,7.372800000000001,19.040421208809533,659.7670974540887,937.2546098146098,0.4128649156973889,0.7035204487390171,-0.9658623055836959,0.2590559913465567,LAND
987654321012345,28672,8192,7.372800000000001,19.574806933304707,812.2498386830441,911.2318563780934,0.4710109947871889,0.6033718417460593,-0.9633681362953191,0.26818246395110074,LAND
987654321012345,32768,8192,7.372800000000001,20.714591530309427,1096.4266621003014,892.8626475455696,0.5508880828463008,0.2521907718357204,-0.9649079068617461,0.26258852083761003,MAJOR_OCEAN
987654321012345,-32768,12288,11.0592,19.90507161339368,1240.1002819607822,878.2912890410862,0.5851208898479143,0.3150994970657933,-0.9711724241154428,0.23837810855389918,MAJOR_OCEAN
987654321012345,-28672,12288,11.0592,19.206182056118983,462.01569559176346,876.0954162638341,0.345016699138245,0.29001318927262754,-0.9676668944095678,0.2522316028251465,LAND
987654321012345,-24576,12288,11.0592,18.673953693548683,680.446524442097,888.9932820350334,0.4332840530631354,0.45136177811217726,-0.9640212663043882,0.2658251269404078,LAND
987654321012345,-20480,12288,11.0592,19.228092950829183,1099.5095009358936,878.2466453383323,0.555656897392913,0.46387887304808817,-0.9637498247592576,0.26680756225508323,LAND
987654321012345,-16384,12288,11.0592,19.827826270734942,1241.5896615443426,876.900872873229,0.5857962757477126,0.2324010587449116,-0.9671258893725604,0.254298081206552,MAJOR_OCEAN
987654321012345,-12288,12288,11.0592,19.294655145683645,491.8729727156184,876.1879464522531,0.35927763756092285,0.30629930962602486,-0.9708638126303807,0.23963192050476312,LAND
987654321012345,-8192,12288,11.0592,18.59832597242843,809.4509193305463,893.0824794970528,0.4751599938619485,0.49291209833292743,-0.9716534570038154,0.23640972799894397,LAND
987654321012345,-4096,12288,11.0592,18.973950202386263,996.5769842866121,871.9152428966452,0.5330736174218511,0.4627027311140756,-0.9688466366766872,0.24766145158314656,LAND
987654321012345,0,12288,11.0592,20.016148789082237,1328.4087865228855,880.2906782034803,0.6011717012781133,0.23471795675297571,-0.9648309309935601,0.26287121295056265,MAJOR_OCEAN
987654321012345,4096,12288,11.0592,19.191907548150006,566.5484075124607,867.9872223495466,0.39465994136761406,0.29886901841867125,-0.9633832630355085,0.26812811956797133,LAND
987654321012345,8192,12288,11.0592,19.0702732909014,789.9626598046764,894.3158321511356,0.4687430971055134,0.4402945645445692,-0.9659545746445534,0.2587117309347607,LAND
987654321012345,12288,12288,11.0592,19.221333905765597,1012.078684894865,871.573956433955,0.5370107269110739,0.4245218277820642,-0.969998683459435,0.24311016862106555,LAND
987654321012345,16384,12288,11.0592,19.85540028290657,1221.9325399915763,877.3972050923182,0.5817812859393504,0.2197267927454536,-0.9718262739078104,0.23569831001189082,MAJOR_OCEAN
987654321012345,20480,12288,11.0592,19.307943231127297,459.4185598355884,879.6839503836983,0.34282344546941546,0.2884321744559854,-0.969918146766827,0.2434312810063732,LAND
987654321012345,24576,12288,11.0592,18.623866602654807,663.193773633149,890.8223398854842,0.42648675333177005,0.45017637719895087,-0.9658627328662535,0.2590543982644037,LAND
987654321012345,28672,12288,11.0592,19.260227202282245,964.8389110794036,870.2504080757258,0.5254858252339113,0.4256402652370195,-0.9633685763494303,0.2681808831786334,LAND
987654321012345,32768,12288,11.0592,19.941664614856396,1159.5820298383042,878.9499630674152,0.5685529983701059,0.22436272026596507,-0.9649083391153078,0.2625869324733014,MAJOR_OCEAN
987654321012345,-32768,16384,14.745600000000001,19.105938460267435,1341.5634948823608,863.9068922848138,0.6080133695357482,0.11249955007049911,-0.9733136172909204,0.22947898029245262,MAJOR_OCEAN
987654321012345,-28672,16384,14.745600000000001,19.044154786139583,1279.5231001193781,862.7947861505124,0.5969824207207023,0.0,-0.9699192521458317,0.24342687673482244,MAJOR_OCEAN
987654321012345,-24576,16384,14.745600000000001,18.85289529922694,1445.2621644159924,859.352115386085,0.6268447316088185,0.06507428274213593,-0.9663800180829705,0.25711798974392613,MAJOR_OCEAN
987654321012345,-20480,16384,14.745600000000001,18.992191157475215,1304.562942849723,861.8594408345539,0.6018960368177851,0.12315332220915011,-0.9661161588198854,0.2581076668119527,MAJOR_OCEAN
987654321012345,-16384,16384,14.745600000000001,19.055350580094306,1425.3850524282557,862.9963104416975,0.6226070830948858,0.13183536158501588,-0.9693945961982526,0.24550787535561214,MAJOR_OCEAN
987654321012345,-12288,16384,14.745600000000001,19.05387756234587,1341.4935246666655,862.9697961222257,0.6082592768701387,0.0,-0.9730151763352278,0.23074112468592495,MAJOR_OCEAN
987654321012345,-8192,16384,14.745600000000001,19.11481726829356,1307.540803892632,864.0667108292841,0.6018301948384779,0.06739141448402029,-0.9737786402954268,0.22749760373329175,MAJOR_OCEAN
987654321012345,-4096,16384,14.745600000000001,19.047585991039735,1514.3451766579617,862.8565478387152,0.6367606082610414,0.1004903679417939,-0.9710626197884263,0.23882501638153028,MAJOR_OCEAN
987654321012345,0,16384,14.745600000000001,18.97128519883148,1385.4137235745957,861.4831335789667,0.6163155214020359,0.11626397458562267,-0.9671667967689879,0.25414245459508594,MAJOR_OCEAN
987654321012345,4096,16384,14.745600000000001,19.127837136102332,1162.4801748001823,864.301068449842,0.5732769146917537,0.0,-0.9657597657348014,0.25943799815728924,MAJOR_OCEAN
987654321012345,8192,16384,14.745600000000001,19.102700755607422,1198.6632414900232,863.8486136009336,0.5808850763482469,0.044009342250328216,-0.9682579920972001,0.24995291704618794,MAJOR_OCEAN
987654321012345,12288,16384,14.745600000000001,18.988491894149487,1252.253344026245,861.7928540946907,0.5920690267374684,0.1077732749397369,-0.9721781489487354,0.23424270897214805,MAJOR_OCEAN
987654321012345,16384,16384,14.745600000000001,19.095909293330976,1349.7010161003518,863.7263672799576,0.6095033985896804,0.11106603039360372,-0.973945658008895,0.226781514338406,MAJOR_OCEAN
987654321012345,20480,16384,14.745600000000001,19.18394984830938,1252.5460759618425,865.3110972695688,0.5911422873546586,0.0,-0.9721001982043348,0.23456599210263418,MAJOR_OCEAN
987654321012345,24576,16384,14.745600000000001,18.95400212383033,1287.2701732762648,861.1720382289459,0.5988856859635299,0.0576347208715713,-0.9681688332070285,0.2502980431536393,MAJOR_OCEAN
987654321012345,28672,16384,14.745600000000001,19.060380467044514,1464.0441978575132,863.0868484068012,0.6288495659240049,0.11743824445067169,-0.9657454847875601,0.25949115324503963,MAJOR_OCEAN
987654321012345,32768,16384,14.745600000000001,18.9206864019299,1478.1114030779554,860.5723552347382,0.6317569192102795,0.12951280619976918,-0.9672419954334871,0.25385610544134257,MAJOR_OCEAN
987654321012345,-32768,20480,18.432000000000002,18.26511361274757,1341.6148635186264,848.7720450294562,0.6122218118057124,0.22226795941028163,-0.975545153637629,0.21979912013958328,MAJOR_OCEAN
987654321012345,-28672,20480,18.432000000000002,19.42389700816266,712.3330357476204,869.6301461469279,0.44999974976996887,0.2527038461629832,-0.9722736467325256,0.23384600888070795,COASTAL_WATER
987654321012345,-24576,20480,18.432000000000002,16.947342241135747,618.6272164810186,855.8992681099861,0.4192586327262662,0.36949023756685173,-0.9688521788439887,0.24763976972460566,LAND
987654321012345,-20480,20480,18.432000000000002,19.371231952006408,1100.5739455447583,868.6821751361153,0.5585943543037573,0.0,-0.9685967193165476,0.24863707553223252,COASTAL_WATER
987654321012345,-16384,20480,18.432000000000002,18.313378110731893,1152.8492009116856,849.6408059931741,0.5754204897146917,0.16678127396822254,-0.971767075657196,0.2359422613027635,MAJOR_OCEAN
987654321012345,-12288,20480,18.432000000000002,17.37704649761589,667.3992274008897,845.1554118991263,0.44094822219932966,0.2955219485863011,-0.9752579453513699,0.22106998898318256,LAND
987654321012345,-8192,20480,18.432000000000002,17.297556504150393,648.5616194567837,858.4589808196373,0.4300747744015579,0.3568752018337206,-0.9759924978850133,0.21780414154044997,LAND
987654321012345,-4096,20480,18.432000000000002,19.344415553761937,1145.6705366183694,868.1994799677149,0.5686076655999617,0.0,-0.9733767927419884,0.22921086220186024,COASTAL_WATER
987654321012345,0,20480,18.432000000000002,18.278896435742514,1215.6993586273718,849.0201358433653,0.5885113452631907,0.17329574461458802,-0.9696136099065694,0.24464146722081057,MAJOR_OCEAN
987654321012345,4096,20480,18.432000000000002,17.326966737457212,690.4841558044933,844.9090035217392,0.4494189209403257,0.31012337339030677,-0.9682515926600778,0.24997770562836774,LAND
987654321012345,8192,20480,18.432000000000002,16.898373159087974,655.4564466209611,854.3938774332523,0.4338328133405765,0.36283380166227064,-0.9706688813786,0.24042030430730563,LAND
987654321012345,12288,20480,18.432000000000002,17.68261029262226,823.0543459317989,845.3136335766807,0.49303350491611503,0.2608549335852995,-0.9744519624988509,0.2245960212963222,LAND
987654321012345,16384,20480,18.432000000000002,18.1922043571325,1134.0877259674135,847.459678428385,0.5720356161234078,0.15655962669130893,-0.9761531128267636,0.21708316452138693,MAJOR_OCEAN
987654321012345,20480,20480,18.432000000000002,17.744148049484593,612.0624603265701,842.960983325368,0.4203658004238037,0.2744389468788107,-0.9743768690903022,0.22492157962672266,LAND
987654321012345,24576,20480,18.432000000000002,16.89310476460061,660.172599364336,862.9612173414197,0.43314608738963944,0.40720147248718613,-0.9705826920967813,0.24076801656815786,LAND
987654321012345,28672,20480,18.432000000000002,17.399064925643334,869.6643830987055,846.8250170599974,0.506357933282351,0.280127038396093,-0.968237761290338,0.25003127326691466,LAND
987654321012345,32768,20480,18.432000000000002,18.042786171704417,1496.2119661324778,844.7701510906795,0.6388656664494549,0.39923739933099217,-0.9696863619182222,0.2443529404566325,MAJOR_OCEAN
987654321012345,-32768,24576,22.1184,17.5421491114437,1195.0043759294404,835.7586840059867,0.5881612868615791,0.2452284258194608,-0.9758833999307812,0.21829244086669347,MAJOR_OCEAN
987654321012345,-28672,24576,22.1184,16.310706429475,553.2374812877919,842.6564932040383,0.3960482981459288,0.4365115098092206,-0.9726311929577265,0.23235438985659326,LAND
987654321012345,-24576,24576,22.1184,15.126749153877695,632.1142395609745,864.7557569643335,0.4220087464381588,0.7303238171784711,-0.9692282418806217,0.2461637973809291,LAND
987654321012345,-20480,24576,22.1184,16.117117593716284,845.9433601086304,845.0357660783822,0.499972692934469,0.602478814878837,-0.9689741037269942,0.24716226715756626,LAND
987654321012345,-16384,24576,22.1184,17.477138392997826,1043.6724021193613,834.5884910739609,0.5553632313105327,0.27999188913351725,-0.9721274643429325,0.23445296558197026,MAJOR_OCEAN
987654321012345,-12288,24576,22.1184,16.350393753526337,567.6152486180079,848.1381853503516,0.40064504874931156,0.4138714491258686,-0.975597955477363,0.2195646357417084,LAND
987654321012345,-8192,24576,22.1184,15.18853414297757,658.6261352466692,866.4215706230476,0.431589479616765,0.8021193812705226,-0.9763279684229547,0.21629539540893164,LAND
987654321012345,-4096,24576,22.1184,16.339769176413125,925.0558507998703,846.9779607265933,0.5217361591110657,0.5803623272822068,-0.9737280185827393,0.2277141757267926,LAND
987654321012345,0,24576,22.1184,17.51714962438441,1193.8611886722247,835.3086932389194,0.5880597477627625,0.2829574099113375,-0.9699856860084948,0.24316202199074965,MAJOR_OCEAN
987654321012345,4096,24576,22.1184,16.25984591573512,502.77386178505174,847.6610806529319,0.37202964493285157,0.413086757446699,-0.968630749547142,0.2485044688365622,LAND
987654321012345,8192,24576,22.1184,14.954192364639544,609.5836402220365,863.401904637702,0.41356147782306996,0.7009452974712127,-0.9710353083666673,0.23893603726782495,LAND
987654321012345,12288,24576,22.1184,16.090591848349998,932.0067265339297,846.3410362239205,0.5237912149839624,0.5837690521260567,-0.9747968482007431,0.22309438526753064,LAND
987654321012345,16384,24576,22.1184,17.476233728393773,1073.5976465682193,834.5722071110879,0.5623374182759104,0.25416545114637423,-0.9764875781470066,0.21557367586185872,MAJOR_OCEAN
987654321012345,20480,24576,22.1184,16.458009350767387,532.0620751333848,847.4968821410547,0.3853961269309391,0.4359435337059253,-0.9747222035950065,0.22342028963121208,LAND
987654321012345,24576,24576,22.1184,15.313309428901901,643.3547783728793,867.6419621868989,0.4255001093022817,0.7185484023729785,-0.9709495860031147,0.23928414372954232,LAND
987654321012345,28672,24576,22.1184,16.05251262960584,927.854945690169,848.3892597763297,0.5220750996606128,0.6150562771744426,-0.9686169889099396,0.24855809943560844,LAND
987654321012345,32768,24576,22.1184,17.474367852825335,1097.5697499442917,834.538621350856,0.5677745574134263,0.2630732117802865,-0.97005805322767,0.24287316312870552,MAJOR_OCEAN
987654321012345,-32768,28672,25.804799999999997,16.565975555675823,1101.660416244221,818.1875600021649,0.5735281656162214,0.2300713109063041,-0.9740428382717878,0.2263637541909916,MAJOR_OCEAN
987654321012345,-28672,28672,25.804799999999997,16.178060493520423,512.2642146881722,820.0892427133151,0.38419236238116555,0.29103767466469155,-0.9706877949351626,0.24034393015824582,LAND
987654321012345,-24576,28672,25.804799999999997,15.544698879550017,790.8448878200717,830.7877833790429,0.4873838064875414,0.46102676721963504,-0.967186232622389,0.2540684778277502,LAND
987654321012345,-20480,28672,25.804799999999997,16.13813226438912,1030.079255606146,820.8705200126965,0.5562133861119087,0.462964214135297,-0.966925059529013,0.2550606383878444,LAND
987654321012345,-16384,28672,25.804799999999997,16.838806957606412,1280.9376075723985,823.0985252369154,0.6085109835444488,0.24241355530285053,-0.9701689254031062,0.24242989952186647,MAJOR_OCEAN
987654321012345,-12288,28672,25.804799999999997,15.955779478096002,547.5579243847172,818.1235270515912,0.4006478055360036,0.30546513537765146,-0.9737479932953875,0.22762874500643812,LAND
987654321012345,-8192,28672,25.804799999999997,15.370088815376755,780.564870919684,832.5256161915946,0.48359424527472006,0.47152459569620053,-0.9745022013259046,0.22437793922524119,LAND
987654321012345,-4096,28672,25.804799999999997,16.05758814938585,1278.0879625797168,811.5694731717919,0.6113330384613176,0.18641292652972044,-0.9718182916343093,0.23573121992000215,LAND
987654321012345,0,28672,25.804799999999997,16.934724932074094,1119.9342393269576,824.8250487773337,0.5755769720200508,0.2519905026429014,-0.9679649046913181,0.25108552982186644,MAJOR_OCEAN
987654321012345,4096,28672,25.804799999999997,15.749729650252759,517.7747504223835,815.6361059279566,0.38801748948484677,0.30655938784961456,-0.9665722691911592,0.25639432214979563,LAND
987654321012345,8192,28672,25.804799999999997,15.490878367007484,667.2112485062556,838.5995754631755,0.4427969575826404,0.46771477130744193,-0.9690446092942265,0.2468856925741137,LAND
987654321012345,12288,28672,25.804799999999997,16.018977992258325,1121.6104961659503,813.9315499908242,0.5791821036841817,0.4116698238352262,-0.9729209034745409,0.2311383040135996,LAND
987654321012345,16384,28672,25.804799999999997,16.861736340411237,1225.7885158807867,823.5112541274023,0.5978581931343098,0.20480068491138578,-0.9746671690526686,0.22366025478581747,MAJOR_OCEAN
987654321012345,20480,28672,25.804799999999997,15.986454912068906,544.9571251250168,811.3225068518857,0.401506890905949,0.2752740325936768,-0.9728438673158694,0.2314623291723798,LAND
987654321012345,24576,28672,25.804799999999997,15.72016180885324,753.0719831515041,829.4788015210902,0.47555909822444054,0.43643019916699605,-0.9689564003453054,0.24723166105874922,LAND
987654321012345,28672,28672,25.804799999999997,15.818022050913472,965.2918510566648,818.36624531486,0.540883350720929,0.4831827519162573,-0.966558132004544,0.2564476115230684,LAND
987654321012345,32768,28672,25.804799999999997,16.766495344005456,1266.2230549919227,821.7969161920983,0.6061325753024032,0.23925206703618346,-0.9680393208220651,0.2507984715710103,MAJOR_OCEAN
987654321012345,-32768,32768,29.491200000000003,16.135801681375703,1379.3474346943087,810.4444302647627,0.6296113550339835,0.10907525067627596,-0.9716260978980703,0.2365221467080186,MAJOR_OCEAN
987654321012345,-28672,32768,29.491200000000003,16.234825511515126,1334.710211232008,812.2268592072722,0.6213916737137196,0.0,-0.9681436078667528,0.25039559610094403,MAJOR_OCEAN
987654321012345,-24576,32768,29.491200000000003,15.885541489415152,1402.6630476718858,805.9397468094728,0.634803255668909,0.054790156048655496,-0.9645200177153557,0.264009726007149,MAJOR_OCEAN
987654321012345,-20480,32768,29.491200000000003,16.211779898484306,1268.899883912615,811.8120381727175,0.6095463404184707,0.122305441563683,-0.9642501462230758,0.26499368956406666,MAJOR_OCEAN
987654321012345,-16384,32768,29.491200000000003,16.18257449526073,1289.6190193138123,811.2863409146931,0.6135476143291311,0.13708165301567046,-0.9676059901467385,0.2524651418159538,MAJOR_OCEAN
987654321012345,-12288,32768,29.491200000000003,16.19547651708836,1354.969635744494,811.5185773075905,0.6251335659336913,0.0,-0.9713195948872307,0.23777772096667507,MAJOR_OCEAN
987654321012345,-8192,32768,29.491200000000003,15.968709983947122,1240.8824225921583,807.4367797110482,0.6055095864019352,0.06134003707821497,-0.9721038115202871,0.23455101711084111,MAJOR_OCEAN
987654321012345,-4096,32768,29.491200000000003,15.972050630237455,1431.7322548079574,807.4969113442742,0.6391008011323545,0.12203990269860746,-0.9693158127154538,0.24581874464690323,MAJOR_OCEAN
987654321012345,0,32768,29.491200000000003,16.120831390609773,1263.3297189674904,810.174965030976,0.6089789667442489,0.14391880189696535,-0.9653249430172028,0.2610512485870047,MAJOR_OCEAN
987654321012345,4096,32768,29.491200000000003,15.969418270266852,1289.6689974730684,807.4495288648034,0.6146788092682738,0.0,-0.9638856899975882,0.26631630933510897,MAJOR_OCEAN
987654321012345,8192,32768,29.491200000000003,16.260069156233495,1428.9643793810126,812.681244812203,0.6371779669358496,0.04036241814580456,-0.9664418659988112,0.2568854212382165,MAJOR_OCEAN
987654321012345,12288,32768,29.491200000000003,16.231352109405826,1308.8527916731937,812.1643379693048,0.6167965250561852,0.10122180698778245,-0.9704602909808271,0.2412609036487438,MAJOR_OCEAN
987654321012345,16384,32768,29.491200000000003,16.223933545960975,1228.5755846427444,812.0308038272975,0.6017690734027462,0.09897059087969019,-0.9722754260340319,0.2338386108630089,MAJOR_OCEAN
987654321012345,20480,32768,29.491200000000003,16.11455394628463,1300.773900787436,810.0619710331233,0.6159445997411116,0.0,-0.9703802902908117,0.241582474975152,MAJOR_OCEAN
987654321012345,24576,32768,29.491200000000003,15.929005883518247,1293.0006397034988,806.7221059033284,0.6155027560907353,0.0570172078515557,-0.9663505799444086,0.2572286077424225,MAJOR_OCEAN
987654321012345,28672,32768,29.491200000000003,15.991018416527274,1324.4117877314122,807.8383314974909,0.6208422424512235,0.12065975320101643,-0.9638710873204182,0.2663691555487512,MAJOR_OCEAN
987654321012345,32768,32768,29.491200000000003,15.906875409677236,1393.9751923939364,806.3237573741902,0.6332511958635925,0.1339760294945595,-0.9654018935570039,0.26076653143482825,MAJOR_OCEAN
